timestamp,open,high,low,close
1787097660,1917.08,1917.08,1915.13,1915.13
1787097720,1915.01,1915.5,1914.51,1914.99
1787097780,1914.98,1914.98,1913.82,1913.87
1787097840,1913.89,1913.89,1912.2,1912.47
1787097900,1912.47,1912.8,1911.2,1911.43
1787097960,1911.43,1913.29,1910.97,1913.06
1787098020,1913.07,1913.8,1913.07,1913.8
1787098080,1913.81,1914.52,1913.78,1914.52
1787098140,1914.59,1914.59,1913.27,1913.27
1787098200,1913.27,1913.27,1912.92,1913.02
1787098260,1913.02,1913.02,1911.87,1912.78
1787098320,1912.76,1912.78,1911.91,1912.69
1787098380,1912.69,1913.04,1912.27,1913.04
1787098440,1913.04,1913.04,1912.5,1912.5
1787098500,1912.5,1912.5,1911.18,1911.53
1787098560,1911.6,1913.19,1911.6,1913.19
1787098620,1913.18,1913.65,1913.01,1913.65
1787098680,1913.68,1913.68,1913.11,1913.33
1787098740,1913.32,1913.72,1913.1,1913.72
1787098800,1913.71,1914.44,1913.71,1914.44
1787098860,1914.45,1915.4,1913.93,1915.4
1787098920,1915.5,1917.79,1915.5,1917.79
1787098980,1917.78,1918.22,1916.2,1916.2
1787099040,1916.2,1917.14,1915.33,1916.18
1787099100,1916.1,1916.1,1915.46,1915.53
1787099160,1915.51,1915.76,1915.39,1915.52
1787099220,1915.64,1915.99,1915.19,1915.45
1787099280,1915.48,1915.63,1915.3,1915.36
1787099340,1915.35,1915.53,1915.35,1915.52
1787099400,1915.52,1916.05,1915.14,1916.05
1787099460,1916.18,1916.97,1916.18,1916.97
1787099520,1916.99,1917.0,1915.97,1916.34
1787099580,1916.34,1916.74,1916.06,1916.07
1787099640,1916.07,1916.57,1915.92,1915.92
1787099700,1915.93,1916.21,1915.86,1916.21
1787099760,1916.27,1916.53,1916.0,1916.53
1787099820,1916.57,1916.58,1915.37,1915.74
1787099880,1915.78,1916.24,1915.78,1916.1
1787099940,1916.11,1916.11,1915.61,1915.62
1787100000,1915.72,1915.73,1914.86,1915.14
1787100060,1915.13,1915.13,1913.73,1913.73
1787100120,1913.72,1913.72,1912.97,1913.14
1787100180,1913.25,1913.75,1913.18,1913.75
1787100240,1913.75,1913.84,1913.75,1913.83
1787100300,1913.83,1913.83,1913.24,1913.24
1787100360,1913.24,1913.62,1913.19,1913.56
1787100420,1913.56,1913.84,1913.23,1913.49
1787100480,1913.49,1914.54,1913.49,1914.21
1787100540,1914.2,1914.2,1913.7,1914.05
1787100600,1914.05,1914.1,1912.25,1912.92
1787100660,1912.95,1913.84,1912.44,1913.65
1787100720,1913.65,1913.85,1913.43,1913.73
1787100780,1913.73,1914.33,1913.72,1913.94
1787100840,1913.9,1914.66,1913.71,1914.33
1787100900,1914.29,1914.41,1913.7,1913.7
1787100960,1913.7,1913.7,1913.33,1913.33
1787101020,1913.33,1913.33,1912.96,1912.96
1787101080,1912.97,1912.97,1912.15,1912.86
1787101140,1912.87,1912.87,1912.21,1912.49
1787101200,1912.49,1912.84,1911.99,1912.5
1787101260,1912.53,1913.2,1912.22,1912.44
1787101320,1912.45,1912.71,1911.66,1912.6
1787101380,1912.6,1913.68,1912.27,1913.68
1787101440,1913.68,1913.78,1913.11,1913.53
1787101500,1913.56,1913.99,1913.52,1913.84
1787101560,1913.96,1916.4,1913.95,1916.4
1787101620,1916.51,1916.89,1915.85,1916.42
1787101680,1916.42,1916.54,1915.96,1916.54
1787101740,1916.53,1917.1,1916.53,1917.09
1787101800,1917.09,1917.09,1915.7,1915.7
1787101860,1915.69,1915.72,1915.33,1915.71
1787101920,1915.59,1915.59,1914.75,1915.49
1787101980,1915.6,1916.26,1915.6,1916.04
1787102040,1916.28,1916.28,1915.12,1915.51
1787102100,1915.52,1915.52,1914.55,1914.55
1787102160,1914.48,1914.48,1914.05,1914.05
1787102220,1914.05,1914.05,1913.65,1913.65
1787102280,1913.65,1913.65,1912.38,1913.4
1787102340,1913.51,1914.41,1913.51,1914.32
1787102400,1914.32,1915.17,1914.28,1915.17
1787102460,1915.17,1915.17,1914.02,1914.02
1787102520,1914.02,1914.99,1914.02,1914.4
1787102580,1914.34,1914.34,1913.33,1913.33
1787102640,1913.24,1913.51,1912.77,1912.93
1787102700,1912.93,1912.93,1911.11,1911.11
1787102760,1911.12,1913.8,1911.11,1913.8
1787102820,1913.75,1915.42,1913.75,1914.61
1787102880,1914.73,1914.73,1913.67,1913.67
1787102940,1913.67,1914.28,1913.54,1914.27
1787103000,1914.28,1914.48,1913.88,1913.89
1787103060,1913.89,1913.89,1912.28,1912.64
1787103120,1912.65,1913.29,1912.65,1912.96
1787103180,1912.96,1914.05,1912.96,1913.86
1787103240,1913.86,1914.54,1913.76,1913.76
1787103300,1913.74,1913.74,1912.86,1912.87
1787103360,1912.87,1914.06,1912.71,1913.93
1787103420,1913.92,1913.92,1913.3,1913.42
1787103480,1913.43,1913.59,1913.13,1913.13
1787103540,1913.04,1913.04,1912.81,1913.0
1787103600,1913.0,1913.08,1912.99,1913.08
1787103660,1913.07,1913.07,1912.02,1912.19
1787103720,1912.23,1912.68,1911.97,1912.2
1787103780,1912.2,1912.2,1911.42,1912.05
1787103840,1912.12,1912.9,1911.9,1912.89
1787103900,1912.89,1912.9,1912.17,1912.88
1787103960,1912.89,1912.96,1912.69,1912.96
1787104020,1912.96,1913.36,1912.69,1912.74
1787104080,1912.72,1912.72,1911.86,1912.19
1787104140,1912.2,1913.3,1912.2,1912.73
1787104200,1912.72,1912.81,1912.72,1912.81
1787104260,1912.8,1912.8,1912.66,1912.72
1787104320,1912.82,1913.89,1912.82,1913.89
1787104380,1913.89,1914.04,1913.79,1913.79
1787104440,1913.78,1913.78,1913.22,1913.23
1787104500,1913.23,1914.0,1913.23,1914.0
1787104560,1914.08,1914.08,1913.22,1913.22
1787104620,1913.21,1913.21,1912.86,1912.87
1787104680,1912.86,1912.86,1912.6,1912.64
1787104740,1912.64,1912.64,1911.69,1912.54
1787104800,1912.54,1912.54,1911.8,1911.8
1787104860,1911.77,1911.77,1911.09,1911.68
1787104920,1911.69,1911.69,1910.9,1910.9
1787104980,1910.84,1911.47,1910.84,1911.47
1787105040,1911.53,1911.53,1910.59,1910.99
1787105100,1910.98,1910.98,1910.76,1910.76
1787105160,1910.75,1911.16,1910.69,1911.04
1787105220,1911.04,1911.04,1910.02,1910.34
1787105280,1910.34,1910.52,1910.15,1910.15
1787105340,1910.13,1910.13,1910.12,1910.13
1787105400,1910.12,1911.29,1909.8,1910.81
1787105460,1910.81,1912.01,1910.81,1911.73
1787105520,1911.73,1912.68,1911.73,1912.07
1787105580,1912.07,1912.25,1911.75,1911.75
1787105640,1911.75,1911.75,1910.92,1911.36
1787105700,1911.31,1911.31,1910.72,1910.72
1787105760,1910.65,1911.48,1910.53,1910.67
1787105820,1910.63,1910.63,1909.01,1909.02
1787105880,1909.02,1909.14,1908.28,1908.73
1787105940,1908.73,1908.73,1907.35,1907.41
1787106000,1907.42,1907.72,1906.13,1906.8
1787106060,1906.81,1909.32,1906.81,1909.13
1787106120,1909.13,1909.33,1908.37,1908.45
1787106180,1908.45,1909.21,1908.36,1909.21
1787106240,1909.28,1909.71,1909.0,1909.0
1787106300,1908.92,1909.38,1908.73,1909.38
1787106360,1909.39,1909.87,1909.31,1909.81
1787106420,1909.8,1909.8,1908.74,1908.74
1787106480,1908.74,1909.37,1908.56,1909.37
1787106540,1909.26,1909.26,1909.0,1909.09
1787106600,1909.09,1909.23,1908.41,1909.01
1787106660,1909.0,1909.16,1908.66,1908.66
1787106720,1908.65,1908.65,1908.29,1908.29
1787106780,1908.29,1908.29,1907.8,1907.81
1787106840,1907.92,1907.92,1907.15,1907.26
1787106900,1907.32,1908.05,1907.31,1908.05
1787106960,1908.05,1908.76,1908.05,1908.4
1787107020,1908.39,1909.07,1908.39,1909.07
1787107080,1909.07,1909.07,1908.11,1908.11
1787107140,1908.06,1908.48,1907.66,1908.48
1787107200,1908.56,1908.6,1908.43,1908.43
1787107260,1908.43,1908.43,1907.36,1907.36
1787107320,1907.36,1908.36,1907.36,1908.36
1787107380,1908.35,1908.36,1907.61,1907.73
1787107440,1907.73,1907.81,1907.73,1907.81
1787107500,1907.81,1908.16,1907.81,1908.02
1787107560,1908.05,1909.3,1908.05,1909.3
1787107620,1909.3,1909.3,1908.85,1908.95
1787107680,1908.95,1908.95,1908.49,1908.74
1787107740,1908.73,1908.73,1907.88,1908.06
1787107800,1908.06,1908.07,1908.06,1908.07
1787107860,1908.06,1908.06,1907.58,1907.58
1787107920,1907.58,1907.58,1906.4,1906.94
1787107980,1906.95,1907.08,1906.75,1906.75
1787108040,1906.74,1906.74,1906.18,1906.18
1787108100,1906.17,1907.3,1906.17,1907.3
1787108160,1907.33,1907.33,1906.94,1906.94
1787108220,1906.95,1906.95,1906.94,1906.95
1787108280,1906.94,1906.94,1906.76,1906.79
1787108340,1906.79,1906.79,1906.2,1906.29
1787108400,1906.4,1907.13,1906.4,1906.93
1787108460,1906.93,1907.49,1906.39,1907.44
1787108520,1907.43,1908.02,1907.36,1907.8
1787108580,1907.81,1907.96,1907.6,1907.91
1787108640,1907.92,1908.28,1907.34,1907.74
1787108700,1907.74,1908.5,1907.28,1907.45
1787108760,1907.5,1907.5,1906.6,1906.6
1787108820,1906.61,1907.27,1905.79,1905.79
1787108880,1905.8,1906.73,1904.54,1906.73
1787108940,1906.77,1906.77,1905.93,1905.99
1787109000,1906.11,1906.35,1906.11,1906.14
1787109060,1906.14,1907.51,1906.14,1907.51
1787109120,1907.5,1908.16,1907.42,1908.04
1787109180,1908.04,1909.39,1908.04,1909.32
1787109240,1909.33,1910.54,1909.33,1910.17
1787109300,1910.17,1910.82,1910.1,1910.23
1787109360,1910.23,1911.33,1910.23,1911.12
1787109420,1911.13,1912.17,1910.89,1910.95
1787109480,1910.96,1913.69,1910.96,1912.53
1787109540,1912.53,1913.35,1912.47,1913.34
1787109600,1913.23,1914.08,1913.23,1913.9
1787109660,1913.9,1914.32,1912.97,1912.97
1787109720,1912.92,1912.92,1912.14,1912.14
1787109780,1912.04,1912.04,1912.04,1912.04
1787109840,1912.04,1912.04,1911.42,1911.44
1787109900,1911.44,1911.93,1911.44,1911.5
1787109960,1911.48,1911.48,1911.32,1911.33
1787110020,1911.33,1911.69,1911.32,1911.36
1787110080,1911.36,1911.82,1911.36,1911.82
1787110140,1911.81,1911.82,1911.44,1911.45
1787110200,1911.44,1911.45,1911.15,1911.16
1787110260,1911.16,1911.71,1910.92,1910.92
1787110320,1910.91,1910.97,1910.61,1910.97
1787110380,1910.97,1911.24,1910.7,1910.88
1787110440,1910.88,1910.88,1909.49,1909.93
1787110500,1909.98,1910.6,1909.97,1909.97
1787110560,1909.96,1909.96,1909.35,1909.79
1787110620,1909.79,1909.79,1909.79,1909.79
1787110680,1909.8,1910.1,1909.75,1909.76
1787110740,1909.76,1910.15,1909.74,1909.76
1787110800,1909.77,1910.33,1909.77,1910.29
1787110860,1910.29,1910.76,1910.29,1910.55
1787110920,1910.55,1911.21,1910.55,1911.21
1787110980,1911.21,1911.37,1910.79,1910.79
1787111040,1910.79,1910.79,1910.65,1910.66
1787111100,1910.65,1910.65,1910.0,1910.0
1787111160,1909.97,1910.93,1909.97,1910.93
1787111220,1910.92,1910.93,1910.92,1910.93
1787111280,1910.93,1910.93,1910.51,1910.51
1787111340,1910.47,1911.8,1910.47,1911.8
1787111400,1911.89,1912.48,1911.89,1912.32
1787111460,1912.32,1912.65,1912.2,1912.46
1787111520,1912.47,1912.47,1911.65,1911.78
1787111580,1911.78,1911.95,1911.33,1911.33
1787111640,1911.33,1911.33,1910.7,1910.7
1787111700,1910.7,1911.15,1910.57,1911.14
1787111760,1911.15,1911.46,1910.7,1911.46
1787111820,1911.45,1911.45,1911.2,1911.2
1787111880,1911.21,1911.21,1911.04,1911.04
1787111940,1911.04,1911.04,1910.81,1910.81
1787112000,1910.8,1910.8,1910.68,1910.68
1787112060,1910.68,1910.68,1910.54,1910.65
1787112120,1910.68,1910.68,1910.03,1910.04
1787112180,1910.03,1910.03,1909.71,1909.71
1787112240,1909.72,1909.97,1909.6,1909.74
1787112300,1909.83,1909.83,1909.56,1909.57
1787112360,1909.56,1909.56,1909.1,1909.1
1787112420,1909.06,1909.57,1909.05,1909.39
1787112480,1909.39,1909.39,1909.08,1909.21
1787112540,1909.22,1909.22,1909.21,1909.22
1787112600,1909.22,1910.08,1909.22,1909.82
1787112660,1909.82,1909.82,1909.81,1909.82
1787112720,1909.81,1909.82,1909.81,1909.82
1787112780,1909.81,1909.81,1909.38,1909.39
1787112840,1909.39,1909.61,1909.38,1909.61
1787112900,1909.61,1910.7,1909.6,1910.46
1787112960,1910.43,1910.9,1910.07,1910.9
1787113020,1910.91,1910.94,1910.37,1910.37
1787113080,1910.38,1910.54,1910.37,1910.54
1787113140,1910.54,1911.0,1910.53,1911.0
1787113200,1911.01,1911.89,1911.01,1911.89
1787113260,1911.89,1912.53,1911.55,1912.3
1787113320,1912.29,1912.4,1911.79,1911.79
1787113380,1911.79,1911.8,1911.79,1911.8
1787113440,1911.79,1911.81,1911.64,1911.8
1787113500,1911.81,1911.81,1911.5,1911.78
1787113560,1911.81,1911.81,1911.61,1911.61
1787113620,1911.6,1911.6,1911.51,1911.51
1787113680,1911.49,1911.49,1910.99,1911.05
1787113740,1910.94,1911.09,1910.82,1911.09
1787113800,1911.08,1911.08,1910.73,1910.73
1787113860,1910.69,1910.69,1910.02,1910.02
1787113920,1910.02,1910.47,1910.02,1910.47
1787113980,1910.48,1910.56,1910.04,1910.56
1787114040,1910.57,1912.07,1910.57,1912.07
1787114100,1912.07,1913.28,1912.07,1913.27
1787114160,1913.27,1913.27,1912.1,1912.1
1787114220,1912.1,1912.1,1911.93,1911.93
1787114280,1911.92,1911.92,1910.44,1910.45
1787114340,1910.45,1911.25,1910.45,1911.24
1787114400,1911.14,1911.46,1911.14,1911.46
1787114460,1911.45,1911.45,1910.78,1910.78
1787114520,1910.78,1910.78,1910.65,1910.65
1787114580,1910.63,1910.63,1909.91,1910.48
1787114640,1910.48,1910.49,1910.46,1910.46
1787114700,1910.4,1911.39,1910.4,1911.39
1787114760,1911.39,1911.5,1911.39,1911.44
1787114820,1911.31,1911.31,1910.8,1910.8
1787114880,1910.77,1910.77,1910.6,1910.6
1787114940,1910.58,1910.58,1909.96,1910.17
1787115000,1910.17,1910.17,1909.62,1909.66
1787115060,1909.65,1909.65,1909.15,1909.15
1787115120,1909.15,1910.12,1908.97,1910.11
1787115180,1910.11,1910.11,1909.43,1909.44
1787115240,1909.43,1909.62,1909.36,1909.58
1787115300,1909.7,1909.7,1909.0,1909.0
1787115360,1909.0,1909.01,1909.0,1909.0
1787115420,1909.0,1909.41,1909.0,1909.41
1787115480,1909.41,1909.41,1909.4,1909.4
1787115540,1909.4,1909.81,1909.38,1909.38
1787115600,1909.38,1909.77,1909.03,1909.19
1787115660,1909.19,1909.85,1909.18,1909.84
1787115720,1909.85,1910.09,1909.85,1910.09
1787115780,1910.1,1910.33,1909.6,1910.33
1787115840,1910.37,1910.91,1910.3,1910.63
1787115900,1910.63,1911.33,1910.63,1911.33
1787115960,1911.32,1911.41,1910.45,1910.56
1787116020,1910.55,1911.51,1910.55,1911.13
1787116080,1911.13,1911.4,1911.13,1911.4
1787116140,1911.41,1911.62,1911.22,1911.44
1787116200,1911.44,1911.97,1911.44,1911.59
1787116260,1911.49,1912.05,1911.2,1912.05
1787116320,1912.04,1912.23,1911.85,1912.23
1787116380,1912.14,1912.37,1911.97,1912.37
1787116440,1912.37,1912.77,1911.71,1911.71
1787116500,1911.7,1911.71,1911.44,1911.44
1787116560,1911.44,1911.8,1911.44,1911.44
1787116620,1911.44,1911.94,1911.44,1911.74
1787116680,1911.74,1911.74,1910.77,1910.77
1787116740,1910.77,1910.77,1910.46,1910.47
1787116800,1910.46,1910.46,1910.38,1910.41
1787116860,1910.4,1910.92,1910.4,1910.67
1787116920,1910.67,1910.67,1909.98,1909.98
1787116980,1909.98,1910.73,1909.69,1910.54
1787117040,1910.53,1910.68,1910.41,1910.68
1787117100,1910.67,1910.77,1910.39,1910.77
1787117160,1910.76,1911.94,1910.76,1911.93
1787117220,1911.93,1911.96,1911.7,1911.96
1787117280,1911.96,1912.42,1911.66,1912.42
1787117340,1912.52,1912.52,1912.16,1912.17
1787117400,1912.16,1912.7,1912.01,1912.16
1787117460,1912.15,1912.15,1911.45,1911.45
1787117520,1911.45,1911.64,1911.45,1911.63
1787117580,1911.64,1911.64,1911.64,1911.64
1787117640,1911.72,1911.79,1911.3,1911.56
1787117700,1911.5,1911.79,1911.5,1911.51
1787117760,1911.47,1911.47,1911.13,1911.14
1787117820,1911.13,1911.14,1911.13,1911.14
1787117880,1911.13,1911.28,1911.08,1911.28
1787117940,1911.28,1911.42,1911.27,1911.42
1787118000,1911.42,1911.7,1911.41,1911.55
1787118060,1911.42,1911.42,1911.12,1911.12
1787118120,1911.12,1911.12,1910.81,1910.94
1787118180,1910.94,1910.94,1910.93,1910.93
1787118240,1910.93,1911.23,1910.61,1911.23
1787118300,1911.29,1911.29,1910.61,1910.77
1787118360,1910.77,1910.87,1910.77,1910.87
1787118420,1910.87,1910.87,1910.3,1910.3
1787118480,1910.31,1910.37,1910.3,1910.37
1787118540,1910.37,1910.37,1910.36,1910.37
1787118600,1910.37,1910.41,1910.37,1910.4
1787118660,1910.4,1910.83,1909.88,1910.83
1787118720,1910.83,1911.34,1910.83,1910.91
1787118780,1910.9,1910.9,1910.02,1910.02
1787118840,1910.02,1910.03,1909.86,1909.9
1787118900,1909.83,1909.99,1909.61,1909.77
1787118960,1909.77,1909.96,1909.19,1909.95
1787119020,1909.72,1909.72,1908.82,1908.82
1787119080,1908.82,1908.96,1908.54,1908.93
1787119140,1908.92,1908.96,1908.8,1908.95
1787119200,1908.96,1909.92,1908.96,1909.67
1787119260,1909.66,1909.66,1908.0,1908.01
1787119320,1908.01,1908.71,1907.96,1908.13
1787119380,1908.13,1908.14,1907.65,1907.82
1787119440,1907.82,1907.82,1907.7,1907.71
1787119500,1907.71,1908.29,1907.71,1908.23
1787119560,1908.22,1908.22,1907.5,1908.21
1787119620,1908.2,1908.21,1906.64,1906.64
1787119680,1906.65,1907.27,1905.87,1906.07
1787119740,1906.07,1906.07,1905.1,1905.46
1787119800,1905.54,1906.0,1905.44,1906.0
1787119860,1906.05,1906.17,1905.15,1905.15
1787119920,1905.16,1905.71,1905.16,1905.6
1787119980,1905.6,1905.78,1905.4,1905.78
1787120040,1905.77,1905.78,1905.77,1905.78
1787120100,1905.77,1907.53,1905.77,1907.53
1787120160,1907.53,1907.92,1907.53,1907.92
1787120220,1908.0,1909.84,1908.0,1909.11
1787120280,1909.06,1909.45,1909.0,1909.45
1787120340,1909.49,1909.78,1909.48,1909.48
1787120400,1909.49,1910.39,1909.49,1910.39
1787120460,1910.39,1910.62,1910.2,1910.2
1787120520,1910.19,1911.08,1910.01,1911.08
1787120580,1911.09,1911.82,1910.55,1910.81
1787120640,1910.82,1911.46,1910.7,1911.13
1787120700,1911.12,1911.12,1910.3,1910.52
1787120760,1910.53,1910.7,1909.8,1909.8
1787120820,1909.76,1910.02,1909.41,1909.41
1787120880,1909.41,1909.41,1909.36,1909.37
1787120940,1909.36,1909.5,1909.36,1909.5
1787121000,1909.53,1909.89,1909.42,1909.53
1787121060,1909.45,1909.45,1909.44,1909.45
1787121120,1909.45,1909.49,1909.07,1909.49
1787121180,1909.54,1909.73,1908.33,1909.73
1787121240,1909.73,1909.86,1909.15,1909.56
1787121300,1909.57,1909.57,1909.39,1909.39
1787121360,1909.39,1910.3,1909.36,1910.3
1787121420,1910.31,1910.47,1910.31,1910.31
1787121480,1910.31,1910.32,1910.31,1910.31
1787121540,1910.32,1910.87,1910.32,1910.65
1787121600,1910.65,1910.65,1910.3,1910.39
1787121660,1910.39,1910.39,1909.79,1910.04
1787121720,1910.03,1910.03,1909.8,1909.8
1787121780,1909.81,1910.93,1909.8,1910.59
1787121840,1910.59,1910.76,1910.51,1910.76
1787121900,1910.76,1911.41,1910.76,1911.4
1787121960,1911.4,1911.7,1911.1,1911.14
1787122020,1911.15,1912.54,1911.15,1912.54
1787122080,1912.55,1914.58,1912.55,1913.86
1787122140,1913.81,1915.28,1913.01,1913.13
1787122200,1913.14,1913.89,1913.0,1913.0
1787122260,1912.84,1912.85,1912.59,1912.6
1787122320,1912.6,1913.0,1912.6,1913.0
1787122380,1913.0,1913.55,1912.99,1913.55
1787122440,1913.55,1913.94,1913.55,1913.8
1787122500,1913.79,1914.36,1913.79,1914.36
1787122560,1914.36,1915.56,1914.36,1915.41
1787122620,1915.41,1915.41,1914.58,1914.58
1787122680,1914.55,1915.39,1914.55,1915.39
1787122740,1915.39,1916.1,1915.39,1916.02
1787122800,1916.02,1917.59,1915.27,1915.27
1787122860,1915.2,1915.7,1914.93,1914.93
1787122920,1914.83,1915.33,1914.46,1914.6
1787122980,1914.73,1915.08,1914.24,1914.24
1787123040,1914.24,1914.5,1914.23,1914.33
1787123100,1914.29,1914.86,1913.94,1914.82
1787123160,1914.82,1914.82,1914.06,1914.4
1787123220,1914.4,1914.45,1914.05,1914.05
1787123280,1914.06,1914.72,1914.06,1914.72
1787123340,1914.73,1914.82,1914.73,1914.82
1787123400,1914.81,1915.98,1914.81,1915.98
1787123460,1915.98,1917.46,1915.98,1917.16
1787123520,1917.15,1917.16,1916.95,1916.95
1787123580,1916.95,1918.35,1916.95,1917.72
1787123640,1917.73,1919.47,1917.73,1919.47
1787123700,1919.46,1919.5,1918.06,1918.06
1787123760,1918.02,1918.02,1917.25,1917.59
1787123820,1917.59,1917.59,1916.47,1916.48
1787123880,1916.47,1916.82,1916.32,1916.59
1787123940,1916.58,1916.61,1916.35,1916.61
1787124000,1916.61,1917.15,1916.61,1916.99
1787124060,1916.99,1917.4,1916.6,1916.6
1787124120,1916.56,1917.46,1916.56,1917.45
1787124180,1917.45,1917.55,1917.45,1917.54
1787124240,1917.54,1917.64,1917.3,1917.64
1787124300,1917.65,1917.89,1917.58,1917.58
1787124360,1917.58,1917.59,1917.38,1917.38
1787124420,1917.38,1917.39,1917.03,1917.03
1787124480,1917.03,1917.04,1916.77,1916.77
1787124540,1916.77,1916.77,1916.34,1916.34
1787124600,1916.34,1916.82,1916.05,1916.82
1787124660,1916.84,1916.84,1916.59,1916.59
1787124720,1916.59,1917.26,1916.59,1917.26
1787124780,1917.27,1917.56,1917.26,1917.55
1787124840,1917.55,1918.43,1917.55,1918.43
1787124900,1918.42,1918.43,1918.27,1918.28
1787124960,1918.28,1919.6,1918.28,1919.0
1787125020,1918.98,1918.98,1918.4,1918.9
1787125080,1918.91,1919.55,1918.9,1919.51
1787125140,1919.52,1919.99,1919.43,1919.43
1787125200,1919.43,1919.72,1919.35,1919.71
1787125260,1919.71,1919.91,1919.32,1919.32
1787125320,1919.26,1919.26,1918.79,1918.79
1787125380,1918.78,1918.78,1918.37,1918.37
1787125440,1918.38,1918.38,1918.08,1918.14
1787125500,1918.13,1918.51,1918.13,1918.5
1787125560,1918.5,1919.02,1918.5,1918.58
1787125620,1918.59,1918.59,1918.06,1918.07
1787125680,1918.06,1918.06,1917.53,1917.53
1787125740,1917.53,1917.6,1917.52,1917.59
1787125800,1917.6,1917.6,1916.8,1917.2
1787125860,1917.2,1917.21,1917.2,1917.2
1787125920,1917.21,1917.21,1916.4,1916.56
1787125980,1916.55,1916.87,1916.15,1916.15
1787126040,1916.15,1916.15,1915.59,1915.59
1787126100,1915.56,1915.56,1914.4,1914.4
1787126160,1914.4,1914.84,1914.29,1914.84
1787126220,1914.84,1914.94,1914.45,1914.94
1787126280,1914.93,1915.22,1914.93,1915.1
1787126340,1915.1,1915.1,1914.61,1914.61
1787126400,1914.53,1914.91,1914.46,1914.91
1787126460,1914.9,1914.9,1914.52,1914.52
1787126520,1914.49,1915.03,1914.48,1915.02
1787126580,1915.03,1915.03,1914.58,1914.58
1787126640,1914.59,1915.86,1914.59,1915.85
1787126700,1915.86,1916.51,1915.7,1916.5
1787126760,1916.51,1916.72,1915.65,1915.65
1787126820,1915.65,1916.34,1915.65,1916.32
1787126880,1916.32,1916.32,1915.73,1915.89
1787126940,1915.88,1915.89,1915.1,1915.11
1787127000,1915.11,1915.58,1915.11,1915.58
1787127060,1915.58,1915.69,1915.58,1915.6
1787127120,1915.6,1915.6,1914.8,1914.8
1787127180,1914.79,1914.84,1914.45,1914.7
1787127240,1914.7,1914.71,1914.43,1914.43
1787127300,1914.43,1914.43,1914.17,1914.17
1787127360,1914.18,1914.18,1913.76,1913.76
1787127420,1913.77,1914.5,1913.77,1914.5
1787127480,1914.5,1915.25,1914.5,1915.25
1787127540,1915.26,1915.51,1915.26,1915.4
1787127600,1915.39,1915.4,1915.39,1915.39
1787127660,1915.39,1915.39,1914.62,1914.64
1787127720,1914.65,1915.65,1914.65,1915.65
1787127780,1915.64,1915.64,1914.78,1914.78
1787127840,1914.78,1914.78,1914.53,1914.63
1787127900,1914.63,1915.0,1914.62,1915.0
1787127960,1915.01,1915.69,1915.0,1915.38
1787128020,1915.39,1915.73,1915.38,1915.73
1787128080,1915.72,1915.72,1915.1,1915.23
1787128140,1915.23,1915.76,1915.23,1915.76
1787128200,1915.76,1916.45,1915.56,1916.38
1787128260,1916.38,1917.45,1916.2,1917.4
1787128320,1917.39,1917.66,1917.11,1917.11
1787128380,1917.12,1918.02,1916.93,1916.94
1787128440,1916.94,1917.95,1916.94,1917.7
1787128500,1917.7,1917.98,1917.17,1917.32
1787128560,1917.4,1918.19,1917.39,1918.14
1787128620,1918.14,1919.84,1918.14,1919.84
1787128680,1919.84,1926.24,1919.34,1925.86
1787128740,1925.86,1928.84,1923.87,1923.87
1787128800,1923.86,1924.57,1923.31,1923.75
1787128860,1923.74,1923.74,1922.89,1922.89
1787128920,1922.89,1923.17,1922.59,1923.17
1787128980,1923.2,1923.2,1922.62,1922.62
1787129040,1922.62,1923.02,1922.62,1922.94
1787129100,1922.86,1923.53,1922.86,1923.53
1787129160,1923.57,1923.57,1923.01,1923.08
1787129220,1923.08,1925.0,1923.08,1924.17
1787129280,1924.05,1924.81,1922.86,1923.98
1787129340,1923.99,1924.28,1923.04,1923.04
1787129400,1923.05,1923.52,1922.55,1922.55
1787129460,1922.55,1922.55,1921.91,1921.91
1787129520,1921.92,1923.09,1921.92,1922.74
1787129580,1922.77,1922.78,1922.42,1922.42
1787129640,1922.42,1922.42,1921.67,1921.67
1787129700,1921.68,1921.92,1921.61,1921.61
1787129760,1921.61,1921.61,1921.27,1921.27
1787129820,1921.27,1921.27,1920.4,1920.4
1787129880,1920.37,1920.85,1920.28,1920.28
1787129940,1920.25,1920.37,1920.14,1920.14
1787130000,1920.09,1921.19,1920.09,1921.18
1787130060,1921.19,1921.78,1921.19,1921.78
1787130120,1921.78,1922.21,1921.76,1922.21
1787130180,1922.2,1922.42,1922.2,1922.42
1787130240,1922.41,1922.42,1922.04,1922.32
1787130300,1922.32,1922.4,1921.81,1921.81
1787130360,1921.81,1921.82,1920.69,1920.7
1787130420,1920.7,1921.21,1920.7,1921.21
1787130480,1921.21,1921.21,1920.28,1920.28
1787130540,1920.26,1920.26,1919.83,1920.04
1787130600,1920.01,1921.26,1920.01,1921.26
1787130660,1921.29,1921.31,1921.1,1921.31
1787130720,1921.32,1921.74,1921.32,1921.7
1787130780,1921.69,1921.7,1921.42,1921.43
1787130840,1921.5,1921.5,1920.89,1920.89
1787130900,1920.9,1921.07,1920.69,1920.71
1787130960,1920.71,1920.97,1920.1,1920.97
1787131020,1920.99,1921.62,1920.7,1921.62
1787131080,1921.62,1922.03,1921.61,1921.81
1787131140,1921.94,1921.94,1921.65,1921.9
1787131200,1921.98,1921.98,1921.26,1921.62
1787131260,1921.62,1921.62,1921.32,1921.47
1787131320,1921.56,1921.56,1920.92,1920.92
1787131380,1920.92,1920.92,1920.71,1920.89
1787131440,1920.9,1920.9,1920.89,1920.9
1787131500,1920.89,1921.13,1920.73,1920.73
1787131560,1920.72,1920.72,1919.64,1919.65
1787131620,1919.65,1919.94,1919.65,1919.93
1787131680,1919.93,1919.94,1919.6,1919.73
1787131740,1919.78,1919.78,1919.59,1919.59
1787131800,1919.59,1919.76,1919.31,1919.76
1787131860,1919.79,1919.79,1919.46,1919.7
1787131920,1919.7,1919.7,1919.37,1919.58
1787131980,1919.56,1919.57,1919.56,1919.57
1787132040,1919.57,1919.57,1919.19,1919.46
1787132100,1919.45,1919.48,1919.35,1919.48
1787132160,1919.48,1919.48,1919.0,1919.21
1787132220,1919.21,1919.21,1918.46,1918.52
1787132280,1918.51,1918.52,1918.51,1918.51
1787132340,1918.52,1918.52,1918.26,1918.46
1787132400,1918.45,1918.45,1917.8,1917.8
1787132460,1917.8,1917.95,1917.62,1917.94
1787132520,1917.95,1917.95,1917.03,1917.03
1787132580,1917.03,1917.47,1916.83,1917.0
1787132640,1917.0,1917.0,1916.67,1917.0
1787132700,1917.04,1917.47,1917.03,1917.47
1787132760,1917.47,1917.47,1916.8,1916.8
1787132820,1916.8,1916.94,1916.42,1916.94
1787132880,1917.0,1917.12,1916.73,1917.12
1787132940,1917.12,1917.3,1917.12,1917.29
1787133000,1917.29,1917.29,1916.93,1916.93
1787133060,1916.89,1917.3,1916.89,1917.29
1787133120,1917.29,1917.29,1916.69,1916.99
1787133180,1916.99,1917.0,1916.63,1916.63
1787133240,1916.63,1917.54,1916.63,1917.54
1787133300,1917.54,1917.69,1917.24,1917.25
1787133360,1917.25,1917.68,1917.25,1917.67
1787133420,1917.68,1917.68,1917.55,1917.56
1787133480,1917.56,1918.08,1917.56,1918.07
1787133540,1918.07,1918.08,1917.73,1917.73
1787133600,1917.74,1917.74,1917.59,1917.59
1787133660,1917.6,1917.6,1916.76,1916.76
1787133720,1916.76,1917.02,1916.76,1917.02
1787133780,1917.01,1917.02,1917.01,1917.02
1787133840,1917.02,1917.02,1916.82,1916.82
1787133900,1916.76,1917.2,1916.15,1917.08
1787133960,1917.07,1917.22,1916.76,1917.22
1787134020,1917.22,1917.42,1917.18,1917.19
1787134080,1917.19,1917.19,1916.83,1916.83
1787134140,1916.83,1916.83,1916.82,1916.82
1787134200,1916.82,1917.12,1916.43,1916.67
1787134260,1916.67,1917.32,1916.66,1917.32
1787134320,1917.32,1917.4,1916.67,1916.68
1787134380,1916.67,1917.29,1916.67,1917.29
1787134440,1917.29,1917.68,1917.28,1917.28
1787134500,1917.27,1917.27,1916.81,1917.05
1787134560,1917.05,1917.34,1916.46,1917.34
1787134620,1917.34,1917.34,1917.33,1917.34
1787134680,1917.34,1917.55,1917.34,1917.55
1787134740,1917.54,1917.71,1917.54,1917.7
1787134800,1917.7,1917.8,1917.54,1917.54
1787134860,1917.55,1917.76,1917.37,1917.76
1787134920,1917.77,1918.0,1917.77,1917.99
1787134980,1917.99,1917.99,1916.96,1916.96
1787135040,1916.95,1916.95,1916.62,1916.62
1787135100,1916.62,1916.62,1916.13,1916.13
1787135160,1916.13,1916.13,1916.08,1916.08
1787135220,1916.08,1916.08,1916.0,1916.0
1787135280,1916.0,1916.4,1915.9,1916.4
1787135340,1916.41,1916.9,1916.41,1916.89
1787135400,1916.9,1916.9,1916.28,1916.28
1787135460,1916.23,1916.45,1916.23,1916.45
1787135520,1916.44,1916.75,1916.29,1916.75
1787135580,1916.74,1916.75,1916.74,1916.74
1787135640,1916.75,1917.05,1916.74,1917.02
1787135700,1916.95,1917.15,1916.85,1916.85
1787135760,1916.85,1917.36,1916.84,1917.36
1787135820,1917.36,1917.48,1917.36,1917.47
1787135880,1917.47,1917.48,1917.47,1917.48
1787135940,1917.47,1917.48,1917.47,1917.48
1787136000,1917.48,1917.48,1917.36,1917.36
1787136060,1917.36,1917.37,1917.09,1917.09
1787136120,1917.07,1917.46,1917.07,1917.46
1787136180,1917.46,1917.46,1917.45,1917.46
1787136240,1917.46,1917.83,1917.45,1917.6
1787136300,1917.49,1917.49,1917.48,1917.49
1787136360,1917.48,1917.49,1917.48,1917.49
1787136420,1917.48,1917.9,1917.48,1917.9
1787136480,1917.9,1918.25,1917.89,1918.24
1787136540,1918.25,1918.25,1917.74,1917.74
1787136600,1917.74,1918.43,1917.74,1918.43
1787136660,1918.42,1918.48,1918.28,1918.28
1787136720,1918.28,1918.28,1918.27,1918.28
1787136780,1918.27,1918.27,1917.79,1917.84
1787136840,1917.83,1917.84,1917.33,1917.77
1787136900,1917.77,1918.2,1917.77,1918.2
1787136960,1918.2,1918.61,1918.09,1918.6
1787137020,1918.61,1918.69,1918.19,1918.52
1787137080,1918.52,1918.71,1918.52,1918.7
1787137140,1918.7,1918.85,1918.7,1918.81
1787137200,1918.81,1918.81,1918.42,1918.5
1787137260,1918.51,1918.65,1918.51,1918.52
1787137320,1918.45,1918.9,1918.45,1918.9
1787137380,1918.9,1919.75,1918.9,1919.75
1787137440,1919.82,1920.09,1919.48,1920.06
1787137500,1920.07,1921.32,1920.07,1921.3
1787137560,1921.31,1922.74,1921.31,1922.41
1787137620,1922.42,1923.59,1922.42,1923.58
1787137680,1923.59,1923.59,1923.11,1923.11
1787137740,1923.12,1923.12,1922.32,1922.4
1787137800,1922.4,1922.93,1922.29,1922.92
1787137860,1922.92,1922.92,1922.68,1922.87
1787137920,1922.86,1923.23,1922.5,1922.98
1787137980,1922.98,1924.72,1922.98,1924.02
1787138040,1924.0,1924.0,1923.18,1923.27
1787138100,1923.27,1923.27,1923.0,1923.0
1787138160,1922.97,1922.97,1920.06,1920.54
1787138220,1920.54,1920.97,1919.21,1919.36
1787138280,1919.37,1920.05,1919.0,1919.29
1787138340,1919.3,1920.95,1919.3,1920.94
1787138400,1920.94,1920.94,1920.57,1920.58
1787138460,1920.57,1920.68,1919.99,1920.68
1787138520,1920.68,1921.52,1920.68,1921.52
1787138580,1921.52,1921.69,1921.51,1921.52
1787138640,1921.52,1921.89,1921.51,1921.65
1787138700,1921.59,1921.62,1921.42,1921.54
1787138760,1921.54,1921.54,1921.53,1921.54
1787138820,1921.54,1921.67,1921.33,1921.49
1787138880,1921.48,1921.48,1920.55,1920.55
1787138940,1920.55,1920.55,1920.54,1920.55
1787139000,1920.63,1921.2,1920.63,1921.2
1787139060,1921.2,1921.96,1921.2,1921.84
1787139120,1921.83,1921.83,1921.63,1921.83
1787139180,1921.83,1922.07,1921.82,1922.06
1787139240,1922.1,1922.49,1922.02,1922.49
1787139300,1922.48,1922.48,1922.28,1922.39
1787139360,1922.39,1922.39,1921.26,1921.56
1787139420,1921.66,1922.74,1921.66,1922.73
1787139480,1922.71,1922.71,1921.46,1921.47
1787139540,1921.47,1921.47,1921.46,1921.47
1787139600,1921.46,1921.46,1921.08,1921.31
1787139660,1921.31,1921.31,1921.25,1921.3
1787139720,1921.41,1921.41,1920.86,1920.86
1787139780,1920.85,1920.85,1920.67,1920.68
1787139840,1920.67,1920.68,1920.67,1920.68
1787139900,1920.71,1921.38,1920.71,1921.38
1787139960,1921.37,1921.38,1921.08,1921.2
1787140020,1921.2,1921.29,1921.17,1921.17
1787140080,1921.13,1921.2,1920.88,1921.2
1787140140,1921.19,1921.27,1921.19,1921.27
1787140200,1921.3,1921.53,1921.3,1921.5
1787140260,1921.41,1921.73,1921.41,1921.72
1787140320,1921.73,1921.82,1921.72,1921.81
1787140380,1921.78,1921.78,1920.97,1921.2
1787140440,1921.19,1921.58,1920.99,1921.28
1787140500,1921.28,1921.28,1921.08,1921.28
1787140560,1921.27,1921.77,1921.27,1921.51
1787140620,1921.51,1921.51,1921.5,1921.51
1787140680,1921.51,1921.64,1921.5,1921.64
1787140740,1921.73,1921.74,1921.69,1921.7
1787140800,1921.7,1922.48,1921.61,1921.61
1787140860,1921.6,1921.8,1921.33,1921.5
1787140920,1921.5,1922.39,1921.5,1922.3
1787140980,1922.3,1922.3,1921.9,1922.04
1787141040,1922.02,1922.03,1921.46,1921.64
1787141100,1921.64,1921.64,1921.01,1921.01
1787141160,1921.0,1921.62,1921.0,1921.62
1787141220,1921.69,1922.53,1921.69,1922.52
1787141280,1922.53,1922.72,1922.53,1922.6
1787141340,1922.6,1922.6,1921.82,1921.82
1787141400,1921.82,1921.9,1921.81,1921.9
1787141460,1921.9,1921.9,1921.28,1921.61
1787141520,1921.49,1921.49,1920.89,1921.26
1787141580,1921.26,1922.26,1921.26,1922.26
1787141640,1922.28,1922.77,1922.28,1922.77
1787141700,1922.77,1922.77,1921.48,1921.48
1787141760,1921.48,1922.19,1921.32,1922.18
1787141820,1922.18,1922.18,1921.74,1921.74
1787141880,1921.68,1922.04,1921.68,1922.03
1787141940,1922.04,1922.3,1922.04,1922.17
1787142000,1922.16,1922.17,1921.67,1922.0
1787142060,1922.0,1922.51,1922.0,1922.5
1787142120,1922.49,1922.49,1922.07,1922.14
1787142180,1922.14,1922.91,1922.14,1922.39
1787142240,1922.39,1922.39,1921.84,1921.84
1787142300,1921.85,1921.85,1921.66,1921.66
1787142360,1921.63,1921.78,1921.61,1921.76
1787142420,1921.76,1922.07,1921.76,1922.03
1787142480,1922.03,1922.37,1922.03,1922.32
1787142540,1922.32,1922.32,1921.79,1921.8
1787142600,1921.8,1922.51,1921.09,1921.1
1787142660,1921.09,1921.6,1921.09,1921.41
1787142720,1921.4,1922.23,1921.3,1922.23
1787142780,1922.23,1923.64,1922.22,1923.4
1787142840,1923.4,1925.8,1923.4,1925.37
1787142900,1925.36,1925.6,1923.2,1925.1
1787142960,1925.1,1925.93,1924.98,1925.31
1787143020,1925.31,1926.99,1925.31,1926.39
1787143080,1926.37,1927.61,1925.09,1925.4
1787143140,1925.4,1926.32,1925.4,1925.64
1787143200,1925.65,1926.62,1925.21,1925.67
1787143260,1925.81,1927.02,1925.81,1927.02
1787143320,1927.02,1929.05,1927.02,1927.91
1787143380,1927.98,1928.59,1926.97,1927.54
1787143440,1927.55,1932.04,1927.55,1931.71
1787143500,1931.65,1935.35,1930.62,1935.32
1787143560,1935.14,1936.31,1933.93,1934.94
1787143620,1934.63,1937.19,1934.49,1935.92
1787143680,1935.89,1936.38,1934.79,1935.36
1787143740,1935.37,1942.0,1935.36,1941.16
1787143800,1941.14,1941.68,1936.15,1937.59
1787143860,1937.59,1937.93,1934.93,1935.59
1787143920,1935.7,1936.19,1935.19,1935.96
1787143980,1935.93,1936.73,1934.28,1936.61
1787144040,1936.4,1936.4,1934.01,1934.89
1787144100,1934.99,1935.08,1934.17,1934.4
1787144160,1934.4,1935.46,1934.4,1934.94
1787144220,1934.93,1936.04,1934.81,1936.04
1787144280,1936.04,1936.3,1934.97,1935.21
1787144340,1935.21,1936.34,1935.0,1935.71
1787144400,1935.7,1936.21,1932.35,1932.46
1787144460,1932.47,1934.09,1932.47,1933.24
1787144520,1933.23,1933.68,1931.41,1931.41
1787144580,1931.41,1932.55,1931.4,1932.28
1787144640,1932.28,1932.48,1932.19,1932.27
1787144700,1932.27,1932.9,1931.75,1932.89
1787144760,1932.86,1934.34,1932.86,1934.19
1787144820,1934.18,1934.56,1934.16,1934.3
1787144880,1934.3,1934.91,1934.3,1934.87
1787144940,1934.87,1935.25,1934.32,1934.32
1787145000,1934.29,1934.96,1933.62,1934.2
1787145060,1934.2,1936.22,1934.2,1935.92
1787145120,1935.91,1936.57,1935.1,1936.57
1787145180,1936.56,1937.05,1936.56,1936.74
1787145240,1936.74,1936.74,1934.29,1934.29
1787145300,1934.3,1934.69,1934.17,1934.69
1787145360,1934.69,1935.49,1934.69,1934.7
1787145420,1934.71,1935.21,1934.64,1935.21
1787145480,1935.21,1935.38,1934.52,1935.29
1787145540,1935.29,1936.12,1935.29,1935.6
1787145600,1935.58,1936.6,1935.58,1936.03
1787145660,1936.03,1937.2,1936.03,1937.19
1787145720,1937.19,1937.75,1936.81,1936.85
1787145780,1936.91,1937.28,1935.67,1935.68
1787145840,1935.67,1936.94,1935.67,1936.82
1787145900,1936.81,1937.1,1935.71,1936.8
1787145960,1936.73,1936.74,1935.72,1936.1
1787146020,1936.1,1936.43,1935.9,1935.94
1787146080,1935.94,1936.87,1935.94,1936.82
1787146140,1936.83,1937.25,1936.19,1936.19
1787146200,1936.1,1937.35,1934.39,1937.15
1787146260,1937.22,1940.21,1937.22,1938.34
1787146320,1938.34,1939.4,1936.14,1936.94
1787146380,1936.94,1937.1,1934.45,1935.94
1787146440,1935.8,1936.22,1933.79,1935.26
1787146500,1935.26,1936.2,1935.21,1935.82
1787146560,1935.82,1935.82,1929.74,1929.74
1787146620,1929.73,1931.4,1928.63,1929.63
1787146680,1929.75,1930.32,1929.31,1929.75
1787146740,1929.76,1930.06,1926.86,1927.98
1787146800,1927.98,1929.72,1927.04,1929.27
1787146860,1929.36,1929.79,1928.24,1928.58
1787146920,1928.48,1929.52,1928.36,1929.52
1787146980,1929.58,1932.79,1929.29,1932.78
1787147040,1932.79,1933.76,1931.23,1931.54
1787147100,1931.41,1931.41,1930.15,1930.51
1787147160,1930.37,1933.0,1930.07,1932.61
1787147220,1932.61,1932.82,1931.78,1932.69
1787147280,1932.7,1933.43,1930.01,1930.01
1787147340,1930.02,1931.99,1930.01,1931.28
1787147400,1931.28,1932.07,1930.6,1930.6
1787147460,1930.54,1931.11,1927.81,1929.1
1787147520,1929.1,1930.19,1928.3,1928.3
1787147580,1928.3,1929.9,1927.39,1929.56
1787147640,1929.57,1929.71,1927.61,1928.74
1787147700,1928.75,1930.62,1928.75,1930.1
1787147760,1930.01,1930.91,1928.85,1930.91
1787147820,1930.91,1932.06,1930.73,1931.41
1787147880,1931.41,1932.45,1930.91,1932.23
1787147940,1932.2,1932.2,1930.66,1931.53
1787148000,1931.54,1932.79,1931.41,1931.92
1787148060,1931.92,1932.82,1931.62,1932.3
1787148120,1932.29,1932.94,1931.65,1932.69
1787148180,1932.69,1934.5,1932.47,1934.28
1787148240,1934.32,1935.1,1933.5,1934.92
1787148300,1934.83,1937.29,1934.78,1936.17
1787148360,1936.17,1937.5,1934.23,1935.36
1787148420,1935.22,1936.27,1934.1,1935.76
1787148480,1935.76,1937.21,1935.58,1935.58
1787148540,1935.49,1936.5,1935.25,1936.33
1787148600,1936.46,1937.78,1936.34,1936.71
1787148660,1936.7,1937.27,1935.6,1935.6
1787148720,1935.55,1935.99,1934.47,1935.57
1787148780,1935.58,1936.04,1934.86,1935.63
1787148840,1935.63,1936.23,1934.72,1935.84
1787148900,1935.85,1936.65,1935.2,1936.65
1787148960,1936.64,1937.11,1935.57,1936.43
1787149020,1936.49,1938.01,1935.91,1936.13
1787149080,1936.25,1937.83,1935.05,1937.4
1787149140,1937.41,1937.69,1936.38,1937.48
1787149200,1937.47,1938.29,1936.96,1937.5
1787149260,1937.51,1937.64,1936.21,1936.9
1787149320,1936.91,1936.91,1934.2,1934.98
1787149380,1934.88,1937.12,1934.65,1936.8
1787149440,1936.81,1937.14,1936.09,1936.09
1787149500,1936.09,1936.09,1935.19,1935.19
1787149560,1935.2,1936.69,1934.38,1934.83
1787149620,1934.83,1936.4,1934.71,1935.98
1787149680,1935.9,1936.73,1935.77,1936.62
1787149740,1936.63,1936.63,1933.9,1935.06
1787149800,1935.07,1935.18,1931.95,1933.8
1787149860,1933.73,1933.73,1931.01,1932.06
1787149920,1932.06,1934.33,1931.61,1934.32
1787149980,1934.33,1934.76,1934.22,1934.7
1787150040,1934.7,1935.1,1933.15,1933.26
1787150100,1933.26,1935.8,1933.26,1935.8
1787150160,1935.96,1936.38,1935.65,1935.93
1787150220,1935.9,1938.75,1935.89,1937.7
1787150280,1937.69,1939.31,1937.69,1938.78
1787150340,1938.77,1940.15,1938.61,1939.77
1787150400,1939.72,1939.92,1938.36,1938.36
1787150460,1938.37,1938.37,1937.47,1937.59
1787150520,1937.6,1938.2,1937.01,1937.86
1787150580,1937.86,1938.46,1937.7,1938.17
1787150640,1938.16,1938.81,1937.91,1938.8
1787150700,1938.9,1939.74,1938.35,1939.62
1787150760,1939.62,1940.93,1939.26,1940.58
1787150820,1940.58,1941.14,1939.19,1940.88
1787150880,1940.87,1940.88,1940.16,1940.37
1787150940,1940.37,1940.71,1939.61,1940.61
1787151000,1940.62,1947.0,1940.62,1945.22
1787151060,1945.23,1946.19,1944.27,1945.13
1787151120,1945.12,1948.38,1945.1,1947.3
1787151180,1947.42,1952.55,1946.84,1951.7
1787151240,1951.7,1958.35,1950.2,1958.29
1787151300,1958.27,1972.83,1958.01,1969.29
1787151360,1969.3,1979.12,1969.3,1975.39
1787151420,1975.39,1976.74,1971.39,1972.41
1787151480,1972.66,1976.45,1970.83,1973.73
1787151540,1973.73,1973.73,1967.71,1969.3
1787151600,1969.31,1972.98,1969.3,1972.47
1787151660,1972.42,1973.0,1966.87,1967.57
1787151720,1967.57,1973.55,1966.13,1972.95
1787151780,1972.95,1975.2,1972.18,1974.16
1787151840,1974.15,1985.81,1973.46,1984.87
1787151900,1984.72,2001.99,1983.41,1999.86
1787151960,2000.4,2016.56,1995.44,2008.0
1787152020,2008.0,2014.5,2006.53,2012.52
1787152080,2012.54,2015.28,2009.02,2011.84
1787152140,2012.02,2019.0,2012.02,2015.05
1787152200,2014.94,2015.0,2008.79,2010.92
1787152260,2010.92,2010.92,2005.8,2007.9
1787152320,2007.6,2010.7,2007.2,2010.29
1787152380,2010.29,2014.9,2008.89,2013.51
1787152440,2013.51,2018.66,2009.94,2010.74
1787152500,2010.74,2016.75,2009.24,2016.31
1787152560,2016.31,2017.63,2015.2,2016.4
1787152620,2016.2,2016.61,2009.07,2009.6
1787152680,2009.55,2011.35,2008.81,2009.18
1787152740,2009.18,2011.59,2007.49,2009.71
1787152800,2009.71,2013.77,2009.71,2012.7
1787152860,2012.71,2014.92,2011.64,2012.9
1787152920,2012.81,2017.3,2011.07,2017.1
1787152980,2017.1,2023.78,2015.49,2019.81
1787153040,2019.81,2033.3,2019.01,2027.01
1787153100,2027.23,2027.88,2023.41,2026.47
1787153160,2026.48,2047.11,2026.0,2045.35
1787153220,2045.36,2115.25,2040.21,2103.4
1787153280,2101.5,2108.2,2082.06,2084.5
1787153340,2084.89,2085.66,2069.0,2074.13
1787153400,2074.13,2075.96,2058.01,2059.26
1787153460,2059.84,2068.56,2055.95,2060.64
1787153520,2060.83,2072.55,2057.93,2065.87
1787153580,2065.87,2070.09,2064.34,2067.26
1787153640,2067.26,2072.79,2063.65,2072.74
1787153700,2072.5,2081.86,2068.91,2072.9
1787153760,2072.81,2081.35,2069.87,2080.79
1787153820,2080.79,2084.68,2076.03,2082.38
1787153880,2082.0,2085.35,2077.77,2081.97
1787153940,2081.97,2086.0,2081.52,2082.49
1787154000,2082.87,2085.16,2079.2,2083.67
1787154060,2083.68,2085.6,2078.58,2084.45
1787154120,2084.45,2085.38,2079.66,2084.22
1787154180,2084.23,2088.18,2083.45,2084.99
1787154240,2084.99,2086.8,2081.55,2086.08
1787154300,2086.08,2086.59,2080.43,2081.4
1787154360,2081.4,2084.77,2079.13,2082.86
1787154420,2082.85,2083.39,2078.26,2082.95
1787154480,2082.95,2088.08,2082.67,2086.46
1787154540,2086.46,2087.34,2081.13,2083.11
1787154600,2083.11,2088.79,2082.49,2088.13
1787154660,2088.13,2088.13,2082.11,2082.85
1787154720,2082.85,2084.27,2080.93,2081.3
1787154780,2081.3,2082.16,2079.86,2080.8
1787154840,2080.8,2080.8,2075.48,2075.93
1787154900,2075.78,2085.82,2075.53,2085.82
1787154960,2085.84,2086.0,2080.56,2084.25
1787155020,2084.25,2085.76,2083.54,2085.19
1787155080,2085.19,2085.2,2084.05,2084.99
1787155140,2084.99,2086.5,2084.71,2084.71
1787155200,2084.72,2087.79,2083.68,2085.61
1787155260,2085.65,2094.85,2081.25,2092.41
1787155320,2092.4,2101.73,2088.1,2098.41
1787155380,2098.27,2106.77,2097.15,2101.47
1787155440,2101.11,2104.07,2098.53,2102.2
1787155500,2102.2,2106.72,2100.51,2100.66
1787155560,2100.49,2100.72,2095.75,2096.61
1787155620,2096.61,2096.87,2091.17,2091.66
1787155680,2091.6,2095.65,2091.23,2093.25
1787155740,2093.25,2094.47,2092.74,2094.04
1787155800,2094.24,2094.39,2091.03,2092.41
1787155860,2092.3,2092.79,2087.55,2090.12
1787155920,2090.1,2090.1,2086.44,2087.52
1787155980,2087.53,2088.52,2085.55,2088.47
1787156040,2088.39,2089.85,2088.37,2088.51
1787156100,2088.64,2096.19,2088.56,2095.09
1787156160,2095.08,2096.8,2093.06,2096.66
1787156220,2096.66,2098.31,2095.64,2096.66
1787156280,2096.66,2099.12,2096.33,2097.96
1787156340,2097.96,2099.62,2097.73,2098.46
1787156400,2098.45,2098.45,2095.77,2097.53
1787156460,2097.52,2098.68,2095.85,2096.51
1787156520,2096.5,2096.51,2091.41,2093.36
1787156580,2093.36,2094.75,2093.16,2094.44
1787156640,2094.44,2099.01,2094.01,2098.36
1787156700,2098.52,2099.16,2097.12,2097.12
1787156760,2097.13,2101.3,2097.13,2099.28
1787156820,2099.26,2100.4,2097.84,2100.26
1787156880,2100.23,2102.41,2098.8,2099.35
1787156940,2099.35,2099.86,2098.29,2099.35
1787157000,2099.35,2099.67,2096.05,2098.08
1787157060,2098.22,2100.0,2098.22,2098.7
1787157120,2098.7,2099.0,2097.84,2098.02
1787157180,2098.02,2098.53,2097.68,2098.03
1787157240,2098.04,2098.65,2095.3,2097.62
1787157300,2097.62,2099.63,2096.73,2099.63
1787157360,2099.72,2100.53,2097.81,2097.81
1787157420,2097.82,2098.29,2096.69,2097.55
1787157480,2097.54,2098.25,2096.2,2096.21
1787157540,2096.21,2096.26,2093.43,2093.5
1787157600,2093.69,2093.69,2088.11,2090.1
1787157660,2089.96,2090.29,2084.05,2088.36
1787157720,2088.47,2093.94,2088.47,2093.15
1787157780,2093.15,2094.0,2089.05,2091.3
1787157840,2091.31,2091.51,2088.33,2088.33
1787157900,2088.26,2089.68,2087.3,2089.56
1787157960,2089.56,2089.56,2086.82,2086.94
1787158020,2086.93,2088.01,2086.59,2087.15
1787158080,2087.15,2087.4,2086.41,2087.08
1787158140,2087.08,2088.99,2087.07,2087.3
1787158200,2087.3,2087.3,2085.53,2085.53
1787158260,2085.51,2086.79,2085.32,2086.12
1787158320,2086.12,2087.33,2085.78,2087.33
1787158380,2087.47,2088.0,2085.3,2086.88
1787158440,2086.88,2089.67,2085.99,2089.67
1787158500,2089.68,2091.8,2089.68,2091.43
1787158560,2091.44,2092.78,2091.34,2092.28
1787158620,2092.14,2092.14,2088.87,2088.87
1787158680,2088.88,2088.92,2086.55,2087.28
1787158740,2087.33,2089.2,2087.33,2088.67
1787158800,2088.67,2090.03,2086.69,2086.69
1787158860,2086.82,2086.82,2084.97,2085.37
1787158920,2085.48,2085.73,2081.7,2082.25
1787158980,2082.37,2083.61,2078.25,2083.61
1787159040,2083.68,2084.11,2080.34,2082.24
1787159100,2082.32,2086.02,2082.32,2085.38
1787159160,2085.39,2085.64,2082.63,2082.63
1787159220,2082.63,2083.32,2080.42,2080.76
1787159280,2080.9,2081.06,2078.88,2079.46
1787159340,2079.45,2082.42,2079.45,2081.52
1787159400,2081.52,2083.83,2081.52,2082.8
1787159460,2082.65,2082.79,2079.55,2080.27
1787159520,2080.28,2081.22,2079.7,2081.22
1787159580,2081.27,2081.88,2078.89,2079.36
1787159640,2079.37,2079.87,2077.86,2078.4
1787159700,2078.63,2079.37,2077.74,2078.81
1787159760,2078.81,2078.81,2074.75,2076.92
1787159820,2076.93,2077.05,2073.58,2074.58
1787159880,2074.58,2075.72,2073.9,2074.97
1787159940,2075.13,2075.13,2066.58,2068.49
1787160000,2068.75,2072.02,2067.96,2071.35
1787160060,2071.28,2072.14,2068.9,2072.01
1787160120,2072.01,2072.01,2070.34,2071.77
1787160180,2071.77,2073.96,2071.77,2072.0
1787160240,2071.99,2071.99,2069.67,2071.03
1787160300,2071.02,2073.0,2069.76,2071.97
1787160360,2071.96,2073.73,2071.91,2072.55
1787160420,2072.55,2073.95,2072.14,2073.11
1787160480,2073.23,2074.76,2073.09,2074.34
1787160540,2074.34,2077.92,2073.75,2077.71
1787160600,2077.71,2078.79,2073.6,2073.73
1787160660,2073.69,2074.18,2071.92,2072.27
1787160720,2072.27,2073.35,2070.44,2071.05
1787160780,2071.06,2075.21,2071.06,2074.78
1787160840,2074.79,2077.42,2074.79,2076.74
1787160900,2076.75,2079.86,2076.75,2079.76
1787160960,2079.76,2081.34,2078.89,2079.85
1787161020,2079.97,2079.98,2077.96,2079.07
1787161080,2079.07,2081.85,2078.6,2081.55
1787161140,2081.55,2084.88,2080.25,2083.88
1787161200,2083.78,2085.83,2082.49,2083.35
1787161260,2083.38,2083.75,2082.57,2083.67
1787161320,2083.67,2086.25,2083.46,2085.52
1787161380,2085.52,2086.39,2084.87,2085.52
1787161440,2085.53,2085.61,2084.82,2085.35
1787161500,2085.35,2089.38,2084.74,2088.72
1787161560,2088.87,2089.35,2086.52,2086.96
1787161620,2086.97,2088.22,2086.46,2087.26
1787161680,2087.26,2090.16,2087.26,2090.16
1787161740,2090.19,2090.98,2088.06,2088.67
1787161800,2088.69,2090.28,2087.98,2090.27
1787161860,2090.27,2092.66,2088.93,2091.9
1787161920,2091.9,2092.13,2090.43,2090.92
1787161980,2090.92,2091.15,2090.12,2090.4
1787162040,2090.42,2091.21,2088.72,2088.82
1787162100,2088.82,2091.02,2088.82,2090.82
1787162160,2090.83,2091.72,2090.16,2090.38
1787162220,2090.38,2091.47,2089.99,2090.09
1787162280,2090.09,2091.52,2089.2,2090.66
1787162340,2090.66,2091.02,2089.82,2090.63
1787162400,2090.64,2092.06,2089.9,2089.9
1787162460,2089.9,2090.21,2087.58,2090.14
1787162520,2090.15,2090.81,2088.8,2090.55
1787162580,2090.56,2090.79,2088.4,2089.68
1787162640,2089.67,2090.69,2088.43,2088.47
1787162700,2088.47,2089.21,2085.73,2086.22
1787162760,2086.22,2087.0,2085.31,2085.34
1787162820,2085.35,2085.78,2084.44,2085.26
1787162880,2085.4,2085.54,2084.35,2084.66
1787162940,2084.65,2084.65,2080.15,2081.59
1787163000,2081.31,2082.07,2080.54,2081.84
1787163060,2081.84,2081.84,2078.57,2080.41
1787163120,2080.41,2082.18,2080.41,2081.78
1787163180,2081.66,2084.06,2081.56,2082.96
1787163240,2082.96,2085.78,2082.96,2084.9
1787163300,2084.9,2085.65,2084.41,2085.65
1787163360,2085.65,2087.0,2085.65,2086.89
1787163420,2086.89,2086.89,2084.61,2086.16
1787163480,2086.16,2088.19,2085.55,2087.46
1787163540,2087.47,2088.64,2087.46,2087.66
1787163600,2087.59,2088.29,2087.48,2087.71
1787163660,2087.71,2088.49,2086.83,2086.83
1787163720,2086.84,2087.66,2086.26,2086.26
1787163780,2086.25,2086.97,2085.4,2085.67
1787163840,2085.75,2085.94,2085.12,2085.57
1787163900,2085.69,2088.32,2085.56,2088.32
1787163960,2088.32,2089.23,2087.04,2087.38
1787164020,2087.38,2088.69,2085.8,2086.17
1787164080,2085.86,2086.96,2084.22,2085.22
1787164140,2085.22,2087.16,2085.22,2086.56
1787164200,2086.51,2086.51,2085.48,2086.32
1787164260,2086.32,2087.36,2085.51,2086.38
1787164320,2086.38,2086.86,2085.22,2085.78
1787164380,2085.78,2086.72,2085.78,2086.72
1787164440,2086.72,2087.54,2085.75,2087.45
1787164500,2087.52,2088.22,2086.19,2087.27
1787164560,2087.27,2088.31,2086.86,2087.43
1787164620,2087.43,2087.66,2086.36,2086.7
1787164680,2086.7,2087.89,2086.45,2086.78
1787164740,2086.78,2087.02,2085.68,2086.64
1787164800,2086.51,2088.44,2086.5,2087.92
1787164860,2087.91,2089.33,2087.57,2088.37
1787164920,2088.37,2089.59,2088.37,2088.85
1787164980,2088.85,2090.79,2088.51,2090.63
1787165040,2090.64,2090.64,2088.99,2090.0
1787165100,2090.0,2091.83,2089.99,2090.91
1787165160,2090.91,2091.74,2089.89,2091.23
1787165220,2091.22,2091.34,2089.09,2089.7
1787165280,2089.7,2090.07,2088.85,2089.26
1787165340,2089.26,2090.82,2089.23,2090.82
1787165400,2090.87,2091.12,2089.35,2089.35
1787165460,2089.34,2090.32,2088.33,2089.14
1787165520,2089.15,2089.77,2088.86,2089.41
1787165580,2089.4,2090.3,2087.27,2090.3
1787165640,2090.29,2091.25,2090.29,2090.77
1787165700,2090.78,2090.78,2088.73,2089.8
1787165760,2089.79,2089.79,2087.94,2088.13
1787165820,2088.14,2089.67,2088.14,2088.81
1787165880,2088.82,2089.78,2088.82,2089.78
1787165940,2089.82,2092.35,2089.72,2091.39
1787166000,2091.4,2092.26,2089.84,2092.19
1787166060,2092.26,2092.84,2091.05,2091.38
1787166120,2091.38,2092.35,2091.19,2092.02
1787166180,2092.03,2094.11,2092.03,2093.32
1787166240,2093.32,2093.55,2092.33,2093.1
1787166300,2093.22,2096.4,2092.84,2094.44
1787166360,2094.44,2096.61,2093.77,2096.4
1787166420,2096.4,2096.4,2093.21,2093.22
1787166480,2093.22,2097.1,2093.14,2096.7
1787166540,2096.69,2096.96,2094.18,2094.18
1787166600,2094.3,2094.3,2091.18,2093.5
1787166660,2093.5,2097.06,2093.5,2095.86
1787166720,2096.07,2097.32,2095.83,2097.32
1787166780,2097.32,2103.16,2097.32,2099.64
1787166840,2099.75,2099.84,2088.72,2089.94
1787166900,2089.77,2093.52,2089.77,2093.51
1787166960,2093.51,2094.36,2092.28,2092.46
1787167020,2092.33,2093.7,2091.61,2092.9
1787167080,2092.89,2095.79,2092.89,2094.73
1787167140,2094.73,2100.89,2094.73,2096.4
1787167200,2096.41,2099.91,2096.32,2099.39
1787167260,2099.27,2100.48,2098.53,2098.53
1787167320,2098.53,2098.82,2096.0,2097.29
1787167380,2097.29,2097.49,2096.38,2097.25
1787167440,2097.25,2098.28,2096.42,2097.18
1787167500,2097.18,2097.47,2095.77,2095.78
1787167560,2095.77,2096.33,2094.26,2094.26
1787167620,2094.26,2095.92,2094.26,2095.92
1787167680,2096.01,2096.37,2093.0,2093.26
1787167740,2093.39,2093.39,2090.7,2092.45
1787167800,2092.46,2093.8,2091.01,2092.84
1787167860,2092.85,2094.76,2092.85,2094.4
1787167920,2094.41,2095.33,2094.28,2095.33
1787167980,2095.33,2096.25,2095.32,2095.92
1787168040,2095.92,2096.8,2095.44,2095.44
1787168100,2095.36,2095.86,2094.82,2094.9
1787168160,2094.75,2099.32,2094.75,2099.31
1787168220,2099.31,2099.31,2098.32,2098.32
1787168280,2098.32,2098.56,2097.1,2097.95
1787168340,2098.08,2099.24,2098.08,2098.79
1787168400,2098.79,2100.07,2098.58,2100.07
1787168460,2100.08,2100.58,2099.58,2100.02
1787168520,2100.06,2100.06,2099.41,2099.41
1787168580,2099.4,2099.4,2097.85,2098.65
1787168640,2098.65,2099.9,2097.61,2099.0
1787168700,2099.01,2099.43,2098.21,2098.51
1787168760,2098.4,2099.42,2098.09,2098.48
1787168820,2098.47,2099.28,2098.35,2098.4
1787168880,2098.33,2098.7,2097.56,2097.69
1787168940,2097.68,2097.68,2096.68,2097.27
1787169000,2097.26,2099.04,2096.66,2099.03
1787169060,2099.03,2100.23,2098.33,2099.52
1787169120,2099.52,2101.91,2099.34,2101.74
1787169180,2101.57,2102.12,2100.27,2100.37
1787169240,2100.64,2101.8,2100.64,2101.48
1787169300,2101.48,2102.63,2100.8,2102.62
1787169360,2102.62,2105.0,2101.57,2103.19
1787169420,2103.06,2104.5,2102.83,2104.5
1787169480,2104.32,2105.05,2103.79,2104.77
1787169540,2104.77,2104.77,2100.73,2101.43
1787169600,2101.45,2103.36,2101.45,2102.45
1787169660,2102.53,2105.82,2101.52,2102.41
1787169720,2102.48,2105.87,2102.47,2105.73
1787169780,2105.73,2106.17,2104.6,2106.17
1787169840,2106.24,2108.16,2106.24,2107.57
1787169900,2107.58,2107.58,2105.28,2106.31
1787169960,2106.3,2108.19,2105.28,2108.19
1787170020,2108.18,2119.92,2108.18,2111.05
1787170080,2111.04,2116.07,2111.01,2114.6
1787170140,2114.47,2119.18,2114.47,2116.56
1787170200,2116.56,2116.56,2112.87,2113.61
1787170260,2113.6,2114.44,2112.52,2114.39
1787170320,2114.39,2115.03,2113.53,2114.41
1787170380,2114.41,2114.78,2113.73,2113.98
1787170440,2113.85,2114.16,2111.53,2112.78
1787170500,2112.54,2112.88,2110.2,2110.73
1787170560,2110.73,2111.52,2110.26,2110.26
1787170620,2110.2,2110.2,2109.21,2109.61
1787170680,2109.61,2109.83,2107.8,2108.45
1787170740,2108.48,2113.45,2108.48,2111.85
1787170800,2111.85,2113.05,2111.12,2112.24
1787170860,2112.34,2115.24,2112.34,2115.24
1787170920,2115.23,2115.23,2113.74,2114.62
1787170980,2114.62,2115.7,2113.94,2115.43
1787171040,2115.42,2116.69,2115.02,2116.01
1787171100,2116.16,2126.08,2116.16,2123.14
1787171160,2123.14,2123.58,2120.33,2121.3
1787171220,2121.3,2129.72,2121.3,2127.32
1787171280,2127.19,2132.57,2122.05,2124.37
1787171340,2124.37,2126.78,2123.08,2125.49
1787171400,2125.49,2129.13,2125.25,2127.2
1787171460,2127.11,2127.11,2121.44,2122.1
1787171520,2122.11,2123.67,2121.61,2122.8
1787171580,2122.66,2126.88,2122.66,2124.97
1787171640,2124.96,2127.01,2124.96,2125.87
1787171700,2125.87,2126.07,2123.59,2123.93
1787171760,2123.92,2125.12,2123.14,2124.24
1787171820,2124.39,2124.88,2121.61,2121.93
1787171880,2121.94,2124.84,2121.72,2124.83
1787171940,2124.83,2126.08,2124.03,2124.56
1787172000,2124.56,2126.32,2124.04,2124.18
1787172060,2124.18,2124.42,2123.11,2123.53
1787172120,2123.54,2124.52,2122.2,2123.0
1787172180,2123.1,2124.75,2122.8,2124.31
1787172240,2124.32,2125.67,2122.78,2124.12
1787172300,2124.0,2125.12,2122.99,2125.12
1787172360,2125.13,2125.42,2123.3,2124.01
1787172420,2123.9,2123.95,2122.87,2123.1
1787172480,2123.1,2128.25,2122.66,2127.56
1787172540,2127.27,2130.13,2125.89,2129.15
1787172600,2129.14,2187.73,2128.49,2181.53
1787172660,2181.76,2241.41,2178.69,2207.45
1787172720,2207.21,2216.95,2196.79,2197.25
1787172780,2198.01,2205.56,2193.85,2204.59
1787172840,2205.03,2205.78,2194.61,2203.97
1787172900,2204.11,2204.33,2196.74,2202.95
1787172960,2202.76,2215.95,2201.65,2214.77
1787173020,2214.76,2215.32,2204.62,2207.87
1787173080,2208.09,2216.0,2205.92,2214.73
1787173140,2214.74,2223.1,2209.69,2217.61
1787173200,2217.85,2230.58,2215.71,2215.71
1787173260,2215.82,2227.96,2215.76,2222.28
1787173320,2222.08,2228.91,2218.73,2224.32
1787173380,2224.32,2224.49,2220.22,2223.56
1787173440,2223.55,2270.73,2221.24,2261.23
1787173500,2261.36,2261.4,2245.45,2257.17
1787173560,2257.04,2283.03,2255.25,2274.81
1787173620,2274.46,2332.73,2272.01,2313.52
1787173680,2313.65,2333.83,2295.82,2297.34
1787173740,2297.14,2309.23,2295.35,2299.66
1787173800,2299.65,2301.44,2270.48,2274.85
1787173860,2274.27,2278.72,2254.7,2269.8
1787173920,2270.23,2270.46,2241.15,2246.77
1787173980,2246.91,2265.71,2240.71,2259.02
1787174040,2259.62,2264.0,2254.28,2259.19
1787174100,2259.68,2272.21,2255.86,2261.54
1787174160,2261.22,2268.63,2260.37,2261.61
1787174220,2261.92,2267.96,2254.0,2257.1
1787174280,2256.64,2261.84,2254.62,2257.08
1787174340,2256.9,2268.5,2256.42,2267.47
1787174400,2267.62,2273.55,2259.3,2259.43
1787174460,2259.43,2269.27,2259.43,2268.37
1787174520,2268.38,2271.35,2264.87,2269.08
1787174580,2269.03,2271.15,2266.69,2269.27
1787174640,2269.27,2270.27,2263.64,2264.46
1787174700,2264.3,2270.63,2264.3,2268.37
1787174760,2268.37,2269.64,2267.2,2268.92
1787174820,2269.28,2270.55,2268.5,2269.03
1787174880,2269.02,2293.59,2269.02,2284.4
1787174940,2284.4,2285.01,2279.1,2282.73
1787175000,2282.73,2291.91,2281.77,2291.91
1787175060,2291.53,2298.12,2287.26,2289.18
1787175120,2289.5,2295.16,2275.05,2275.19
1787175180,2275.35,2280.86,2268.12,2280.71
1787175240,2280.79,2286.79,2279.83,2284.63
1787175300,2284.63,2288.59,2284.63,2287.86
1787175360,2287.86,2288.15,2278.34,2278.81
1787175420,2278.75,2279.19,2272.59,2278.73
1787175480,2278.73,2281.23,2273.19,2274.24
1787175540,2274.44,2275.61,2271.01,2275.51
1787175600,2275.51,2279.98,2272.59,2274.91
1787175660,2274.92,2284.57,2274.92,2282.89
1787175720,2283.05,2284.53,2281.31,2282.15
1787175780,2282.15,2282.74,2279.2,2280.86
1787175840,2280.86,2284.34,2277.9,2284.34
1787175900,2284.34,2293.77,2281.25,2289.16
1787175960,2289.16,2304.98,2288.9,2297.79
1787176020,2297.07,2297.78,2291.3,2292.74
1787176080,2292.55,2292.85,2281.79,2287.13
1787176140,2286.19,2294.99,2282.81,2293.83
1787176200,2293.75,2293.75,2286.49,2289.97
1787176260,2289.98,2294.99,2288.17,2291.86
1787176320,2291.87,2292.33,2287.75,2289.66
1787176380,2289.66,2292.68,2287.96,2288.74
1787176440,2288.88,2291.83,2287.35,2290.82
1787176500,2290.83,2294.23,2290.66,2292.65
1787176560,2292.65,2292.65,2288.53,2290.09
1787176620,2290.08,2291.0,2286.49,2288.37
1787176680,2288.37,2289.5,2277.09,2282.25
1787176740,2281.98,2285.63,2280.27,2285.5
1787176800,2285.5,2289.56,2278.22,2279.17
1787176860,2279.03,2281.12,2269.14,2272.28
1787176920,2272.4,2277.18,2272.14,2275.26
1787176980,2275.27,2276.37,2269.4,2270.19
1787177040,2270.47,2271.86,2267.12,2268.48
1787177100,2268.62,2269.8,2260.52,2268.7
1787177160,2268.71,2276.02,2268.59,2275.61
1787177220,2275.36,2278.99,2271.71,2274.0
1787177280,2274.0,2277.79,2271.7,2276.02
1787177340,2275.82,2277.84,2272.68,2273.77
1787177400,2273.76,2275.0,2270.84,2273.34
1787177460,2273.35,2277.26,2273.35,2273.96
1787177520,2273.96,2276.54,2272.67,2273.8
1787177580,2273.81,2273.95,2267.47,2272.13
1787177640,2272.13,2273.62,2266.95,2266.95
1787177700,2266.94,2271.6,2266.46,2271.25
1787177760,2271.25,2272.79,2270.58,2270.66
1787177820,2270.63,2271.1,2267.81,2271.1
1787177880,2271.31,2272.73,2270.21,2270.84
1787177940,2270.84,2271.79,2267.53,2267.97
1787178000,2267.98,2269.4,2266.22,2266.45
1787178060,2266.45,2268.42,2266.21,2268.38
1787178120,2268.21,2270.99,2264.75,2265.17
1787178180,2265.01,2265.28,2260.97,2264.04
1787178240,2264.03,2264.66,2262.34,2262.59
1787178300,2262.6,2263.15,2257.21,2259.14
1787178360,2259.14,2264.33,2257.15,2257.59
1787178420,2257.58,2259.23,2257.42,2258.13
1787178480,2258.14,2259.22,2257.65,2257.87
1787178540,2257.84,2258.87,2255.55,2255.71
1787178600,2255.71,2258.73,2253.83,2258.55
1787178660,2258.58,2258.8,2253.98,2254.72
1787178720,2254.68,2254.69,2250.01,2253.27
1787178780,2253.27,2253.62,2240.42,2242.15
1787178840,2242.18,2248.48,2240.92,2248.48
1787178900,2248.48,2249.07,2245.55,2246.96
1787178960,2246.91,2252.33,2244.48,2252.17
1787179020,2252.18,2257.69,2252.18,2257.24
1787179080,2257.25,2258.95,2254.47,2255.76
1787179140,2255.89,2262.03,2255.89,2260.5
1787179200,2260.51,2265.8,2259.79,2265.57
1787179260,2265.57,2265.57,2261.27,2263.65
1787179320,2263.67,2265.25,2261.9,2262.77
1787179380,2262.77,2262.77,2257.5,2258.75
1787179440,2258.74,2259.06,2257.48,2257.56
1787179500,2257.56,2258.48,2254.46,2254.82
1787179560,2254.73,2255.29,2252.8,2254.46
1787179620,2254.46,2254.46,2250.3,2250.3
1787179680,2250.3,2250.71,2248.4,2248.48
1787179740,2248.4,2248.88,2244.85,2246.27
1787179800,2246.39,2250.82,2246.39,2250.72
1787179860,2250.72,2250.72,2245.9,2245.9
1787179920,2245.89,2247.59,2243.92,2243.92
1787179980,2243.92,2246.11,2243.65,2243.65
1787180040,2243.66,2244.67,2242.79,2243.39
1787180100,2243.4,2247.74,2242.69,2247.07
1787180160,2247.06,2248.52,2246.21,2247.96
1787180220,2247.96,2250.69,2247.96,2249.88
1787180280,2250.02,2251.31,2248.03,2248.98
1787180340,2249.12,2250.11,2247.71,2248.8
1787180400,2248.95,2250.02,2245.83,2247.08
1787180460,2247.09,2250.16,2246.32,2250.16
1787180520,2250.17,2250.56,2243.85,2245.42
1787180580,2245.46,2246.55,2242.1,2242.25
1787180640,2242.25,2248.98,2242.25,2247.53
1787180700,2247.69,2248.22,2246.11,2247.45
1787180760,2247.46,2249.25,2247.46,2249.25
1787180820,2249.26,2249.85,2248.0,2249.8
1787180880,2249.83,2251.17,2248.75,2250.71
1787180940,2250.67,2250.73,2248.0,2248.54
1787181000,2248.54,2248.66,2247.48,2247.98
1787181060,2247.99,2251.6,2247.99,2250.42
1787181120,2250.42,2250.95,2248.11,2248.19
1787181180,2248.2,2251.65,2248.2,2248.53
1787181240,2248.42,2248.82,2244.7,2245.1
1787181300,2245.1,2249.22,2244.58,2249.03
1787181360,2248.97,2249.26,2242.61,2242.9
1787181420,2242.9,2247.89,2242.45,2247.55
1787181480,2247.55,2250.0,2246.89,2249.26
1787181540,2249.0,2249.55,2247.56,2248.97
1787181600,2248.98,2249.58,2246.45,2247.36
1787181660,2247.38,2248.02,2245.89,2248.02
1787181720,2248.12,2248.37,2246.75,2247.51
1787181780,2247.51,2247.69,2245.76,2245.91
1787181840,2245.97,2247.57,2245.92,2245.92
1787181900,2245.93,2246.39,2244.49,2245.37
1787181960,2245.37,2248.96,2245.37,2248.96
1787182020,2248.97,2253.63,2248.97,2253.6
1787182080,2253.61,2254.16,2253.01,2253.75
1787182140,2253.75,2253.75,2249.94,2251.3
1787182200,2251.36,2252.3,2251.11,2251.28
1787182260,2251.39,2251.39,2246.99,2247.29
1787182320,2247.28,2248.78,2246.24,2247.02
1787182380,2246.86,2247.69,2245.5,2247.08
1787182440,2247.09,2247.09,2245.21,2245.21
1787182500,2245.2,2247.28,2245.06,2246.72
1787182560,2246.83,2250.33,2246.82,2250.02
1787182620,2250.02,2250.02,2247.9,2248.73
1787182680,2248.73,2250.89,2248.27,2250.63
1787182740,2250.63,2252.27,2250.27,2250.43
1787182800,2250.43,2252.5,2249.89,2252.5
1787182860,2252.63,2253.42,2250.66,2253.42
1787182920,2253.43,2258.05,2253.43,2258.05
1787182980,2258.05,2260.93,2254.47,2260.0
1787183040,2260.0,2260.0,2256.29,2256.29
1787183100,2256.29,2256.56,2253.42,2253.43
1787183160,2253.57,2254.45,2253.28,2254.06
1787183220,2253.93,2255.05,2253.44,2254.8
1787183280,2254.8,2254.8,2252.23,2253.42
1787183340,2253.36,2253.59,2247.09,2247.9
1787183400,2247.84,2249.56,2247.84,2248.98
1787183460,2248.83,2250.82,2248.83,2250.82
1787183520,2250.8,2251.07,2247.55,2247.55
1787183580,2247.44,2250.9,2246.5,2250.63
1787183640,2250.79,2251.57,2249.26,2249.56
1787183700,2249.55,2252.36,2248.88,2252.36
1787183760,2252.37,2254.58,2252.37,2252.99
1787183820,2252.98,2253.65,2251.77,2253.64
1787183880,2253.64,2253.64,2251.29,2251.29
1787183940,2251.44,2252.53,2251.44,2251.72
1787184000,2251.69,2255.01,2250.67,2251.7
1787184060,2251.7,2254.35,2251.63,2252.02
1787184120,2252.02,2254.54,2252.02,2253.74
1787184180,2253.74,2255.66,2252.75,2255.66
1787184240,2255.51,2260.83,2255.06,2256.41
1787184300,2256.7,2259.13,2254.81,2259.13
1787184360,2259.14,2259.3,2256.5,2256.65
1787184420,2256.8,2257.21,2254.25,2255.91
1787184480,2255.8,2257.75,2254.6,2255.76
1787184540,2255.81,2259.32,2255.81,2257.3
1787184600,2257.29,2258.62,2255.85,2258.61
1787184660,2258.61,2259.17,2257.9,2258.69
1787184720,2258.68,2258.69,2256.19,2256.35
1787184780,2256.35,2256.52,2254.84,2255.48
1787184840,2255.76,2258.09,2253.97,2258.08
1787184900,2258.08,2258.9,2257.42,2258.6
1787184960,2258.46,2258.55,2256.14,2258.11
1787185020,2258.31,2263.16,2258.31,2263.09
1787185080,2262.94,2264.33,2262.29,2264.19
1787185140,2264.33,2267.19,2263.57,2266.39
1787185200,2266.25,2268.49,2265.65,2266.48
1787185260,2266.48,2268.39,2265.53,2267.04
1787185320,2267.05,2267.44,2262.07,2262.2
1787185380,2262.44,2262.77,2260.75,2262.18
1787185440,2262.02,2263.2,2261.33,2263.02
1787185500,2263.02,2263.49,2260.86,2262.97
1787185560,2262.97,2265.37,2262.25,2264.09
1787185620,2264.08,2266.49,2263.83,2265.21
1787185680,2264.69,2265.11,2262.55,2262.55
1787185740,2262.55,2262.99,2260.01,2262.98
1787185800,2262.99,2264.16,2260.96,2261.49
1787185860,2261.48,2263.82,2260.32,2263.82
1787185920,2263.83,2264.47,2261.58,2263.89
1787185980,2263.74,2267.2,2263.63,2265.71
1787186040,2265.72,2266.81,2265.01,2266.22
1787186100,2266.3,2266.54,2263.84,2264.47
1787186160,2264.62,2266.37,2264.13,2265.38
1787186220,2265.15,2266.94,2264.18,2265.19
1787186280,2265.19,2269.14,2264.78,2268.75
1787186340,2268.6,2272.4,2268.24,2271.54
1787186400,2271.54,2271.54,2265.7,2265.82
1787186460,2265.82,2265.83,2262.53,2263.26
1787186520,2263.27,2268.19,2262.97,2268.06
1787186580,2268.05,2268.05,2266.53,2266.87
1787186640,2266.88,2268.22,2266.57,2267.59
1787186700,2267.64,2270.39,2267.44,2269.54
1787186760,2269.42,2270.82,2269.02,2270.13
1787186820,2270.12,2271.39,2269.43,2271.39
1787186880,2271.39,2272.67,2269.03,2269.55
1787186940,2269.4,2271.21,2269.39,2270.37
1787187000,2270.37,2271.55,2270.33,2270.33
1787187060,2270.56,2270.56,2260.44,2261.82
1787187120,2261.82,2265.73,2260.21,2265.64
1787187180,2265.79,2265.79,2262.36,2262.61
1787187240,2262.76,2267.15,2262.76,2266.28
1787187300,2266.28,2267.1,2265.66,2265.66
1787187360,2266.0,2266.45,2263.93,2264.49
1787187420,2264.49,2265.0,2263.62,2264.52
1787187480,2264.51,2264.51,2262.93,2263.33
1787187540,2263.32,2263.32,2258.28,2261.23
1787187600,2261.03,2263.96,2259.02,2263.88
1787187660,2263.73,2263.85,2261.23,2263.56
1787187720,2263.69,2266.84,2263.69,2265.73
1787187780,2265.73,2267.09,2264.73,2265.12
1787187840,2264.97,2265.17,2263.57,2263.69
1787187900,2263.62,2264.02,2261.78,2261.78
1787187960,2261.77,2262.02,2259.37,2259.37
1787188020,2259.37,2260.18,2256.28,2256.46
1787188080,2256.37,2256.46,2251.13,2253.22
1787188140,2253.57,2254.97,2252.58,2253.01
1787188200,2253.0,2253.0,2251.05,2251.8
1787188260,2251.81,2253.15,2248.56,2252.84
1787188320,2252.74,2254.26,2251.89,2253.41
1787188380,2253.57,2255.64,2252.39,2254.03
1787188440,2254.03,2257.49,2254.03,2256.02
1787188500,2255.99,2259.77,2255.83,2256.8
1787188560,2256.55,2257.24,2252.8,2252.95
1787188620,2253.06,2253.93,2251.44,2251.58
1787188680,2251.89,2256.24,2251.89,2255.14
1787188740,2255.14,2258.08,2255.03,2257.6
1787188800,2257.59,2259.33,2257.05,2258.3
1787188860,2258.15,2258.24,2254.14,2254.14
1787188920,2254.14,2258.62,2254.14,2257.71
1787188980,2257.71,2258.54,2257.52,2258.05
1787189040,2258.12,2258.4,2255.48,2255.77
1787189100,2255.77,2256.61,2255.25,2255.98
1787189160,2255.98,2256.71,2255.38,2255.7
1787189220,2255.55,2255.55,2253.77,2253.84
1787189280,2253.76,2254.11,2253.12,2253.69
1787189340,2253.77,2254.22,2252.8,2253.63
1787189400,2253.5,2253.5,2251.99,2252.8
1787189460,2253.05,2254.88,2251.2,2254.5
1787189520,2254.5,2255.67,2253.04,2255.67
1787189580,2255.68,2258.48,2255.68,2258.36
1787189640,2258.36,2260.23,2257.04,2260.08
1787189700,2260.08,2262.56,2260.0,2261.59
1787189760,2261.52,2261.92,2260.18,2260.18
1787189820,2260.18,2261.99,2259.94,2260.06
1787189880,2260.06,2260.69,2259.0,2260.53
1787189940,2260.7,2263.24,2260.7,2262.12
1787190000,2262.11,2264.03,2261.78,2264.03
1787190060,2264.03,2265.29,2262.44,2263.25
1787190120,2263.4,2264.75,2263.0,2263.65
1787190180,2263.49,2264.75,2263.49,2264.08
1787190240,2264.09,2264.8,2263.35,2264.55
1787190300,2264.54,2265.07,2263.82,2264.76
1787190360,2264.75,2266.93,2264.65,2266.89
1787190420,2266.89,2266.89,2264.75,2266.65
1787190480,2266.65,2268.79,2266.65,2267.35
1787190540,2267.51,2269.77,2267.13,2267.98
1787190600,2267.93,2269.38,2267.93,2268.29
1787190660,2268.43,2268.71,2266.95,2267.46
1787190720,2267.46,2267.64,2265.47,2266.8
1787190780,2266.79,2267.06,2263.93,2265.08
1787190840,2265.09,2266.07,2264.7,2265.37
1787190900,2265.37,2265.78,2264.66,2264.83
1787190960,2264.83,2265.22,2264.83,2265.1
1787191020,2265.11,2266.45,2265.11,2265.12
1787191080,2265.04,2266.11,2265.04,2265.6
1787191140,2265.6,2265.6,2264.84,2265.32
1787191200,2265.33,2266.72,2265.17,2265.61
1787191260,2265.76,2267.98,2265.76,2267.42
1787191320,2267.42,2269.19,2267.2,2268.66
1787191380,2268.72,2269.43,2267.83,2269.17
1787191440,2269.16,2269.16,2267.23,2267.94
1787191500,2267.92,2267.92,2265.15,2265.27
1787191560,2265.36,2266.15,2265.36,2265.55
1787191620,2265.55,2266.98,2265.24,2265.81
1787191680,2265.81,2267.0,2265.81,2266.62
1787191740,2266.63,2267.46,2265.85,2266.1
1787191800,2266.1,2266.1,2263.42,2263.42
1787191860,2263.42,2267.09,2263.42,2267.09
1787191920,2267.09,2268.08,2265.06,2267.35
1787191980,2267.36,2267.55,2266.53,2267.02
1787192040,2267.01,2267.36,2266.19,2267.24
1787192100,2267.19,2267.75,2266.44,2266.44
1787192160,2266.43,2267.72,2265.15,2265.66
1787192220,2265.66,2266.93,2265.15,2266.68
1787192280,2266.69,2267.71,2265.8,2265.8
1787192340,2265.68,2265.68,2263.62,2265.23
1787192400,2265.22,2265.22,2260.94,2260.94
1787192460,2260.93,2261.27,2259.01,2261.16
1787192520,2261.15,2261.16,2259.49,2260.67
1787192580,2260.66,2261.57,2259.84,2261.47
1787192640,2261.47,2261.54,2259.42,2259.82
1787192700,2259.91,2260.32,2258.36,2258.73
1787192760,2258.43,2258.5,2256.86,2258.5
1787192820,2258.62,2258.97,2257.96,2258.47
1787192880,2258.47,2258.47,2256.41,2257.09
1787192940,2257.09,2257.82,2256.72,2257.2
1787193000,2257.09,2259.12,2255.97,2258.75
1787193060,2258.68,2258.77,2256.65,2256.65
1787193120,2256.65,2258.57,2255.24,2258.23
1787193180,2258.2,2258.56,2257.15,2257.91
1787193240,2257.96,2261.56,2257.96,2261.17
1787193300,2261.18,2261.18,2256.01,2256.05
1787193360,2256.05,2256.75,2256.04,2256.68
1787193420,2256.69,2257.63,2255.43,2255.43
1787193480,2255.43,2255.81,2253.19,2253.81
1787193540,2253.93,2256.1,2253.53,2255.64
1787193600,2255.63,2255.63,2254.55,2254.8
1787193660,2254.8,2256.52,2254.8,2256.23
1787193720,2255.97,2256.95,2255.09,2255.79
1787193780,2255.71,2257.64,2255.61,2257.13
1787193840,2257.19,2257.19,2255.56,2255.86
1787193900,2255.86,2257.0,2255.21,2256.55
1787193960,2256.28,2256.28,2253.3,2253.92
1787194020,2253.68,2254.27,2253.0,2253.11
1787194080,2253.17,2254.2,2252.79,2252.8
1787194140,2252.93,2253.34,2252.13,2252.13
1787194200,2252.13,2253.06,2250.49,2250.49
1787194260,2250.49,2251.86,2250.49,2250.82
1787194320,2250.82,2253.03,2250.7,2251.65
1787194380,2251.64,2251.67,2249.15,2250.3
1787194440,2250.3,2250.52,2249.36,2250.4
1787194500,2250.14,2250.3,2249.59,2249.59
1787194560,2249.58,2252.14,2248.48,2252.14
1787194620,2252.15,2252.49,2251.82,2252.02
1787194680,2252.02,2252.02,2251.04,2251.59
1787194740,2251.73,2251.73,2250.52,2250.58
1787194800,2250.58,2251.08,2243.73,2245.17
1787194860,2245.17,2245.36,2244.32,2245.14
1787194920,2245.1,2245.19,2242.37,2243.8
1787194980,2243.73,2243.73,2240.91,2241.2
1787195040,2241.09,2243.66,2241.09,2243.12
1787195100,2243.11,2245.94,2242.5,2245.28
1787195160,2245.22,2245.22,2243.84,2244.14
1787195220,2244.04,2244.04,2242.53,2242.53
1787195280,2242.53,2242.53,2231.26,2232.39
1787195340,2232.4,2236.64,2231.13,2232.51
1787195400,2232.24,2233.28,2226.9,2227.27
1787195460,2227.03,2228.19,2221.75,2222.27
1787195520,2222.25,2226.89,2221.48,2226.89
1787195580,2226.89,2229.12,2226.4,2227.88
1787195640,2227.87,2227.87,2225.55,2227.28
1787195700,2227.29,2232.36,2226.91,2232.36
1787195760,2232.36,2232.86,2230.29,2230.85
1787195820,2230.89,2231.84,2228.44,2231.84
1787195880,2231.96,2234.05,2231.08,2233.73
1787195940,2233.73,2237.4,2233.02,2237.39
1787196000,2237.4,2240.98,2236.97,2239.59
1787196060,2239.6,2241.93,2238.94,2241.93
1787196120,2241.79,2241.79,2236.57,2237.55
1787196180,2237.7,2238.6,2236.91,2238.19
1787196240,2238.19,2238.19,2236.93,2238.0
1787196300,2238.0,2238.2,2235.0,2235.0
1787196360,2234.98,2236.14,2233.4,2233.4
1787196420,2233.33,2235.48,2233.33,2234.88
1787196480,2234.76,2235.27,2232.34,2235.12
1787196540,2235.21,2235.21,2232.0,2232.84
1787196600,2232.84,2234.5,2232.38,2234.18
1787196660,2234.18,2238.73,2234.13,2238.73
1787196720,2238.85,2240.26,2238.35,2239.84
1787196780,2239.84,2243.06,2239.13,2241.73
1787196840,2241.74,2242.5,2238.75,2240.41
1787196900,2240.42,2242.02,2237.23,2241.65
1787196960,2241.65,2244.43,2240.41,2243.94
1787197020,2243.94,2247.03,2242.02,2243.34
1787197080,2243.34,2244.83,2242.1,2244.83
1787197140,2244.83,2245.36,2243.17,2244.11
1787197200,2244.11,2245.93,2243.5,2245.31
1787197260,2245.31,2246.07,2243.56,2244.17
1787197320,2244.17,2245.36,2243.1,2243.67
1787197380,2243.67,2245.05,2241.73,2244.58
1787197440,2245.05,2250.11,2243.0,2248.84
1787197500,2248.84,2256.26,2248.08,2253.83
1787197560,2253.8,2254.19,2250.56,2251.31
1787197620,2251.32,2252.63,2251.32,2251.69
1787197680,2251.69,2253.47,2251.69,2253.25
1787197740,2253.12,2253.89,2252.97,2253.88
1787197800,2253.89,2254.52,2251.92,2252.39
1787197860,2252.27,2253.82,2252.15,2253.41
1787197920,2253.42,2253.93,2251.58,2252.07
1787197980,2252.07,2253.94,2252.07,2252.12
1787198040,2251.96,2251.96,2249.89,2251.5
1787198100,2251.5,2251.5,2249.83,2250.49
1787198160,2250.48,2250.81,2249.85,2249.93
1787198220,2249.92,2251.44,2249.85,2250.56
1787198280,2250.4,2251.01,2250.09,2250.49
1787198340,2250.49,2250.49,2248.58,2249.48
1787198400,2249.48,2250.4,2249.11,2249.96
1787198460,2249.96,2250.29,2247.95,2248.42
1787198520,2248.35,2250.18,2247.63,2250.18
1787198580,2250.3,2251.53,2249.46,2249.53
1787198640,2249.7,2251.2,2249.7,2251.18
1787198700,2251.05,2251.05,2249.86,2250.7
1787198760,2250.71,2253.89,2250.71,2253.68
1787198820,2253.68,2256.9,2253.48,2256.3
1787198880,2255.77,2255.77,2253.36,2253.67
1787198940,2253.67,2256.33,2253.66,2256.32
1787199000,2256.19,2256.42,2254.54,2254.99
1787199060,2254.99,2255.08,2254.38,2254.39
1787199120,2254.39,2254.86,2253.17,2254.02
1787199180,2254.02,2254.12,2253.68,2253.69
1787199240,2253.69,2254.31,2253.69,2254.17
1787199300,2254.17,2254.45,2253.27,2253.43
1787199360,2253.42,2253.91,2253.02,2253.91
1787199420,2253.92,2255.65,2252.39,2255.65
1787199480,2255.66,2255.66,2252.93,2253.27
1787199540,2253.34,2255.31,2253.34,2254.72
1787199600,2254.65,2254.97,2253.95,2254.39
1787199660,2254.39,2254.77,2252.56,2252.73
1787199720,2252.64,2253.42,2252.28,2252.92
1787199780,2252.81,2252.88,2251.52,2252.88
1787199840,2252.88,2253.3,2252.59,2253.08
1787199900,2253.08,2254.15,2253.07,2253.6
1787199960,2253.6,2254.69,2253.6,2253.86
1787200020,2253.73,2254.92,2253.41,2254.77
1787200080,2254.85,2255.42,2253.31,2253.31
1787200140,2253.44,2254.45,2253.44,2254.45
1787200200,2254.46,2254.94,2252.65,2253.59
1787200260,2253.59,2253.59,2250.92,2251.32
1787200320,2251.31,2251.37,2249.63,2249.64
1787200380,2249.64,2250.22,2248.7,2250.22
1787200440,2250.21,2250.21,2248.42,2248.42
1787200500,2248.42,2249.67,2248.42,2248.56
1787200560,2248.56,2248.85,2247.7,2248.85
1787200620,2248.95,2250.44,2248.95,2249.7
1787200680,2249.7,2250.38,2249.53,2249.53
1787200740,2249.52,2250.17,2248.32,2248.32
1787200800,2248.3,2248.96,2246.7,2248.96
1787200860,2248.97,2250.97,2248.41,2250.83
1787200920,2250.6,2250.6,2248.76,2248.76
1787200980,2248.76,2250.16,2248.76,2249.1
1787201040,2249.1,2249.25,2248.64,2249.16
1787201100,2249.25,2251.32,2249.19,2251.2
1787201160,2251.19,2251.81,2250.57,2250.77
1787201220,2250.78,2251.9,2250.77,2251.34
1787201280,2251.35,2251.73,2250.3,2250.3
1787201340,2250.24,2251.48,2249.66,2250.83
1787201400,2250.83,2253.41,2250.83,2253.38
1787201460,2253.03,2253.03,2251.18,2251.95
1787201520,2251.8,2253.46,2251.8,2252.13
1787201580,2252.13,2255.8,2251.46,2253.31
1787201640,2253.3,2253.3,2250.24,2251.13
1787201700,2251.17,2251.33,2249.52,2250.4
1787201760,2250.39,2250.48,2250.02,2250.3
1787201820,2250.29,2250.55,2249.74,2249.74
1787201880,2249.75,2250.49,2249.53,2250.49
1787201940,2250.48,2250.48,2248.5,2248.5
1787202000,2248.5,2249.67,2248.21,2248.95
1787202060,2248.95,2250.69,2248.95,2250.17
1787202120,2250.26,2251.15,2250.26,2250.77
1787202180,2250.72,2250.72,2248.85,2248.9
1787202240,2248.89,2250.04,2248.42,2250.04
1787202300,2250.04,2250.95,2249.25,2250.59
1787202360,2250.59,2252.38,2250.59,2251.35
1787202420,2251.35,2252.69,2251.34,2252.35
1787202480,2252.38,2253.17,2251.26,2251.26
1787202540,2251.26,2251.76,2251.26,2251.74
1787202600,2251.74,2251.74,2250.6,2250.6
1787202660,2250.84,2251.37,2250.56,2250.56
1787202720,2250.55,2250.55,2249.5,2249.64
1787202780,2249.58,2249.58,2248.52,2248.73
1787202840,2248.87,2248.87,2247.95,2247.95
1787202900,2247.91,2249.0,2247.87,2248.7
1787202960,2248.71,2251.86,2248.57,2251.44
1787203020,2251.58,2252.08,2250.89,2251.09
1787203080,2251.09,2252.73,2251.09,2252.38
1787203140,2252.17,2253.6,2251.36,2252.26
1787203200,2252.25,2252.37,2251.69,2251.97
1787203260,2251.88,2252.71,2251.88,2252.71
1787203320,2252.89,2255.25,2252.89,2255.25
1787203380,2255.15,2255.17,2253.17,2254.36
1787203440,2254.44,2254.88,2253.16,2254.73
1787203500,2254.58,2254.59,2253.95,2254.32
1787203560,2254.43,2254.91,2253.31,2253.89
1787203620,2253.88,2254.11,2253.41,2253.69
1787203680,2253.69,2253.7,2252.65,2253.14
1787203740,2253.14,2253.95,2250.43,2250.43
1787203800,2250.42,2252.93,2249.62,2250.76
1787203860,2250.75,2251.69,2250.5,2251.32
1787203920,2251.26,2251.26,2250.01,2250.85
1787203980,2250.89,2251.34,2250.89,2251.18
1787204040,2251.06,2252.0,2250.16,2250.98
1787204100,2250.98,2251.67,2250.09,2251.67
1787204160,2251.8,2251.94,2250.75,2251.94
1787204220,2252.0,2252.14,2250.81,2251.15
1787204280,2251.07,2251.07,2249.61,2250.36
1787204340,2250.36,2250.36,2249.0,2249.0
1787204400,2248.98,2250.21,2248.98,2249.86
1787204460,2249.86,2250.01,2249.29,2249.66
1787204520,2249.65,2250.71,2249.65,2250.34
1787204580,2250.2,2250.94,2249.95,2250.57
1787204640,2250.57,2250.88,2250.3,2250.3
1787204700,2250.2,2250.2,2248.13,2248.72
1787204760,2248.71,2248.71,2246.67,2246.67
1787204820,2246.67,2247.27,2244.67,2244.7
1787204880,2244.69,2246.0,2244.01,2245.22
1787204940,2245.21,2245.97,2244.65,2244.65
1787205000,2244.65,2245.75,2244.06,2245.75
1787205060,2245.75,2245.81,2243.75,2243.75
1787205120,2243.75,2244.32,2242.04,2244.32
1787205180,2244.39,2244.67,2243.37,2243.75
1787205240,2243.85,2244.92,2243.84,2244.78
1787205300,2244.78,2245.33,2244.18,2244.68
1787205360,2244.67,2245.02,2242.99,2244.06
1787205420,2244.06,2246.38,2243.66,2246.12
1787205480,2246.01,2247.62,2246.01,2246.92
1787205540,2246.92,2248.1,2246.65,2246.78
1787205600,2246.79,2247.41,2244.91,2245.22
1787205660,2245.22,2245.22,2243.24,2244.0
1787205720,2244.0,2244.51,2243.32,2244.32
1787205780,2244.41,2244.41,2242.79,2242.79
1787205840,2242.8,2242.8,2238.71,2239.06
1787205900,2239.06,2242.84,2238.8,2242.81
1787205960,2242.81,2242.81,2239.9,2239.9
1787206020,2239.74,2240.64,2239.41,2240.01
1787206080,2240.01,2240.64,2239.13,2239.13
1787206140,2239.13,2239.48,2237.35,2237.35
1787206200,2237.35,2238.82,2237.35,2238.61
1787206260,2238.61,2241.72,2238.09,2241.72
1787206320,2241.87,2242.63,2240.43,2241.47
1787206380,2241.47,2242.78,2240.72,2242.42
1787206440,2242.46,2243.69,2241.99,2241.99
1787206500,2241.98,2242.0,2240.69,2241.07
1787206560,2240.93,2242.32,2240.79,2240.79
1787206620,2240.79,2245.31,2240.79,2244.86
1787206680,2244.86,2244.86,2240.99,2241.06
1787206740,2241.14,2245.87,2241.13,2245.49
1787206800,2245.49,2245.79,2243.14,2245.39
1787206860,2245.35,2249.36,2245.28,2248.98
1787206920,2249.09,2251.85,2248.98,2249.24
1787206980,2249.25,2252.09,2249.25,2251.49
1787207040,2251.49,2253.85,2251.48,2253.33
1787207100,2253.47,2254.09,2251.31,2252.73
1787207160,2252.88,2253.57,2252.54,2253.14
1787207220,2253.2,2253.84,2249.27,2249.54
1787207280,2249.7,2250.33,2247.8,2247.8
1787207340,2247.8,2249.97,2247.47,2249.96
1787207400,2249.96,2251.27,2249.52,2250.63
1787207460,2250.79,2251.87,2250.28,2251.77
1787207520,2251.65,2253.54,2251.53,2253.36
1787207580,2253.35,2253.57,2251.16,2252.15
1787207640,2252.13,2252.94,2251.34,2252.1
1787207700,2252.11,2260.01,2251.33,2259.12
1787207760,2259.13,2259.13,2255.82,2258.47
1787207820,2258.46,2260.66,2258.27,2258.27
1787207880,2258.41,2258.41,2256.28,2257.61
1787207940,2257.61,2257.99,2256.5,2257.04
1787208000,2257.04,2258.49,2256.94,2258.49
1787208060,2258.6,2262.1,2258.6,2261.41
1787208120,2261.41,2261.41,2259.03,2260.98
1787208180,2260.99,2261.78,2260.4,2261.62
1787208240,2261.62,2261.93,2260.37,2260.89
1787208300,2260.75,2265.89,2260.46,2265.43
1787208360,2265.43,2265.66,2263.19,2263.51
1787208420,2263.52,2263.52,2260.77,2260.81
1787208480,2260.71,2261.54,2260.32,2261.53
1787208540,2261.54,2262.15,2261.02,2261.54
1787208600,2261.7,2262.78,2260.7,2260.7
1787208660,2260.7,2263.35,2260.04,2262.6
1787208720,2262.56,2263.1,2262.56,2263.1
1787208780,2263.1,2263.61,2262.94,2262.94
1787208840,2262.82,2262.82,2261.88,2261.88
1787208900,2261.87,2261.87,2260.95,2261.54
1787208960,2261.51,2261.96,2260.96,2260.96
1787209020,2260.93,2261.76,2260.39,2261.15
1787209080,2261.15,2261.22,2260.54,2261.21
1787209140,2261.22,2261.63,2260.99,2261.48
1787209200,2261.48,2262.02,2259.61,2259.61
1787209260,2259.62,2259.95,2259.5,2259.54
1787209320,2259.54,2261.14,2259.34,2260.99
1787209380,2260.98,2260.98,2258.27,2260.07
1787209440,2260.08,2260.84,2259.41,2260.04
1787209500,2260.16,2262.28,2259.66,2262.18
1787209560,2262.17,2262.17,2260.41,2260.41
1787209620,2260.26,2260.58,2259.52,2260.18
1787209680,2260.14,2262.16,2260.14,2261.57
1787209740,2261.57,2262.81,2259.41,2261.39
1787209800,2261.38,2262.15,2259.31,2259.32
1787209860,2259.32,2259.32,2255.48,2255.71
1787209920,2255.64,2258.09,2255.64,2256.37
1787209980,2256.36,2256.36,2255.05,2255.05
1787210040,2255.05,2255.58,2254.97,2254.97
1787210100,2254.94,2256.17,2254.94,2256.16
1787210160,2256.17,2256.41,2255.92,2256.3
1787210220,2256.3,2256.31,2251.21,2251.97
1787210280,2251.97,2253.19,2251.92,2252.48
1787210340,2252.47,2252.47,2251.0,2251.0
1787210400,2251.01,2252.52,2250.9,2251.92
1787210460,2251.93,2254.69,2251.93,2254.36
1787210520,2254.35,2254.35,2251.96,2252.09
1787210580,2252.06,2252.42,2250.03,2250.03
1787210640,2250.04,2250.04,2247.68,2249.71
1787210700,2249.77,2251.02,2249.41,2250.65
1787210760,2250.65,2251.06,2249.15,2249.92
1787210820,2249.95,2250.64,2249.78,2250.49
1787210880,2250.64,2252.09,2250.64,2251.8
1787210940,2251.77,2253.24,2251.31,2251.34
1787211000,2251.33,2251.33,2247.54,2248.34
1787211060,2248.37,2248.72,2246.28,2246.61
1787211120,2246.65,2246.85,2244.0,2246.71
1787211180,2246.71,2246.73,2243.1,2244.89
1787211240,2244.9,2248.35,2244.9,2247.96
1787211300,2247.96,2249.09,2246.92,2246.92
1787211360,2246.77,2247.05,2245.57,2245.6
1787211420,2245.59,2245.94,2244.58,2244.59
1787211480,2244.58,2245.87,2244.32,2244.6
1787211540,2244.59,2245.07,2243.8,2243.8
1787211600,2243.63,2244.36,2243.63,2244.02
1787211660,2244.01,2246.13,2244.01,2244.32
1787211720,2244.31,2244.68,2243.69,2244.33
1787211780,2244.33,2244.33,2243.55,2243.98
1787211840,2243.98,2245.31,2243.98,2243.98
1787211900,2243.86,2245.23,2243.01,2245.22
1787211960,2245.22,2245.22,2243.86,2243.86
1787212020,2243.86,2246.6,2243.86,2246.6
1787212080,2246.61,2247.15,2245.76,2245.98
1787212140,2245.97,2248.62,2245.97,2248.03
1787212200,2248.04,2248.19,2246.92,2247.45
1787212260,2247.46,2247.8,2246.19,2246.22
1787212320,2246.23,2249.88,2246.23,2248.56
1787212380,2248.72,2249.58,2248.45,2248.92
1787212440,2248.92,2250.15,2248.92,2249.93
1787212500,2249.92,2250.21,2249.22,2249.38
1787212560,2249.37,2249.37,2247.6,2249.09
1787212620,2249.09,2249.17,2248.46,2249.17
1787212680,2249.18,2250.33,2249.18,2249.71
1787212740,2249.72,2250.38,2249.29,2250.38
1787212800,2250.45,2251.16,2249.1,2249.53
1787212860,2249.53,2251.24,2249.47,2251.03
1787212920,2251.04,2252.37,2250.62,2251.71
1787212980,2251.71,2251.78,2248.2,2248.2
1787213040,2248.18,2249.7,2247.6,2249.58
1787213100,2249.72,2250.79,2249.28,2250.79
1787213160,2250.79,2252.87,2250.79,2251.51
1787213220,2251.83,2261.09,2251.83,2260.87
1787213280,2260.66,2260.66,2256.27,2258.51
1787213340,2258.52,2266.46,2258.39,2264.27
1787213400,2263.93,2275.0,2261.82,2273.92
1787213460,2273.08,2274.0,2268.59,2272.32
1787213520,2272.33,2277.21,2270.19,2273.89
1787213580,2273.88,2282.79,2273.55,2280.59
1787213640,2280.92,2285.86,2278.33,2282.5
1787213700,2282.42,2282.42,2272.88,2273.4
1787213760,2273.63,2275.3,2268.86,2269.41
1787213820,2269.27,2282.85,2268.87,2282.06
1787213880,2281.63,2282.39,2276.41,2278.92
1787213940,2278.92,2279.99,2276.35,2276.74
1787214000,2276.81,2276.88,2271.32,2272.48
1787214060,2272.55,2273.91,2270.63,2272.42
1787214120,2272.73,2275.08,2272.16,2273.92
1787214180,2273.76,2273.88,2271.72,2272.4
1787214240,2272.55,2274.25,2271.66,2273.7
1787214300,2273.54,2274.54,2272.49,2273.11
1787214360,2273.1,2274.29,2271.51,2274.29
1787214420,2274.35,2278.65,2273.52,2278.65
1787214480,2278.66,2279.56,2276.58,2277.96
1787214540,2277.95,2278.53,2276.79,2276.79
1787214600,2276.79,2276.96,2274.2,2274.2
1787214660,2274.19,2274.19,2271.08,2272.45
1787214720,2272.08,2275.17,2272.08,2275.0
1787214780,2274.93,2274.93,2269.78,2270.06
1787214840,2270.0,2271.07,2269.05,2269.17
1787214900,2269.16,2269.16,2264.4,2265.34
1787214960,2265.48,2269.29,2265.07,2269.07
1787215020,2269.21,2271.02,2268.66,2270.86
1787215080,2270.85,2274.36,2270.56,2273.74
1787215140,2273.75,2274.93,2271.08,2271.46
1787215200,2271.55,2274.73,2270.78,2271.48
1787215260,2271.45,2271.59,2269.76,2270.83
1787215320,2270.71,2271.87,2269.71,2271.22
1787215380,2271.22,2273.01,2271.22,2272.95
1787215440,2272.8,2274.12,2272.13,2273.98
1787215500,2273.98,2274.52,2272.18,2273.53
1787215560,2273.69,2275.63,2273.33,2275.12
1787215620,2275.26,2278.47,2275.11,2277.0
1787215680,2276.9,2276.96,2275.12,2275.86
1787215740,2275.72,2276.43,2273.7,2274.77
1787215800,2274.61,2276.16,2272.8,2275.14
1787215860,2274.92,2275.84,2273.87,2275.32
1787215920,2275.19,2277.14,2275.19,2276.46
1787215980,2276.49,2278.67,2276.44,2278.67
1787216040,2278.67,2279.28,2278.11,2279.18
1787216100,2279.18,2282.58,2279.18,2279.73
1787216160,2279.73,2280.69,2278.55,2280.54
1787216220,2280.38,2283.99,2280.08,2283.99
1787216280,2283.99,2284.47,2279.3,2280.96
1787216340,2280.96,2281.38,2279.2,2280.52
1787216400,2280.6,2281.84,2279.42,2279.74
1787216460,2279.74,2282.61,2278.32,2280.96
1787216520,2280.87,2280.87,2277.0,2277.85
1787216580,2277.85,2278.95,2275.79,2277.65
1787216640,2277.5,2278.69,2276.79,2277.66
1787216700,2277.51,2279.66,2276.87,2279.36
1787216760,2279.36,2292.39,2279.06,2290.76
1787216820,2290.43,2290.43,2283.97,2284.26
1787216880,2284.25,2284.69,2281.84,2281.84
1787216940,2281.84,2288.72,2281.05,2287.57
1787217000,2287.69,2293.68,2287.04,2291.1
1787217060,2291.09,2292.39,2284.68,2286.9
1787217120,2287.04,2290.46,2285.4,2290.46
1787217180,2290.32,2293.06,2289.84,2292.35
1787217240,2292.37,2295.52,2290.86,2292.85
1787217300,2293.14,2293.93,2287.11,2287.51
1787217360,2287.35,2288.43,2285.61,2286.09
1787217420,2286.2,2290.2,2285.92,2289.35
1787217480,2289.34,2291.68,2288.82,2290.2
1787217540,2290.28,2293.27,2288.54,2288.81
1787217600,2288.9,2290.17,2287.21,2289.19
1787217660,2289.29,2292.98,2288.76,2292.66
1787217720,2292.58,2293.62,2289.98,2291.93
1787217780,2291.93,2293.49,2289.61,2290.06
1787217840,2289.9,2296.52,2289.72,2296.51
1787217900,2296.52,2296.52,2290.98,2291.09
1787217960,2291.09,2292.75,2290.43,2291.46
1787218020,2291.3,2292.06,2290.78,2291.21
1787218080,2291.21,2291.21,2286.13,2286.3
1787218140,2286.3,2286.31,2282.73,2282.73
1787218200,2282.73,2282.73,2276.64,2280.82
1787218260,2280.83,2284.2,2280.53,2282.1
1787218320,2282.15,2286.23,2281.62,2285.51
1787218380,2285.38,2288.42,2285.38,2285.8
1787218440,2285.94,2285.94,2284.29,2284.8
1787218500,2284.78,2289.7,2283.85,2288.5
1787218560,2288.61,2291.3,2288.61,2288.97
1787218620,2288.97,2290.96,2288.09,2289.95
1787218680,2289.84,2289.84,2287.92,2288.22
1787218740,2288.14,2288.14,2284.85,2285.39
1787218800,2285.39,2287.45,2284.26,2287.28
1787218860,2287.28,2288.22,2286.38,2287.87
1787218920,2287.71,2290.31,2287.64,2290.3
1787218980,2290.3,2292.57,2286.68,2286.88
1787219040,2286.72,2288.82,2286.58,2287.42
1787219100,2287.35,2288.22,2286.2,2288.22
1787219160,2288.27,2288.65,2286.47,2287.26
1787219220,2287.26,2287.94,2286.14,2286.32
1787219280,2286.29,2286.95,2284.29,2284.43
1787219340,2284.42,2284.72,2283.04,2283.1
1787219400,2283.13,2283.13,2281.18,2281.24
1787219460,2281.34,2282.27,2279.57,2279.79
1787219520,2279.78,2279.78,2274.36,2275.82
1787219580,2275.64,2278.9,2275.64,2277.16
1787219640,2277.27,2277.27,2275.64,2275.83
1787219700,2275.82,2275.98,2275.07,2275.17
1787219760,2275.16,2276.88,2273.67,2273.88
1787219820,2273.92,2276.17,2273.92,2275.58
1787219880,2275.59,2278.42,2275.59,2278.19
1787219940,2278.18,2278.19,2276.28,2277.17
1787220000,2277.17,2277.73,2275.04,2275.51
1787220060,2275.38,2278.25,2273.95,2278.25
1787220120,2278.25,2280.93,2278.06,2278.9
1787220180,2278.9,2279.63,2277.67,2279.63
1787220240,2279.64,2280.95,2278.33,2278.36
1787220300,2278.36,2280.42,2277.28,2280.09
1787220360,2280.09,2282.99,2279.19,2282.49
1787220420,2282.49,2283.81,2280.42,2283.11
1787220480,2283.0,2283.37,2281.56,2282.14
1787220540,2282.14,2282.87,2281.84,2282.47
1787220600,2282.47,2283.56,2280.77,2283.23
1787220660,2283.06,2284.54,2282.95,2283.74
1787220720,2283.83,2286.54,2283.44,2285.91
1787220780,2286.32,2286.79,2284.82,2286.55
1787220840,2286.54,2288.37,2285.81,2286.78
1787220900,2286.77,2293.82,2286.28,2290.66
1787220960,2290.65,2290.65,2285.39,2286.76
1787221020,2286.78,2288.56,2284.73,2288.56
1787221080,2288.56,2292.41,2288.56,2289.65
1787221140,2289.65,2290.53,2287.89,2289.72
1787221200,2289.62,2291.51,2287.74,2287.74
1787221260,2287.74,2288.05,2285.81,2286.55
1787221320,2286.55,2287.08,2282.08,2283.98
1787221380,2284.14,2287.28,2283.82,2286.92
1787221440,2286.82,2287.19,2285.1,2285.1
1787221500,2285.06,2285.06,2283.22,2284.0
1787221560,2283.85,2287.05,2283.79,2286.46
1787221620,2286.41,2286.41,2283.78,2284.14
1787221680,2283.99,2283.99,2280.96,2283.23
1787221740,2283.36,2284.55,2283.22,2284.48
1787221800,2284.49,2285.01,2280.75,2280.75
1787221860,2280.75,2283.75,2280.75,2283.75
1787221920,2283.75,2284.23,2282.06,2282.06
1787221980,2282.06,2283.22,2281.25,2282.52
1787222040,2282.68,2284.71,2282.68,2283.5
1787222100,2283.5,2283.5,2281.32,2281.48
1787222160,2281.54,2285.68,2281.54,2285.61
1787222220,2285.61,2286.42,2284.56,2286.22
1787222280,2286.22,2286.22,2284.6,2284.7
1787222340,2284.69,2284.69,2282.39,2282.61
1787222400,2282.6,2283.34,2282.15,2282.4
1787222460,2282.41,2282.97,2280.85,2280.99
1787222520,2280.99,2281.75,2280.08,2280.08
1787222580,2280.0,2281.16,2279.4,2280.98
1787222640,2280.98,2280.99,2279.17,2280.02
1787222700,2280.03,2282.3,2280.03,2280.6
1787222760,2280.6,2282.03,2279.16,2279.66
1787222820,2279.8,2282.29,2279.8,2281.04
1787222880,2281.04,2281.3,2280.05,2281.3
1787222940,2281.3,2281.3,2279.51,2279.51
1787223000,2279.51,2280.9,2279.24,2280.28
1787223060,2280.29,2280.52,2279.48,2279.83
1787223120,2279.83,2281.29,2279.82,2280.53
1787223180,2280.53,2280.77,2279.73,2279.74
1787223240,2279.85,2280.89,2279.85,2280.3
1787223300,2280.23,2280.23,2279.31,2279.56
1787223360,2279.57,2279.57,2278.7,2279.36
1787223420,2279.35,2280.57,2279.35,2280.57
1787223480,2280.58,2281.25,2279.76,2281.24
1787223540,2281.25,2285.64,2280.99,2285.44
1787223600,2285.44,2285.44,2280.48,2281.49
1787223660,2281.49,2290.49,2281.49,2290.35
1787223720,2290.25,2291.12,2289.05,2290.28
1787223780,2290.13,2291.21,2289.33,2290.49
1787223840,2290.42,2294.42,2289.68,2291.64
1787223900,2291.64,2294.15,2288.29,2293.44
1787223960,2293.45,2293.87,2291.48,2292.25
1787224020,2292.24,2292.24,2287.34,2287.34
1787224080,2287.13,2289.43,2286.52,2289.15
1787224140,2288.99,2290.5,2287.83,2287.83
1787224200,2287.81,2288.23,2285.0,2285.36
1787224260,2285.37,2287.07,2285.22,2286.96
1787224320,2286.79,2286.79,2285.69,2286.53
1787224380,2286.56,2287.09,2286.25,2286.45
1787224440,2286.24,2287.26,2284.74,2287.23
1787224500,2287.16,2287.16,2284.13,2284.13
1787224560,2284.12,2287.39,2283.52,2287.36
1787224620,2287.36,2289.38,2287.16,2287.17
1787224680,2287.17,2290.15,2287.17,2290.01
1787224740,2289.98,2290.72,2289.17,2289.87
1787224800,2289.87,2290.56,2288.45,2290.56
1787224860,2290.55,2290.85,2288.61,2290.39
1787224920,2290.38,2294.5,2289.9,2293.31
1787224980,2293.31,2293.49,2291.34,2291.5
1787225040,2291.5,2292.01,2291.06,2291.79
1787225100,2291.63,2291.63,2290.15,2290.94
1787225160,2290.93,2295.06,2290.93,2293.66
1787225220,2293.66,2294.07,2292.41,2293.28
1787225280,2293.13,2294.65,2292.91,2294.0
1787225340,2293.99,2294.93,2292.58,2293.8
1787225400,2293.73,2294.42,2292.32,2293.06
1787225460,2292.9,2311.58,2292.9,2309.76
1787225520,2310.27,2313.0,2305.05,2309.11
1787225580,2309.1,2314.94,2307.2,2308.38
1787225640,2308.38,2309.25,2302.12,2302.95
1787225700,2302.95,2307.79,2302.46,2306.16
1787225760,2305.95,2308.13,2304.13,2305.66
1787225820,2305.65,2306.42,2304.13,2305.99
1787225880,2306.01,2308.85,2306.01,2306.96
1787225940,2306.96,2311.1,2306.48,2310.06
1787226000,2310.22,2311.54,2308.75,2309.91
1787226060,2309.91,2311.08,2308.31,2308.48
1787226120,2308.49,2313.81,2308.49,2312.07
1787226180,2312.08,2312.08,2307.83,2307.84
1787226240,2307.84,2308.39,2305.15,2305.61
1787226300,2305.61,2309.64,2305.19,2308.76
1787226360,2308.79,2309.18,2306.04,2308.71
1787226420,2308.72,2311.94,2307.98,2311.94
1787226480,2311.94,2314.37,2309.93,2313.83
1787226540,2313.98,2317.72,2310.46,2315.59
1787226600,2315.43,2317.81,2314.59,2315.92
1787226660,2315.84,2315.84,2306.62,2309.84
1787226720,2309.84,2310.06,2307.36,2307.36
1787226780,2307.23,2307.78,2303.53,2303.69
1787226840,2303.69,2305.31,2302.79,2302.79
1787226900,2302.8,2303.29,2293.47,2295.9
1787226960,2295.89,2298.99,2293.41,2293.78
1787227020,2293.78,2296.44,2292.27,2292.6
1787227080,2292.59,2295.91,2292.43,2294.56
1787227140,2294.44,2295.36,2293.46,2294.68
1787227200,2294.89,2298.55,2294.18,2294.34
1787227260,2294.33,2297.61,2291.08,2297.15
1787227320,2296.98,2299.22,2295.14,2295.94
1787227380,2295.9,2298.25,2292.34,2292.34
1787227440,2292.35,2294.18,2287.27,2288.28
1787227500,2287.96,2289.79,2282.39,2284.48
1787227560,2284.67,2285.72,2273.6,2277.62
1787227620,2277.62,2278.08,2269.77,2271.35
1787227680,2271.16,2276.44,2271.16,2272.91
1787227740,2272.9,2273.92,2267.24,2273.58
1787227800,2273.58,2278.72,2272.61,2278.43
1787227860,2278.43,2278.43,2274.8,2274.81
1787227920,2275.2,2278.06,2275.02,2275.17
1787227980,2275.17,2277.82,2275.16,2275.39
1787228040,2275.49,2276.49,2272.81,2272.81
1787228100,2272.81,2276.72,2271.71,2272.55
1787228160,2272.54,2276.37,2272.54,2274.13
1787228220,2274.25,2275.56,2271.5,2271.71
1787228280,2271.85,2274.01,2271.33,2273.56
1787228340,2273.68,2275.0,2272.6,2273.4
1787228400,2273.53,2276.27,2273.53,2274.96
1787228460,2275.1,2277.42,2273.75,2275.01
1787228520,2275.0,2276.52,2272.83,2276.52
1787228580,2276.51,2278.1,2274.69,2277.22
1787228640,2277.14,2279.16,2277.14,2279.16
1787228700,2279.18,2280.51,2277.41,2279.56
1787228760,2279.56,2280.64,2277.38,2277.85
1787228820,2277.9,2278.18,2275.84,2278.18
1787228880,2278.18,2278.35,2276.31,2276.73
1787228940,2276.89,2277.82,2275.46,2277.33
1787229000,2277.33,2281.03,2274.75,2281.03
1787229060,2281.08,2283.32,2279.29,2279.63
1787229120,2279.64,2281.55,2278.84,2280.48
1787229180,2280.48,2281.07,2275.46,2276.01
1787229240,2276.01,2277.33,2275.19,2277.33
1787229300,2277.33,2277.33,2272.63,2274.54
1787229360,2274.55,2276.88,2273.01,2276.32
1787229420,2276.47,2277.29,2275.0,2277.28
1787229480,2277.13,2277.13,2274.88,2276.41
1787229540,2276.47,2280.19,2276.03,2279.99
1787229600,2279.64,2281.55,2279.17,2280.22
1787229660,2280.33,2281.75,2279.07,2281.4
1787229720,2281.43,2282.16,2279.75,2280.05
1787229780,2280.06,2283.32,2279.49,2282.75
1787229840,2282.75,2282.75,2278.59,2279.25
1787229900,2279.54,2280.97,2277.84,2278.99
1787229960,2278.84,2279.19,2272.82,2272.91
1787230020,2273.19,2275.33,2271.07,2271.23
1787230080,2271.23,2273.7,2266.35,2273.7
1787230140,2273.76,2274.26,2272.09,2274.26
1787230200,2274.35,2279.81,2274.35,2279.65
1787230260,2279.81,2280.75,2278.08,2279.11
1787230320,2279.11,2283.83,2279.11,2282.61
1787230380,2282.55,2287.11,2282.55,2286.98
1787230440,2286.98,2287.89,2285.7,2287.14
1787230500,2287.13,2290.39,2285.86,2289.37
1787230560,2289.37,2292.03,2289.26,2290.31
1787230620,2290.29,2290.59,2288.12,2288.29
1787230680,2288.17,2288.17,2286.51,2287.54
1787230740,2287.45,2288.72,2286.35,2288.72
1787230800,2288.73,2289.56,2285.1,2285.1
1787230860,2285.09,2286.94,2285.09,2286.21
1787230920,2286.2,2288.73,2286.2,2287.39
1787230980,2287.39,2288.74,2285.84,2288.25
1787231040,2288.3,2293.3,2288.3,2289.28
1787231100,2289.42,2292.88,2289.37,2292.74
1787231160,2292.54,2296.68,2292.18,2295.05
1787231220,2295.21,2296.23,2293.73,2293.76
1787231280,2294.29,2295.69,2293.61,2294.09
1787231340,2294.44,2295.54,2290.99,2290.99
1787231400,2290.99,2291.81,2287.8,2288.73
1787231460,2288.88,2289.25,2287.52,2289.19
1787231520,2289.3,2291.59,2289.3,2291.44
1787231580,2291.45,2292.57,2290.59,2292.18
1787231640,2292.03,2293.58,2291.45,2292.83
1787231700,2292.82,2293.64,2291.97,2293.39
1787231760,2293.33,2293.82,2292.23,2293.22
1787231820,2293.21,2293.4,2291.94,2292.36
1787231880,2292.36,2293.18,2291.31,2293.17
1787231940,2293.02,2293.02,2288.66,2290.85
1787232000,2290.84,2294.15,2290.27,2292.33
1787232060,2292.18,2293.86,2291.07,2292.06
1787232120,2291.95,2292.27,2290.87,2291.78
1787232180,2291.77,2292.0,2288.67,2291.38
1787232240,2291.6,2294.16,2291.6,2292.72
1787232300,2292.7,2292.7,2286.49,2288.27
1787232360,2288.3,2289.66,2285.96,2287.07
1787232420,2286.94,2289.65,2286.64,2288.53
1787232480,2288.53,2290.42,2286.47,2286.47
1787232540,2286.47,2288.5,2285.86,2286.65
1787232600,2286.66,2287.12,2271.25,2273.76
1787232660,2273.75,2276.98,2269.44,2269.97
1787232720,2269.63,2276.31,2268.36,2272.77
1787232780,2272.77,2274.57,2271.07,2272.8
1787232840,2273.0,2275.58,2269.36,2270.25
1787232900,2270.06,2275.17,2269.41,2274.36
1787232960,2274.42,2275.84,2253.92,2257.14
1787233020,2257.11,2261.26,2256.37,2258.66
1787233080,2258.26,2265.76,2258.26,2263.54
1787233140,2263.55,2267.2,2263.55,2266.67
1787233200,2266.53,2266.53,2260.91,2264.89
1787233260,2264.85,2270.69,2264.11,2270.18
1787233320,2270.31,2272.82,2267.92,2272.37
1787233380,2272.47,2275.08,2270.92,2272.94
1787233440,2273.61,2273.83,2272.01,2273.47
1787233500,2273.47,2275.35,2271.6,2271.74
1787233560,2272.0,2274.35,2271.07,2273.22
1787233620,2273.21,2273.21,2267.8,2269.72
1787233680,2269.42,2269.73,2265.79,2266.44
1787233740,2266.3,2272.57,2264.46,2272.29
1787233800,2272.25,2274.16,2271.73,2273.25
1787233860,2272.95,2279.92,2269.31,2277.32
1787233920,2277.0,2280.56,2274.87,2279.35
1787233980,2279.35,2280.12,2275.76,2275.76
1787234040,2275.91,2276.43,2274.16,2275.16
1787234100,2275.16,2277.07,2274.89,2275.6
1787234160,2275.69,2276.71,2272.61,2274.35
1787234220,2274.34,2275.39,2273.33,2274.28
1787234280,2274.28,2275.14,2273.05,2273.67
1787234340,2273.67,2275.08,2272.87,2275.08
1787234400,2275.23,2276.49,2274.32,2275.21
1787234460,2275.34,2277.87,2274.03,2276.22
1787234520,2276.32,2281.0,2276.31,2276.84
1787234580,2276.84,2279.19,2276.84,2278.43
1787234640,2278.43,2281.1,2278.18,2278.98
1787234700,2278.98,2282.17,2277.92,2281.98
1787234760,2281.76,2285.39,2281.26,2281.92
1787234820,2281.92,2285.34,2281.72,2284.41
1787234880,2284.4,2284.75,2281.24,2283.11
1787234940,2283.11,2284.21,2281.68,2282.66
1787235000,2282.66,2285.91,2282.03,2283.08
1787235060,2283.08,2284.26,2282.82,2283.46
1787235120,2283.46,2287.02,2283.46,2286.28
1787235180,2286.31,2287.55,2282.29,2282.33
1787235240,2282.34,2283.82,2279.2,2279.36
1787235300,2279.59,2280.14,2276.36,2277.34
1787235360,2277.41,2280.95,2276.62,2276.62
1787235420,2276.63,2277.07,2274.25,2275.68
1787235480,2275.82,2278.04,2274.64,2276.79
1787235540,2276.79,2278.75,2275.24,2275.24
1787235600,2275.24,2279.19,2272.63,2278.9
1787235660,2278.78,2279.2,2276.79,2277.82
1787235720,2277.82,2278.91,2275.91,2278.05
1787235780,2278.05,2279.2,2275.25,2279.13
1787235840,2279.28,2280.48,2278.55,2279.48
1787235900,2279.79,2279.94,2276.78,2276.78
1787235960,2276.62,2277.86,2276.62,2277.33
1787236020,2277.3,2278.3,2274.12,2274.34
1787236080,2274.2,2274.28,2271.26,2271.74
1787236140,2271.59,2273.47,2269.82,2272.84
1787236200,2272.84,2274.95,2272.03,2274.03
1787236260,2274.17,2277.02,2274.17,2276.71
1787236320,2276.72,2278.41,2276.17,2278.09
1787236380,2278.1,2279.85,2277.75,2278.64
1787236440,2278.65,2281.1,2276.53,2277.19
1787236500,2277.07,2280.52,2276.54,2278.96
1787236560,2279.0,2283.82,2279.0,2283.44
1787236620,2283.6,2284.85,2279.64,2279.64
1787236680,2279.64,2279.64,2276.6,2278.76
1787236740,2278.78,2279.79,2277.73,2279.19
1787236800,2279.2,2279.33,2275.34,2277.24
1787236860,2277.24,2279.51,2275.76,2277.63
1787236920,2277.83,2278.03,2272.93,2274.16
1787236980,2274.16,2276.27,2271.22,2275.58
1787237040,2276.25,2276.62,2273.61,2275.05
1787237100,2275.05,2275.47,2271.55,2273.36
1787237160,2273.36,2273.5,2271.05,2273.38
1787237220,2273.38,2273.39,2269.75,2270.08
1787237280,2270.08,2272.38,2270.08,2271.87
1787237340,2271.88,2272.82,2269.96,2272.54
1787237400,2272.54,2278.22,2272.31,2277.52
1787237460,2277.53,2278.95,2276.12,2276.47
1787237520,2276.32,2278.02,2275.77,2277.97
1787237580,2277.94,2278.75,2276.41,2278.13
1787237640,2278.14,2278.51,2276.85,2277.33
1787237700,2277.34,2279.34,2276.78,2278.14
1787237760,2278.06,2278.06,2275.76,2276.46
1787237820,2276.34,2277.48,2275.39,2276.27
1787237880,2276.34,2276.36,2273.41,2275.55
1787237940,2275.68,2279.78,2275.57,2279.78
1787238000,2279.79,2284.19,2279.79,2283.6
1787238060,2283.52,2289.11,2283.52,2287.12
1787238120,2287.16,2292.07,2287.16,2289.51
1787238180,2289.51,2300.98,2289.11,2299.68
1787238240,2299.67,2305.58,2296.08,2297.16
1787238300,2297.15,2301.21,2291.69,2291.69
1787238360,2291.75,2293.22,2288.72,2291.53
1787238420,2292.11,2294.59,2290.46,2291.16
1787238480,2291.23,2291.43,2286.3,2288.11
1787238540,2288.22,2291.01,2287.29,2290.23
1787238600,2290.28,2292.64,2289.34,2291.32
1787238660,2291.19,2293.28,2289.12,2292.84
1787238720,2292.69,2295.26,2291.74,2293.52
1787238780,2293.52,2297.28,2293.52,2297.28
1787238840,2297.31,2298.24,2295.66,2296.3
1787238900,2296.29,2296.86,2295.06,2295.91
1787238960,2295.92,2297.34,2294.78,2295.91
1787239020,2295.92,2296.95,2293.51,2294.82
1787239080,2294.82,2297.4,2290.87,2297.25
1787239140,2297.39,2300.31,2296.54,2299.41
1787239200,2299.34,2311.11,2298.41,2307.28
1787239260,2307.13,2307.7,2302.35,2303.77
1787239320,2303.68,2303.68,2299.05,2299.74
1787239380,2299.84,2299.84,2293.64,2293.64
1787239440,2293.5,2298.18,2293.23,2296.79
1787239500,2296.78,2298.55,2296.05,2298.01
1787239560,2298.05,2301.58,2298.05,2301.58
1787239620,2301.59,2306.12,2301.59,2305.59
1787239680,2305.46,2306.25,2303.88,2304.52
1787239740,2304.61,2312.79,2304.5,2311.84
1787239800,2311.98,2314.77,2308.96,2314.76
1787239860,2314.83,2321.84,2311.72,2319.03
1787239920,2318.72,2320.99,2312.86,2315.04
1787239980,2315.04,2315.04,2306.0,2306.43
1787240040,2306.2,2309.83,2304.81,2309.41
1787240100,2309.32,2309.68,2302.03,2304.16
1787240160,2304.16,2304.35,2284.63,2299.12
1787240220,2299.07,2302.75,2297.87,2300.6
1787240280,2300.59,2301.81,2296.59,2296.83
1787240340,2296.83,2300.1,2296.76,2299.91
1787240400,2299.92,2302.69,2299.92,2301.46
1787240460,2301.46,2302.48,2300.1,2301.57
1787240520,2301.57,2303.93,2301.48,2302.63
1787240580,2302.54,2304.02,2301.77,2302.83
1787240640,2302.9,2305.59,2301.86,2302.04
1787240700,2302.0,2303.9,2301.65,2303.33
1787240760,2303.24,2306.13,2301.45,2304.94
1787240820,2304.78,2314.0,2303.44,2313.84
1787240880,2313.84,2315.99,2311.96,2312.77
1787240940,2312.76,2318.0,2312.76,2317.03
1787241000,2316.87,2322.79,2315.95,2319.13
1787241060,2319.04,2331.75,2318.0,2328.25
1787241120,2328.25,2332.73,2325.87,2329.21
1787241180,2329.22,2332.4,2326.75,2331.7
1787241240,2331.61,2336.95,2329.1,2330.94
1787241300,2330.93,2332.43,2326.5,2329.04
1787241360,2328.92,2331.82,2325.75,2325.75
1787241420,2325.74,2328.64,2325.32,2327.38
1787241480,2327.35,2328.11,2325.07,2326.21
1787241540,2326.2,2326.48,2322.86,2324.96
1787241600,2324.82,2326.36,2318.74,2320.23
1787241660,2320.23,2321.45,2318.58,2319.69
1787241720,2319.56,2324.22,2319.16,2324.19
1787241780,2324.3,2325.84,2320.16,2320.16
1787241840,2320.16,2322.37,2316.59,2317.29
1787241900,2317.29,2323.62,2317.29,2323.62
1787241960,2323.62,2328.37,2323.62,2327.39
1787242020,2327.38,2328.91,2324.65,2328.37
1787242080,2328.52,2330.46,2325.04,2326.04
1787242140,2325.89,2328.16,2325.18,2326.89
1787242200,2327.15,2327.47,2323.35,2325.49
1787242260,2325.49,2325.93,2321.94,2323.76
1787242320,2323.76,2323.76,2317.79,2318.87
1787242380,2318.87,2321.65,2318.82,2320.98
1787242440,2320.98,2320.98,2317.48,2318.88
1787242500,2318.88,2321.7,2318.37,2321.12
1787242560,2321.12,2322.23,2319.19,2319.36
1787242620,2319.53,2319.87,2313.13,2317.69
1787242680,2317.54,2321.76,2316.71,2321.36
1787242740,2321.22,2322.98,2320.12,2320.76
1787242800,2320.76,2320.76,2317.41,2320.19
1787242860,2320.09,2321.66,2319.85,2321.66
1787242920,2321.74,2322.52,2319.06,2319.06
1787242980,2319.03,2319.62,2317.09,2317.09
1787243040,2317.09,2319.01,2317.09,2318.32
1787243100,2318.21,2320.96,2317.49,2320.12
1787243160,2319.96,2320.96,2318.38,2320.75
1787243220,2320.74,2324.68,2320.51,2322.38
1787243280,2322.37,2324.53,2321.28,2324.52
1787243340,2324.52,2326.22,2324.52,2325.39
1787243400,2325.23,2325.23,2319.61,2320.31
1787243460,2320.3,2321.63,2319.25,2320.09
1787243520,2320.1,2323.23,2320.1,2323.06
1787243580,2323.06,2326.91,2322.77,2325.83
1787243640,2325.83,2329.06,2325.28,2326.89
1787243700,2326.89,2327.17,2324.8,2324.8
1787243760,2324.8,2325.9,2323.65,2325.5
1787243820,2325.44,2330.4,2325.08,2328.31
1787243880,2328.05,2329.46,2326.95,2328.75
1787243940,2328.49,2330.5,2327.14,2328.59
1787244000,2328.6,2333.91,2328.6,2332.42
1787244060,2332.57,2346.94,2332.25,2338.29
1787244120,2338.29,2350.0,2337.03,2348.03
1787244180,2348.02,2358.71,2344.17,2355.59
1787244240,2355.58,2356.09,2344.95,2348.03
1787244300,2347.75,2347.75,2341.51,2342.14
1787244360,2342.18,2348.3,2342.08,2346.53
1787244420,2346.57,2347.57,2343.34,2345.66
1787244480,2345.65,2347.26,2342.62,2344.49
1787244540,2344.49,2344.49,2339.88,2341.68
1787244600,2341.8,2345.16,2340.29,2344.54
1787244660,2344.49,2344.54,2339.83,2340.33
1787244720,2340.33,2341.62,2338.19,2340.65
1787244780,2340.65,2340.95,2339.04,2339.05
1787244840,2339.04,2341.17,2338.33,2339.99
1787244900,2339.99,2342.21,2335.86,2342.21
1787244960,2342.33,2344.29,2341.7,2343.08
1787245020,2343.08,2344.93,2342.48,2342.8
1787245080,2342.64,2344.1,2340.87,2343.04
1787245140,2342.89,2346.0,2341.77,2343.52
1787245200,2343.51,2343.85,2338.72,2339.48
1787245260,2339.6,2344.08,2339.22,2340.36
1787245320,2340.22,2342.65,2340.19,2340.59
1787245380,2340.59,2342.6,2340.38,2341.53
1787245440,2341.53,2342.86,2338.4,2338.4
1787245500,2338.4,2340.47,2336.19,2338.12
1787245560,2338.12,2338.9,2335.38,2336.55
1787245620,2336.78,2340.64,2334.72,2340.16
1787245680,2340.15,2340.47,2338.49,2338.78
1787245740,2338.78,2341.03,2336.42,2338.49
1787245800,2338.48,2339.18,2331.75,2334.04
1787245860,2334.04,2336.91,2333.55,2336.57
1787245920,2336.57,2338.63,2335.65,2338.51
1787245980,2338.38,2338.38,2336.58,2336.9
1787246040,2336.77,2337.34,2335.09,2336.78
1787246100,2336.78,2337.87,2335.46,2336.55
1787246160,2336.56,2338.37,2334.81,2338.04
1787246220,2338.36,2341.82,2337.6,2341.74
1787246280,2341.75,2342.32,2338.66,2338.83
1787246340,2338.76,2339.47,2336.18,2337.5
1787246400,2337.34,2337.37,2334.49,2335.52
1787246460,2335.52,2339.48,2335.15,2339.48
1787246520,2339.51,2342.77,2339.51,2340.75
1787246580,2340.75,2340.75,2338.6,2338.6
1787246640,2338.5,2341.77,2338.5,2340.9
1787246700,2341.12,2343.47,2340.85,2342.37
1787246760,2342.22,2345.67,2340.8,2343.43
1787246820,2343.42,2344.02,2340.58,2340.69
1787246880,2340.69,2343.82,2340.69,2343.82
1787246940,2343.82,2345.01,2343.23,2343.69
1787247000,2343.69,2345.57,2342.83,2344.39
1787247060,2344.58,2347.44,2344.53,2346.53
1787247120,2346.54,2346.54,2343.86,2344.68
1787247180,2344.68,2346.48,2344.35,2345.83
1787247240,2345.72,2347.18,2342.95,2342.95
1787247300,2342.84,2343.78,2340.48,2340.48
1787247360,2340.48,2340.79,2338.62,2340.36
1787247420,2340.36,2341.45,2339.04,2339.87
1787247480,2339.87,2343.03,2339.23,2343.03
1787247540,2343.09,2347.14,2342.49,2345.85
1787247600,2345.7,2346.95,2345.04,2346.05
1787247660,2346.05,2346.05,2343.44,2344.17
1787247720,2344.17,2346.14,2342.3,2342.3
1787247780,2342.72,2344.64,2341.39,2343.67
1787247840,2343.99,2344.28,2343.14,2343.66
1787247900,2343.86,2345.63,2341.68,2342.96
1787247960,2342.95,2345.2,2342.33,2342.7
1787248020,2342.7,2343.99,2342.7,2343.22
1787248080,2343.35,2344.32,2342.63,2343.54
1787248140,2343.55,2346.06,2343.54,2345.35
1787248200,2345.34,2346.51,2344.6,2346.05
1787248260,2346.05,2348.0,2345.75,2346.96
1787248320,2346.85,2350.64,2346.17,2348.5
1787248380,2348.44,2348.44,2342.11,2344.92
1787248440,2344.93,2346.74,2344.93,2345.5
1787248500,2345.5,2345.73,2342.88,2344.81
1787248560,2344.8,2344.8,2342.57,2344.73
1787248620,2344.59,2346.52,2344.4,2346.52
1787248680,2346.54,2348.93,2346.54,2348.93
1787248740,2348.93,2348.93,2343.18,2343.47
1787248800,2343.48,2347.39,2343.28,2346.08
1787248860,2345.97,2346.18,2341.47,2342.16
1787248920,2342.16,2342.94,2332.42,2332.74
1787248980,2332.98,2337.71,2332.61,2333.97
1787249040,2333.98,2334.85,2332.66,2334.85
1787249100,2334.75,2335.56,2328.1,2329.37
1787249160,2329.36,2331.58,2327.39,2329.37
1787249220,2329.76,2334.69,2329.76,2332.58
1787249280,2332.55,2332.96,2327.61,2327.9
1787249340,2327.77,2329.93,2326.32,2327.75
1787249400,2327.87,2328.69,2326.39,2327.34
1787249460,2327.34,2328.03,2326.19,2326.81
1787249520,2326.8,2327.08,2325.68,2326.0
1787249580,2325.87,2328.4,2324.74,2327.32
1787249640,2327.41,2330.89,2326.73,2330.5
1787249700,2330.3,2330.57,2328.7,2329.58
1787249760,2329.8,2329.8,2318.02,2322.26
1787249820,2322.03,2326.05,2322.03,2324.36
1787249880,2324.63,2328.14,2324.63,2326.96
1787249940,2326.96,2328.25,2326.73,2327.85
1787250000,2328.07,2331.81,2328.07,2330.43
1787250060,2330.43,2333.0,2330.43,2332.72
1787250120,2332.81,2333.66,2332.07,2332.41
1787250180,2332.41,2334.01,2332.0,2332.29
1787250240,2332.12,2332.64,2331.63,2331.63
1787250300,2331.8,2332.36,2329.44,2330.51
1787250360,2330.41,2330.82,2328.04,2328.04
1787250420,2327.84,2328.1,2325.04,2325.58
1787250480,2325.42,2328.05,2324.61,2327.22
1787250540,2327.23,2327.44,2325.48,2325.48
1787250600,2325.48,2326.2,2324.37,2324.64
1787250660,2324.48,2324.48,2319.72,2322.54
1787250720,2322.5,2322.63,2320.35,2320.35
1787250780,2320.35,2320.75,2315.55,2316.01
1787250840,2316.01,2317.25,2309.7,2311.68
1787250900,2311.91,2313.95,2311.44,2311.95
1787250960,2311.95,2314.32,2311.31,2313.76
1787251020,2313.76,2316.94,2313.76,2316.94
1787251080,2316.99,2317.79,2315.27,2315.87
1787251140,2315.87,2316.08,2311.76,2311.89
1787251200,2311.86,2312.86,2310.83,2311.92
1787251260,2311.75,2312.41,2309.89,2310.98
1787251320,2310.98,2312.86,2310.05,2312.85
1787251380,2312.85,2315.4,2312.26,2315.4
1787251440,2315.5,2317.03,2314.69,2315.94
1787251500,2315.98,2316.38,2313.52,2314.98
1787251560,2315.03,2316.16,2313.53,2313.73
1787251620,2313.89,2316.88,2313.73,2316.88
1787251680,2316.89,2318.57,2316.16,2317.27
1787251740,2317.43,2318.97,2317.26,2318.37
1787251800,2318.36,2318.79,2316.6,2317.86
1787251860,2317.86,2319.6,2317.86,2319.38
1787251920,2319.38,2322.76,2319.38,2321.92
1787251980,2321.93,2322.43,2319.69,2319.69
1787252040,2319.69,2320.04,2317.5,2320.01
1787252100,2319.86,2320.14,2318.22,2319.19
1787252160,2319.19,2320.34,2319.15,2319.95
1787252220,2319.95,2320.8,2319.26,2319.37
1787252280,2319.37,2319.37,2317.77,2318.82
1787252340,2318.82,2318.82,2315.12,2315.92
1787252400,2315.72,2317.47,2314.15,2314.16
1787252460,2314.16,2317.26,2311.45,2312.9
1787252520,2313.08,2316.35,2312.74,2315.51
1787252580,2315.5,2315.5,2313.3,2314.8
1787252640,2314.65,2317.46,2312.65,2316.98
1787252700,2316.73,2317.98,2314.41,2317.98
1787252760,2318.05,2320.12,2317.27,2320.12
1787252820,2320.1,2322.97,2318.44,2318.94
1787252880,2318.58,2318.98,2316.6,2316.61
1787252940,2316.61,2320.32,2316.61,2320.09
1787253000,2320.09,2321.88,2319.79,2321.88
1787253060,2322.1,2322.91,2320.82,2322.49
1787253120,2322.49,2322.94,2319.9,2320.0
1787253180,2320.0,2320.56,2317.89,2320.5
1787253240,2320.5,2322.32,2320.19,2320.88
1787253300,2320.87,2323.39,2320.62,2322.76
1787253360,2322.76,2326.11,2322.73,2325.32
1787253420,2325.32,2326.72,2324.28,2324.28
1787253480,2324.28,2326.09,2323.64,2324.12
1787253540,2324.09,2325.32,2323.45,2325.29
1787253600,2325.02,2325.86,2324.24,2324.24
1787253660,2324.24,2325.85,2323.59,2325.85
1787253720,2325.99,2327.79,2325.78,2327.73
1787253780,2327.73,2328.78,2327.55,2328.77
1787253840,2328.78,2329.53,2327.83,2328.86
1787253900,2328.86,2329.84,2328.42,2329.84
1787253960,2329.84,2329.84,2327.45,2328.55
1787254020,2328.54,2328.54,2324.8,2325.39
1787254080,2325.39,2328.07,2325.0,2327.94
1787254140,2327.98,2328.58,2327.62,2327.63
1787254200,2327.62,2328.06,2326.39,2326.45
1787254260,2326.35,2328.09,2325.99,2327.92
1787254320,2327.93,2327.99,2325.98,2326.3
1787254380,2326.43,2327.02,2325.94,2327.0
1787254440,2327.0,2327.0,2323.89,2324.86
1787254500,2324.87,2326.41,2322.56,2326.06
1787254560,2326.06,2328.1,2326.06,2326.99
1787254620,2326.94,2329.36,2325.9,2329.36
1787254680,2329.35,2329.55,2328.56,2329.35
1787254740,2329.35,2330.33,2328.96,2329.3
1787254800,2329.29,2330.45,2328.52,2329.69
1787254860,2329.69,2332.12,2329.69,2330.44
1787254920,2330.45,2331.98,2329.72,2331.98
1787254980,2331.84,2332.01,2330.31,2330.9
1787255040,2330.96,2331.57,2327.49,2329.16
1787255100,2329.43,2331.4,2328.98,2331.18
1787255160,2331.17,2331.17,2326.02,2326.08
1787255220,2326.08,2327.36,2325.48,2327.08
1787255280,2327.16,2327.32,2323.64,2324.82
1787255340,2324.75,2326.54,2323.89,2325.86
1787255400,2325.79,2326.4,2324.53,2326.38
1787255460,2326.0,2326.0,2324.38,2325.68
1787255520,2325.69,2328.48,2325.69,2327.78
1787255580,2327.6,2328.35,2327.16,2327.42
1787255640,2327.42,2327.42,2325.56,2326.4
1787255700,2326.54,2326.54,2324.82,2325.38
1787255760,2325.38,2326.55,2324.73,2325.55
1787255820,2325.55,2325.55,2323.64,2323.64
1787255880,2323.65,2326.45,2323.65,2325.42
1787255940,2325.43,2325.85,2319.74,2323.19
1787256000,2323.2,2325.17,2323.2,2324.07
1787256060,2324.22,2324.94,2322.83,2324.57
1787256120,2324.56,2324.56,2321.69,2322.6
1787256180,2322.61,2323.34,2322.61,2322.71
1787256240,2322.72,2325.33,2322.72,2324.77
1787256300,2324.76,2325.84,2324.76,2325.37
1787256360,2325.36,2325.66,2324.6,2324.6
1787256420,2324.61,2324.81,2323.43,2323.84
1787256480,2323.84,2323.84,2321.34,2322.31
1787256540,2322.32,2323.67,2322.08,2323.67
1787256600,2323.67,2326.98,2323.67,2325.78
1787256660,2325.89,2325.89,2322.53,2322.97
1787256720,2323.07,2323.07,2320.43,2320.7
1787256780,2320.53,2321.2,2319.47,2319.62
1787256840,2319.62,2320.44,2319.46,2320.12
1787256900,2320.12,2320.72,2318.78,2318.9
1787256960,2318.78,2319.83,2318.77,2319.16
1787257020,2319.17,2319.17,2317.32,2317.92
1787257080,2317.92,2320.91,2317.92,2320.91
1787257140,2320.96,2322.9,2320.93,2321.88
1787257200,2321.85,2321.85,2319.87,2320.92
1787257260,2320.92,2320.92,2318.79,2320.78
1787257320,2320.86,2321.64,2320.51,2321.29
1787257380,2321.23,2323.64,2321.23,2323.49
1787257440,2323.5,2325.59,2322.69,2325.59
1787257500,2325.59,2326.62,2325.12,2326.61
1787257560,2326.62,2329.4,2326.61,2328.92
1787257620,2328.93,2329.22,2326.45,2326.45
1787257680,2326.39,2327.69,2325.63,2327.69
1787257740,2327.69,2327.69,2326.04,2326.77
1787257800,2326.76,2327.81,2326.45,2327.69
1787257860,2327.7,2330.85,2327.55,2330.85
1787257920,2330.85,2331.16,2328.67,2329.4
1787257980,2329.28,2330.1,2328.68,2328.7
1787258040,2328.58,2328.58,2326.86,2327.04
1787258100,2327.0,2328.11,2326.71,2327.67
1787258160,2327.67,2328.08,2327.09,2327.09
1787258220,2327.06,2329.97,2326.59,2326.86
1787258280,2326.81,2326.97,2322.14,2322.6
1787258340,2322.32,2322.85,2320.51,2320.53
1787258400,2320.45,2321.48,2318.39,2320.22
1787258460,2320.22,2320.93,2319.14,2320.34
1787258520,2320.22,2320.22,2317.35,2318.77
1787258580,2318.77,2321.07,2318.66,2319.22
1787258640,2319.31,2320.26,2319.24,2319.9
1787258700,2320.02,2320.23,2318.8,2318.8
1787258760,2318.79,2319.92,2318.46,2318.54
1787258820,2318.48,2319.9,2318.12,2319.14
1787258880,2319.14,2319.8,2317.87,2317.87
1787258940,2317.86,2319.73,2317.86,2319.18
1787259000,2319.1,2319.55,2314.84,2315.93
1787259060,2315.93,2317.95,2314.85,2314.9
1787259120,2314.9,2315.53,2313.31,2313.75
1787259180,2313.75,2315.51,2313.26,2314.57
1787259240,2314.58,2315.05,2313.75,2315.04
1787259300,2315.05,2316.82,2315.05,2316.6
1787259360,2316.61,2317.92,2316.46,2317.31
1787259420,2317.31,2318.56,2316.6,2318.55
1787259480,2318.56,2319.08,2318.46,2318.88
1787259540,2318.88,2319.06,2317.49,2318.18
1787259600,2318.11,2318.12,2316.7,2316.7
1787259660,2316.61,2318.3,2316.61,2316.78
1787259720,2316.78,2317.8,2316.51,2317.8
1787259780,2317.8,2318.42,2316.16,2316.17
1787259840,2316.16,2316.42,2315.82,2316.41
1787259900,2316.41,2316.97,2315.36,2315.37
1787259960,2315.38,2315.44,2312.79,2314.04
1787260020,2314.04,2315.58,2313.33,2315.58
1787260080,2315.57,2316.36,2313.46,2314.49
1787260140,2314.44,2317.03,2314.44,2317.01
1787260200,2317.0,2319.64,2317.0,2319.64
1787260260,2319.63,2319.71,2318.49,2319.71
1787260320,2319.71,2320.32,2319.34,2320.2
1787260380,2320.33,2322.13,2319.94,2321.79
1787260440,2321.84,2322.49,2321.2,2321.26
1787260500,2321.26,2325.14,2321.26,2325.0
1787260560,2324.85,2324.85,2322.56,2323.09
1787260620,2323.19,2323.6,2322.01,2322.01
1787260680,2322.01,2322.54,2320.79,2322.22
1787260740,2322.22,2322.22,2319.16,2319.16
1787260800,2319.08,2319.77,2318.94,2319.77
1787260860,2319.77,2319.77,2317.8,2318.62
1787260920,2318.61,2319.18,2317.31,2317.31
1787260980,2317.26,2317.26,2315.59,2315.59
1787261040,2315.55,2317.02,2315.55,2316.31
1787261100,2316.3,2317.22,2315.51,2317.22
1787261160,2317.23,2318.23,2317.06,2317.06
1787261220,2317.16,2317.16,2315.85,2316.6
1787261280,2316.59,2316.59,2314.01,2314.57
1787261340,2314.56,2314.68,2313.8,2314.49
1787261400,2314.57,2317.24,2313.71,2317.08
1787261460,2317.08,2318.73,2317.08,2318.29
1787261520,2318.28,2319.99,2317.84,2319.9
1787261580,2319.91,2321.21,2319.89,2320.53
1787261640,2320.66,2321.22,2320.46,2320.79
1787261700,2320.93,2321.63,2319.79,2320.56
1787261760,2320.65,2322.31,2320.65,2321.82
1787261820,2321.81,2321.81,2320.62,2320.62
1787261880,2320.63,2320.63,2318.92,2318.92
1787261940,2318.92,2319.42,2317.21,2317.84
1787262000,2317.72,2319.91,2317.15,2319.9
1787262060,2319.91,2320.36,2319.91,2320.36
1787262120,2320.37,2320.37,2319.28,2319.69
1787262180,2319.68,2319.68,2317.56,2318.28
1787262240,2318.34,2320.28,2317.82,2319.0
1787262300,2319.0,2319.91,2319.0,2319.71
1787262360,2319.65,2320.05,2319.09,2320.05
1787262420,2320.05,2320.23,2319.28,2319.53
1787262480,2319.46,2319.46,2319.36,2319.37
1787262540,2319.36,2319.81,2318.56,2318.56
1787262600,2318.46,2319.02,2318.46,2319.02
1787262660,2319.08,2319.88,2319.08,2319.88
1787262720,2319.9,2320.39,2319.88,2319.88
1787262780,2319.88,2319.89,2318.37,2319.89
1787262840,2319.88,2319.88,2318.11,2318.11
1787262900,2318.08,2318.08,2316.02,2318.01
1787262960,2318.02,2319.02,2317.48,2317.48
1787263020,2317.42,2317.83,2315.72,2317.26
1787263080,2317.26,2317.38,2316.21,2317.03
1787263140,2317.02,2318.34,2316.87,2318.33
1787263200,2318.34,2319.09,2317.79,2319.09
1787263260,2318.97,2318.97,2316.67,2316.76
1787263320,2316.76,2317.03,2312.26,2314.66
1787263380,2314.97,2314.97,2307.36,2308.31
1787263440,2308.43,2313.24,2308.43,2309.41
1787263500,2309.83,2317.92,2309.83,2317.92
1787263560,2317.91,2317.91,2314.92,2315.5
1787263620,2315.68,2316.86,2314.18,2316.48
1787263680,2316.59,2317.17,2313.21,2313.21
1787263740,2313.21,2314.43,2313.21,2313.92
1787263800,2313.92,2315.72,2313.6,2315.61
1787263860,2315.61,2315.61,2313.08,2313.92
1787263920,2313.92,2313.92,2312.37,2313.9
1787263980,2313.95,2314.68,2311.54,2311.73
1787264040,2311.88,2312.86,2311.48,2311.48
1787264100,2311.33,2311.89,2310.31,2310.31
1787264160,2310.53,2311.37,2310.06,2311.37
1787264220,2311.49,2312.12,2311.21,2312.12
1787264280,2312.12,2312.44,2309.41,2310.03
1787264340,2309.95,2310.08,2307.79,2308.5
1787264400,2308.49,2311.76,2308.25,2311.76
1787264460,2311.81,2312.43,2311.53,2311.82
1787264520,2311.91,2312.45,2310.95,2312.45
1787264580,2312.44,2314.62,2312.32,2314.62
1787264640,2314.68,2315.99,2314.38,2315.41
1787264700,2315.4,2316.77,2314.93,2314.93
1787264760,2314.93,2317.52,2314.67,2317.18
1787264820,2317.18,2317.18,2314.04,2315.27
1787264880,2315.27,2315.27,2313.37,2313.57
1787264940,2313.58,2314.62,2313.58,2314.53
1787265000,2314.65,2315.24,2314.17,2314.62
1787265060,2314.62,2314.63,2310.22,2310.39
1787265120,2310.4,2313.24,2310.05,2313.24
1787265180,2313.25,2313.96,2313.1,2313.84
1787265240,2313.83,2313.83,2312.63,2313.37
1787265300,2313.38,2314.99,2313.38,2314.99
1787265360,2314.99,2314.99,2312.83,2313.06
1787265420,2313.05,2314.52,2312.61,2313.74
1787265480,2313.78,2315.5,2312.93,2314.73
1787265540,2314.65,2315.41,2313.92,2313.92
1787265600,2313.88,2313.88,2312.03,2313.75
1787265660,2313.89,2314.39,2313.72,2314.27
1787265720,2314.11,2314.11,2313.14,2313.23
1787265780,2313.22,2313.22,2312.11,2312.61
1787265840,2312.62,2312.78,2311.66,2311.67
1787265900,2311.67,2313.14,2311.35,2312.48
1787265960,2312.48,2312.48,2311.64,2311.92
1787266020,2311.87,2313.26,2311.87,2312.84
1787266080,2312.75,2313.24,2312.37,2312.82
1787266140,2312.83,2314.11,2312.83,2313.63
1787266200,2313.64,2314.47,2312.87,2312.91
1787266260,2312.99,2315.76,2312.99,2315.63
1787266320,2315.63,2317.76,2314.73,2317.76
1787266380,2317.76,2318.44,2317.74,2318.03
1787266440,2318.04,2318.04,2316.41,2317.65
1787266500,2317.66,2317.69,2316.6,2316.6
1787266560,2316.51,2316.6,2314.17,2314.93
1787266620,2315.03,2315.03,2312.88,2314.08
1787266680,2313.67,2314.31,2313.67,2314.02
1787266740,2314.02,2314.19,2313.13,2313.96
1787266800,2313.96,2314.55,2313.85,2313.86
1787266860,2313.83,2315.16,2312.73,2315.16
1787266920,2315.17,2315.83,2314.43,2315.12
1787266980,2314.97,2315.41,2314.2,2315.26
1787267040,2315.26,2315.63,2314.33,2314.9
1787267100,2314.9,2316.28,2314.9,2316.27
1787267160,2316.28,2316.97,2316.17,2316.71
1787267220,2316.8,2317.37,2316.8,2316.99
1787267280,2317.14,2319.09,2317.14,2318.4
1787267340,2318.63,2318.66,2317.43,2317.43
1787267400,2317.31,2319.15,2317.31,2318.86
1787267460,2318.74,2319.38,2318.58,2319.03
1787267520,2319.04,2320.17,2318.79,2319.94
1787267580,2319.94,2320.56,2319.44,2320.56
1787267640,2320.63,2322.31,2320.63,2322.31
1787267700,2322.31,2322.79,2321.45,2322.79
1787267760,2322.78,2322.99,2321.51,2322.96
1787267820,2322.7,2322.7,2321.21,2321.79
1787267880,2321.66,2325.24,2321.66,2324.54
1787267940,2324.38,2326.85,2323.95,2326.38
1787268000,2326.42,2327.22,2325.46,2325.93
1787268060,2325.92,2326.78,2325.59,2326.69
1787268120,2326.7,2329.75,2326.52,2328.07
1787268180,2328.07,2329.79,2328.07,2328.99
1787268240,2328.99,2329.94,2328.99,2329.13
1787268300,2329.13,2334.99,2329.13,2334.74
1787268360,2334.45,2339.88,2330.47,2330.47
1787268420,2330.49,2333.51,2329.61,2333.51
1787268480,2333.52,2334.06,2331.48,2333.47
1787268540,2333.48,2334.0,2330.88,2331.14
1787268600,2331.14,2334.34,2330.35,2334.2
1787268660,2334.03,2334.03,2332.56,2333.05
1787268720,2333.06,2333.38,2331.58,2332.74
1787268780,2332.87,2332.87,2331.32,2331.73
1787268840,2331.58,2331.58,2328.48,2328.86
1787268900,2328.7,2330.45,2328.55,2329.61
1787268960,2329.61,2329.65,2327.82,2327.82
1787269020,2327.79,2328.73,2326.23,2328.42
1787269080,2328.41,2328.41,2325.55,2325.55
1787269140,2325.64,2326.28,2325.33,2325.76
1787269200,2325.76,2326.06,2325.42,2325.53
1787269260,2325.53,2325.67,2324.98,2325.11
1787269320,2325.11,2325.12,2324.34,2324.99
1787269380,2324.94,2325.55,2324.79,2325.09
1787269440,2324.98,2327.59,2324.98,2325.4
1787269500,2325.4,2326.19,2324.41,2326.01
1787269560,2325.86,2329.18,2325.86,2328.73
1787269620,2328.73,2328.74,2327.43,2328.18
1787269680,2328.21,2328.38,2325.73,2327.3
1787269740,2327.31,2327.76,2326.29,2327.03
1787269800,2327.01,2327.01,2325.7,2326.39
1787269860,2326.39,2326.39,2324.29,2325.67
1787269920,2325.67,2325.67,2324.55,2325.21
1787269980,2325.26,2326.88,2322.95,2326.23
1787270040,2326.21,2328.69,2325.41,2328.42
1787270100,2328.18,2328.18,2325.73,2325.75
1787270160,2325.84,2326.48,2324.77,2325.52
1787270220,2325.58,2326.77,2325.1,2325.78
1787270280,2325.78,2326.99,2325.61,2326.99
1787270340,2326.99,2328.52,2325.28,2326.35
1787270400,2326.57,2328.64,2326.34,2326.34
1787270460,2326.35,2328.6,2325.51,2328.6
1787270520,2328.6,2329.12,2325.35,2327.38
