block,timestamp
21500000,1735377287
21500001,1735377299
21500002,1735377311
21500003,1735377323
21500004,1735377335
21500005,1735377347
21500006,1735377359
21500007,1735377371
21500008,1735377383
21500009,1735377395
21500010,1735377407
21500011,1735377419
21500012,1735377431
21500013,1735377443
21500014,1735377455
21500015,1735377467
21500016,1735377479
21500017,1735377491
21500018,1735377504
21500019,1735377516
21500020,1735377528
21500021,1735377540
21500022,1735377552
21500023,1735377564
21500024,1735377576
21500025,1735377588
21500026,1735377600
21500027,1735377612
21500028,1735377624
21500029,1735377636
21500030,1735377648
21500031,1735377660
21500032,1735377672
21500033,1735377684
21500034,1735377696
21500035,1735377709
21500036,1735377721
21500037,1735377733
21500038,1735377745
21500039,1735377757
21500040,1735377769
21500041,1735377781
21500042,1735377793
21500043,1735377805
21500044,1735377817
21500045,1735377829
21500046,1735377841
21500047,1735377853
21500048,1735377865
21500049,1735377877
21500050,1735377889
21500051,1735377901
21500052,1735377914
21500053,1735377926
21500054,1735377938
21500055,1735377950
21500056,1735377962
21500057,1735377974
21500058,1735377986
21500059,1735377998
21500060,1735378010
21500061,1735378022
21500062,1735378034
21500063,1735378046
21500064,1735378058
21500065,1735378070
21500066,1735378082
21500067,1735378094
21500068,1735378106
21500069,1735378119
21500070,1735378131
21500071,1735378143
21500072,1735378155
21500073,1735378167
21500074,1735378179
21500075,1735378191
21500076,1735378203
21500077,1735378215
21500078,1735378227
21500079,1735378239
21500080,1735378251
21500081,1735378263
21500082,1735378275
21500083,1735378287
21500084,1735378299
21500085,1735378311
21500086,1735378324
21500087,1735378336
21500088,1735378348
21500089,1735378360
21500090,1735378372
21500091,1735378384
21500092,1735378396
21500093,1735378408
21500094,1735378420
21500095,1735378432
21500096,1735378444
21500097,1735378456
21500098,1735378468
21500099,1735378480
21500100,1735378492
21500101,1735378504
21500102,1735378516
21500103,1735378529
21500104,1735378541
21500105,1735378553
21500106,1735378565
21500107,1735378577
21500108,1735378589
21500109,1735378601
21500110,1735378613
21500111,1735378625
21500112,1735378637
21500113,1735378649
21500114,1735378661
21500115,1735378673
21500116,1735378685
21500117,1735378697
21500118,1735378709
21500119,1735378721
21500120,1735378734
21500121,1735378746
21500122,1735378758
21500123,1735378770
21500124,1735378782
21500125,1735378794
21500126,1735378806
21500127,1735378818
21500128,1735378830
21500129,1735378842
21500130,1735378854
21500131,1735378866
21500132,1735378878
21500133,1735378890
21500134,1735378902
21500135,1735378914
21500136,1735378926
21500137,1735378938
21500138,1735378951
21500139,1735378963
21500140,1735378975
21500141,1735378987
21500142,1735378999
21500143,1735379011
21500144,1735379023
21500145,1735379035
21500146,1735379047
21500147,1735379059
21500148,1735379071
21500149,1735379083
21500150,1735379095
21500151,1735379107
21500152,1735379119
21500153,1735379131
21500154,1735379143
21500155,1735379156
21500156,1735379168
21500157,1735379180
21500158,1735379192
21500159,1735379204
21500160,1735379216
21500161,1735379228
21500162,1735379240
21500163,1735379252
21500164,1735379264
21500165,1735379276
21500166,1735379288
21500167,1735379300
21500168,1735379312
21500169,1735379324
21500170,1735379336
21500171,1735379348
21500172,1735379361
21500173,1735379373
21500174,1735379385
21500175,1735379397
21500176,1735379409
21500177,1735379421
21500178,1735379433
21500179,1735379445
21500180,1735379457
21500181,1735379469
21500182,1735379481
21500183,1735379493
21500184,1735379505
21500185,1735379517
21500186,1735379529
21500187,1735379541
21500188,1735379553
21500189,1735379566
21500190,1735379578
21500191,1735379590
21500192,1735379602
21500193,1735379614
21500194,1735379626
21500195,1735379638
21500196,1735379650
21500197,1735379662
21500198,1735379674
21500199,1735379686
21500200,1735379698
21500201,1735379710
21500202,1735379722
21500203,1735379734
21500204,1735379746
21500205,1735379758
21500206,1735379771
21500207,1735379783
21500208,1735379795
21500209,1735379807
21500210,1735379819
21500211,1735379831
21500212,1735379843
21500213,1735379855
21500214,1735379867
21500215,1735379879
21500216,1735379891
21500217,1735379903
21500218,1735379915
21500219,1735379927
21500220,1735379939
21500221,1735379951
21500222,1735379963
21500223,1735379976
21500224,1735379988
21500225,1735380000
21500226,1735380012
21500227,1735380024
21500228,1735380036
21500229,1735380048
21500230,1735380060
21500231,1735380072
21500232,1735380084
21500233,1735380096
21500234,1735380108
21500235,1735380120
21500236,1735380132
21500237,1735380144
21500238,1735380156
21500239,1735380168
21500240,1735380181
21500241,1735380193
21500242,1735380205
21500243,1735380217
21500244,1735380229
21500245,1735380241
21500246,1735380253
21500247,1735380265
21500248,1735380277
21500249,1735380289
21500250,1735380301
21500251,1735380313
21500252,1735380325
21500253,1735380337
21500254,1735380349
21500255,1735380361
21500256,1735380373
21500257,1735380385
21500258,1735380398
21500259,1735380410
21500260,1735380422
21500261,1735380434
21500262,1735380446
21500263,1735380458
21500264,1735380470
21500265,1735380482
21500266,1735380494
21500267,1735380506
21500268,1735380518
21500269,1735380530
21500270,1735380542
21500271,1735380554
21500272,1735380566
21500273,1735380578
21500274,1735380590
21500275,1735380603
21500276,1735380615
21500277,1735380627
21500278,1735380639
21500279,1735380651
21500280,1735380663
21500281,1735380675
21500282,1735380687
21500283,1735380699
21500284,1735380711
21500285,1735380723
21500286,1735380735
21500287,1735380747
21500288,1735380759
21500289,1735380771
21500290,1735380783
21500291,1735380795
21500292,1735380808
21500293,1735380820
21500294,1735380832
21500295,1735380844
21500296,1735380856
21500297,1735380868
21500298,1735380880
21500299,1735380892
21500300,1735380904
21500301,1735380916
21500302,1735380928
21500303,1735380940
21500304,1735380952
21500305,1735380964
21500306,1735380976
21500307,1735380988
21500308,1735381000
21500309,1735381013
21500310,1735381025
21500311,1735381037
21500312,1735381049
21500313,1735381061
21500314,1735381073
21500315,1735381085
21500316,1735381097
21500317,1735381109
21500318,1735381121
21500319,1735381133
21500320,1735381145
21500321,1735381157
21500322,1735381169
21500323,1735381181
21500324,1735381193
21500325,1735381205
21500326,1735381218
21500327,1735381230
21500328,1735381242
21500329,1735381254
21500330,1735381266
21500331,1735381278
21500332,1735381290
21500333,1735381302
21500334,1735381314
21500335,1735381326
21500336,1735381338
21500337,1735381350
21500338,1735381362
21500339,1735381374
21500340,1735381386
21500341,1735381398
21500342,1735381410
21500343,1735381423
21500344,1735381435
21500345,1735381447
21500346,1735381459
21500347,1735381471
21500348,1735381483
21500349,1735381495
21500350,1735381507
21500351,1735381519
21500352,1735381531
21500353,1735381543
21500354,1735381555
21500355,1735381567
21500356,1735381579
21500357,1735381591
21500358,1735381603
21500359,1735381615
21500360,1735381628
21500361,1735381640
21500362,1735381652
21500363,1735381664
21500364,1735381676
21500365,1735381688
21500366,1735381700
21500367,1735381712
21500368,1735381724
21500369,1735381736
21500370,1735381748
21500371,1735381760
21500372,1735381772
21500373,1735381784
21500374,1735381796
21500375,1735381808
21500376,1735381820
21500377,1735381832
21500378,1735381845
21500379,1735381857
21500380,1735381869
21500381,1735381881
21500382,1735381893
21500383,1735381905
21500384,1735381917
21500385,1735381929
21500386,1735381941
21500387,1735381953
21500388,1735381965
21500389,1735381977
21500390,1735381989
21500391,1735382001
21500392,1735382013
21500393,1735382025
21500394,1735382037
21500395,1735382050
21500396,1735382062
21500397,1735382074
21500398,1735382086
21500399,1735382098
21500400,1735382110
21500401,1735382122
21500402,1735382134
21500403,1735382146
21500404,1735382158
21500405,1735382170
21500406,1735382182
21500407,1735382194
21500408,1735382206
21500409,1735382218
21500410,1735382230
21500411,1735382242
21500412,1735382255
21500413,1735382267
21500414,1735382279
21500415,1735382291
21500416,1735382303
21500417,1735382315
21500418,1735382327
21500419,1735382339
21500420,1735382351
21500421,1735382363
21500422,1735382375
21500423,1735382387
21500424,1735382399
21500425,1735382411
21500426,1735382423
21500427,1735382435
21500428,1735382447
21500429,1735382460
21500430,1735382472
21500431,1735382484
21500432,1735382496
21500433,1735382508
21500434,1735382520
21500435,1735382532
21500436,1735382544
21500437,1735382556
21500438,1735382568
21500439,1735382580
21500440,1735382592
21500441,1735382604
21500442,1735382616
21500443,1735382628
21500444,1735382640
21500445,1735382652
21500446,1735382665
21500447,1735382677
21500448,1735382689
21500449,1735382701
21500450,1735382713
21500451,1735382725
21500452,1735382737
21500453,1735382749
21500454,1735382761
21500455,1735382773
21500456,1735382785
21500457,1735382797
21500458,1735382809
21500459,1735382821
21500460,1735382833
21500461,1735382845
21500462,1735382857
21500463,1735382870
21500464,1735382882
21500465,1735382894
21500466,1735382906
21500467,1735382918
21500468,1735382930
21500469,1735382942
21500470,1735382954
21500471,1735382966
21500472,1735382978
21500473,1735382990
21500474,1735383002
21500475,1735383014
21500476,1735383026
21500477,1735383038
21500478,1735383050
21500479,1735383062
21500480,1735383075
21500481,1735383087
21500482,1735383099
21500483,1735383111
21500484,1735383123
21500485,1735383135
21500486,1735383147
21500487,1735383159
21500488,1735383171
21500489,1735383183
21500490,1735383195
21500491,1735383207
21500492,1735383219
21500493,1735383231
21500494,1735383243
21500495,1735383255
21500496,1735383267
21500497,1735383279
21500498,1735383292
21500499,1735383304
21500500,1735383316
21500501,1735383328
21500502,1735383340
21500503,1735383352
21500504,1735383364
21500505,1735383376
21500506,1735383388
21500507,1735383400
21500508,1735383412
21500509,1735383424
21500510,1735383436
21500511,1735383448
21500512,1735383460
21500513,1735383472
21500514,1735383484
21500515,1735383497
21500516,1735383509
21500517,1735383521
21500518,1735383533
21500519,1735383545
21500520,1735383557
21500521,1735383569
21500522,1735383581
21500523,1735383593
21500524,1735383605
21500525,1735383617
21500526,1735383629
21500527,1735383641
21500528,1735383653
21500529,1735383665
21500530,1735383677
21500531,1735383689
21500532,1735383702
21500533,1735383714
21500534,1735383726
21500535,1735383738
21500536,1735383750
21500537,1735383762
21500538,1735383774
21500539,1735383786
21500540,1735383798
21500541,1735383810
21500542,1735383822
21500543,1735383834
21500544,1735383846
21500545,1735383858
21500546,1735383870
21500547,1735383882
21500548,1735383894
21500549,1735383907
21500550,1735383919
21500551,1735383931
21500552,1735383943
21500553,1735383955
21500554,1735383967
21500555,1735383979
21500556,1735383991
21500557,1735384003
21500558,1735384015
21500559,1735384027
21500560,1735384039
21500561,1735384051
21500562,1735384063
21500563,1735384075
21500564,1735384087
21500565,1735384099
21500566,1735384112
21500567,1735384124
21500568,1735384136
21500569,1735384148
21500570,1735384160
21500571,1735384172
21500572,1735384184
21500573,1735384196
21500574,1735384208
21500575,1735384220
21500576,1735384232
21500577,1735384244
21500578,1735384256
21500579,1735384268
21500580,1735384280
21500581,1735384292
21500582,1735384304
21500583,1735384317
21500584,1735384329
21500585,1735384341
21500586,1735384353
21500587,1735384365
21500588,1735384377
21500589,1735384389
21500590,1735384401
21500591,1735384413
21500592,1735384425
21500593,1735384437
21500594,1735384449
21500595,1735384461
21500596,1735384473
21500597,1735384485
21500598,1735384497
21500599,1735384509
21500600,1735384522
21500601,1735384534
21500602,1735384546
21500603,1735384558
21500604,1735384570
21500605,1735384582
21500606,1735384594
21500607,1735384606
21500608,1735384618
21500609,1735384630
21500610,1735384642
21500611,1735384654
21500612,1735384666
21500613,1735384678
21500614,1735384690
21500615,1735384702
21500616,1735384714
21500617,1735384726
21500618,1735384739
21500619,1735384751
21500620,1735384763
21500621,1735384775
21500622,1735384787
21500623,1735384799
21500624,1735384811
21500625,1735384823
21500626,1735384835
21500627,1735384847
21500628,1735384859
21500629,1735384871
21500630,1735384883
21500631,1735384895
21500632,1735384907
21500633,1735384919
21500634,1735384931
21500635,1735384944
21500636,1735384956
21500637,1735384968
21500638,1735384980
21500639,1735384992
21500640,1735385004
21500641,1735385016
21500642,1735385028
21500643,1735385040
21500644,1735385052
21500645,1735385064
21500646,1735385076
21500647,1735385088
21500648,1735385100
21500649,1735385112
21500650,1735385124
21500651,1735385136
21500652,1735385149
21500653,1735385161
21500654,1735385173
21500655,1735385185
21500656,1735385197
21500657,1735385209
21500658,1735385221
21500659,1735385233
21500660,1735385245
21500661,1735385257
21500662,1735385269
21500663,1735385281
21500664,1735385293
21500665,1735385305
21500666,1735385317
21500667,1735385329
21500668,1735385341
21500669,1735385354
21500670,1735385366
21500671,1735385378
21500672,1735385390
21500673,1735385402
21500674,1735385414
21500675,1735385426
21500676,1735385438
21500677,1735385450
21500678,1735385462
21500679,1735385474
21500680,1735385486
21500681,1735385498
21500682,1735385510
21500683,1735385522
21500684,1735385534
21500685,1735385546
21500686,1735385559
21500687,1735385571
21500688,1735385583
21500689,1735385595
21500690,1735385607
21500691,1735385619
21500692,1735385631
21500693,1735385643
21500694,1735385655
21500695,1735385667
21500696,1735385679
21500697,1735385691
21500698,1735385703
21500699,1735385715
21500700,1735385727
21500701,1735385739
21500702,1735385751
21500703,1735385764
21500704,1735385776
21500705,1735385788
21500706,1735385800
21500707,1735385812
21500708,1735385824
21500709,1735385836
21500710,1735385848
21500711,1735385860
21500712,1735385872
21500713,1735385884
21500714,1735385896
21500715,1735385908
21500716,1735385920
21500717,1735385932
21500718,1735385944
21500719,1735385956
21500720,1735385969
21500721,1735385981
21500722,1735385993
21500723,1735386005
21500724,1735386017
21500725,1735386029
21500726,1735386041
21500727,1735386053
21500728,1735386065
21500729,1735386077
21500730,1735386089
21500731,1735386101
21500732,1735386113
21500733,1735386125
21500734,1735386137
21500735,1735386149
21500736,1735386161
21500737,1735386173
21500738,1735386186
21500739,1735386198
21500740,1735386210
21500741,1735386222
21500742,1735386234
21500743,1735386246
21500744,1735386258
21500745,1735386270
21500746,1735386282
21500747,1735386294
21500748,1735386306
21500749,1735386318
21500750,1735386330
21500751,1735386342
21500752,1735386354
21500753,1735386366
21500754,1735386378
21500755,1735386391
21500756,1735386403
21500757,1735386415
21500758,1735386427
21500759,1735386439
21500760,1735386451
21500761,1735386463
21500762,1735386475
21500763,1735386487
21500764,1735386499
21500765,1735386511
21500766,1735386523
21500767,1735386535
21500768,1735386547
21500769,1735386559
21500770,1735386571
21500771,1735386583
21500772,1735386596
21500773,1735386608
21500774,1735386620
21500775,1735386632
21500776,1735386644
21500777,1735386656
21500778,1735386668
21500779,1735386680
21500780,1735386692
21500781,1735386704
21500782,1735386716
21500783,1735386728
21500784,1735386740
21500785,1735386752
21500786,1735386764
21500787,1735386776
21500788,1735386788
21500789,1735386801
21500790,1735386813
21500791,1735386825
21500792,1735386837
21500793,1735386849
21500794,1735386861
21500795,1735386873
21500796,1735386885
21500797,1735386897
21500798,1735386909
21500799,1735386921
21500800,1735386933
21500801,1735386945
21500802,1735386957
21500803,1735386969
21500804,1735386981
21500805,1735386993
21500806,1735387006
21500807,1735387018
21500808,1735387030
21500809,1735387042
21500810,1735387054
21500811,1735387066
21500812,1735387078
21500813,1735387090
21500814,1735387102
21500815,1735387114
21500816,1735387126
21500817,1735387138
21500818,1735387150
21500819,1735387162
21500820,1735387174
21500821,1735387186
21500822,1735387198
21500823,1735387211
21500824,1735387223
21500825,1735387235
21500826,1735387247
21500827,1735387259
21500828,1735387271
21500829,1735387283
21500830,1735387295
21500831,1735387307
21500832,1735387319
21500833,1735387331
21500834,1735387343
21500835,1735387355
21500836,1735387367
21500837,1735387379
21500838,1735387391
21500839,1735387403
21500840,1735387416
21500841,1735387428
21500842,1735387440
21500843,1735387452
21500844,1735387464
21500845,1735387476
21500846,1735387488
21500847,1735387500
21500848,1735387512
21500849,1735387524
21500850,1735387536
21500851,1735387548
21500852,1735387560
21500853,1735387572
21500854,1735387584
21500855,1735387596
21500856,1735387608
21500857,1735387620
21500858,1735387633
21500859,1735387645
21500860,1735387657
21500861,1735387669
21500862,1735387681
21500863,1735387693
21500864,1735387705
21500865,1735387717
21500866,1735387729
21500867,1735387741
21500868,1735387753
21500869,1735387765
21500870,1735387777
21500871,1735387789
21500872,1735387801
21500873,1735387813
21500874,1735387825
21500875,1735387838
21500876,1735387850
21500877,1735387862
21500878,1735387874
21500879,1735387886
21500880,1735387898
21500881,1735387910
21500882,1735387922
21500883,1735387934
21500884,1735387946
21500885,1735387958
21500886,1735387970
21500887,1735387982
21500888,1735387994
21500889,1735388006
21500890,1735388018
21500891,1735388030
21500892,1735388043
21500893,1735388055
21500894,1735388067
21500895,1735388079
21500896,1735388091
21500897,1735388103
21500898,1735388115
21500899,1735388127
21500900,1735388139
21500901,1735388151
21500902,1735388163
21500903,1735388175
21500904,1735388187
21500905,1735388199
21500906,1735388211
21500907,1735388223
21500908,1735388235
21500909,1735388248
21500910,1735388260
21500911,1735388272
21500912,1735388284
21500913,1735388296
21500914,1735388308
21500915,1735388320
21500916,1735388332
21500917,1735388344
21500918,1735388356
21500919,1735388368
21500920,1735388380
21500921,1735388392
21500922,1735388404
21500923,1735388416
21500924,1735388428
21500925,1735388440
21500926,1735388453
21500927,1735388465
21500928,1735388477
21500929,1735388489
21500930,1735388501
21500931,1735388513
21500932,1735388525
21500933,1735388537
21500934,1735388549
21500935,1735388561
21500936,1735388573
21500937,1735388585
21500938,1735388597
21500939,1735388609
21500940,1735388621
21500941,1735388633
21500942,1735388645
21500943,1735388658
21500944,1735388670
21500945,1735388682
21500946,1735388694
21500947,1735388706
21500948,1735388718
21500949,1735388730
21500950,1735388742
21500951,1735388754
21500952,1735388766
21500953,1735388778
21500954,1735388790
21500955,1735388802
21500956,1735388814
21500957,1735388826
21500958,1735388838
21500959,1735388850
21500960,1735388863
21500961,1735388875
21500962,1735388887
21500963,1735388899
21500964,1735388911
21500965,1735388923
21500966,1735388935
21500967,1735388947
21500968,1735388959
21500969,1735388971
21500970,1735388983
21500971,1735388995
21500972,1735389007
21500973,1735389019
21500974,1735389031
21500975,1735389043
21500976,1735389055
21500977,1735389067
21500978,1735389080
21500979,1735389092
21500980,1735389104
21500981,1735389116
21500982,1735389128
21500983,1735389140
21500984,1735389152
21500985,1735389164
21500986,1735389176
21500987,1735389188
21500988,1735389200
21500989,1735389212
21500990,1735389224
21500991,1735389236
21500992,1735389248
21500993,1735389260
21500994,1735389272
21500995,1735389285
21500996,1735389297
21500997,1735389309
21500998,1735389321
21500999,1735389333
21501000,1735389345
21501001,1735389357
21501002,1735389369
21501003,1735389381
21501004,1735389393
21501005,1735389405
21501006,1735389417
21501007,1735389429
21501008,1735389441
21501009,1735389453
21501010,1735389465
21501011,1735389477
21501012,1735389490
21501013,1735389502
21501014,1735389514
21501015,1735389526
21501016,1735389538
21501017,1735389550
21501018,1735389562
21501019,1735389574
21501020,1735389586
21501021,1735389598
21501022,1735389610
21501023,1735389622
21501024,1735389634
21501025,1735389646
21501026,1735389658
21501027,1735389670
21501028,1735389682
21501029,1735389695
21501030,1735389707
21501031,1735389719
21501032,1735389731
21501033,1735389743
21501034,1735389755
21501035,1735389767
21501036,1735389779
21501037,1735389791
21501038,1735389803
21501039,1735389815
21501040,1735389827
21501041,1735389839
21501042,1735389851
21501043,1735389863
21501044,1735389875
21501045,1735389887
21501046,1735389900
21501047,1735389912
21501048,1735389924
21501049,1735389936
21501050,1735389948
21501051,1735389960
21501052,1735389972
21501053,1735389984
21501054,1735389996
21501055,1735390008
21501056,1735390020
21501057,1735390032
21501058,1735390044
21501059,1735390056
21501060,1735390068
21501061,1735390080
21501062,1735390092
21501063,1735390105
21501064,1735390117
21501065,1735390129
21501066,1735390141
21501067,1735390153
21501068,1735390165
21501069,1735390177
21501070,1735390189
21501071,1735390201
21501072,1735390213
21501073,1735390225
21501074,1735390237
21501075,1735390249
21501076,1735390261
21501077,1735390273
21501078,1735390285
21501079,1735390297
21501080,1735390310
21501081,1735390322
21501082,1735390334
21501083,1735390346
21501084,1735390358
21501085,1735390370
21501086,1735390382
21501087,1735390394
21501088,1735390406
21501089,1735390418
21501090,1735390430
21501091,1735390442
21501092,1735390454
21501093,1735390466
21501094,1735390478
21501095,1735390490
21501096,1735390502
21501097,1735390514
21501098,1735390527
21501099,1735390539
21501100,1735390551
21501101,1735390563
21501102,1735390575
21501103,1735390587
21501104,1735390599
21501105,1735390611
21501106,1735390623
21501107,1735390635
21501108,1735390647
21501109,1735390659
21501110,1735390671
21501111,1735390683
21501112,1735390695
21501113,1735390707
21501114,1735390719
21501115,1735390732
21501116,1735390744
21501117,1735390756
21501118,1735390768
21501119,1735390780
21501120,1735390792
21501121,1735390804
21501122,1735390816
21501123,1735390828
21501124,1735390840
21501125,1735390852
21501126,1735390864
21501127,1735390876
21501128,1735390888
21501129,1735390900
21501130,1735390912
21501131,1735390924
21501132,1735390937
21501133,1735390949
21501134,1735390961
21501135,1735390973
21501136,1735390985
21501137,1735390997
21501138,1735391009
21501139,1735391021
21501140,1735391033
21501141,1735391045
21501142,1735391057
21501143,1735391069
21501144,1735391081
21501145,1735391093
21501146,1735391105
21501147,1735391117
21501148,1735391129
21501149,1735391142
21501150,1735391154
21501151,1735391166
21501152,1735391178
21501153,1735391190
21501154,1735391202
21501155,1735391214
21501156,1735391226
21501157,1735391238
21501158,1735391250
21501159,1735391262
21501160,1735391274
21501161,1735391286
21501162,1735391298
21501163,1735391310
21501164,1735391322
21501165,1735391334
21501166,1735391347
21501167,1735391359
21501168,1735391371
21501169,1735391383
21501170,1735391395
21501171,1735391407
21501172,1735391419
21501173,1735391431
21501174,1735391443
21501175,1735391455
21501176,1735391467
21501177,1735391479
21501178,1735391491
21501179,1735391503
21501180,1735391515
21501181,1735391527
21501182,1735391539
21501183,1735391552
21501184,1735391564
21501185,1735391576
21501186,1735391588
21501187,1735391600
21501188,1735391612
21501189,1735391624
21501190,1735391636
21501191,1735391648
21501192,1735391660
21501193,1735391672
21501194,1735391684
21501195,1735391696
21501196,1735391708
21501197,1735391720
21501198,1735391732
21501199,1735391744
21501200,1735391757
21501201,1735391769
21501202,1735391781
21501203,1735391793
21501204,1735391805
21501205,1735391817
21501206,1735391829
21501207,1735391841
21501208,1735391853
21501209,1735391865
21501210,1735391877
21501211,1735391889
21501212,1735391901
21501213,1735391913
21501214,1735391925
21501215,1735391937
21501216,1735391949
21501217,1735391961
21501218,1735391974
21501219,1735391986
21501220,1735391998
21501221,1735392010
21501222,1735392022
21501223,1735392034
21501224,1735392046
21501225,1735392058
21501226,1735392070
21501227,1735392082
21501228,1735392094
21501229,1735392106
21501230,1735392118
21501231,1735392130
21501232,1735392142
21501233,1735392154
21501234,1735392166
21501235,1735392179
21501236,1735392191
21501237,1735392203
21501238,1735392215
21501239,1735392227
21501240,1735392239
21501241,1735392251
21501242,1735392263
21501243,1735392275
21501244,1735392287
21501245,1735392299
21501246,1735392311
21501247,1735392323
21501248,1735392335
21501249,1735392347
21501250,1735392359
21501251,1735392371
21501252,1735392384
21501253,1735392396
21501254,1735392408
21501255,1735392420
21501256,1735392432
21501257,1735392444
21501258,1735392456
21501259,1735392468
21501260,1735392480
21501261,1735392492
21501262,1735392504
21501263,1735392516
21501264,1735392528
21501265,1735392540
21501266,1735392552
21501267,1735392564
21501268,1735392576
21501269,1735392589
21501270,1735392601
21501271,1735392613
21501272,1735392625
21501273,1735392637
21501274,1735392649
21501275,1735392661
21501276,1735392673
21501277,1735392685
21501278,1735392697
21501279,1735392709
21501280,1735392721
21501281,1735392733
21501282,1735392745
21501283,1735392757
21501284,1735392769
21501285,1735392781
21501286,1735392794
21501287,1735392806
21501288,1735392818
21501289,1735392830
21501290,1735392842
21501291,1735392854
21501292,1735392866
21501293,1735392878
21501294,1735392890
21501295,1735392902
21501296,1735392914
21501297,1735392926
21501298,1735392938
21501299,1735392950
21501300,1735392962
21501301,1735392974
21501302,1735392986
21501303,1735392999
21501304,1735393011
21501305,1735393023
21501306,1735393035
21501307,1735393047
21501308,1735393059
21501309,1735393071
21501310,1735393083
21501311,1735393095
21501312,1735393107
21501313,1735393119
21501314,1735393131
21501315,1735393143
21501316,1735393155
21501317,1735393167
21501318,1735393179
21501319,1735393191
21501320,1735393204
21501321,1735393216
21501322,1735393228
21501323,1735393240
21501324,1735393252
21501325,1735393264
21501326,1735393276
21501327,1735393288
21501328,1735393300
21501329,1735393312
21501330,1735393324
21501331,1735393336
21501332,1735393348
21501333,1735393360
21501334,1735393372
21501335,1735393384
21501336,1735393396
21501337,1735393408
21501338,1735393421
21501339,1735393433
21501340,1735393445
21501341,1735393457
21501342,1735393469
21501343,1735393481
21501344,1735393493
21501345,1735393505
21501346,1735393517
21501347,1735393529
21501348,1735393541
21501349,1735393553
21501350,1735393565
21501351,1735393577
21501352,1735393589
21501353,1735393601
21501354,1735393613
21501355,1735393626
21501356,1735393638
21501357,1735393650
21501358,1735393662
21501359,1735393674
21501360,1735393686
21501361,1735393698
21501362,1735393710
21501363,1735393722
21501364,1735393734
21501365,1735393746
21501366,1735393758
21501367,1735393770
21501368,1735393782
21501369,1735393794
21501370,1735393806
21501371,1735393818
21501372,1735393831
21501373,1735393843
21501374,1735393855
21501375,1735393867
21501376,1735393879
21501377,1735393891
21501378,1735393903
21501379,1735393915
21501380,1735393927
21501381,1735393939
21501382,1735393951
21501383,1735393963
21501384,1735393975
21501385,1735393987
21501386,1735393999
21501387,1735394011
21501388,1735394023
21501389,1735394036
21501390,1735394048
21501391,1735394060
21501392,1735394072
21501393,1735394084
21501394,1735394096
21501395,1735394108
21501396,1735394120
21501397,1735394132
21501398,1735394144
21501399,1735394156
21501400,1735394168
21501401,1735394180
21501402,1735394192
21501403,1735394204
21501404,1735394216
21501405,1735394228
21501406,1735394241
21501407,1735394253
21501408,1735394265
21501409,1735394277
21501410,1735394289
21501411,1735394301
21501412,1735394313
21501413,1735394325
21501414,1735394337
21501415,1735394349
21501416,1735394361
21501417,1735394373
21501418,1735394385
21501419,1735394397
21501420,1735394409
21501421,1735394421
21501422,1735394433
21501423,1735394446
21501424,1735394458
21501425,1735394470
21501426,1735394482
21501427,1735394494
21501428,1735394506
21501429,1735394518
21501430,1735394530
21501431,1735394542
21501432,1735394554
21501433,1735394566
21501434,1735394578
21501435,1735394590
21501436,1735394602
21501437,1735394614
21501438,1735394626
21501439,1735394638
21501440,1735394651
21501441,1735394663
21501442,1735394675
21501443,1735394687
21501444,1735394699
21501445,1735394711
21501446,1735394723
21501447,1735394735
21501448,1735394747
21501449,1735394759
21501450,1735394771
21501451,1735394783
21501452,1735394795
21501453,1735394807
21501454,1735394819
21501455,1735394831
21501456,1735394843
21501457,1735394855
21501458,1735394868
21501459,1735394880
21501460,1735394892
21501461,1735394904
21501462,1735394916
21501463,1735394928
21501464,1735394940
21501465,1735394952
21501466,1735394964
21501467,1735394976
21501468,1735394988
21501469,1735395000
21501470,1735395012
21501471,1735395024
21501472,1735395036
21501473,1735395048
21501474,1735395060
21501475,1735395073
21501476,1735395085
21501477,1735395097
21501478,1735395109
21501479,1735395121
21501480,1735395133
21501481,1735395145
21501482,1735395157
21501483,1735395169
21501484,1735395181
21501485,1735395193
21501486,1735395205
21501487,1735395217
21501488,1735395229
21501489,1735395241
21501490,1735395253
21501491,1735395265
21501492,1735395278
21501493,1735395290
21501494,1735395302
21501495,1735395314
21501496,1735395326
21501497,1735395338
21501498,1735395350
21501499,1735395362
21501500,1735395374
21501501,1735395386
21501502,1735395398
21501503,1735395410
21501504,1735395422
21501505,1735395434
21501506,1735395446
21501507,1735395458
21501508,1735395470
21501509,1735395483
21501510,1735395495
21501511,1735395507
21501512,1735395519
21501513,1735395531
21501514,1735395543
21501515,1735395555
21501516,1735395567
21501517,1735395579
21501518,1735395591
21501519,1735395603
21501520,1735395615
21501521,1735395627
21501522,1735395639
21501523,1735395651
21501524,1735395663
21501525,1735395675
21501526,1735395688
21501527,1735395700
21501528,1735395712
21501529,1735395724
21501530,1735395736
21501531,1735395748
21501532,1735395760
21501533,1735395772
21501534,1735395784
21501535,1735395796
21501536,1735395808
21501537,1735395820
21501538,1735395832
21501539,1735395844
21501540,1735395856
21501541,1735395868
21501542,1735395880
21501543,1735395893
21501544,1735395905
21501545,1735395917
21501546,1735395929
21501547,1735395941
21501548,1735395953
21501549,1735395965
21501550,1735395977
21501551,1735395989
21501552,1735396001
21501553,1735396013
21501554,1735396025
21501555,1735396037
21501556,1735396049
21501557,1735396061
21501558,1735396073
21501559,1735396085
21501560,1735396098
21501561,1735396110
21501562,1735396122
21501563,1735396134
21501564,1735396146
21501565,1735396158
21501566,1735396170
21501567,1735396182
21501568,1735396194
21501569,1735396206
21501570,1735396218
21501571,1735396230
21501572,1735396242
21501573,1735396254
21501574,1735396266
21501575,1735396278
21501576,1735396290
21501577,1735396302
21501578,1735396315
21501579,1735396327
21501580,1735396339
21501581,1735396351
21501582,1735396363
21501583,1735396375
21501584,1735396387
21501585,1735396399
21501586,1735396411
21501587,1735396423
21501588,1735396435
21501589,1735396447
21501590,1735396459
21501591,1735396471
21501592,1735396483
21501593,1735396495
21501594,1735396507
21501595,1735396520
21501596,1735396532
21501597,1735396544
21501598,1735396556
21501599,1735396568
21501600,1735396580
21501601,1735396592
21501602,1735396604
21501603,1735396616
21501604,1735396628
21501605,1735396640
21501606,1735396652
21501607,1735396664
21501608,1735396676
21501609,1735396688
21501610,1735396700
21501611,1735396712
21501612,1735396725
21501613,1735396737
21501614,1735396749
21501615,1735396761
21501616,1735396773
21501617,1735396785
21501618,1735396797
21501619,1735396809
21501620,1735396821
21501621,1735396833
21501622,1735396845
21501623,1735396857
21501624,1735396869
21501625,1735396881
21501626,1735396893
21501627,1735396905
21501628,1735396917
21501629,1735396930
21501630,1735396942
21501631,1735396954
21501632,1735396966
21501633,1735396978
21501634,1735396990
21501635,1735397002
21501636,1735397014
21501637,1735397026
21501638,1735397038
21501639,1735397050
21501640,1735397062
21501641,1735397074
21501642,1735397086
21501643,1735397098
21501644,1735397110
21501645,1735397122
21501646,1735397135
21501647,1735397147
21501648,1735397159
21501649,1735397171
21501650,1735397183
21501651,1735397195
21501652,1735397207
21501653,1735397219
21501654,1735397231
21501655,1735397243
21501656,1735397255
21501657,1735397267
21501658,1735397279
21501659,1735397291
21501660,1735397303
21501661,1735397315
21501662,1735397327
21501663,1735397340
21501664,1735397352
21501665,1735397364
21501666,1735397376
21501667,1735397388
21501668,1735397400
21501669,1735397412
21501670,1735397424
21501671,1735397436
21501672,1735397448
21501673,1735397460
21501674,1735397472
21501675,1735397484
21501676,1735397496
21501677,1735397508
21501678,1735397520
21501679,1735397532
21501680,1735397545
21501681,1735397557
21501682,1735397569
21501683,1735397581
21501684,1735397593
21501685,1735397605
21501686,1735397617
21501687,1735397629
21501688,1735397641
21501689,1735397653
21501690,1735397665
21501691,1735397677
21501692,1735397689
21501693,1735397701
21501694,1735397713
21501695,1735397725
21501696,1735397737
21501697,1735397749
21501698,1735397762
21501699,1735397774
21501700,1735397786
21501701,1735397798
21501702,1735397810
21501703,1735397822
21501704,1735397834
21501705,1735397846
21501706,1735397858
21501707,1735397870
21501708,1735397882
21501709,1735397894
21501710,1735397906
21501711,1735397918
21501712,1735397930
21501713,1735397942
21501714,1735397954
21501715,1735397967
21501716,1735397979
21501717,1735397991
21501718,1735398003
21501719,1735398015
21501720,1735398027
21501721,1735398039
21501722,1735398051
21501723,1735398063
21501724,1735398075
21501725,1735398087
21501726,1735398099
21501727,1735398111
21501728,1735398123
21501729,1735398135
21501730,1735398147
21501731,1735398159
21501732,1735398172
21501733,1735398184
21501734,1735398196
21501735,1735398208
21501736,1735398220
21501737,1735398232
21501738,1735398244
21501739,1735398256
21501740,1735398268
21501741,1735398280
21501742,1735398292
21501743,1735398304
21501744,1735398316
21501745,1735398328
21501746,1735398340
21501747,1735398352
21501748,1735398364
21501749,1735398377
21501750,1735398389
21501751,1735398401
21501752,1735398413
21501753,1735398425
21501754,1735398437
21501755,1735398449
21501756,1735398461
21501757,1735398473
21501758,1735398485
21501759,1735398497
21501760,1735398509
21501761,1735398521
21501762,1735398533
21501763,1735398545
21501764,1735398557
21501765,1735398569
21501766,1735398582
21501767,1735398594
21501768,1735398606
21501769,1735398618
21501770,1735398630
21501771,1735398642
21501772,1735398654
21501773,1735398666
21501774,1735398678
21501775,1735398690
21501776,1735398702
21501777,1735398714
21501778,1735398726
21501779,1735398738
21501780,1735398750
21501781,1735398762
21501782,1735398774
21501783,1735398787
21501784,1735398799
21501785,1735398811
21501786,1735398823
21501787,1735398835
21501788,1735398847
21501789,1735398859
21501790,1735398871
21501791,1735398883
21501792,1735398895
21501793,1735398907
21501794,1735398919
21501795,1735398931
21501796,1735398943
21501797,1735398955
21501798,1735398967
21501799,1735398979
21501800,1735398992
21501801,1735399004
21501802,1735399016
21501803,1735399028
21501804,1735399040
21501805,1735399052
21501806,1735399064
21501807,1735399076
21501808,1735399088
21501809,1735399100
21501810,1735399112
21501811,1735399124
21501812,1735399136
21501813,1735399148
21501814,1735399160
21501815,1735399172
21501816,1735399184
21501817,1735399196
21501818,1735399209
21501819,1735399221
21501820,1735399233
21501821,1735399245
21501822,1735399257
21501823,1735399269
21501824,1735399281
21501825,1735399293
21501826,1735399305
21501827,1735399317
21501828,1735399329
21501829,1735399341
21501830,1735399353
21501831,1735399365
21501832,1735399377
21501833,1735399389
21501834,1735399401
21501835,1735399414
21501836,1735399426
21501837,1735399438
21501838,1735399450
21501839,1735399462
21501840,1735399474
21501841,1735399486
21501842,1735399498
21501843,1735399510
21501844,1735399522
21501845,1735399534
21501846,1735399546
21501847,1735399558
21501848,1735399570
21501849,1735399582
21501850,1735399594
21501851,1735399606
21501852,1735399619
21501853,1735399631
21501854,1735399643
21501855,1735399655
21501856,1735399667
21501857,1735399679
21501858,1735399691
21501859,1735399703
21501860,1735399715
21501861,1735399727
21501862,1735399739
21501863,1735399751
21501864,1735399763
21501865,1735399775
21501866,1735399787
21501867,1735399799
21501868,1735399811
21501869,1735399824
21501870,1735399836
21501871,1735399848
21501872,1735399860
21501873,1735399872
21501874,1735399884
21501875,1735399896
21501876,1735399908
21501877,1735399920
21501878,1735399932
21501879,1735399944
21501880,1735399956
21501881,1735399968
21501882,1735399980
21501883,1735399992
21501884,1735400004
21501885,1735400016
21501886,1735400029
21501887,1735400041
21501888,1735400053
21501889,1735400065
21501890,1735400077
21501891,1735400089
21501892,1735400101
21501893,1735400113
21501894,1735400125
21501895,1735400137
21501896,1735400149
21501897,1735400161
21501898,1735400173
21501899,1735400185
21501900,1735400197
21501901,1735400209
21501902,1735400221
21501903,1735400234
21501904,1735400246
21501905,1735400258
21501906,1735400270
21501907,1735400282
21501908,1735400294
21501909,1735400306
21501910,1735400318
21501911,1735400330
21501912,1735400342
21501913,1735400354
21501914,1735400366
21501915,1735400378
21501916,1735400390
21501917,1735400402
21501918,1735400414
21501919,1735400426
21501920,1735400439
21501921,1735400451
21501922,1735400463
21501923,1735400475
21501924,1735400487
21501925,1735400499
21501926,1735400511
21501927,1735400523
21501928,1735400535
21501929,1735400547
21501930,1735400559
21501931,1735400571
21501932,1735400583
21501933,1735400595
21501934,1735400607
21501935,1735400619
21501936,1735400631
21501937,1735400643
21501938,1735400656
21501939,1735400668
21501940,1735400680
21501941,1735400692
21501942,1735400704
21501943,1735400716
21501944,1735400728
21501945,1735400740
21501946,1735400752
21501947,1735400764
21501948,1735400776
21501949,1735400788
21501950,1735400800
21501951,1735400812
21501952,1735400824
21501953,1735400836
21501954,1735400848
21501955,1735400861
21501956,1735400873
21501957,1735400885
21501958,1735400897
21501959,1735400909
21501960,1735400921
21501961,1735400933
21501962,1735400945
21501963,1735400957
21501964,1735400969
21501965,1735400981
21501966,1735400993
21501967,1735401005
21501968,1735401017
21501969,1735401029
21501970,1735401041
21501971,1735401053
21501972,1735401066
21501973,1735401078
21501974,1735401090
21501975,1735401102
21501976,1735401114
21501977,1735401126
21501978,1735401138
21501979,1735401150
21501980,1735401162
21501981,1735401174
21501982,1735401186
21501983,1735401198
21501984,1735401210
21501985,1735401222
21501986,1735401234
21501987,1735401246
21501988,1735401258
21501989,1735401271
21501990,1735401283
21501991,1735401295
21501992,1735401307
21501993,1735401319
21501994,1735401331
21501995,1735401343
21501996,1735401355
21501997,1735401367
21501998,1735401379
21501999,1735401391
21502000,1735401403
21502001,1735401415
21502002,1735401427
21502003,1735401439
21502004,1735401451
21502005,1735401463
21502006,1735401476
21502007,1735401488
21502008,1735401500
21502009,1735401512
21502010,1735401524
21502011,1735401536
21502012,1735401548
21502013,1735401560
21502014,1735401572
21502015,1735401584
21502016,1735401596
21502017,1735401608
21502018,1735401620
21502019,1735401632
21502020,1735401644
21502021,1735401656
21502022,1735401668
21502023,1735401681
21502024,1735401693
21502025,1735401705
21502026,1735401717
21502027,1735401729
21502028,1735401741
21502029,1735401753
21502030,1735401765
21502031,1735401777
21502032,1735401789
21502033,1735401801
21502034,1735401813
21502035,1735401825
21502036,1735401837
21502037,1735401849
21502038,1735401861
21502039,1735401873
21502040,1735401886
21502041,1735401898
21502042,1735401910
21502043,1735401922
21502044,1735401934
21502045,1735401946
21502046,1735401958
21502047,1735401970
21502048,1735401982
21502049,1735401994
21502050,1735402006
21502051,1735402018
21502052,1735402030
21502053,1735402042
21502054,1735402054
21502055,1735402066
21502056,1735402078
21502057,1735402090
21502058,1735402103
21502059,1735402115
21502060,1735402127
21502061,1735402139
21502062,1735402151
21502063,1735402163
21502064,1735402175
21502065,1735402187
21502066,1735402199
21502067,1735402211
21502068,1735402223
21502069,1735402235
21502070,1735402247
21502071,1735402259
21502072,1735402271
21502073,1735402283
21502074,1735402295
21502075,1735402308
21502076,1735402320
21502077,1735402332
21502078,1735402344
21502079,1735402356
21502080,1735402368
21502081,1735402380
21502082,1735402392
21502083,1735402404
21502084,1735402416
21502085,1735402428
21502086,1735402440
21502087,1735402452
21502088,1735402464
21502089,1735402476
21502090,1735402488
21502091,1735402500
21502092,1735402513
21502093,1735402525
21502094,1735402537
21502095,1735402549
21502096,1735402561
21502097,1735402573
21502098,1735402585
21502099,1735402597
21502100,1735402609
21502101,1735402621
21502102,1735402633
21502103,1735402645
21502104,1735402657
21502105,1735402669
21502106,1735402681
21502107,1735402693
21502108,1735402705
21502109,1735402718
21502110,1735402730
21502111,1735402742
21502112,1735402754
21502113,1735402766
21502114,1735402778
21502115,1735402790
21502116,1735402802
21502117,1735402814
21502118,1735402826
21502119,1735402838
21502120,1735402850
21502121,1735402862
21502122,1735402874
21502123,1735402886
21502124,1735402898
21502125,1735402910
21502126,1735402923
21502127,1735402935
21502128,1735402947
21502129,1735402959
21502130,1735402971
21502131,1735402983
21502132,1735402995
21502133,1735403007
21502134,1735403019
21502135,1735403031
21502136,1735403043
21502137,1735403055
21502138,1735403067
21502139,1735403079
21502140,1735403091
21502141,1735403103
21502142,1735403115
21502143,1735403128
21502144,1735403140
21502145,1735403152
21502146,1735403164
21502147,1735403176
21502148,1735403188
21502149,1735403200
21502150,1735403212
21502151,1735403224
21502152,1735403236
21502153,1735403248
21502154,1735403260
21502155,1735403272
21502156,1735403284
21502157,1735403296
21502158,1735403308
21502159,1735403320
21502160,1735403333
21502161,1735403345
21502162,1735403357
21502163,1735403369
21502164,1735403381
21502165,1735403393
21502166,1735403405
21502167,1735403417
21502168,1735403429
21502169,1735403441
21502170,1735403453
21502171,1735403465
21502172,1735403477
21502173,1735403489
21502174,1735403501
21502175,1735403513
21502176,1735403525
21502177,1735403537
21502178,1735403550
21502179,1735403562
21502180,1735403574
21502181,1735403586
21502182,1735403598
21502183,1735403610
21502184,1735403622
21502185,1735403634
21502186,1735403646
21502187,1735403658
21502188,1735403670
21502189,1735403682
21502190,1735403694
21502191,1735403706
21502192,1735403718
21502193,1735403730
21502194,1735403742
21502195,1735403755
21502196,1735403767
21502197,1735403779
21502198,1735403791
21502199,1735403803
21502200,1735403815
21502201,1735403827
21502202,1735403839
21502203,1735403851
21502204,1735403863
21502205,1735403875
21502206,1735403887
21502207,1735403899
21502208,1735403911
21502209,1735403923
21502210,1735403935
21502211,1735403947
21502212,1735403960
21502213,1735403972
21502214,1735403984
21502215,1735403996
21502216,1735404008
21502217,1735404020
21502218,1735404032
21502219,1735404044
21502220,1735404056
21502221,1735404068
21502222,1735404080
21502223,1735404092
21502224,1735404104
21502225,1735404116
21502226,1735404128
21502227,1735404140
21502228,1735404152
21502229,1735404165
21502230,1735404177
21502231,1735404189
21502232,1735404201
21502233,1735404213
21502234,1735404225
21502235,1735404237
21502236,1735404249
21502237,1735404261
21502238,1735404273
21502239,1735404285
21502240,1735404297
21502241,1735404309
21502242,1735404321
21502243,1735404333
21502244,1735404345
21502245,1735404357
21502246,1735404370
21502247,1735404382
21502248,1735404394
21502249,1735404406
21502250,1735404418
21502251,1735404430
21502252,1735404442
21502253,1735404454
21502254,1735404466
21502255,1735404478
21502256,1735404490
21502257,1735404502
21502258,1735404514
21502259,1735404526
21502260,1735404538
21502261,1735404550
21502262,1735404562
21502263,1735404575
21502264,1735404587
21502265,1735404599
21502266,1735404611
21502267,1735404623
21502268,1735404635
21502269,1735404647
21502270,1735404659
21502271,1735404671
21502272,1735404683
21502273,1735404695
21502274,1735404707
21502275,1735404719
21502276,1735404731
21502277,1735404743
21502278,1735404755
21502279,1735404767
21502280,1735404780
21502281,1735404792
21502282,1735404804
21502283,1735404816
21502284,1735404828
21502285,1735404840
21502286,1735404852
21502287,1735404864
21502288,1735404876
21502289,1735404888
21502290,1735404900
21502291,1735404912
21502292,1735404924
21502293,1735404936
21502294,1735404948
21502295,1735404960
21502296,1735404972
21502297,1735404984
21502298,1735404997
21502299,1735405009
21502300,1735405021
21502301,1735405033
21502302,1735405045
21502303,1735405057
21502304,1735405069
21502305,1735405081
21502306,1735405093
21502307,1735405105
21502308,1735405117
21502309,1735405129
21502310,1735405141
21502311,1735405153
21502312,1735405165
21502313,1735405177
21502314,1735405189
21502315,1735405202
21502316,1735405214
21502317,1735405226
21502318,1735405238
21502319,1735405250
21502320,1735405262
21502321,1735405274
21502322,1735405286
21502323,1735405298
21502324,1735405310
21502325,1735405322
21502326,1735405334
21502327,1735405346
21502328,1735405358
21502329,1735405370
21502330,1735405382
21502331,1735405394
21502332,1735405407
21502333,1735405419
21502334,1735405431
21502335,1735405443
21502336,1735405455
21502337,1735405467
21502338,1735405479
21502339,1735405491
21502340,1735405503
21502341,1735405515
21502342,1735405527
21502343,1735405539
21502344,1735405551
21502345,1735405563
21502346,1735405575
21502347,1735405587
21502348,1735405599
21502349,1735405612
21502350,1735405624
21502351,1735405636
21502352,1735405648
21502353,1735405660
21502354,1735405672
21502355,1735405684
21502356,1735405696
21502357,1735405708
21502358,1735405720
21502359,1735405732
21502360,1735405744
21502361,1735405756
21502362,1735405768
21502363,1735405780
21502364,1735405792
21502365,1735405804
21502366,1735405817
21502367,1735405829
21502368,1735405841
21502369,1735405853
21502370,1735405865
21502371,1735405877
21502372,1735405889
21502373,1735405901
21502374,1735405913
21502375,1735405925
21502376,1735405937
21502377,1735405949
21502378,1735405961
21502379,1735405973
21502380,1735405985
21502381,1735405997
21502382,1735406009
21502383,1735406022
21502384,1735406034
21502385,1735406046
21502386,1735406058
21502387,1735406070
21502388,1735406082
21502389,1735406094
21502390,1735406106
21502391,1735406118
21502392,1735406130
21502393,1735406142
21502394,1735406154
21502395,1735406166
21502396,1735406178
21502397,1735406190
21502398,1735406202
21502399,1735406214
21502400,1735406227
21502401,1735406239
21502402,1735406251
21502403,1735406263
21502404,1735406275
21502405,1735406287
21502406,1735406299
21502407,1735406311
21502408,1735406323
21502409,1735406335
21502410,1735406347
21502411,1735406359
21502412,1735406371
21502413,1735406383
21502414,1735406395
21502415,1735406407
21502416,1735406419
21502417,1735406431
21502418,1735406444
21502419,1735406456
21502420,1735406468
21502421,1735406480
21502422,1735406492
21502423,1735406504
21502424,1735406516
21502425,1735406528
21502426,1735406540
21502427,1735406552
21502428,1735406564
21502429,1735406576
21502430,1735406588
21502431,1735406600
21502432,1735406612
21502433,1735406624
21502434,1735406636
21502435,1735406649
21502436,1735406661
21502437,1735406673
21502438,1735406685
21502439,1735406697
21502440,1735406709
21502441,1735406721
21502442,1735406733
21502443,1735406745
21502444,1735406757
21502445,1735406769
21502446,1735406781
21502447,1735406793
21502448,1735406805
21502449,1735406817
21502450,1735406829
21502451,1735406841
21502452,1735406854
21502453,1735406866
21502454,1735406878
21502455,1735406890
21502456,1735406902
21502457,1735406914
21502458,1735406926
21502459,1735406938
21502460,1735406950
21502461,1735406962
21502462,1735406974
21502463,1735406986
21502464,1735406998
21502465,1735407010
21502466,1735407022
21502467,1735407034
21502468,1735407046
21502469,1735407059
21502470,1735407071
21502471,1735407083
21502472,1735407095
21502473,1735407107
21502474,1735407119
21502475,1735407131
21502476,1735407143
21502477,1735407155
21502478,1735407167
21502479,1735407179
21502480,1735407191
21502481,1735407203
21502482,1735407215
21502483,1735407227
21502484,1735407239
21502485,1735407251
21502486,1735407264
21502487,1735407276
21502488,1735407288
21502489,1735407300
21502490,1735407312
21502491,1735407324
21502492,1735407336
21502493,1735407348
21502494,1735407360
21502495,1735407372
21502496,1735407384
21502497,1735407396
21502498,1735407408
21502499,1735407420
21502500,1735407432
21502501,1735407444
21502502,1735407456
21502503,1735407469
21502504,1735407481
21502505,1735407493
21502506,1735407505
21502507,1735407517
21502508,1735407529
21502509,1735407541
21502510,1735407553
21502511,1735407565
21502512,1735407577
21502513,1735407589
21502514,1735407601
21502515,1735407613
21502516,1735407625
21502517,1735407637
21502518,1735407649
21502519,1735407661
21502520,1735407674
21502521,1735407686
21502522,1735407698
21502523,1735407710
21502524,1735407722
21502525,1735407734
21502526,1735407746
21502527,1735407758
21502528,1735407770
21502529,1735407782
21502530,1735407794
21502531,1735407806
21502532,1735407818
21502533,1735407830
21502534,1735407842
21502535,1735407854
21502536,1735407866
21502537,1735407878
21502538,1735407891
21502539,1735407903
21502540,1735407915
21502541,1735407927
21502542,1735407939
21502543,1735407951
21502544,1735407963
21502545,1735407975
21502546,1735407987
21502547,1735407999
21502548,1735408011
21502549,1735408023
21502550,1735408035
21502551,1735408047
21502552,1735408059
21502553,1735408071
21502554,1735408083
21502555,1735408096
21502556,1735408108
21502557,1735408120
21502558,1735408132
21502559,1735408144
21502560,1735408156
21502561,1735408168
21502562,1735408180
21502563,1735408192
21502564,1735408204
21502565,1735408216
21502566,1735408228
21502567,1735408240
21502568,1735408252
21502569,1735408264
21502570,1735408276
21502571,1735408288
21502572,1735408301
21502573,1735408313
21502574,1735408325
21502575,1735408337
21502576,1735408349
21502577,1735408361
21502578,1735408373
21502579,1735408385
21502580,1735408397
21502581,1735408409
21502582,1735408421
21502583,1735408433
21502584,1735408445
21502585,1735408457
21502586,1735408469
21502587,1735408481
21502588,1735408493
21502589,1735408506
21502590,1735408518
21502591,1735408530
21502592,1735408542
21502593,1735408554
21502594,1735408566
21502595,1735408578
21502596,1735408590
21502597,1735408602
21502598,1735408614
21502599,1735408626
21502600,1735408638
21502601,1735408650
21502602,1735408662
21502603,1735408674
21502604,1735408686
21502605,1735408698
21502606,1735408711
21502607,1735408723
21502608,1735408735
21502609,1735408747
21502610,1735408759
21502611,1735408771
21502612,1735408783
21502613,1735408795
21502614,1735408807
21502615,1735408819
21502616,1735408831
21502617,1735408843
21502618,1735408855
21502619,1735408867
21502620,1735408879
21502621,1735408891
21502622,1735408903
21502623,1735408916
21502624,1735408928
21502625,1735408940
21502626,1735408952
21502627,1735408964
21502628,1735408976
21502629,1735408988
21502630,1735409000
21502631,1735409012
21502632,1735409024
21502633,1735409036
21502634,1735409048
21502635,1735409060
21502636,1735409072
21502637,1735409084
21502638,1735409096
21502639,1735409108
21502640,1735409121
21502641,1735409133
21502642,1735409145
21502643,1735409157
21502644,1735409169
21502645,1735409181
21502646,1735409193
21502647,1735409205
21502648,1735409217
21502649,1735409229
21502650,1735409241
21502651,1735409253
21502652,1735409265
21502653,1735409277
21502654,1735409289
21502655,1735409301
21502656,1735409313
21502657,1735409325
21502658,1735409338
21502659,1735409350
21502660,1735409362
21502661,1735409374
21502662,1735409386
21502663,1735409398
21502664,1735409410
21502665,1735409422
21502666,1735409434
21502667,1735409446
21502668,1735409458
21502669,1735409470
21502670,1735409482
21502671,1735409494
21502672,1735409506
21502673,1735409518
21502674,1735409530
21502675,1735409543
21502676,1735409555
21502677,1735409567
21502678,1735409579
21502679,1735409591
21502680,1735409603
21502681,1735409615
21502682,1735409627
21502683,1735409639
21502684,1735409651
21502685,1735409663
21502686,1735409675
21502687,1735409687
21502688,1735409699
21502689,1735409711
21502690,1735409723
21502691,1735409735
21502692,1735409748
21502693,1735409760
21502694,1735409772
21502695,1735409784
21502696,1735409796
21502697,1735409808
21502698,1735409820
21502699,1735409832
21502700,1735409844
21502701,1735409856
21502702,1735409868
21502703,1735409880
21502704,1735409892
21502705,1735409904
21502706,1735409916
21502707,1735409928
21502708,1735409940
21502709,1735409953
21502710,1735409965
21502711,1735409977
21502712,1735409989
21502713,1735410001
21502714,1735410013
21502715,1735410025
21502716,1735410037
21502717,1735410049
21502718,1735410061
21502719,1735410073
21502720,1735410085
21502721,1735410097
21502722,1735410109
21502723,1735410121
21502724,1735410133
21502725,1735410145
21502726,1735410158
21502727,1735410170
21502728,1735410182
21502729,1735410194
21502730,1735410206
21502731,1735410218
21502732,1735410230
21502733,1735410242
21502734,1735410254
21502735,1735410266
21502736,1735410278
21502737,1735410290
21502738,1735410302
21502739,1735410314
21502740,1735410326
21502741,1735410338
21502742,1735410350
21502743,1735410363
21502744,1735410375
21502745,1735410387
21502746,1735410399
21502747,1735410411
21502748,1735410423
21502749,1735410435
21502750,1735410447
21502751,1735410459
21502752,1735410471
21502753,1735410483
21502754,1735410495
21502755,1735410507
21502756,1735410519
21502757,1735410531
21502758,1735410543
21502759,1735410555
21502760,1735410568
21502761,1735410580
21502762,1735410592
21502763,1735410604
21502764,1735410616
21502765,1735410628
21502766,1735410640
21502767,1735410652
21502768,1735410664
21502769,1735410676
21502770,1735410688
21502771,1735410700
21502772,1735410712
21502773,1735410724
21502774,1735410736
21502775,1735410748
21502776,1735410760
21502777,1735410772
21502778,1735410785
21502779,1735410797
21502780,1735410809
21502781,1735410821
21502782,1735410833
21502783,1735410845
21502784,1735410857
21502785,1735410869
21502786,1735410881
21502787,1735410893
21502788,1735410905
21502789,1735410917
21502790,1735410929
21502791,1735410941
21502792,1735410953
21502793,1735410965
21502794,1735410977
21502795,1735410990
21502796,1735411002
21502797,1735411014
21502798,1735411026
21502799,1735411038
21502800,1735411050
21502801,1735411062
21502802,1735411074
21502803,1735411086
21502804,1735411098
21502805,1735411110
21502806,1735411122
21502807,1735411134
21502808,1735411146
21502809,1735411158
21502810,1735411170
21502811,1735411182
21502812,1735411195
21502813,1735411207
21502814,1735411219
21502815,1735411231
21502816,1735411243
21502817,1735411255
21502818,1735411267
21502819,1735411279
21502820,1735411291
21502821,1735411303
21502822,1735411315
21502823,1735411327
21502824,1735411339
21502825,1735411351
21502826,1735411363
21502827,1735411375
21502828,1735411387
21502829,1735411400
21502830,1735411412
21502831,1735411424
21502832,1735411436
21502833,1735411448
21502834,1735411460
21502835,1735411472
21502836,1735411484
21502837,1735411496
21502838,1735411508
21502839,1735411520
21502840,1735411532
21502841,1735411544
21502842,1735411556
21502843,1735411568
21502844,1735411580
21502845,1735411592
21502846,1735411605
21502847,1735411617
21502848,1735411629
21502849,1735411641
21502850,1735411653
21502851,1735411665
21502852,1735411677
21502853,1735411689
21502854,1735411701
21502855,1735411713
21502856,1735411725
21502857,1735411737
21502858,1735411749
21502859,1735411761
21502860,1735411773
21502861,1735411785
21502862,1735411797
21502863,1735411810
21502864,1735411822
21502865,1735411834
21502866,1735411846
21502867,1735411858
21502868,1735411870
21502869,1735411882
21502870,1735411894
21502871,1735411906
21502872,1735411918
21502873,1735411930
21502874,1735411942
21502875,1735411954
21502876,1735411966
21502877,1735411978
21502878,1735411990
21502879,1735412002
21502880,1735412015
21502881,1735412027
21502882,1735412039
21502883,1735412051
21502884,1735412063
21502885,1735412075
21502886,1735412087
21502887,1735412099
21502888,1735412111
21502889,1735412123
21502890,1735412135
21502891,1735412147
21502892,1735412159
21502893,1735412171
21502894,1735412183
21502895,1735412195
21502896,1735412207
21502897,1735412219
21502898,1735412232
21502899,1735412244
21502900,1735412256
21502901,1735412268
21502902,1735412280
21502903,1735412292
21502904,1735412304
21502905,1735412316
21502906,1735412328
21502907,1735412340
21502908,1735412352
21502909,1735412364
21502910,1735412376
21502911,1735412388
21502912,1735412400
21502913,1735412412
21502914,1735412424
21502915,1735412437
21502916,1735412449
21502917,1735412461
21502918,1735412473
21502919,1735412485
21502920,1735412497
21502921,1735412509
21502922,1735412521
21502923,1735412533
21502924,1735412545
21502925,1735412557
21502926,1735412569
21502927,1735412581
21502928,1735412593
21502929,1735412605
21502930,1735412617
21502931,1735412629
21502932,1735412642
21502933,1735412654
21502934,1735412666
21502935,1735412678
21502936,1735412690
21502937,1735412702
21502938,1735412714
21502939,1735412726
21502940,1735412738
21502941,1735412750
21502942,1735412762
21502943,1735412774
21502944,1735412786
21502945,1735412798
21502946,1735412810
21502947,1735412822
21502948,1735412834
21502949,1735412847
21502950,1735412859
21502951,1735412871
21502952,1735412883
21502953,1735412895
21502954,1735412907
21502955,1735412919
21502956,1735412931
21502957,1735412943
21502958,1735412955
21502959,1735412967
21502960,1735412979
21502961,1735412991
21502962,1735413003
21502963,1735413015
21502964,1735413027
21502965,1735413039
21502966,1735413052
21502967,1735413064
21502968,1735413076
21502969,1735413088
21502970,1735413100
21502971,1735413112
21502972,1735413124
21502973,1735413136
21502974,1735413148
21502975,1735413160
21502976,1735413172
21502977,1735413184
21502978,1735413196
21502979,1735413208
21502980,1735413220
21502981,1735413232
21502982,1735413244
21502983,1735413257
21502984,1735413269
21502985,1735413281
21502986,1735413293
21502987,1735413305
21502988,1735413317
21502989,1735413329
21502990,1735413341
21502991,1735413353
21502992,1735413365
21502993,1735413377
21502994,1735413389
21502995,1735413401
21502996,1735413413
21502997,1735413425
21502998,1735413437
21502999,1735413449
21503000,1735413462
21503001,1735413474
21503002,1735413486
21503003,1735413498
21503004,1735413510
21503005,1735413522
21503006,1735413534
21503007,1735413546
21503008,1735413558
21503009,1735413570
21503010,1735413582
21503011,1735413594
21503012,1735413606
21503013,1735413618
21503014,1735413630
21503015,1735413642
21503016,1735413654
21503017,1735413666
21503018,1735413679
21503019,1735413691
21503020,1735413703
21503021,1735413715
21503022,1735413727
21503023,1735413739
21503024,1735413751
21503025,1735413763
21503026,1735413775
21503027,1735413787
21503028,1735413799
21503029,1735413811
21503030,1735413823
21503031,1735413835
21503032,1735413847
21503033,1735413859
21503034,1735413871
21503035,1735413884
21503036,1735413896
21503037,1735413908
21503038,1735413920
21503039,1735413932
21503040,1735413944
21503041,1735413956
21503042,1735413968
21503043,1735413980
21503044,1735413992
21503045,1735414004
21503046,1735414016
21503047,1735414028
21503048,1735414040
21503049,1735414052
21503050,1735414064
21503051,1735414076
21503052,1735414089
21503053,1735414101
21503054,1735414113
21503055,1735414125
21503056,1735414137
21503057,1735414149
21503058,1735414161
21503059,1735414173
21503060,1735414185
21503061,1735414197
21503062,1735414209
21503063,1735414221
21503064,1735414233
21503065,1735414245
21503066,1735414257
21503067,1735414269
21503068,1735414281
21503069,1735414294
21503070,1735414306
21503071,1735414318
21503072,1735414330
21503073,1735414342
21503074,1735414354
21503075,1735414366
21503076,1735414378
21503077,1735414390
21503078,1735414402
21503079,1735414414
21503080,1735414426
21503081,1735414438
21503082,1735414450
21503083,1735414462
21503084,1735414474
21503085,1735414486
21503086,1735414499
21503087,1735414511
21503088,1735414523
21503089,1735414535
21503090,1735414547
21503091,1735414559
21503092,1735414571
21503093,1735414583
21503094,1735414595
21503095,1735414607
21503096,1735414619
21503097,1735414631
21503098,1735414643
21503099,1735414655
21503100,1735414667
21503101,1735414679
21503102,1735414691
21503103,1735414704
21503104,1735414716
21503105,1735414728
21503106,1735414740
21503107,1735414752
21503108,1735414764
21503109,1735414776
21503110,1735414788
21503111,1735414800
21503112,1735414812
21503113,1735414824
21503114,1735414836
21503115,1735414848
21503116,1735414860
21503117,1735414872
21503118,1735414884
21503119,1735414896
21503120,1735414909
21503121,1735414921
21503122,1735414933
21503123,1735414945
21503124,1735414957
21503125,1735414969
21503126,1735414981
21503127,1735414993
21503128,1735415005
21503129,1735415017
21503130,1735415029
21503131,1735415041
21503132,1735415053
21503133,1735415065
21503134,1735415077
21503135,1735415089
21503136,1735415101
21503137,1735415113
21503138,1735415126
21503139,1735415138
21503140,1735415150
21503141,1735415162
21503142,1735415174
21503143,1735415186
21503144,1735415198
21503145,1735415210
21503146,1735415222
21503147,1735415234
21503148,1735415246
21503149,1735415258
21503150,1735415270
21503151,1735415282
21503152,1735415294
21503153,1735415306
21503154,1735415318
21503155,1735415331
21503156,1735415343
21503157,1735415355
21503158,1735415367
21503159,1735415379
21503160,1735415391
21503161,1735415403
21503162,1735415415
21503163,1735415427
21503164,1735415439
21503165,1735415451
21503166,1735415463
21503167,1735415475
21503168,1735415487
21503169,1735415499
21503170,1735415511
21503171,1735415523
21503172,1735415536
21503173,1735415548
21503174,1735415560
21503175,1735415572
21503176,1735415584
21503177,1735415596
21503178,1735415608
21503179,1735415620
21503180,1735415632
21503181,1735415644
21503182,1735415656
21503183,1735415668
21503184,1735415680
21503185,1735415692
21503186,1735415704
21503187,1735415716
21503188,1735415728
21503189,1735415741
21503190,1735415753
21503191,1735415765
21503192,1735415777
21503193,1735415789
21503194,1735415801
21503195,1735415813
21503196,1735415825
21503197,1735415837
21503198,1735415849
21503199,1735415861
21503200,1735415873
21503201,1735415885
21503202,1735415897
21503203,1735415909
21503204,1735415921
21503205,1735415933
21503206,1735415946
21503207,1735415958
21503208,1735415970
21503209,1735415982
21503210,1735415994
21503211,1735416006
21503212,1735416018
21503213,1735416030
21503214,1735416042
21503215,1735416054
21503216,1735416066
21503217,1735416078
21503218,1735416090
21503219,1735416102
21503220,1735416114
21503221,1735416126
21503222,1735416138
21503223,1735416151
21503224,1735416163
21503225,1735416175
21503226,1735416187
21503227,1735416199
21503228,1735416211
21503229,1735416223
21503230,1735416235
21503231,1735416247
21503232,1735416259
21503233,1735416271
21503234,1735416283
21503235,1735416295
21503236,1735416307
21503237,1735416319
21503238,1735416331
21503239,1735416343
21503240,1735416356
21503241,1735416368
21503242,1735416380
21503243,1735416392
21503244,1735416404
21503245,1735416416
21503246,1735416428
21503247,1735416440
21503248,1735416452
21503249,1735416464
21503250,1735416476
21503251,1735416488
21503252,1735416500
21503253,1735416512
21503254,1735416524
21503255,1735416536
21503256,1735416548
21503257,1735416560
21503258,1735416573
21503259,1735416585
21503260,1735416597
21503261,1735416609
21503262,1735416621
21503263,1735416633
21503264,1735416645
21503265,1735416657
21503266,1735416669
21503267,1735416681
21503268,1735416693
21503269,1735416705
21503270,1735416717
21503271,1735416729
21503272,1735416741
21503273,1735416753
21503274,1735416765
21503275,1735416778
21503276,1735416790
21503277,1735416802
21503278,1735416814
21503279,1735416826
21503280,1735416838
21503281,1735416850
21503282,1735416862
21503283,1735416874
21503284,1735416886
21503285,1735416898
21503286,1735416910
21503287,1735416922
21503288,1735416934
21503289,1735416946
21503290,1735416958
21503291,1735416970
21503292,1735416983
21503293,1735416995
21503294,1735417007
21503295,1735417019
21503296,1735417031
21503297,1735417043
21503298,1735417055
21503299,1735417067
21503300,1735417079
21503301,1735417091
21503302,1735417103
21503303,1735417115
21503304,1735417127
21503305,1735417139
21503306,1735417151
21503307,1735417163
21503308,1735417175
21503309,1735417188
21503310,1735417200
21503311,1735417212
21503312,1735417224
21503313,1735417236
21503314,1735417248
21503315,1735417260
21503316,1735417272
21503317,1735417284
21503318,1735417296
21503319,1735417308
21503320,1735417320
21503321,1735417332
21503322,1735417344
21503323,1735417356
21503324,1735417368
21503325,1735417380
21503326,1735417393
21503327,1735417405
21503328,1735417417
21503329,1735417429
21503330,1735417441
21503331,1735417453
21503332,1735417465
21503333,1735417477
21503334,1735417489
21503335,1735417501
21503336,1735417513
21503337,1735417525
21503338,1735417537
21503339,1735417549
21503340,1735417561
21503341,1735417573
21503342,1735417585
21503343,1735417598
21503344,1735417610
21503345,1735417622
21503346,1735417634
21503347,1735417646
21503348,1735417658
21503349,1735417670
21503350,1735417682
21503351,1735417694
21503352,1735417706
21503353,1735417718
21503354,1735417730
21503355,1735417742
21503356,1735417754
21503357,1735417766
21503358,1735417778
21503359,1735417790
21503360,1735417803
21503361,1735417815
21503362,1735417827
21503363,1735417839
21503364,1735417851
21503365,1735417863
21503366,1735417875
21503367,1735417887
21503368,1735417899
21503369,1735417911
21503370,1735417923
21503371,1735417935
21503372,1735417947
21503373,1735417959
21503374,1735417971
21503375,1735417983
21503376,1735417995
21503377,1735418007
21503378,1735418020
21503379,1735418032
21503380,1735418044
21503381,1735418056
21503382,1735418068
21503383,1735418080
21503384,1735418092
21503385,1735418104
21503386,1735418116
21503387,1735418128
21503388,1735418140
21503389,1735418152
21503390,1735418164
21503391,1735418176
21503392,1735418188
21503393,1735418200
21503394,1735418212
21503395,1735418225
21503396,1735418237
21503397,1735418249
21503398,1735418261
21503399,1735418273
21503400,1735418285
21503401,1735418297
21503402,1735418309
21503403,1735418321
21503404,1735418333
21503405,1735418345
21503406,1735418357
21503407,1735418369
21503408,1735418381
21503409,1735418393
21503410,1735418405
21503411,1735418417
21503412,1735418430
21503413,1735418442
21503414,1735418454
21503415,1735418466
21503416,1735418478
21503417,1735418490
21503418,1735418502
21503419,1735418514
21503420,1735418526
21503421,1735418538
21503422,1735418550
21503423,1735418562
21503424,1735418574
21503425,1735418586
21503426,1735418598
21503427,1735418610
21503428,1735418622
21503429,1735418635
21503430,1735418647
21503431,1735418659
21503432,1735418671
21503433,1735418683
21503434,1735418695
21503435,1735418707
21503436,1735418719
21503437,1735418731
21503438,1735418743
21503439,1735418755
21503440,1735418767
21503441,1735418779
21503442,1735418791
21503443,1735418803
21503444,1735418815
21503445,1735418827
21503446,1735418840
21503447,1735418852
21503448,1735418864
21503449,1735418876
21503450,1735418888
21503451,1735418900
21503452,1735418912
21503453,1735418924
21503454,1735418936
21503455,1735418948
21503456,1735418960
21503457,1735418972
21503458,1735418984
21503459,1735418996
21503460,1735419008
21503461,1735419020
21503462,1735419032
21503463,1735419045
21503464,1735419057
21503465,1735419069
21503466,1735419081
21503467,1735419093
21503468,1735419105
21503469,1735419117
21503470,1735419129
21503471,1735419141
21503472,1735419153
21503473,1735419165
21503474,1735419177
21503475,1735419189
21503476,1735419201
21503477,1735419213
21503478,1735419225
21503479,1735419237
21503480,1735419250
21503481,1735419262
21503482,1735419274
21503483,1735419286
21503484,1735419298
21503485,1735419310
21503486,1735419322
21503487,1735419334
21503488,1735419346
21503489,1735419358
21503490,1735419370
21503491,1735419382
21503492,1735419394
21503493,1735419406
21503494,1735419418
21503495,1735419430
21503496,1735419442
21503497,1735419454
21503498,1735419467
21503499,1735419479
21503500,1735419491
21503501,1735419503
21503502,1735419515
21503503,1735419527
21503504,1735419539
21503505,1735419551
21503506,1735419563
21503507,1735419575
21503508,1735419587
21503509,1735419599
21503510,1735419611
21503511,1735419623
21503512,1735419635
21503513,1735419647
21503514,1735419659
21503515,1735419672
21503516,1735419684
21503517,1735419696
21503518,1735419708
21503519,1735419720
21503520,1735419732
21503521,1735419744
21503522,1735419756
21503523,1735419768
21503524,1735419780
21503525,1735419792
21503526,1735419804
21503527,1735419816
21503528,1735419828
21503529,1735419840
21503530,1735419852
21503531,1735419864
21503532,1735419877
21503533,1735419889
21503534,1735419901
21503535,1735419913
21503536,1735419925
21503537,1735419937
21503538,1735419949
21503539,1735419961
21503540,1735419973
21503541,1735419985
21503542,1735419997
21503543,1735420009
21503544,1735420021
21503545,1735420033
21503546,1735420045
21503547,1735420057
21503548,1735420069
21503549,1735420082
21503550,1735420094
21503551,1735420106
21503552,1735420118
21503553,1735420130
21503554,1735420142
21503555,1735420154
21503556,1735420166
21503557,1735420178
21503558,1735420190
21503559,1735420202
21503560,1735420214
21503561,1735420226
21503562,1735420238
21503563,1735420250
21503564,1735420262
21503565,1735420274
21503566,1735420287
21503567,1735420299
21503568,1735420311
21503569,1735420323
21503570,1735420335
21503571,1735420347
21503572,1735420359
21503573,1735420371
21503574,1735420383
21503575,1735420395
21503576,1735420407
21503577,1735420419
21503578,1735420431
21503579,1735420443
21503580,1735420455
21503581,1735420467
21503582,1735420479
21503583,1735420492
21503584,1735420504
21503585,1735420516
21503586,1735420528
21503587,1735420540
21503588,1735420552
21503589,1735420564
21503590,1735420576
21503591,1735420588
21503592,1735420600
21503593,1735420612
21503594,1735420624
21503595,1735420636
21503596,1735420648
21503597,1735420660
21503598,1735420672
21503599,1735420684
21503600,1735420697
21503601,1735420709
21503602,1735420721
21503603,1735420733
21503604,1735420745
21503605,1735420757
21503606,1735420769
21503607,1735420781
21503608,1735420793
21503609,1735420805
21503610,1735420817
21503611,1735420829
21503612,1735420841
21503613,1735420853
21503614,1735420865
21503615,1735420877
21503616,1735420889
21503617,1735420901
21503618,1735420914
21503619,1735420926
21503620,1735420938
21503621,1735420950
21503622,1735420962
21503623,1735420974
21503624,1735420986
21503625,1735420998
21503626,1735421010
21503627,1735421022
21503628,1735421034
21503629,1735421046
21503630,1735421058
21503631,1735421070
21503632,1735421082
21503633,1735421094
21503634,1735421106
21503635,1735421119
21503636,1735421131
21503637,1735421143
21503638,1735421155
21503639,1735421167
21503640,1735421179
21503641,1735421191
21503642,1735421203
21503643,1735421215
21503644,1735421227
21503645,1735421239
21503646,1735421251
21503647,1735421263
21503648,1735421275
21503649,1735421287
21503650,1735421299
21503651,1735421311
21503652,1735421324
21503653,1735421336
21503654,1735421348
21503655,1735421360
21503656,1735421372
21503657,1735421384
21503658,1735421396
21503659,1735421408
21503660,1735421420
21503661,1735421432
21503662,1735421444
21503663,1735421456
21503664,1735421468
21503665,1735421480
21503666,1735421492
21503667,1735421504
21503668,1735421516
21503669,1735421529
21503670,1735421541
21503671,1735421553
21503672,1735421565
21503673,1735421577
21503674,1735421589
21503675,1735421601
21503676,1735421613
21503677,1735421625
21503678,1735421637
21503679,1735421649
21503680,1735421661
21503681,1735421673
21503682,1735421685
21503683,1735421697
21503684,1735421709
21503685,1735421721
21503686,1735421734
21503687,1735421746
21503688,1735421758
21503689,1735421770
21503690,1735421782
21503691,1735421794
21503692,1735421806
21503693,1735421818
21503694,1735421830
21503695,1735421842
21503696,1735421854
21503697,1735421866
21503698,1735421878
21503699,1735421890
21503700,1735421902
21503701,1735421914
21503702,1735421926
21503703,1735421939
21503704,1735421951
21503705,1735421963
21503706,1735421975
21503707,1735421987
21503708,1735421999
21503709,1735422011
21503710,1735422023
21503711,1735422035
21503712,1735422047
21503713,1735422059
21503714,1735422071
21503715,1735422083
21503716,1735422095
21503717,1735422107
21503718,1735422119
21503719,1735422131
21503720,1735422144
21503721,1735422156
21503722,1735422168
21503723,1735422180
21503724,1735422192
21503725,1735422204
21503726,1735422216
21503727,1735422228
21503728,1735422240
21503729,1735422252
21503730,1735422264
21503731,1735422276
21503732,1735422288
21503733,1735422300
21503734,1735422312
21503735,1735422324
21503736,1735422336
21503737,1735422348
21503738,1735422361
21503739,1735422373
21503740,1735422385
21503741,1735422397
21503742,1735422409
21503743,1735422421
21503744,1735422433
21503745,1735422445
21503746,1735422457
21503747,1735422469
21503748,1735422481
21503749,1735422493
21503750,1735422505
21503751,1735422517
21503752,1735422529
21503753,1735422541
21503754,1735422553
21503755,1735422566
21503756,1735422578
21503757,1735422590
21503758,1735422602
21503759,1735422614
21503760,1735422626
21503761,1735422638
21503762,1735422650
21503763,1735422662
21503764,1735422674
21503765,1735422686
21503766,1735422698
21503767,1735422710
21503768,1735422722
21503769,1735422734
21503770,1735422746
21503771,1735422758
21503772,1735422771
21503773,1735422783
21503774,1735422795
21503775,1735422807
21503776,1735422819
21503777,1735422831
21503778,1735422843
21503779,1735422855
21503780,1735422867
21503781,1735422879
21503782,1735422891
21503783,1735422903
21503784,1735422915
21503785,1735422927
21503786,1735422939
21503787,1735422951
21503788,1735422963
21503789,1735422976
21503790,1735422988
21503791,1735423000
21503792,1735423012
21503793,1735423024
21503794,1735423036
21503795,1735423048
21503796,1735423060
21503797,1735423072
21503798,1735423084
21503799,1735423096
21503800,1735423108
21503801,1735423120
21503802,1735423132
21503803,1735423144
21503804,1735423156
21503805,1735423168
21503806,1735423181
21503807,1735423193
21503808,1735423205
21503809,1735423217
21503810,1735423229
21503811,1735423241
21503812,1735423253
21503813,1735423265
21503814,1735423277
21503815,1735423289
21503816,1735423301
21503817,1735423313
21503818,1735423325
21503819,1735423337
21503820,1735423349
21503821,1735423361
21503822,1735423373
21503823,1735423386
21503824,1735423398
21503825,1735423410
21503826,1735423422
21503827,1735423434
21503828,1735423446
21503829,1735423458
21503830,1735423470
21503831,1735423482
21503832,1735423494
21503833,1735423506
21503834,1735423518
21503835,1735423530
21503836,1735423542
21503837,1735423554
21503838,1735423566
21503839,1735423578
21503840,1735423591
21503841,1735423603
21503842,1735423615
21503843,1735423627
21503844,1735423639
21503845,1735423651
21503846,1735423663
21503847,1735423675
21503848,1735423687
21503849,1735423699
21503850,1735423711
21503851,1735423723
21503852,1735423735
21503853,1735423747
21503854,1735423759
21503855,1735423771
21503856,1735423783
21503857,1735423795
21503858,1735423808
21503859,1735423820
21503860,1735423832
21503861,1735423844
21503862,1735423856
21503863,1735423868
21503864,1735423880
21503865,1735423892
21503866,1735423904
21503867,1735423916
21503868,1735423928
21503869,1735423940
21503870,1735423952
21503871,1735423964
21503872,1735423976
21503873,1735423988
21503874,1735424000
21503875,1735424013
21503876,1735424025
21503877,1735424037
21503878,1735424049
21503879,1735424061
21503880,1735424073
21503881,1735424085
21503882,1735424097
21503883,1735424109
21503884,1735424121
21503885,1735424133
21503886,1735424145
21503887,1735424157
21503888,1735424169
21503889,1735424181
21503890,1735424193
21503891,1735424205
21503892,1735424218
21503893,1735424230
21503894,1735424242
21503895,1735424254
21503896,1735424266
21503897,1735424278
21503898,1735424290
21503899,1735424302
21503900,1735424314
21503901,1735424326
21503902,1735424338
21503903,1735424350
21503904,1735424362
21503905,1735424374
21503906,1735424386
21503907,1735424398
21503908,1735424410
21503909,1735424423
21503910,1735424435
21503911,1735424447
21503912,1735424459
21503913,1735424471
21503914,1735424483
21503915,1735424495
21503916,1735424507
21503917,1735424519
21503918,1735424531
21503919,1735424543
21503920,1735424555
21503921,1735424567
21503922,1735424579
21503923,1735424591
21503924,1735424603
21503925,1735424615
21503926,1735424628
21503927,1735424640
21503928,1735424652
21503929,1735424664
21503930,1735424676
21503931,1735424688
21503932,1735424700
21503933,1735424712
21503934,1735424724
21503935,1735424736
21503936,1735424748
21503937,1735424760
21503938,1735424772
21503939,1735424784
21503940,1735424796
21503941,1735424808
21503942,1735424820
21503943,1735424833
21503944,1735424845
21503945,1735424857
21503946,1735424869
21503947,1735424881
21503948,1735424893
21503949,1735424905
21503950,1735424917
21503951,1735424929
21503952,1735424941
21503953,1735424953
21503954,1735424965
21503955,1735424977
21503956,1735424989
21503957,1735425001
21503958,1735425013
21503959,1735425025
21503960,1735425038
21503961,1735425050
21503962,1735425062
21503963,1735425074
21503964,1735425086
21503965,1735425098
21503966,1735425110
21503967,1735425122
21503968,1735425134
21503969,1735425146
21503970,1735425158
21503971,1735425170
21503972,1735425182
21503973,1735425194
21503974,1735425206
21503975,1735425218
21503976,1735425230
21503977,1735425242
21503978,1735425255
21503979,1735425267
21503980,1735425279
21503981,1735425291
21503982,1735425303
21503983,1735425315
21503984,1735425327
21503985,1735425339
21503986,1735425351
21503987,1735425363
21503988,1735425375
21503989,1735425387
21503990,1735425399
21503991,1735425411
21503992,1735425423
21503993,1735425435
21503994,1735425447
21503995,1735425460
21503996,1735425472
21503997,1735425484
21503998,1735425496
21503999,1735425508
21504000,1735425520
21504001,1735425532
21504002,1735425544
21504003,1735425556
21504004,1735425568
21504005,1735425580
21504006,1735425592
21504007,1735425604
21504008,1735425616
21504009,1735425628
21504010,1735425640
21504011,1735425652
21504012,1735425665
21504013,1735425677
21504014,1735425689
21504015,1735425701
21504016,1735425713
21504017,1735425725
21504018,1735425737
21504019,1735425749
21504020,1735425761
21504021,1735425773
21504022,1735425785
21504023,1735425797
21504024,1735425809
21504025,1735425821
21504026,1735425833
21504027,1735425845
21504028,1735425857
21504029,1735425870
21504030,1735425882
21504031,1735425894
21504032,1735425906
21504033,1735425918
21504034,1735425930
21504035,1735425942
21504036,1735425954
21504037,1735425966
21504038,1735425978
21504039,1735425990
21504040,1735426002
21504041,1735426014
21504042,1735426026
21504043,1735426038
21504044,1735426050
21504045,1735426062
21504046,1735426075
21504047,1735426087
21504048,1735426099
21504049,1735426111
21504050,1735426123
21504051,1735426135
21504052,1735426147
21504053,1735426159
21504054,1735426171
21504055,1735426183
21504056,1735426195
21504057,1735426207
21504058,1735426219
21504059,1735426231
21504060,1735426243
21504061,1735426255
21504062,1735426267
21504063,1735426280
21504064,1735426292
21504065,1735426304
21504066,1735426316
21504067,1735426328
21504068,1735426340
21504069,1735426352
21504070,1735426364
21504071,1735426376
21504072,1735426388
21504073,1735426400
21504074,1735426412
21504075,1735426424
21504076,1735426436
21504077,1735426448
21504078,1735426460
21504079,1735426472
21504080,1735426485
21504081,1735426497
21504082,1735426509
21504083,1735426521
21504084,1735426533
21504085,1735426545
21504086,1735426557
21504087,1735426569
21504088,1735426581
21504089,1735426593
21504090,1735426605
21504091,1735426617
21504092,1735426629
21504093,1735426641
21504094,1735426653
21504095,1735426665
21504096,1735426677
21504097,1735426689
21504098,1735426702
21504099,1735426714
21504100,1735426726
21504101,1735426738
21504102,1735426750
21504103,1735426762
21504104,1735426774
21504105,1735426786
21504106,1735426798
21504107,1735426810
21504108,1735426822
21504109,1735426834
21504110,1735426846
21504111,1735426858
21504112,1735426870
21504113,1735426882
21504114,1735426894
21504115,1735426907
21504116,1735426919
21504117,1735426931
21504118,1735426943
21504119,1735426955
21504120,1735426967
21504121,1735426979
21504122,1735426991
21504123,1735427003
21504124,1735427015
21504125,1735427027
21504126,1735427039
21504127,1735427051
21504128,1735427063
21504129,1735427075
21504130,1735427087
21504131,1735427099
21504132,1735427112
21504133,1735427124
21504134,1735427136
21504135,1735427148
21504136,1735427160
21504137,1735427172
21504138,1735427184
21504139,1735427196
21504140,1735427208
21504141,1735427220
21504142,1735427232
21504143,1735427244
21504144,1735427256
21504145,1735427268
21504146,1735427280
21504147,1735427292
21504148,1735427304
21504149,1735427317
21504150,1735427329
21504151,1735427341
21504152,1735427353
21504153,1735427365
21504154,1735427377
21504155,1735427389
21504156,1735427401
21504157,1735427413
21504158,1735427425
21504159,1735427437
21504160,1735427449
21504161,1735427461
21504162,1735427473
21504163,1735427485
21504164,1735427497
21504165,1735427509
21504166,1735427522
21504167,1735427534
21504168,1735427546
21504169,1735427558
21504170,1735427570
21504171,1735427582
21504172,1735427594
21504173,1735427606
21504174,1735427618
21504175,1735427630
21504176,1735427642
21504177,1735427654
21504178,1735427666
21504179,1735427678
21504180,1735427690
21504181,1735427702
21504182,1735427714
21504183,1735427727
21504184,1735427739
21504185,1735427751
21504186,1735427763
21504187,1735427775
21504188,1735427787
21504189,1735427799
21504190,1735427811
21504191,1735427823
21504192,1735427835
21504193,1735427847
21504194,1735427859
21504195,1735427871
21504196,1735427883
21504197,1735427895
21504198,1735427907
21504199,1735427919
21504200,1735427932
21504201,1735427944
21504202,1735427956
21504203,1735427968
21504204,1735427980
21504205,1735427992
21504206,1735428004
21504207,1735428016
21504208,1735428028
21504209,1735428040
21504210,1735428052
21504211,1735428064
21504212,1735428076
21504213,1735428088
21504214,1735428100
21504215,1735428112
21504216,1735428124
21504217,1735428136
21504218,1735428149
21504219,1735428161
21504220,1735428173
21504221,1735428185
21504222,1735428197
21504223,1735428209
21504224,1735428221
21504225,1735428233
21504226,1735428245
21504227,1735428257
21504228,1735428269
21504229,1735428281
21504230,1735428293
21504231,1735428305
21504232,1735428317
21504233,1735428329
21504234,1735428341
21504235,1735428354
21504236,1735428366
21504237,1735428378
21504238,1735428390
21504239,1735428402
21504240,1735428414
21504241,1735428426
21504242,1735428438
21504243,1735428450
21504244,1735428462
21504245,1735428474
21504246,1735428486
21504247,1735428498
21504248,1735428510
21504249,1735428522
21504250,1735428534
21504251,1735428546
21504252,1735428559
21504253,1735428571
21504254,1735428583
21504255,1735428595
21504256,1735428607
21504257,1735428619
21504258,1735428631
21504259,1735428643
21504260,1735428655
21504261,1735428667
21504262,1735428679
21504263,1735428691
21504264,1735428703
21504265,1735428715
21504266,1735428727
21504267,1735428739
21504268,1735428751
21504269,1735428764
21504270,1735428776
21504271,1735428788
21504272,1735428800
21504273,1735428812
21504274,1735428824
21504275,1735428836
21504276,1735428848
21504277,1735428860
21504278,1735428872
21504279,1735428884
21504280,1735428896
21504281,1735428908
21504282,1735428920
21504283,1735428932
21504284,1735428944
21504285,1735428956
21504286,1735428969
21504287,1735428981
21504288,1735428993
21504289,1735429005
21504290,1735429017
21504291,1735429029
21504292,1735429041
21504293,1735429053
21504294,1735429065
21504295,1735429077
21504296,1735429089
21504297,1735429101
21504298,1735429113
21504299,1735429125
21504300,1735429137
21504301,1735429149
21504302,1735429161
21504303,1735429174
21504304,1735429186
21504305,1735429198
21504306,1735429210
21504307,1735429222
21504308,1735429234
21504309,1735429246
21504310,1735429258
21504311,1735429270
21504312,1735429282
21504313,1735429294
21504314,1735429306
21504315,1735429318
21504316,1735429330
21504317,1735429342
21504318,1735429354
21504319,1735429366
21504320,1735429379
21504321,1735429391
21504322,1735429403
21504323,1735429415
21504324,1735429427
21504325,1735429439
21504326,1735429451
21504327,1735429463
21504328,1735429475
21504329,1735429487
21504330,1735429499
21504331,1735429511
21504332,1735429523
21504333,1735429535
21504334,1735429547
21504335,1735429559
21504336,1735429571
21504337,1735429583
21504338,1735429596
21504339,1735429608
21504340,1735429620
21504341,1735429632
21504342,1735429644
21504343,1735429656
21504344,1735429668
21504345,1735429680
21504346,1735429692
21504347,1735429704
21504348,1735429716
21504349,1735429728
21504350,1735429740
21504351,1735429752
21504352,1735429764
21504353,1735429776
21504354,1735429788
21504355,1735429801
21504356,1735429813
21504357,1735429825
21504358,1735429837
21504359,1735429849
21504360,1735429861
21504361,1735429873
21504362,1735429885
21504363,1735429897
21504364,1735429909
21504365,1735429921
21504366,1735429933
21504367,1735429945
21504368,1735429957
21504369,1735429969
21504370,1735429981
21504371,1735429993
21504372,1735430006
21504373,1735430018
21504374,1735430030
21504375,1735430042
21504376,1735430054
21504377,1735430066
21504378,1735430078
21504379,1735430090
21504380,1735430102
21504381,1735430114
21504382,1735430126
21504383,1735430138
21504384,1735430150
21504385,1735430162
21504386,1735430174
21504387,1735430186
21504388,1735430198
21504389,1735430211
21504390,1735430223
21504391,1735430235
21504392,1735430247
21504393,1735430259
21504394,1735430271
21504395,1735430283
21504396,1735430295
21504397,1735430307
21504398,1735430319
21504399,1735430331
21504400,1735430343
21504401,1735430355
21504402,1735430367
21504403,1735430379
21504404,1735430391
21504405,1735430403
21504406,1735430416
21504407,1735430428
21504408,1735430440
21504409,1735430452
21504410,1735430464
21504411,1735430476
21504412,1735430488
21504413,1735430500
21504414,1735430512
21504415,1735430524
21504416,1735430536
21504417,1735430548
21504418,1735430560
21504419,1735430572
21504420,1735430584
21504421,1735430596
21504422,1735430608
21504423,1735430621
21504424,1735430633
21504425,1735430645
21504426,1735430657
21504427,1735430669
21504428,1735430681
21504429,1735430693
21504430,1735430705
21504431,1735430717
21504432,1735430729
21504433,1735430741
21504434,1735430753
21504435,1735430765
21504436,1735430777
21504437,1735430789
21504438,1735430801
21504439,1735430813
21504440,1735430826
21504441,1735430838
21504442,1735430850
21504443,1735430862
21504444,1735430874
21504445,1735430886
21504446,1735430898
21504447,1735430910
21504448,1735430922
21504449,1735430934
21504450,1735430946
21504451,1735430958
21504452,1735430970
21504453,1735430982
21504454,1735430994
21504455,1735431006
21504456,1735431018
21504457,1735431030
21504458,1735431043
21504459,1735431055
21504460,1735431067
21504461,1735431079
21504462,1735431091
21504463,1735431103
21504464,1735431115
21504465,1735431127
21504466,1735431139
21504467,1735431151
21504468,1735431163
21504469,1735431175
21504470,1735431187
21504471,1735431199
21504472,1735431211
21504473,1735431223
21504474,1735431235
21504475,1735431248
21504476,1735431260
21504477,1735431272
21504478,1735431284
21504479,1735431296
21504480,1735431308
21504481,1735431320
21504482,1735431332
21504483,1735431344
21504484,1735431356
21504485,1735431368
21504486,1735431380
21504487,1735431392
21504488,1735431404
21504489,1735431416
21504490,1735431428
21504491,1735431440
21504492,1735431453
21504493,1735431465
21504494,1735431477
21504495,1735431489
21504496,1735431501
21504497,1735431513
21504498,1735431525
21504499,1735431537
21504500,1735431549
21504501,1735431561
21504502,1735431573
21504503,1735431585
21504504,1735431597
21504505,1735431609
21504506,1735431621
21504507,1735431633
21504508,1735431645
21504509,1735431658
21504510,1735431670
21504511,1735431682
21504512,1735431694
21504513,1735431706
21504514,1735431718
21504515,1735431730
21504516,1735431742
21504517,1735431754
21504518,1735431766
21504519,1735431778
21504520,1735431790
21504521,1735431802
21504522,1735431814
21504523,1735431826
21504524,1735431838
21504525,1735431850
21504526,1735431863
21504527,1735431875
21504528,1735431887
21504529,1735431899
21504530,1735431911
21504531,1735431923
21504532,1735431935
21504533,1735431947
21504534,1735431959
21504535,1735431971
21504536,1735431983
21504537,1735431995
21504538,1735432007
21504539,1735432019
21504540,1735432031
21504541,1735432043
21504542,1735432055
21504543,1735432068
21504544,1735432080
21504545,1735432092
21504546,1735432104
21504547,1735432116
21504548,1735432128
21504549,1735432140
21504550,1735432152
21504551,1735432164
21504552,1735432176
21504553,1735432188
21504554,1735432200
21504555,1735432212
21504556,1735432224
21504557,1735432236
21504558,1735432248
21504559,1735432260
21504560,1735432273
21504561,1735432285
21504562,1735432297
21504563,1735432309
21504564,1735432321
21504565,1735432333
21504566,1735432345
21504567,1735432357
21504568,1735432369
21504569,1735432381
21504570,1735432393
21504571,1735432405
21504572,1735432417
21504573,1735432429
21504574,1735432441
21504575,1735432453
21504576,1735432465
21504577,1735432477
21504578,1735432490
21504579,1735432502
21504580,1735432514
21504581,1735432526
21504582,1735432538
21504583,1735432550
21504584,1735432562
21504585,1735432574
21504586,1735432586
21504587,1735432598
21504588,1735432610
21504589,1735432622
21504590,1735432634
21504591,1735432646
21504592,1735432658
21504593,1735432670
21504594,1735432682
21504595,1735432695
21504596,1735432707
21504597,1735432719
21504598,1735432731
21504599,1735432743
21504600,1735432755
21504601,1735432767
21504602,1735432779
21504603,1735432791
21504604,1735432803
21504605,1735432815
21504606,1735432827
21504607,1735432839
21504608,1735432851
21504609,1735432863
21504610,1735432875
21504611,1735432887
21504612,1735432900
21504613,1735432912
21504614,1735432924
21504615,1735432936
21504616,1735432948
21504617,1735432960
21504618,1735432972
21504619,1735432984
21504620,1735432996
21504621,1735433008
21504622,1735433020
21504623,1735433032
21504624,1735433044
21504625,1735433056
21504626,1735433068
21504627,1735433080
21504628,1735433092
21504629,1735433105
21504630,1735433117
21504631,1735433129
21504632,1735433141
21504633,1735433153
21504634,1735433165
21504635,1735433177
21504636,1735433189
21504637,1735433201
21504638,1735433213
21504639,1735433225
21504640,1735433237
21504641,1735433249
21504642,1735433261
21504643,1735433273
21504644,1735433285
21504645,1735433297
21504646,1735433310
21504647,1735433322
21504648,1735433334
21504649,1735433346
21504650,1735433358
21504651,1735433370
21504652,1735433382
21504653,1735433394
21504654,1735433406
21504655,1735433418
21504656,1735433430
21504657,1735433442
21504658,1735433454
21504659,1735433466
21504660,1735433478
21504661,1735433490
21504662,1735433502
21504663,1735433515
21504664,1735433527
21504665,1735433539
21504666,1735433551
21504667,1735433563
21504668,1735433575
21504669,1735433587
21504670,1735433599
21504671,1735433611
21504672,1735433623
21504673,1735433635
21504674,1735433647
21504675,1735433659
21504676,1735433671
21504677,1735433683
21504678,1735433695
21504679,1735433707
21504680,1735433720
21504681,1735433732
21504682,1735433744
21504683,1735433756
21504684,1735433768
21504685,1735433780
21504686,1735433792
21504687,1735433804
21504688,1735433816
21504689,1735433828
21504690,1735433840
21504691,1735433852
21504692,1735433864
21504693,1735433876
21504694,1735433888
21504695,1735433900
21504696,1735433912
21504697,1735433924
21504698,1735433937
21504699,1735433949
21504700,1735433961
21504701,1735433973
21504702,1735433985
21504703,1735433997
21504704,1735434009
21504705,1735434021
21504706,1735434033
21504707,1735434045
21504708,1735434057
21504709,1735434069
21504710,1735434081
21504711,1735434093
21504712,1735434105
21504713,1735434117
21504714,1735434129
21504715,1735434142
21504716,1735434154
21504717,1735434166
21504718,1735434178
21504719,1735434190
21504720,1735434202
21504721,1735434214
21504722,1735434226
21504723,1735434238
21504724,1735434250
21504725,1735434262
21504726,1735434274
21504727,1735434286
21504728,1735434298
21504729,1735434310
21504730,1735434322
21504731,1735434334
21504732,1735434347
21504733,1735434359
21504734,1735434371
21504735,1735434383
21504736,1735434395
21504737,1735434407
21504738,1735434419
21504739,1735434431
21504740,1735434443
21504741,1735434455
21504742,1735434467
21504743,1735434479
21504744,1735434491
21504745,1735434503
21504746,1735434515
21504747,1735434527
21504748,1735434539
21504749,1735434552
21504750,1735434564
21504751,1735434576
21504752,1735434588
21504753,1735434600
21504754,1735434612
21504755,1735434624
21504756,1735434636
21504757,1735434648
21504758,1735434660
21504759,1735434672
21504760,1735434684
21504761,1735434696
21504762,1735434708
21504763,1735434720
21504764,1735434732
21504765,1735434744
21504766,1735434757
21504767,1735434769
21504768,1735434781
21504769,1735434793
21504770,1735434805
21504771,1735434817
21504772,1735434829
21504773,1735434841
21504774,1735434853
21504775,1735434865
21504776,1735434877
21504777,1735434889
21504778,1735434901
21504779,1735434913
21504780,1735434925
21504781,1735434937
21504782,1735434949
21504783,1735434962
21504784,1735434974
21504785,1735434986
21504786,1735434998
21504787,1735435010
21504788,1735435022
21504789,1735435034
21504790,1735435046
21504791,1735435058
21504792,1735435070
21504793,1735435082
21504794,1735435094
21504795,1735435106
21504796,1735435118
21504797,1735435130
21504798,1735435142
21504799,1735435154
21504800,1735435167
21504801,1735435179
21504802,1735435191
21504803,1735435203
21504804,1735435215
21504805,1735435227
21504806,1735435239
21504807,1735435251
21504808,1735435263
21504809,1735435275
21504810,1735435287
21504811,1735435299
21504812,1735435311
21504813,1735435323
21504814,1735435335
21504815,1735435347
21504816,1735435359
21504817,1735435371
21504818,1735435384
21504819,1735435396
21504820,1735435408
21504821,1735435420
21504822,1735435432
21504823,1735435444
21504824,1735435456
21504825,1735435468
21504826,1735435480
21504827,1735435492
21504828,1735435504
21504829,1735435516
21504830,1735435528
21504831,1735435540
21504832,1735435552
21504833,1735435564
21504834,1735435576
21504835,1735435589
21504836,1735435601
21504837,1735435613
21504838,1735435625
21504839,1735435637
21504840,1735435649
21504841,1735435661
21504842,1735435673
21504843,1735435685
21504844,1735435697
21504845,1735435709
21504846,1735435721
21504847,1735435733
21504848,1735435745
21504849,1735435757
21504850,1735435769
21504851,1735435781
21504852,1735435794
21504853,1735435806
21504854,1735435818
21504855,1735435830
21504856,1735435842
21504857,1735435854
21504858,1735435866
21504859,1735435878
21504860,1735435890
21504861,1735435902
21504862,1735435914
21504863,1735435926
21504864,1735435938
21504865,1735435950
21504866,1735435962
21504867,1735435974
21504868,1735435986
21504869,1735435999
21504870,1735436011
21504871,1735436023
21504872,1735436035
21504873,1735436047
21504874,1735436059
21504875,1735436071
21504876,1735436083
21504877,1735436095
21504878,1735436107
21504879,1735436119
21504880,1735436131
21504881,1735436143
21504882,1735436155
21504883,1735436167
21504884,1735436179
21504885,1735436191
21504886,1735436204
21504887,1735436216
21504888,1735436228
21504889,1735436240
21504890,1735436252
21504891,1735436264
21504892,1735436276
21504893,1735436288
21504894,1735436300
21504895,1735436312
21504896,1735436324
21504897,1735436336
21504898,1735436348
21504899,1735436360
21504900,1735436372
21504901,1735436384
21504902,1735436396
21504903,1735436409
21504904,1735436421
21504905,1735436433
21504906,1735436445
21504907,1735436457
21504908,1735436469
21504909,1735436481
21504910,1735436493
21504911,1735436505
21504912,1735436517
21504913,1735436529
21504914,1735436541
21504915,1735436553
21504916,1735436565
21504917,1735436577
21504918,1735436589
21504919,1735436601
21504920,1735436614
21504921,1735436626
21504922,1735436638
21504923,1735436650
21504924,1735436662
21504925,1735436674
21504926,1735436686
21504927,1735436698
21504928,1735436710
21504929,1735436722
21504930,1735436734
21504931,1735436746
21504932,1735436758
21504933,1735436770
21504934,1735436782
21504935,1735436794
21504936,1735436806
21504937,1735436818
21504938,1735436831
21504939,1735436843
21504940,1735436855
21504941,1735436867
21504942,1735436879
21504943,1735436891
21504944,1735436903
21504945,1735436915
21504946,1735436927
21504947,1735436939
21504948,1735436951
21504949,1735436963
21504950,1735436975
21504951,1735436987
21504952,1735436999
21504953,1735437011
21504954,1735437023
21504955,1735437036
21504956,1735437048
21504957,1735437060
21504958,1735437072
21504959,1735437084
21504960,1735437096
21504961,1735437108
21504962,1735437120
21504963,1735437132
21504964,1735437144
21504965,1735437156
21504966,1735437168
21504967,1735437180
21504968,1735437192
21504969,1735437204
21504970,1735437216
21504971,1735437228
21504972,1735437241
21504973,1735437253
21504974,1735437265
21504975,1735437277
21504976,1735437289
21504977,1735437301
21504978,1735437313
21504979,1735437325
21504980,1735437337
21504981,1735437349
21504982,1735437361
21504983,1735437373
21504984,1735437385
21504985,1735437397
21504986,1735437409
21504987,1735437421
21504988,1735437433
21504989,1735437446
21504990,1735437458
21504991,1735437470
21504992,1735437482
21504993,1735437494
21504994,1735437506
21504995,1735437518
21504996,1735437530
21504997,1735437542
21504998,1735437554
21504999,1735437566
21505000,1735437578
21505001,1735437590
21505002,1735437602
21505003,1735437614
21505004,1735437626
21505005,1735437638
21505006,1735437651
21505007,1735437663
21505008,1735437675
21505009,1735437687
21505010,1735437699
21505011,1735437711
21505012,1735437723
21505013,1735437735
21505014,1735437747
21505015,1735437759
21505016,1735437771
21505017,1735437783
21505018,1735437795
21505019,1735437807
21505020,1735437819
21505021,1735437831
21505022,1735437843
21505023,1735437856
21505024,1735437868
21505025,1735437880
21505026,1735437892
21505027,1735437904
21505028,1735437916
21505029,1735437928
21505030,1735437940
21505031,1735437952
21505032,1735437964
21505033,1735437976
21505034,1735437988
21505035,1735438000
21505036,1735438012
21505037,1735438024
21505038,1735438036
21505039,1735438048
21505040,1735438061
21505041,1735438073
21505042,1735438085
21505043,1735438097
21505044,1735438109
21505045,1735438121
21505046,1735438133
21505047,1735438145
21505048,1735438157
21505049,1735438169
21505050,1735438181
21505051,1735438193
21505052,1735438205
21505053,1735438217
21505054,1735438229
21505055,1735438241
21505056,1735438253
21505057,1735438265
21505058,1735438278
21505059,1735438290
21505060,1735438302
21505061,1735438314
21505062,1735438326
21505063,1735438338
21505064,1735438350
21505065,1735438362
21505066,1735438374
21505067,1735438386
21505068,1735438398
21505069,1735438410
21505070,1735438422
21505071,1735438434
21505072,1735438446
21505073,1735438458
21505074,1735438470
21505075,1735438483
21505076,1735438495
21505077,1735438507
21505078,1735438519
21505079,1735438531
21505080,1735438543
21505081,1735438555
21505082,1735438567
21505083,1735438579
21505084,1735438591
21505085,1735438603
21505086,1735438615
21505087,1735438627
21505088,1735438639
21505089,1735438651
21505090,1735438663
21505091,1735438675
21505092,1735438688
21505093,1735438700
21505094,1735438712
21505095,1735438724
21505096,1735438736
21505097,1735438748
21505098,1735438760
21505099,1735438772
21505100,1735438784
21505101,1735438796
21505102,1735438808
21505103,1735438820
21505104,1735438832
21505105,1735438844
21505106,1735438856
21505107,1735438868
21505108,1735438880
21505109,1735438893
21505110,1735438905
21505111,1735438917
21505112,1735438929
21505113,1735438941
21505114,1735438953
21505115,1735438965
21505116,1735438977
21505117,1735438989
21505118,1735439001
21505119,1735439013
21505120,1735439025
21505121,1735439037
21505122,1735439049
21505123,1735439061
21505124,1735439073
21505125,1735439085
21505126,1735439098
21505127,1735439110
21505128,1735439122
21505129,1735439134
21505130,1735439146
21505131,1735439158
21505132,1735439170
21505133,1735439182
21505134,1735439194
21505135,1735439206
21505136,1735439218
21505137,1735439230
21505138,1735439242
21505139,1735439254
21505140,1735439266
21505141,1735439278
21505142,1735439290
21505143,1735439303
21505144,1735439315
21505145,1735439327
21505146,1735439339
21505147,1735439351
21505148,1735439363
21505149,1735439375
21505150,1735439387
21505151,1735439399
21505152,1735439411
21505153,1735439423
21505154,1735439435
21505155,1735439447
21505156,1735439459
21505157,1735439471
21505158,1735439483
21505159,1735439495
21505160,1735439508
21505161,1735439520
21505162,1735439532
21505163,1735439544
21505164,1735439556
21505165,1735439568
21505166,1735439580
21505167,1735439592
21505168,1735439604
21505169,1735439616
21505170,1735439628
21505171,1735439640
21505172,1735439652
21505173,1735439664
21505174,1735439676
21505175,1735439688
21505176,1735439700
21505177,1735439712
21505178,1735439725
21505179,1735439737
21505180,1735439749
21505181,1735439761
21505182,1735439773
21505183,1735439785
21505184,1735439797
21505185,1735439809
21505186,1735439821
21505187,1735439833
21505188,1735439845
21505189,1735439857
21505190,1735439869
21505191,1735439881
21505192,1735439893
21505193,1735439905
21505194,1735439917
21505195,1735439930
21505196,1735439942
21505197,1735439954
21505198,1735439966
21505199,1735439978
21505200,1735439990
21505201,1735440002
21505202,1735440014
21505203,1735440026
21505204,1735440038
21505205,1735440050
21505206,1735440062
21505207,1735440074
21505208,1735440086
21505209,1735440098
21505210,1735440110
21505211,1735440122
21505212,1735440135
21505213,1735440147
21505214,1735440159
21505215,1735440171
21505216,1735440183
21505217,1735440195
21505218,1735440207
21505219,1735440219
21505220,1735440231
21505221,1735440243
21505222,1735440255
21505223,1735440267
21505224,1735440279
21505225,1735440291
21505226,1735440303
21505227,1735440315
21505228,1735440327
21505229,1735440340
21505230,1735440352
21505231,1735440364
21505232,1735440376
21505233,1735440388
21505234,1735440400
21505235,1735440412
21505236,1735440424
21505237,1735440436
21505238,1735440448
21505239,1735440460
21505240,1735440472
21505241,1735440484
21505242,1735440496
21505243,1735440508
21505244,1735440520
21505245,1735440532
21505246,1735440545
21505247,1735440557
21505248,1735440569
21505249,1735440581
21505250,1735440593
21505251,1735440605
21505252,1735440617
21505253,1735440629
21505254,1735440641
21505255,1735440653
21505256,1735440665
21505257,1735440677
21505258,1735440689
21505259,1735440701
21505260,1735440713
21505261,1735440725
21505262,1735440737
21505263,1735440750
21505264,1735440762
21505265,1735440774
21505266,1735440786
21505267,1735440798
21505268,1735440810
21505269,1735440822
21505270,1735440834
21505271,1735440846
21505272,1735440858
21505273,1735440870
21505274,1735440882
21505275,1735440894
21505276,1735440906
21505277,1735440918
21505278,1735440930
21505279,1735440942
21505280,1735440955
21505281,1735440967
21505282,1735440979
21505283,1735440991
21505284,1735441003
21505285,1735441015
21505286,1735441027
21505287,1735441039
21505288,1735441051
21505289,1735441063
21505290,1735441075
21505291,1735441087
21505292,1735441099
21505293,1735441111
21505294,1735441123
21505295,1735441135
21505296,1735441147
21505297,1735441159
21505298,1735441172
21505299,1735441184
21505300,1735441196
21505301,1735441208
21505302,1735441220
21505303,1735441232
21505304,1735441244
21505305,1735441256
21505306,1735441268
21505307,1735441280
21505308,1735441292
21505309,1735441304
21505310,1735441316
21505311,1735441328
21505312,1735441340
21505313,1735441352
21505314,1735441364
21505315,1735441377
21505316,1735441389
21505317,1735441401
21505318,1735441413
21505319,1735441425
21505320,1735441437
21505321,1735441449
21505322,1735441461
21505323,1735441473
21505324,1735441485
21505325,1735441497
21505326,1735441509
21505327,1735441521
21505328,1735441533
21505329,1735441545
21505330,1735441557
21505331,1735441569
21505332,1735441582
21505333,1735441594
21505334,1735441606
21505335,1735441618
21505336,1735441630
21505337,1735441642
21505338,1735441654
21505339,1735441666
21505340,1735441678
21505341,1735441690
21505342,1735441702
21505343,1735441714
21505344,1735441726
21505345,1735441738
21505346,1735441750
21505347,1735441762
21505348,1735441774
21505349,1735441787
21505350,1735441799
21505351,1735441811
21505352,1735441823
21505353,1735441835
21505354,1735441847
21505355,1735441859
21505356,1735441871
21505357,1735441883
21505358,1735441895
21505359,1735441907
21505360,1735441919
21505361,1735441931
21505362,1735441943
21505363,1735441955
21505364,1735441967
21505365,1735441979
21505366,1735441992
21505367,1735442004
21505368,1735442016
21505369,1735442028
21505370,1735442040
21505371,1735442052
21505372,1735442064
21505373,1735442076
21505374,1735442088
21505375,1735442100
21505376,1735442112
21505377,1735442124
21505378,1735442136
21505379,1735442148
21505380,1735442160
21505381,1735442172
21505382,1735442184
21505383,1735442197
21505384,1735442209
21505385,1735442221
21505386,1735442233
21505387,1735442245
21505388,1735442257
21505389,1735442269
21505390,1735442281
21505391,1735442293
21505392,1735442305
21505393,1735442317
21505394,1735442329
21505395,1735442341
21505396,1735442353
21505397,1735442365
21505398,1735442377
21505399,1735442389
21505400,1735442402
21505401,1735442414
21505402,1735442426
21505403,1735442438
21505404,1735442450
21505405,1735442462
21505406,1735442474
21505407,1735442486
21505408,1735442498
21505409,1735442510
21505410,1735442522
21505411,1735442534
21505412,1735442546
21505413,1735442558
21505414,1735442570
21505415,1735442582
21505416,1735442594
21505417,1735442606
21505418,1735442619
21505419,1735442631
21505420,1735442643
21505421,1735442655
21505422,1735442667
21505423,1735442679
21505424,1735442691
21505425,1735442703
21505426,1735442715
21505427,1735442727
21505428,1735442739
21505429,1735442751
21505430,1735442763
21505431,1735442775
21505432,1735442787
21505433,1735442799
21505434,1735442811
21505435,1735442824
21505436,1735442836
21505437,1735442848
21505438,1735442860
21505439,1735442872
21505440,1735442884
21505441,1735442896
21505442,1735442908
21505443,1735442920
21505444,1735442932
21505445,1735442944
21505446,1735442956
21505447,1735442968
21505448,1735442980
21505449,1735442992
21505450,1735443004
21505451,1735443016
21505452,1735443029
21505453,1735443041
21505454,1735443053
21505455,1735443065
21505456,1735443077
21505457,1735443089
21505458,1735443101
21505459,1735443113
21505460,1735443125
21505461,1735443137
21505462,1735443149
21505463,1735443161
21505464,1735443173
21505465,1735443185
21505466,1735443197
21505467,1735443209
21505468,1735443221
21505469,1735443234
21505470,1735443246
21505471,1735443258
21505472,1735443270
21505473,1735443282
21505474,1735443294
21505475,1735443306
21505476,1735443318
21505477,1735443330
21505478,1735443342
21505479,1735443354
21505480,1735443366
21505481,1735443378
21505482,1735443390
21505483,1735443402
21505484,1735443414
21505485,1735443426
21505486,1735443439
21505487,1735443451
21505488,1735443463
21505489,1735443475
21505490,1735443487
21505491,1735443499
21505492,1735443511
21505493,1735443523
21505494,1735443535
21505495,1735443547
21505496,1735443559
21505497,1735443571
21505498,1735443583
21505499,1735443595
21505500,1735443607
21505501,1735443619
21505502,1735443631
21505503,1735443644
21505504,1735443656
21505505,1735443668
21505506,1735443680
21505507,1735443692
21505508,1735443704
21505509,1735443716
21505510,1735443728
21505511,1735443740
21505512,1735443752
21505513,1735443764
21505514,1735443776
21505515,1735443788
21505516,1735443800
21505517,1735443812
21505518,1735443824
21505519,1735443836
21505520,1735443849
21505521,1735443861
21505522,1735443873
21505523,1735443885
21505524,1735443897
21505525,1735443909
21505526,1735443921
21505527,1735443933
21505528,1735443945
21505529,1735443957
21505530,1735443969
21505531,1735443981
21505532,1735443993
21505533,1735444005
21505534,1735444017
21505535,1735444029
21505536,1735444041
21505537,1735444053
21505538,1735444066
21505539,1735444078
21505540,1735444090
21505541,1735444102
21505542,1735444114
21505543,1735444126
21505544,1735444138
21505545,1735444150
21505546,1735444162
21505547,1735444174
21505548,1735444186
21505549,1735444198
21505550,1735444210
21505551,1735444222
21505552,1735444234
21505553,1735444246
21505554,1735444258
21505555,1735444271
21505556,1735444283
21505557,1735444295
21505558,1735444307
21505559,1735444319
21505560,1735444331
21505561,1735444343
21505562,1735444355
21505563,1735444367
21505564,1735444379
21505565,1735444391
21505566,1735444403
21505567,1735444415
21505568,1735444427
21505569,1735444439
21505570,1735444451
21505571,1735444463
21505572,1735444476
21505573,1735444488
21505574,1735444500
21505575,1735444512
21505576,1735444524
21505577,1735444536
21505578,1735444548
21505579,1735444560
21505580,1735444572
21505581,1735444584
21505582,1735444596
21505583,1735444608
21505584,1735444620
21505585,1735444632
21505586,1735444644
21505587,1735444656
21505588,1735444668
21505589,1735444681
21505590,1735444693
21505591,1735444705
21505592,1735444717
21505593,1735444729
21505594,1735444741
21505595,1735444753
21505596,1735444765
21505597,1735444777
21505598,1735444789
21505599,1735444801
21505600,1735444813
21505601,1735444825
21505602,1735444837
21505603,1735444849
21505604,1735444861
21505605,1735444873
21505606,1735444886
21505607,1735444898
21505608,1735444910
21505609,1735444922
21505610,1735444934
21505611,1735444946
21505612,1735444958
21505613,1735444970
21505614,1735444982
21505615,1735444994
21505616,1735445006
21505617,1735445018
21505618,1735445030
21505619,1735445042
21505620,1735445054
21505621,1735445066
21505622,1735445078
21505623,1735445091
21505624,1735445103
21505625,1735445115
21505626,1735445127
21505627,1735445139
21505628,1735445151
21505629,1735445163
21505630,1735445175
21505631,1735445187
21505632,1735445199
21505633,1735445211
21505634,1735445223
21505635,1735445235
21505636,1735445247
21505637,1735445259
21505638,1735445271
21505639,1735445283
21505640,1735445296
21505641,1735445308
21505642,1735445320
21505643,1735445332
21505644,1735445344
21505645,1735445356
21505646,1735445368
21505647,1735445380
21505648,1735445392
21505649,1735445404
21505650,1735445416
21505651,1735445428
21505652,1735445440
21505653,1735445452
21505654,1735445464
21505655,1735445476
21505656,1735445488
21505657,1735445500
21505658,1735445513
21505659,1735445525
21505660,1735445537
21505661,1735445549
21505662,1735445561
21505663,1735445573
21505664,1735445585
21505665,1735445597
21505666,1735445609
21505667,1735445621
21505668,1735445633
21505669,1735445645
21505670,1735445657
21505671,1735445669
21505672,1735445681
21505673,1735445693
21505674,1735445705
21505675,1735445718
21505676,1735445730
21505677,1735445742
21505678,1735445754
21505679,1735445766
21505680,1735445778
21505681,1735445790
21505682,1735445802
21505683,1735445814
21505684,1735445826
21505685,1735445838
21505686,1735445850
21505687,1735445862
21505688,1735445874
21505689,1735445886
21505690,1735445898
21505691,1735445910
21505692,1735445923
21505693,1735445935
21505694,1735445947
21505695,1735445959
21505696,1735445971
21505697,1735445983
21505698,1735445995
21505699,1735446007
21505700,1735446019
21505701,1735446031
21505702,1735446043
21505703,1735446055
21505704,1735446067
21505705,1735446079
21505706,1735446091
21505707,1735446103
21505708,1735446115
21505709,1735446128
21505710,1735446140
21505711,1735446152
21505712,1735446164
21505713,1735446176
21505714,1735446188
21505715,1735446200
21505716,1735446212
21505717,1735446224
21505718,1735446236
21505719,1735446248
21505720,1735446260
21505721,1735446272
21505722,1735446284
21505723,1735446296
21505724,1735446308
21505725,1735446320
21505726,1735446333
21505727,1735446345
21505728,1735446357
21505729,1735446369
21505730,1735446381
21505731,1735446393
21505732,1735446405
21505733,1735446417
21505734,1735446429
21505735,1735446441
21505736,1735446453
21505737,1735446465
21505738,1735446477
21505739,1735446489
21505740,1735446501
21505741,1735446513
21505742,1735446525
21505743,1735446538
21505744,1735446550
21505745,1735446562
21505746,1735446574
21505747,1735446586
21505748,1735446598
21505749,1735446610
21505750,1735446622
21505751,1735446634
21505752,1735446646
21505753,1735446658
21505754,1735446670
21505755,1735446682
21505756,1735446694
21505757,1735446706
21505758,1735446718
21505759,1735446730
21505760,1735446743
21505761,1735446755
21505762,1735446767
21505763,1735446779
21505764,1735446791
21505765,1735446803
21505766,1735446815
21505767,1735446827
21505768,1735446839
21505769,1735446851
21505770,1735446863
21505771,1735446875
21505772,1735446887
21505773,1735446899
21505774,1735446911
21505775,1735446923
21505776,1735446935
21505777,1735446947
21505778,1735446960
21505779,1735446972
21505780,1735446984
21505781,1735446996
21505782,1735447008
21505783,1735447020
21505784,1735447032
21505785,1735447044
21505786,1735447056
21505787,1735447068
21505788,1735447080
21505789,1735447092
21505790,1735447104
21505791,1735447116
21505792,1735447128
21505793,1735447140
21505794,1735447152
21505795,1735447165
21505796,1735447177
21505797,1735447189
21505798,1735447201
21505799,1735447213
21505800,1735447225
21505801,1735447237
21505802,1735447249
21505803,1735447261
21505804,1735447273
21505805,1735447285
21505806,1735447297
21505807,1735447309
21505808,1735447321
21505809,1735447333
21505810,1735447345
21505811,1735447357
21505812,1735447370
21505813,1735447382
21505814,1735447394
21505815,1735447406
21505816,1735447418
21505817,1735447430
21505818,1735447442
21505819,1735447454
21505820,1735447466
21505821,1735447478
21505822,1735447490
21505823,1735447502
21505824,1735447514
21505825,1735447526
21505826,1735447538
21505827,1735447550
21505828,1735447562
21505829,1735447575
21505830,1735447587
21505831,1735447599
21505832,1735447611
21505833,1735447623
21505834,1735447635
21505835,1735447647
21505836,1735447659
21505837,1735447671
21505838,1735447683
21505839,1735447695
21505840,1735447707
21505841,1735447719
21505842,1735447731
21505843,1735447743
21505844,1735447755
21505845,1735447767
21505846,1735447780
21505847,1735447792
21505848,1735447804
21505849,1735447816
21505850,1735447828
21505851,1735447840
21505852,1735447852
21505853,1735447864
21505854,1735447876
21505855,1735447888
21505856,1735447900
21505857,1735447912
21505858,1735447924
21505859,1735447936
21505860,1735447948
21505861,1735447960
21505862,1735447972
21505863,1735447985
21505864,1735447997
21505865,1735448009
21505866,1735448021
21505867,1735448033
21505868,1735448045
21505869,1735448057
21505870,1735448069
21505871,1735448081
21505872,1735448093
21505873,1735448105
21505874,1735448117
21505875,1735448129
21505876,1735448141
21505877,1735448153
21505878,1735448165
21505879,1735448177
21505880,1735448190
21505881,1735448202
21505882,1735448214
21505883,1735448226
21505884,1735448238
21505885,1735448250
21505886,1735448262
21505887,1735448274
21505888,1735448286
21505889,1735448298
21505890,1735448310
21505891,1735448322
21505892,1735448334
21505893,1735448346
21505894,1735448358
21505895,1735448370
21505896,1735448382
21505897,1735448394
21505898,1735448407
21505899,1735448419
21505900,1735448431
21505901,1735448443
21505902,1735448455
21505903,1735448467
21505904,1735448479
21505905,1735448491
21505906,1735448503
21505907,1735448515
21505908,1735448527
21505909,1735448539
21505910,1735448551
21505911,1735448563
21505912,1735448575
21505913,1735448587
21505914,1735448599
21505915,1735448612
21505916,1735448624
21505917,1735448636
21505918,1735448648
21505919,1735448660
21505920,1735448672
21505921,1735448684
21505922,1735448696
21505923,1735448708
21505924,1735448720
21505925,1735448732
21505926,1735448744
21505927,1735448756
21505928,1735448768
21505929,1735448780
21505930,1735448792
21505931,1735448804
21505932,1735448817
21505933,1735448829
21505934,1735448841
21505935,1735448853
21505936,1735448865
21505937,1735448877
21505938,1735448889
21505939,1735448901
21505940,1735448913
21505941,1735448925
21505942,1735448937
21505943,1735448949
21505944,1735448961
21505945,1735448973
21505946,1735448985
21505947,1735448997
21505948,1735449009
21505949,1735449022
21505950,1735449034
21505951,1735449046
21505952,1735449058
21505953,1735449070
21505954,1735449082
21505955,1735449094
21505956,1735449106
21505957,1735449118
21505958,1735449130
21505959,1735449142
21505960,1735449154
21505961,1735449166
21505962,1735449178
21505963,1735449190
21505964,1735449202
21505965,1735449214
21505966,1735449227
21505967,1735449239
21505968,1735449251
21505969,1735449263
21505970,1735449275
21505971,1735449287
21505972,1735449299
21505973,1735449311
21505974,1735449323
21505975,1735449335
21505976,1735449347
21505977,1735449359
21505978,1735449371
21505979,1735449383
21505980,1735449395
21505981,1735449407
21505982,1735449419
21505983,1735449432
21505984,1735449444
21505985,1735449456
21505986,1735449468
21505987,1735449480
21505988,1735449492
21505989,1735449504
21505990,1735449516
21505991,1735449528
21505992,1735449540
21505993,1735449552
21505994,1735449564
21505995,1735449576
21505996,1735449588
21505997,1735449600
21505998,1735449612
21505999,1735449624
21506000,1735449637
21506001,1735449649
21506002,1735449661
21506003,1735449673
21506004,1735449685
21506005,1735449697
21506006,1735449709
21506007,1735449721
21506008,1735449733
21506009,1735449745
21506010,1735449757
21506011,1735449769
21506012,1735449781
21506013,1735449793
21506014,1735449805
21506015,1735449817
21506016,1735449829
21506017,1735449841
21506018,1735449854
21506019,1735449866
21506020,1735449878
21506021,1735449890
21506022,1735449902
21506023,1735449914
21506024,1735449926
21506025,1735449938
21506026,1735449950
21506027,1735449962
21506028,1735449974
21506029,1735449986
21506030,1735449998
21506031,1735450010
21506032,1735450022
21506033,1735450034
21506034,1735450046
21506035,1735450059
21506036,1735450071
21506037,1735450083
21506038,1735450095
21506039,1735450107
21506040,1735450119
21506041,1735450131
21506042,1735450143
21506043,1735450155
21506044,1735450167
21506045,1735450179
21506046,1735450191
21506047,1735450203
21506048,1735450215
21506049,1735450227
21506050,1735450239
21506051,1735450251
21506052,1735450264
21506053,1735450276
21506054,1735450288
21506055,1735450300
21506056,1735450312
21506057,1735450324
21506058,1735450336
21506059,1735450348
21506060,1735450360
21506061,1735450372
21506062,1735450384
21506063,1735450396
21506064,1735450408
21506065,1735450420
21506066,1735450432
21506067,1735450444
21506068,1735450456
21506069,1735450469
21506070,1735450481
21506071,1735450493
21506072,1735450505
21506073,1735450517
21506074,1735450529
21506075,1735450541
21506076,1735450553
21506077,1735450565
21506078,1735450577
21506079,1735450589
21506080,1735450601
21506081,1735450613
21506082,1735450625
21506083,1735450637
21506084,1735450649
21506085,1735450661
21506086,1735450674
21506087,1735450686
21506088,1735450698
21506089,1735450710
21506090,1735450722
21506091,1735450734
21506092,1735450746
21506093,1735450758
21506094,1735450770
21506095,1735450782
21506096,1735450794
21506097,1735450806
21506098,1735450818
21506099,1735450830
21506100,1735450842
21506101,1735450854
21506102,1735450866
21506103,1735450879
21506104,1735450891
21506105,1735450903
21506106,1735450915
21506107,1735450927
21506108,1735450939
21506109,1735450951
21506110,1735450963
21506111,1735450975
21506112,1735450987
21506113,1735450999
21506114,1735451011
21506115,1735451023
21506116,1735451035
21506117,1735451047
21506118,1735451059
21506119,1735451071
21506120,1735451084
21506121,1735451096
21506122,1735451108
21506123,1735451120
21506124,1735451132
21506125,1735451144
21506126,1735451156
21506127,1735451168
21506128,1735451180
21506129,1735451192
21506130,1735451204
21506131,1735451216
21506132,1735451228
21506133,1735451240
21506134,1735451252
21506135,1735451264
21506136,1735451276
21506137,1735451288
21506138,1735451301
21506139,1735451313
21506140,1735451325
21506141,1735451337
21506142,1735451349
21506143,1735451361
21506144,1735451373
21506145,1735451385
21506146,1735451397
21506147,1735451409
21506148,1735451421
21506149,1735451433
21506150,1735451445
21506151,1735451457
21506152,1735451469
21506153,1735451481
21506154,1735451493
21506155,1735451506
21506156,1735451518
21506157,1735451530
21506158,1735451542
21506159,1735451554
21506160,1735451566
21506161,1735451578
21506162,1735451590
21506163,1735451602
21506164,1735451614
21506165,1735451626
21506166,1735451638
21506167,1735451650
21506168,1735451662
21506169,1735451674
21506170,1735451686
21506171,1735451698
21506172,1735451711
21506173,1735451723
21506174,1735451735
21506175,1735451747
21506176,1735451759
21506177,1735451771
21506178,1735451783
21506179,1735451795
21506180,1735451807
21506181,1735451819
21506182,1735451831
21506183,1735451843
21506184,1735451855
21506185,1735451867
21506186,1735451879
21506187,1735451891
21506188,1735451903
21506189,1735451916
21506190,1735451928
21506191,1735451940
21506192,1735451952
21506193,1735451964
21506194,1735451976
21506195,1735451988
21506196,1735452000
21506197,1735452012
21506198,1735452024
21506199,1735452036
21506200,1735452048
21506201,1735452060
21506202,1735452072
21506203,1735452084
21506204,1735452096
21506205,1735452108
21506206,1735452121
21506207,1735452133
21506208,1735452145
21506209,1735452157
21506210,1735452169
21506211,1735452181
21506212,1735452193
21506213,1735452205
21506214,1735452217
21506215,1735452229
21506216,1735452241
21506217,1735452253
21506218,1735452265
21506219,1735452277
21506220,1735452289
21506221,1735452301
21506222,1735452313
21506223,1735452326
21506224,1735452338
21506225,1735452350
21506226,1735452362
21506227,1735452374
21506228,1735452386
21506229,1735452398
21506230,1735452410
21506231,1735452422
21506232,1735452434
21506233,1735452446
21506234,1735452458
21506235,1735452470
21506236,1735452482
21506237,1735452494
21506238,1735452506
21506239,1735452518
21506240,1735452531
21506241,1735452543
21506242,1735452555
21506243,1735452567
21506244,1735452579
21506245,1735452591
21506246,1735452603
21506247,1735452615
21506248,1735452627
21506249,1735452639
21506250,1735452651
21506251,1735452663
21506252,1735452675
21506253,1735452687
21506254,1735452699
21506255,1735452711
21506256,1735452723
21506257,1735452735
21506258,1735452748
21506259,1735452760
21506260,1735452772
21506261,1735452784
21506262,1735452796
21506263,1735452808
21506264,1735452820
21506265,1735452832
21506266,1735452844
21506267,1735452856
21506268,1735452868
21506269,1735452880
21506270,1735452892
21506271,1735452904
21506272,1735452916
21506273,1735452928
21506274,1735452940
21506275,1735452953
21506276,1735452965
21506277,1735452977
21506278,1735452989
21506279,1735453001
21506280,1735453013
21506281,1735453025
21506282,1735453037
21506283,1735453049
21506284,1735453061
21506285,1735453073
21506286,1735453085
21506287,1735453097
21506288,1735453109
21506289,1735453121
21506290,1735453133
21506291,1735453145
21506292,1735453158
21506293,1735453170
21506294,1735453182
21506295,1735453194
21506296,1735453206
21506297,1735453218
21506298,1735453230
21506299,1735453242
21506300,1735453254
21506301,1735453266
21506302,1735453278
21506303,1735453290
21506304,1735453302
21506305,1735453314
21506306,1735453326
21506307,1735453338
21506308,1735453350
21506309,1735453363
21506310,1735453375
21506311,1735453387
21506312,1735453399
21506313,1735453411
21506314,1735453423
21506315,1735453435
21506316,1735453447
21506317,1735453459
21506318,1735453471
21506319,1735453483
21506320,1735453495
21506321,1735453507
21506322,1735453519
21506323,1735453531
21506324,1735453543
21506325,1735453555
21506326,1735453568
21506327,1735453580
21506328,1735453592
21506329,1735453604
21506330,1735453616
21506331,1735453628
21506332,1735453640
21506333,1735453652
21506334,1735453664
21506335,1735453676
21506336,1735453688
21506337,1735453700
21506338,1735453712
21506339,1735453724
21506340,1735453736
21506341,1735453748
21506342,1735453760
21506343,1735453773
21506344,1735453785
21506345,1735453797
21506346,1735453809
21506347,1735453821
21506348,1735453833
21506349,1735453845
21506350,1735453857
21506351,1735453869
21506352,1735453881
21506353,1735453893
21506354,1735453905
21506355,1735453917
21506356,1735453929
21506357,1735453941
21506358,1735453953
21506359,1735453965
21506360,1735453978
21506361,1735453990
21506362,1735454002
21506363,1735454014
21506364,1735454026
21506365,1735454038
21506366,1735454050
21506367,1735454062
21506368,1735454074
21506369,1735454086
21506370,1735454098
21506371,1735454110
21506372,1735454122
21506373,1735454134
21506374,1735454146
21506375,1735454158
21506376,1735454170
21506377,1735454182
21506378,1735454195
21506379,1735454207
21506380,1735454219
21506381,1735454231
21506382,1735454243
21506383,1735454255
21506384,1735454267
21506385,1735454279
21506386,1735454291
21506387,1735454303
21506388,1735454315
21506389,1735454327
21506390,1735454339
21506391,1735454351
21506392,1735454363
21506393,1735454375
21506394,1735454387
21506395,1735454400
21506396,1735454412
21506397,1735454424
21506398,1735454436
21506399,1735454448
21506400,1735454460
21506401,1735454472
21506402,1735454484
21506403,1735454496
21506404,1735454508
21506405,1735454520
21506406,1735454532
21506407,1735454544
21506408,1735454556
21506409,1735454568
21506410,1735454580
21506411,1735454592
21506412,1735454605
21506413,1735454617
21506414,1735454629
21506415,1735454641
21506416,1735454653
21506417,1735454665
21506418,1735454677
21506419,1735454689
21506420,1735454701
21506421,1735454713
21506422,1735454725
21506423,1735454737
21506424,1735454749
21506425,1735454761
21506426,1735454773
21506427,1735454785
21506428,1735454797
21506429,1735454810
21506430,1735454822
21506431,1735454834
21506432,1735454846
21506433,1735454858
21506434,1735454870
21506435,1735454882
21506436,1735454894
21506437,1735454906
21506438,1735454918
21506439,1735454930
21506440,1735454942
21506441,1735454954
21506442,1735454966
21506443,1735454978
21506444,1735454990
21506445,1735455002
21506446,1735455015
21506447,1735455027
21506448,1735455039
21506449,1735455051
21506450,1735455063
21506451,1735455075
21506452,1735455087
21506453,1735455099
21506454,1735455111
21506455,1735455123
21506456,1735455135
21506457,1735455147
21506458,1735455159
21506459,1735455171
21506460,1735455183
21506461,1735455195
21506462,1735455207
21506463,1735455220
21506464,1735455232
21506465,1735455244
21506466,1735455256
21506467,1735455268
21506468,1735455280
21506469,1735455292
21506470,1735455304
21506471,1735455316
21506472,1735455328
21506473,1735455340
21506474,1735455352
21506475,1735455364
21506476,1735455376
21506477,1735455388
21506478,1735455400
21506479,1735455412
21506480,1735455425
21506481,1735455437
21506482,1735455449
21506483,1735455461
21506484,1735455473
21506485,1735455485
21506486,1735455497
21506487,1735455509
21506488,1735455521
21506489,1735455533
21506490,1735455545
21506491,1735455557
21506492,1735455569
21506493,1735455581
21506494,1735455593
21506495,1735455605
21506496,1735455617
21506497,1735455629
21506498,1735455642
21506499,1735455654
21506500,1735455666
21506501,1735455678
21506502,1735455690
21506503,1735455702
21506504,1735455714
21506505,1735455726
21506506,1735455738
21506507,1735455750
21506508,1735455762
21506509,1735455774
21506510,1735455786
21506511,1735455798
21506512,1735455810
21506513,1735455822
21506514,1735455834
21506515,1735455847
21506516,1735455859
21506517,1735455871
21506518,1735455883
21506519,1735455895
21506520,1735455907
21506521,1735455919
21506522,1735455931
21506523,1735455943
21506524,1735455955
21506525,1735455967
21506526,1735455979
21506527,1735455991
21506528,1735456003
21506529,1735456015
21506530,1735456027
21506531,1735456039
21506532,1735456052
21506533,1735456064
21506534,1735456076
21506535,1735456088
21506536,1735456100
21506537,1735456112
21506538,1735456124
21506539,1735456136
21506540,1735456148
21506541,1735456160
21506542,1735456172
21506543,1735456184
21506544,1735456196
21506545,1735456208
21506546,1735456220
21506547,1735456232
21506548,1735456244
21506549,1735456257
21506550,1735456269
21506551,1735456281
21506552,1735456293
21506553,1735456305
21506554,1735456317
21506555,1735456329
21506556,1735456341
21506557,1735456353
21506558,1735456365
21506559,1735456377
21506560,1735456389
21506561,1735456401
21506562,1735456413
21506563,1735456425
21506564,1735456437
21506565,1735456449
21506566,1735456462
21506567,1735456474
21506568,1735456486
21506569,1735456498
21506570,1735456510
21506571,1735456522
21506572,1735456534
21506573,1735456546
21506574,1735456558
21506575,1735456570
21506576,1735456582
21506577,1735456594
21506578,1735456606
21506579,1735456618
21506580,1735456630
21506581,1735456642
21506582,1735456654
21506583,1735456667
21506584,1735456679
21506585,1735456691
21506586,1735456703
21506587,1735456715
21506588,1735456727
21506589,1735456739
21506590,1735456751
21506591,1735456763
21506592,1735456775
21506593,1735456787
21506594,1735456799
21506595,1735456811
21506596,1735456823
21506597,1735456835
21506598,1735456847
21506599,1735456859
21506600,1735456872
21506601,1735456884
21506602,1735456896
21506603,1735456908
21506604,1735456920
21506605,1735456932
21506606,1735456944
21506607,1735456956
21506608,1735456968
21506609,1735456980
21506610,1735456992
21506611,1735457004
21506612,1735457016
21506613,1735457028
21506614,1735457040
21506615,1735457052
21506616,1735457064
21506617,1735457076
21506618,1735457089
21506619,1735457101
21506620,1735457113
21506621,1735457125
21506622,1735457137
21506623,1735457149
21506624,1735457161
21506625,1735457173
21506626,1735457185
21506627,1735457197
21506628,1735457209
21506629,1735457221
21506630,1735457233
21506631,1735457245
21506632,1735457257
21506633,1735457269
21506634,1735457281
21506635,1735457294
21506636,1735457306
21506637,1735457318
21506638,1735457330
21506639,1735457342
21506640,1735457354
21506641,1735457366
21506642,1735457378
21506643,1735457390
21506644,1735457402
21506645,1735457414
21506646,1735457426
21506647,1735457438
21506648,1735457450
21506649,1735457462
21506650,1735457474
21506651,1735457486
21506652,1735457499
21506653,1735457511
21506654,1735457523
21506655,1735457535
21506656,1735457547
21506657,1735457559
21506658,1735457571
21506659,1735457583
21506660,1735457595
21506661,1735457607
21506662,1735457619
21506663,1735457631
21506664,1735457643
21506665,1735457655
21506666,1735457667
21506667,1735457679
21506668,1735457691
21506669,1735457704
21506670,1735457716
21506671,1735457728
21506672,1735457740
21506673,1735457752
21506674,1735457764
21506675,1735457776
21506676,1735457788
21506677,1735457800
21506678,1735457812
21506679,1735457824
21506680,1735457836
21506681,1735457848
21506682,1735457860
21506683,1735457872
21506684,1735457884
21506685,1735457896
21506686,1735457909
21506687,1735457921
21506688,1735457933
21506689,1735457945
21506690,1735457957
21506691,1735457969
21506692,1735457981
21506693,1735457993
21506694,1735458005
21506695,1735458017
21506696,1735458029
21506697,1735458041
21506698,1735458053
21506699,1735458065
21506700,1735458077
21506701,1735458089
21506702,1735458101
21506703,1735458114
21506704,1735458126
21506705,1735458138
21506706,1735458150
21506707,1735458162
21506708,1735458174
21506709,1735458186
21506710,1735458198
21506711,1735458210
21506712,1735458222
21506713,1735458234
21506714,1735458246
21506715,1735458258
21506716,1735458270
21506717,1735458282
21506718,1735458294
21506719,1735458306
21506720,1735458319
21506721,1735458331
21506722,1735458343
21506723,1735458355
21506724,1735458367
21506725,1735458379
21506726,1735458391
21506727,1735458403
21506728,1735458415
21506729,1735458427
21506730,1735458439
21506731,1735458451
21506732,1735458463
21506733,1735458475
21506734,1735458487
21506735,1735458499
21506736,1735458511
21506737,1735458523
21506738,1735458536
21506739,1735458548
21506740,1735458560
21506741,1735458572
21506742,1735458584
21506743,1735458596
21506744,1735458608
21506745,1735458620
21506746,1735458632
21506747,1735458644
21506748,1735458656
21506749,1735458668
21506750,1735458680
21506751,1735458692
21506752,1735458704
21506753,1735458716
21506754,1735458728
21506755,1735458741
21506756,1735458753
21506757,1735458765
21506758,1735458777
21506759,1735458789
21506760,1735458801
21506761,1735458813
21506762,1735458825
21506763,1735458837
21506764,1735458849
21506765,1735458861
21506766,1735458873
21506767,1735458885
21506768,1735458897
21506769,1735458909
21506770,1735458921
21506771,1735458933
21506772,1735458946
21506773,1735458958
21506774,1735458970
21506775,1735458982
21506776,1735458994
21506777,1735459006
21506778,1735459018
21506779,1735459030
21506780,1735459042
21506781,1735459054
21506782,1735459066
21506783,1735459078
21506784,1735459090
21506785,1735459102
21506786,1735459114
21506787,1735459126
21506788,1735459138
21506789,1735459151
21506790,1735459163
21506791,1735459175
21506792,1735459187
21506793,1735459199
21506794,1735459211
21506795,1735459223
21506796,1735459235
21506797,1735459247
21506798,1735459259
21506799,1735459271
21506800,1735459283
21506801,1735459295
21506802,1735459307
21506803,1735459319
21506804,1735459331
21506805,1735459343
21506806,1735459356
21506807,1735459368
21506808,1735459380
21506809,1735459392
21506810,1735459404
21506811,1735459416
21506812,1735459428
21506813,1735459440
21506814,1735459452
21506815,1735459464
21506816,1735459476
21506817,1735459488
21506818,1735459500
21506819,1735459512
21506820,1735459524
21506821,1735459536
21506822,1735459548
21506823,1735459561
21506824,1735459573
21506825,1735459585
21506826,1735459597
21506827,1735459609
21506828,1735459621
21506829,1735459633
21506830,1735459645
21506831,1735459657
21506832,1735459669
21506833,1735459681
21506834,1735459693
21506835,1735459705
21506836,1735459717
21506837,1735459729
21506838,1735459741
21506839,1735459753
21506840,1735459766
21506841,1735459778
21506842,1735459790
21506843,1735459802
21506844,1735459814
21506845,1735459826
21506846,1735459838
21506847,1735459850
21506848,1735459862
21506849,1735459874
21506850,1735459886
21506851,1735459898
21506852,1735459910
21506853,1735459922
21506854,1735459934
21506855,1735459946
21506856,1735459958
21506857,1735459970
21506858,1735459983
21506859,1735459995
21506860,1735460007
21506861,1735460019
21506862,1735460031
21506863,1735460043
21506864,1735460055
21506865,1735460067
21506866,1735460079
21506867,1735460091
21506868,1735460103
21506869,1735460115
21506870,1735460127
21506871,1735460139
21506872,1735460151
21506873,1735460163
21506874,1735460175
21506875,1735460188
21506876,1735460200
21506877,1735460212
21506878,1735460224
21506879,1735460236
21506880,1735460248
21506881,1735460260
21506882,1735460272
21506883,1735460284
21506884,1735460296
21506885,1735460308
21506886,1735460320
21506887,1735460332
21506888,1735460344
21506889,1735460356
21506890,1735460368
21506891,1735460380
21506892,1735460393
21506893,1735460405
21506894,1735460417
21506895,1735460429
21506896,1735460441
21506897,1735460453
21506898,1735460465
21506899,1735460477
21506900,1735460489
21506901,1735460501
21506902,1735460513
21506903,1735460525
21506904,1735460537
21506905,1735460549
21506906,1735460561
21506907,1735460573
21506908,1735460585
21506909,1735460598
21506910,1735460610
21506911,1735460622
21506912,1735460634
21506913,1735460646
21506914,1735460658
21506915,1735460670
21506916,1735460682
21506917,1735460694
21506918,1735460706
21506919,1735460718
21506920,1735460730
21506921,1735460742
21506922,1735460754
21506923,1735460766
21506924,1735460778
21506925,1735460790
21506926,1735460803
21506927,1735460815
21506928,1735460827
21506929,1735460839
21506930,1735460851
21506931,1735460863
21506932,1735460875
21506933,1735460887
21506934,1735460899
21506935,1735460911
21506936,1735460923
21506937,1735460935
21506938,1735460947
21506939,1735460959
21506940,1735460971
21506941,1735460983
21506942,1735460995
21506943,1735461008
21506944,1735461020
21506945,1735461032
21506946,1735461044
21506947,1735461056
21506948,1735461068
21506949,1735461080
21506950,1735461092
21506951,1735461104
21506952,1735461116
21506953,1735461128
21506954,1735461140
21506955,1735461152
21506956,1735461164
21506957,1735461176
21506958,1735461188
21506959,1735461200
21506960,1735461213
21506961,1735461225
21506962,1735461237
21506963,1735461249
21506964,1735461261
21506965,1735461273
21506966,1735461285
21506967,1735461297
21506968,1735461309
21506969,1735461321
21506970,1735461333
21506971,1735461345
21506972,1735461357
21506973,1735461369
21506974,1735461381
21506975,1735461393
21506976,1735461405
21506977,1735461417
21506978,1735461430
21506979,1735461442
21506980,1735461454
21506981,1735461466
21506982,1735461478
21506983,1735461490
21506984,1735461502
21506985,1735461514
21506986,1735461526
21506987,1735461538
21506988,1735461550
21506989,1735461562
21506990,1735461574
21506991,1735461586
21506992,1735461598
21506993,1735461610
21506994,1735461622
21506995,1735461635
21506996,1735461647
21506997,1735461659
21506998,1735461671
21506999,1735461683
21507000,1735461695
21507001,1735461707
21507002,1735461719
21507003,1735461731
21507004,1735461743
21507005,1735461755
21507006,1735461767
21507007,1735461779
21507008,1735461791
21507009,1735461803
21507010,1735461815
21507011,1735461827
21507012,1735461840
21507013,1735461852
21507014,1735461864
21507015,1735461876
21507016,1735461888
21507017,1735461900
21507018,1735461912
21507019,1735461924
21507020,1735461936
21507021,1735461948
21507022,1735461960
21507023,1735461972
21507024,1735461984
21507025,1735461996
21507026,1735462008
21507027,1735462020
21507028,1735462032
21507029,1735462045
21507030,1735462057
21507031,1735462069
21507032,1735462081
21507033,1735462093
21507034,1735462105
21507035,1735462117
21507036,1735462129
21507037,1735462141
21507038,1735462153
21507039,1735462165
21507040,1735462177
21507041,1735462189
21507042,1735462201
21507043,1735462213
21507044,1735462225
21507045,1735462237
21507046,1735462250
21507047,1735462262
21507048,1735462274
21507049,1735462286
21507050,1735462298
21507051,1735462310
21507052,1735462322
21507053,1735462334
21507054,1735462346
21507055,1735462358
21507056,1735462370
21507057,1735462382
21507058,1735462394
21507059,1735462406
21507060,1735462418
21507061,1735462430
21507062,1735462442
21507063,1735462455
21507064,1735462467
21507065,1735462479
21507066,1735462491
21507067,1735462503
21507068,1735462515
21507069,1735462527
21507070,1735462539
21507071,1735462551
21507072,1735462563
21507073,1735462575
21507074,1735462587
21507075,1735462599
21507076,1735462611
21507077,1735462623
21507078,1735462635
21507079,1735462647
21507080,1735462660
21507081,1735462672
21507082,1735462684
21507083,1735462696
21507084,1735462708
21507085,1735462720
21507086,1735462732
21507087,1735462744
21507088,1735462756
21507089,1735462768
21507090,1735462780
21507091,1735462792
21507092,1735462804
21507093,1735462816
21507094,1735462828
21507095,1735462840
21507096,1735462852
21507097,1735462864
21507098,1735462877
21507099,1735462889
21507100,1735462901
21507101,1735462913
21507102,1735462925
21507103,1735462937
21507104,1735462949
21507105,1735462961
21507106,1735462973
21507107,1735462985
21507108,1735462997
21507109,1735463009
21507110,1735463021
21507111,1735463033
21507112,1735463045
21507113,1735463057
21507114,1735463069
21507115,1735463082
21507116,1735463094
21507117,1735463106
21507118,1735463118
21507119,1735463130
21507120,1735463142
21507121,1735463154
21507122,1735463166
21507123,1735463178
21507124,1735463190
21507125,1735463202
21507126,1735463214
21507127,1735463226
21507128,1735463238
21507129,1735463250
21507130,1735463262
21507131,1735463274
21507132,1735463287
21507133,1735463299
21507134,1735463311
21507135,1735463323
21507136,1735463335
21507137,1735463347
21507138,1735463359
21507139,1735463371
21507140,1735463383
21507141,1735463395
21507142,1735463407
21507143,1735463419
21507144,1735463431
21507145,1735463443
21507146,1735463455
21507147,1735463467
21507148,1735463479
21507149,1735463492
21507150,1735463504
21507151,1735463516
21507152,1735463528
21507153,1735463540
21507154,1735463552
21507155,1735463564
21507156,1735463576
21507157,1735463588
21507158,1735463600
21507159,1735463612
21507160,1735463624
21507161,1735463636
21507162,1735463648
21507163,1735463660
21507164,1735463672
21507165,1735463684
21507166,1735463697
21507167,1735463709
21507168,1735463721
21507169,1735463733
21507170,1735463745
21507171,1735463757
21507172,1735463769
21507173,1735463781
21507174,1735463793
21507175,1735463805
21507176,1735463817
21507177,1735463829
21507178,1735463841
21507179,1735463853
21507180,1735463865
21507181,1735463877
21507182,1735463889
21507183,1735463902
21507184,1735463914
21507185,1735463926
21507186,1735463938
21507187,1735463950
21507188,1735463962
21507189,1735463974
21507190,1735463986
21507191,1735463998
21507192,1735464010
21507193,1735464022
21507194,1735464034
21507195,1735464046
21507196,1735464058
21507197,1735464070
21507198,1735464082
21507199,1735464094
21507200,1735464107
