block,timestamp
25598870,1784851211
25598871,1784851223
25598872,1784851235
25598873,1784851247
25598874,1784851259
25598875,1784851271
25598876,1784851283
25598877,1784851295
25598878,1784851307
25598879,1784851319
25598880,1784851331
25598881,1784851343
25598882,1784851355
25598883,1784851367
25598884,1784851379
25598885,1784851391
25598886,1784851403
25598887,1784851415
25598888,1784851427
25598889,1784851439
25598890,1784851451
25598891,1784851463
25598892,1784851475
25598893,1784851487
25598894,1784851499
25598895,1784851511
25598896,1784851523
25598897,1784851535
25598898,1784851547
25598899,1784851559
25598900,1784851571
25598901,1784851583
25598902,1784851595
25598903,1784851607
25598904,1784851619
25598905,1784851631
25598906,1784851644
25598907,1784851656
25598908,1784851668
25598909,1784851680
25598910,1784851692
25598911,1784851704
25598912,1784851716
25598913,1784851728
25598914,1784851740
25598915,1784851752
25598916,1784851764
25598917,1784851776
25598918,1784851788
25598919,1784851800
25598920,1784851812
25598921,1784851824
25598922,1784851836
25598923,1784851848
25598924,1784851860
25598925,1784851872
25598926,1784851884
25598927,1784851896
25598928,1784851908
25598929,1784851920
25598930,1784851932
25598931,1784851944
25598932,1784851956
25598933,1784851968
25598934,1784851980
25598935,1784851992
25598936,1784852004
25598937,1784852016
25598938,1784852028
25598939,1784852040
25598940,1784852052
25598941,1784852065
25598942,1784852077
25598943,1784852089
25598944,1784852101
25598945,1784852113
25598946,1784852125
25598947,1784852137
25598948,1784852149
25598949,1784852161
25598950,1784852173
25598951,1784852185
25598952,1784852197
25598953,1784852209
25598954,1784852221
25598955,1784852233
25598956,1784852245
25598957,1784852257
25598958,1784852269
25598959,1784852281
25598960,1784852293
25598961,1784852305
25598962,1784852317
25598963,1784852329
25598964,1784852341
25598965,1784852353
25598966,1784852365
25598967,1784852377
25598968,1784852389
25598969,1784852401
25598970,1784852413
25598971,1784852425
25598972,1784852437
25598973,1784852449
25598974,1784852461
25598975,1784852473
25598976,1784852486
25598977,1784852498
25598978,1784852510
25598979,1784852522
25598980,1784852534
25598981,1784852546
25598982,1784852558
25598983,1784852570
25598984,1784852582
25598985,1784852594
25598986,1784852606
25598987,1784852618
25598988,1784852630
25598989,1784852642
25598990,1784852654
25598991,1784852666
25598992,1784852678
25598993,1784852690
25598994,1784852702
25598995,1784852714
25598996,1784852726
25598997,1784852738
25598998,1784852750
25598999,1784852762
25599000,1784852774
25599001,1784852786
25599002,1784852798
25599003,1784852810
25599004,1784852822
25599005,1784852834
25599006,1784852846
25599007,1784852858
25599008,1784852870
25599009,1784852882
25599010,1784852894
25599011,1784852907
25599012,1784852919
25599013,1784852931
25599014,1784852943
25599015,1784852955
25599016,1784852967
25599017,1784852979
25599018,1784852991
25599019,1784853003
25599020,1784853015
25599021,1784853027
25599022,1784853039
25599023,1784853051
25599024,1784853063
25599025,1784853075
25599026,1784853087
25599027,1784853099
25599028,1784853111
25599029,1784853123
25599030,1784853135
25599031,1784853147
25599032,1784853159
25599033,1784853171
25599034,1784853183
25599035,1784853195
25599036,1784853207
25599037,1784853219
25599038,1784853231
25599039,1784853243
25599040,1784853255
25599041,1784853267
25599042,1784853279
25599043,1784853291
25599044,1784853303
25599045,1784853315
25599046,1784853327
25599047,1784853340
25599048,1784853352
25599049,1784853364
25599050,1784853376
25599051,1784853388
25599052,1784853400
25599053,1784853412
25599054,1784853424
25599055,1784853436
25599056,1784853448
25599057,1784853460
25599058,1784853472
25599059,1784853484
25599060,1784853496
25599061,1784853508
25599062,1784853520
25599063,1784853532
25599064,1784853544
25599065,1784853556
25599066,1784853568
25599067,1784853580
25599068,1784853592
25599069,1784853604
25599070,1784853616
25599071,1784853628
25599072,1784853640
25599073,1784853652
25599074,1784853664
25599075,1784853676
25599076,1784853688
25599077,1784853700
25599078,1784853712
25599079,1784853724
25599080,1784853736
25599081,1784853748
25599082,1784853761
25599083,1784853773
25599084,1784853785
25599085,1784853797
25599086,1784853809
25599087,1784853821
25599088,1784853833
25599089,1784853845
25599090,1784853857
25599091,1784853869
25599092,1784853881
25599093,1784853893
25599094,1784853905
25599095,1784853917
25599096,1784853929
25599097,1784853941
25599098,1784853953
25599099,1784853965
25599100,1784853977
25599101,1784853989
25599102,1784854001
25599103,1784854013
25599104,1784854025
25599105,1784854037
25599106,1784854049
25599107,1784854061
25599108,1784854073
25599109,1784854085
25599110,1784854097
25599111,1784854109
25599112,1784854121
25599113,1784854133
25599114,1784854145
25599115,1784854157
25599116,1784854169
25599117,1784854182
25599118,1784854194
25599119,1784854206
25599120,1784854218
25599121,1784854230
25599122,1784854242
25599123,1784854254
25599124,1784854266
25599125,1784854278
25599126,1784854290
25599127,1784854302
25599128,1784854314
25599129,1784854326
25599130,1784854338
25599131,1784854350
25599132,1784854362
25599133,1784854374
25599134,1784854386
25599135,1784854398
25599136,1784854410
25599137,1784854422
25599138,1784854434
25599139,1784854446
25599140,1784854458
25599141,1784854470
25599142,1784854482
25599143,1784854494
25599144,1784854506
25599145,1784854518
25599146,1784854530
25599147,1784854542
25599148,1784854554
25599149,1784854566
25599150,1784854578
25599151,1784854590
25599152,1784854603
25599153,1784854615
25599154,1784854627
25599155,1784854639
25599156,1784854651
25599157,1784854663
25599158,1784854675
25599159,1784854687
25599160,1784854699
25599161,1784854711
25599162,1784854723
25599163,1784854735
25599164,1784854747
25599165,1784854759
25599166,1784854771
25599167,1784854783
25599168,1784854795
25599169,1784854807
25599170,1784854819
25599171,1784854831
25599172,1784854843
25599173,1784854855
25599174,1784854867
25599175,1784854879
25599176,1784854891
25599177,1784854903
25599178,1784854915
25599179,1784854927
25599180,1784854939
25599181,1784854951
25599182,1784854963
25599183,1784854975
25599184,1784854987
25599185,1784854999
25599186,1784855011
25599187,1784855024
25599188,1784855036
25599189,1784855048
25599190,1784855060
25599191,1784855072
25599192,1784855084
25599193,1784855096
25599194,1784855108
25599195,1784855120
25599196,1784855132
25599197,1784855144
25599198,1784855156
25599199,1784855168
25599200,1784855180
25599201,1784855192
25599202,1784855204
25599203,1784855216
25599204,1784855228
25599205,1784855240
25599206,1784855252
25599207,1784855264
25599208,1784855276
25599209,1784855288
25599210,1784855300
25599211,1784855312
25599212,1784855324
25599213,1784855336
25599214,1784855348
25599215,1784855360
25599216,1784855372
25599217,1784855384
25599218,1784855396
25599219,1784855408
25599220,1784855420
25599221,1784855432
25599222,1784855444
25599223,1784855457
25599224,1784855469
25599225,1784855481
25599226,1784855493
25599227,1784855505
25599228,1784855517
25599229,1784855529
25599230,1784855541
25599231,1784855553
25599232,1784855565
25599233,1784855577
25599234,1784855589
25599235,1784855601
25599236,1784855613
25599237,1784855625
25599238,1784855637
25599239,1784855649
25599240,1784855661
25599241,1784855673
25599242,1784855685
25599243,1784855697
25599244,1784855709
25599245,1784855721
25599246,1784855733
25599247,1784855745
25599248,1784855757
25599249,1784855769
25599250,1784855781
25599251,1784855793
25599252,1784855805
25599253,1784855817
25599254,1784855829
25599255,1784855841
25599256,1784855853
25599257,1784855865
25599258,1784855878
25599259,1784855890
25599260,1784855902
25599261,1784855914
25599262,1784855926
25599263,1784855938
25599264,1784855950
25599265,1784855962
25599266,1784855974
25599267,1784855986
25599268,1784855998
25599269,1784856010
25599270,1784856022
25599271,1784856034
25599272,1784856046
25599273,1784856058
25599274,1784856070
25599275,1784856082
25599276,1784856094
25599277,1784856106
25599278,1784856118
25599279,1784856130
25599280,1784856142
25599281,1784856154
25599282,1784856166
25599283,1784856178
25599284,1784856190
25599285,1784856202
25599286,1784856214
25599287,1784856226
25599288,1784856238
25599289,1784856250
25599290,1784856262
25599291,1784856274
25599292,1784856286
25599293,1784856299
25599294,1784856311
25599295,1784856323
25599296,1784856335
25599297,1784856347
25599298,1784856359
25599299,1784856371
25599300,1784856383
25599301,1784856395
25599302,1784856407
25599303,1784856419
25599304,1784856431
25599305,1784856443
25599306,1784856455
25599307,1784856467
25599308,1784856479
25599309,1784856491
25599310,1784856503
25599311,1784856515
25599312,1784856527
25599313,1784856539
25599314,1784856551
25599315,1784856563
25599316,1784856575
25599317,1784856587
25599318,1784856599
25599319,1784856611
25599320,1784856623
25599321,1784856635
25599322,1784856647
25599323,1784856659
25599324,1784856671
25599325,1784856683
25599326,1784856695
25599327,1784856707
25599328,1784856720
25599329,1784856732
25599330,1784856744
25599331,1784856756
25599332,1784856768
25599333,1784856780
25599334,1784856792
25599335,1784856804
25599336,1784856816
25599337,1784856828
25599338,1784856840
25599339,1784856852
25599340,1784856864
25599341,1784856876
25599342,1784856888
25599343,1784856900
25599344,1784856912
25599345,1784856924
25599346,1784856936
25599347,1784856948
25599348,1784856960
25599349,1784856972
25599350,1784856984
25599351,1784856996
25599352,1784857008
25599353,1784857020
25599354,1784857032
25599355,1784857044
25599356,1784857056
25599357,1784857068
25599358,1784857080
25599359,1784857092
25599360,1784857104
25599361,1784857116
25599362,1784857128
25599363,1784857141
25599364,1784857153
25599365,1784857165
25599366,1784857177
25599367,1784857189
25599368,1784857201
25599369,1784857213
25599370,1784857225
25599371,1784857237
25599372,1784857249
25599373,1784857261
25599374,1784857273
25599375,1784857285
25599376,1784857297
25599377,1784857309
25599378,1784857321
25599379,1784857333
25599380,1784857345
25599381,1784857357
25599382,1784857369
25599383,1784857381
25599384,1784857393
25599385,1784857405
25599386,1784857417
25599387,1784857429
25599388,1784857441
25599389,1784857453
25599390,1784857465
25599391,1784857477
25599392,1784857489
25599393,1784857501
25599394,1784857513
25599395,1784857525
25599396,1784857537
25599397,1784857549
25599398,1784857561
25599399,1784857574
25599400,1784857586
25599401,1784857598
25599402,1784857610
25599403,1784857622
25599404,1784857634
25599405,1784857646
25599406,1784857658
25599407,1784857670
25599408,1784857682
25599409,1784857694
25599410,1784857706
25599411,1784857718
25599412,1784857730
25599413,1784857742
25599414,1784857754
25599415,1784857766
25599416,1784857778
25599417,1784857790
25599418,1784857802
25599419,1784857814
25599420,1784857826
25599421,1784857838
25599422,1784857850
25599423,1784857862
25599424,1784857874
25599425,1784857886
25599426,1784857898
25599427,1784857910
25599428,1784857922
25599429,1784857934
25599430,1784857946
25599431,1784857958
25599432,1784857970
25599433,1784857982
25599434,1784857995
25599435,1784858007
25599436,1784858019
25599437,1784858031
25599438,1784858043
25599439,1784858055
25599440,1784858067
25599441,1784858079
25599442,1784858091
25599443,1784858103
25599444,1784858115
25599445,1784858127
25599446,1784858139
25599447,1784858151
25599448,1784858163
25599449,1784858175
25599450,1784858187
25599451,1784858199
25599452,1784858211
25599453,1784858223
25599454,1784858235
25599455,1784858247
25599456,1784858259
25599457,1784858271
25599458,1784858283
25599459,1784858295
25599460,1784858307
25599461,1784858319
25599462,1784858331
25599463,1784858343
25599464,1784858355
25599465,1784858367
25599466,1784858379
25599467,1784858391
25599468,1784858403
25599469,1784858416
25599470,1784858428
25599471,1784858440
25599472,1784858452
25599473,1784858464
25599474,1784858476
25599475,1784858488
25599476,1784858500
25599477,1784858512
25599478,1784858524
25599479,1784858536
25599480,1784858548
25599481,1784858560
25599482,1784858572
25599483,1784858584
25599484,1784858596
25599485,1784858608
25599486,1784858620
25599487,1784858632
25599488,1784858644
25599489,1784858656
25599490,1784858668
25599491,1784858680
25599492,1784858692
25599493,1784858704
25599494,1784858716
25599495,1784858728
25599496,1784858740
25599497,1784858752
25599498,1784858764
25599499,1784858776
25599500,1784858788
25599501,1784858800
25599502,1784858812
25599503,1784858824
25599504,1784858837
25599505,1784858849
25599506,1784858861
25599507,1784858873
25599508,1784858885
25599509,1784858897
25599510,1784858909
25599511,1784858921
25599512,1784858933
25599513,1784858945
25599514,1784858957
25599515,1784858969
25599516,1784858981
25599517,1784858993
25599518,1784859005
25599519,1784859017
25599520,1784859029
25599521,1784859041
25599522,1784859053
25599523,1784859065
25599524,1784859077
25599525,1784859089
25599526,1784859101
25599527,1784859113
25599528,1784859125
25599529,1784859137
25599530,1784859149
25599531,1784859161
25599532,1784859173
25599533,1784859185
25599534,1784859197
25599535,1784859209
25599536,1784859221
25599537,1784859233
25599538,1784859245
25599539,1784859257
25599540,1784859270
25599541,1784859282
25599542,1784859294
25599543,1784859306
25599544,1784859318
25599545,1784859330
25599546,1784859342
25599547,1784859354
25599548,1784859366
25599549,1784859378
25599550,1784859390
25599551,1784859402
25599552,1784859414
25599553,1784859426
25599554,1784859438
25599555,1784859450
25599556,1784859462
25599557,1784859474
25599558,1784859486
25599559,1784859498
25599560,1784859510
25599561,1784859522
25599562,1784859534
25599563,1784859546
25599564,1784859558
25599565,1784859570
25599566,1784859582
25599567,1784859594
25599568,1784859606
25599569,1784859618
25599570,1784859630
25599571,1784859642
25599572,1784859654
25599573,1784859666
25599574,1784859678
25599575,1784859691
25599576,1784859703
25599577,1784859715
25599578,1784859727
25599579,1784859739
25599580,1784859751
25599581,1784859763
25599582,1784859775
25599583,1784859787
25599584,1784859799
25599585,1784859811
25599586,1784859823
25599587,1784859835
25599588,1784859847
25599589,1784859859
25599590,1784859871
25599591,1784859883
25599592,1784859895
25599593,1784859907
25599594,1784859919
25599595,1784859931
25599596,1784859943
25599597,1784859955
25599598,1784859967
25599599,1784859979
25599600,1784859991
25599601,1784860003
25599602,1784860015
25599603,1784860027
25599604,1784860039
25599605,1784860051
25599606,1784860063
25599607,1784860075
25599608,1784860087
25599609,1784860099
25599610,1784860112
25599611,1784860124
25599612,1784860136
25599613,1784860148
25599614,1784860160
25599615,1784860172
25599616,1784860184
25599617,1784860196
25599618,1784860208
25599619,1784860220
25599620,1784860232
25599621,1784860244
25599622,1784860256
25599623,1784860268
25599624,1784860280
25599625,1784860292
25599626,1784860304
25599627,1784860316
25599628,1784860328
25599629,1784860340
25599630,1784860352
25599631,1784860364
25599632,1784860376
25599633,1784860388
25599634,1784860400
25599635,1784860412
25599636,1784860424
25599637,1784860436
25599638,1784860448
25599639,1784860460
25599640,1784860472
25599641,1784860484
25599642,1784860496
25599643,1784860508
25599644,1784860520
25599645,1784860533
25599646,1784860545
25599647,1784860557
25599648,1784860569
25599649,1784860581
25599650,1784860593
25599651,1784860605
25599652,1784860617
25599653,1784860629
25599654,1784860641
25599655,1784860653
25599656,1784860665
25599657,1784860677
25599658,1784860689
25599659,1784860701
25599660,1784860713
25599661,1784860725
25599662,1784860737
25599663,1784860749
25599664,1784860761
25599665,1784860773
25599666,1784860785
25599667,1784860797
25599668,1784860809
25599669,1784860821
25599670,1784860833
25599671,1784860845
25599672,1784860857
25599673,1784860869
25599674,1784860881
25599675,1784860893
25599676,1784860905
25599677,1784860917
25599678,1784860929
25599679,1784860941
25599680,1784860954
25599681,1784860966
25599682,1784860978
25599683,1784860990
25599684,1784861002
25599685,1784861014
25599686,1784861026
25599687,1784861038
25599688,1784861050
25599689,1784861062
25599690,1784861074
25599691,1784861086
25599692,1784861098
25599693,1784861110
25599694,1784861122
25599695,1784861134
25599696,1784861146
25599697,1784861158
25599698,1784861170
25599699,1784861182
25599700,1784861194
25599701,1784861206
25599702,1784861218
25599703,1784861230
25599704,1784861242
25599705,1784861254
25599706,1784861266
25599707,1784861278
25599708,1784861290
25599709,1784861302
25599710,1784861314
25599711,1784861326
25599712,1784861338
25599713,1784861350
25599714,1784861362
25599715,1784861374
25599716,1784861387
25599717,1784861399
25599718,1784861411
25599719,1784861423
25599720,1784861435
25599721,1784861447
25599722,1784861459
25599723,1784861471
25599724,1784861483
25599725,1784861495
25599726,1784861507
25599727,1784861519
25599728,1784861531
25599729,1784861543
25599730,1784861555
25599731,1784861567
25599732,1784861579
25599733,1784861591
25599734,1784861603
25599735,1784861615
25599736,1784861627
25599737,1784861639
25599738,1784861651
25599739,1784861663
25599740,1784861675
25599741,1784861687
25599742,1784861699
25599743,1784861711
25599744,1784861723
25599745,1784861735
25599746,1784861747
25599747,1784861759
25599748,1784861771
25599749,1784861783
25599750,1784861795
25599751,1784861808
25599752,1784861820
25599753,1784861832
25599754,1784861844
25599755,1784861856
25599756,1784861868
25599757,1784861880
25599758,1784861892
25599759,1784861904
25599760,1784861916
25599761,1784861928
25599762,1784861940
25599763,1784861952
25599764,1784861964
25599765,1784861976
25599766,1784861988
25599767,1784862000
25599768,1784862012
25599769,1784862024
25599770,1784862036
25599771,1784862048
25599772,1784862060
25599773,1784862072
25599774,1784862084
25599775,1784862096
25599776,1784862108
25599777,1784862120
25599778,1784862132
25599779,1784862144
25599780,1784862156
25599781,1784862168
25599782,1784862180
25599783,1784862192
25599784,1784862204
25599785,1784862216
25599786,1784862229
25599787,1784862241
25599788,1784862253
25599789,1784862265
25599790,1784862277
25599791,1784862289
25599792,1784862301
25599793,1784862313
25599794,1784862325
25599795,1784862337
25599796,1784862349
25599797,1784862361
25599798,1784862373
25599799,1784862385
25599800,1784862397
25599801,1784862409
25599802,1784862421
25599803,1784862433
25599804,1784862445
25599805,1784862457
25599806,1784862469
25599807,1784862481
25599808,1784862493
25599809,1784862505
25599810,1784862517
25599811,1784862529
25599812,1784862541
25599813,1784862553
25599814,1784862565
25599815,1784862577
25599816,1784862589
25599817,1784862601
25599818,1784862613
25599819,1784862625
25599820,1784862637
25599821,1784862650
25599822,1784862662
25599823,1784862674
25599824,1784862686
25599825,1784862698
25599826,1784862710
25599827,1784862722
25599828,1784862734
25599829,1784862746
25599830,1784862758
25599831,1784862770
25599832,1784862782
25599833,1784862794
25599834,1784862806
25599835,1784862818
25599836,1784862830
25599837,1784862842
25599838,1784862854
25599839,1784862866
25599840,1784862878
25599841,1784862890
25599842,1784862902
25599843,1784862914
25599844,1784862926
25599845,1784862938
25599846,1784862950
25599847,1784862962
25599848,1784862974
25599849,1784862986
25599850,1784862998
25599851,1784863010
25599852,1784863022
25599853,1784863034
25599854,1784863046
25599855,1784863058
25599856,1784863071
25599857,1784863083
25599858,1784863095
25599859,1784863107
25599860,1784863119
25599861,1784863131
25599862,1784863143
25599863,1784863155
25599864,1784863167
25599865,1784863179
25599866,1784863191
25599867,1784863203
25599868,1784863215
25599869,1784863227
25599870,1784863239
25599871,1784863251
25599872,1784863263
25599873,1784863275
25599874,1784863287
25599875,1784863299
25599876,1784863311
25599877,1784863323
25599878,1784863335
25599879,1784863347
25599880,1784863359
25599881,1784863371
25599882,1784863383
25599883,1784863395
25599884,1784863407
25599885,1784863419
25599886,1784863431
25599887,1784863443
25599888,1784863455
25599889,1784863467
25599890,1784863479
25599891,1784863491
25599892,1784863504
25599893,1784863516
25599894,1784863528
25599895,1784863540
25599896,1784863552
25599897,1784863564
25599898,1784863576
25599899,1784863588
25599900,1784863600
25599901,1784863612
25599902,1784863624
25599903,1784863636
25599904,1784863648
25599905,1784863660
25599906,1784863672
25599907,1784863684
25599908,1784863696
25599909,1784863708
25599910,1784863720
25599911,1784863732
25599912,1784863744
25599913,1784863756
25599914,1784863768
25599915,1784863780
25599916,1784863792
25599917,1784863804
25599918,1784863816
25599919,1784863828
25599920,1784863840
25599921,1784863852
25599922,1784863864
25599923,1784863876
25599924,1784863888
25599925,1784863900
25599926,1784863912
25599927,1784863925
25599928,1784863937
25599929,1784863949
25599930,1784863961
25599931,1784863973
25599932,1784863985
25599933,1784863997
25599934,1784864009
25599935,1784864021
25599936,1784864033
25599937,1784864045
25599938,1784864057
25599939,1784864069
25599940,1784864081
25599941,1784864093
25599942,1784864105
25599943,1784864117
25599944,1784864129
25599945,1784864141
25599946,1784864153
25599947,1784864165
25599948,1784864177
25599949,1784864189
25599950,1784864201
25599951,1784864213
25599952,1784864225
25599953,1784864237
25599954,1784864249
25599955,1784864261
25599956,1784864273
25599957,1784864285
25599958,1784864297
25599959,1784864309
25599960,1784864321
25599961,1784864333
25599962,1784864346
25599963,1784864358
25599964,1784864370
25599965,1784864382
25599966,1784864394
25599967,1784864406
25599968,1784864418
25599969,1784864430
25599970,1784864442
25599971,1784864454
25599972,1784864466
25599973,1784864478
25599974,1784864490
25599975,1784864502
25599976,1784864514
25599977,1784864526
25599978,1784864538
25599979,1784864550
25599980,1784864562
25599981,1784864574
25599982,1784864586
25599983,1784864598
25599984,1784864610
25599985,1784864622
25599986,1784864634
25599987,1784864646
25599988,1784864658
25599989,1784864670
25599990,1784864682
25599991,1784864694
25599992,1784864706
25599993,1784864718
25599994,1784864730
25599995,1784864742
25599996,1784864754
25599997,1784864767
25599998,1784864779
25599999,1784864791
25600000,1784864803
25600001,1784864815
25600002,1784864827
25600003,1784864839
25600004,1784864851
25600005,1784864863
25600006,1784864875
25600007,1784864887
25600008,1784864899
25600009,1784864911
25600010,1784864923
25600011,1784864935
25600012,1784864947
25600013,1784864959
25600014,1784864971
25600015,1784864983
25600016,1784864995
25600017,1784865007
25600018,1784865019
25600019,1784865031
25600020,1784865043
25600021,1784865055
25600022,1784865067
25600023,1784865079
25600024,1784865091
25600025,1784865103
25600026,1784865115
25600027,1784865127
25600028,1784865139
25600029,1784865151
25600030,1784865163
25600031,1784865175
25600032,1784865188
25600033,1784865200
25600034,1784865212
25600035,1784865224
25600036,1784865236
25600037,1784865248
25600038,1784865260
25600039,1784865272
25600040,1784865284
25600041,1784865296
25600042,1784865308
25600043,1784865320
25600044,1784865332
25600045,1784865344
25600046,1784865356
25600047,1784865368
25600048,1784865380
25600049,1784865392
25600050,1784865404
25600051,1784865416
25600052,1784865428
25600053,1784865440
25600054,1784865452
25600055,1784865464
25600056,1784865476
25600057,1784865488
25600058,1784865500
25600059,1784865512
25600060,1784865524
25600061,1784865536
25600062,1784865548
25600063,1784865560
25600064,1784865572
25600065,1784865584
25600066,1784865596
25600067,1784865608
25600068,1784865621
25600069,1784865633
25600070,1784865645
25600071,1784865657
25600072,1784865669
25600073,1784865681
25600074,1784865693
25600075,1784865705
25600076,1784865717
25600077,1784865729
25600078,1784865741
25600079,1784865753
25600080,1784865765
25600081,1784865777
25600082,1784865789
25600083,1784865801
25600084,1784865813
25600085,1784865825
25600086,1784865837
25600087,1784865849
25600088,1784865861
25600089,1784865873
25600090,1784865885
25600091,1784865897
25600092,1784865909
25600093,1784865921
25600094,1784865933
25600095,1784865945
25600096,1784865957
25600097,1784865969
25600098,1784865981
25600099,1784865993
25600100,1784866005
25600101,1784866017
25600102,1784866029
25600103,1784866042
25600104,1784866054
25600105,1784866066
25600106,1784866078
25600107,1784866090
25600108,1784866102
25600109,1784866114
25600110,1784866126
25600111,1784866138
25600112,1784866150
25600113,1784866162
25600114,1784866174
25600115,1784866186
25600116,1784866198
25600117,1784866210
25600118,1784866222
25600119,1784866234
25600120,1784866246
25600121,1784866258
25600122,1784866270
25600123,1784866282
25600124,1784866294
25600125,1784866306
25600126,1784866318
25600127,1784866330
25600128,1784866342
25600129,1784866354
25600130,1784866366
25600131,1784866378
25600132,1784866390
25600133,1784866402
25600134,1784866414
25600135,1784866426
25600136,1784866438
25600137,1784866450
25600138,1784866463
25600139,1784866475
25600140,1784866487
25600141,1784866499
25600142,1784866511
25600143,1784866523
25600144,1784866535
25600145,1784866547
25600146,1784866559
25600147,1784866571
25600148,1784866583
25600149,1784866595
25600150,1784866607
25600151,1784866619
25600152,1784866631
25600153,1784866643
25600154,1784866655
25600155,1784866667
25600156,1784866679
25600157,1784866691
25600158,1784866703
25600159,1784866715
25600160,1784866727
25600161,1784866739
25600162,1784866751
25600163,1784866763
25600164,1784866775
25600165,1784866787
25600166,1784866799
25600167,1784866811
25600168,1784866823
25600169,1784866835
25600170,1784866847
25600171,1784866859
25600172,1784866871
25600173,1784866884
25600174,1784866896
25600175,1784866908
25600176,1784866920
25600177,1784866932
25600178,1784866944
25600179,1784866956
25600180,1784866968
25600181,1784866980
25600182,1784866992
25600183,1784867004
25600184,1784867016
25600185,1784867028
25600186,1784867040
25600187,1784867052
25600188,1784867064
25600189,1784867076
25600190,1784867088
25600191,1784867100
25600192,1784867112
25600193,1784867124
25600194,1784867136
25600195,1784867148
25600196,1784867160
25600197,1784867172
25600198,1784867184
25600199,1784867196
25600200,1784867208
25600201,1784867220
25600202,1784867232
25600203,1784867244
25600204,1784867256
25600205,1784867268
25600206,1784867280
25600207,1784867292
25600208,1784867304
25600209,1784867317
25600210,1784867329
25600211,1784867341
25600212,1784867353
25600213,1784867365
25600214,1784867377
25600215,1784867389
25600216,1784867401
25600217,1784867413
25600218,1784867425
25600219,1784867437
25600220,1784867449
25600221,1784867461
25600222,1784867473
25600223,1784867485
25600224,1784867497
25600225,1784867509
25600226,1784867521
25600227,1784867533
25600228,1784867545
25600229,1784867557
25600230,1784867569
25600231,1784867581
25600232,1784867593
25600233,1784867605
25600234,1784867617
25600235,1784867629
25600236,1784867641
25600237,1784867653
25600238,1784867665
25600239,1784867677
25600240,1784867689
25600241,1784867701
25600242,1784867713
25600243,1784867725
25600244,1784867738
25600245,1784867750
25600246,1784867762
25600247,1784867774
25600248,1784867786
25600249,1784867798
25600250,1784867810
25600251,1784867822
25600252,1784867834
25600253,1784867846
25600254,1784867858
25600255,1784867870
25600256,1784867882
25600257,1784867894
25600258,1784867906
25600259,1784867918
25600260,1784867930
25600261,1784867942
25600262,1784867954
25600263,1784867966
25600264,1784867978
25600265,1784867990
25600266,1784868002
25600267,1784868014
25600268,1784868026
25600269,1784868038
25600270,1784868050
25600271,1784868062
25600272,1784868074
25600273,1784868086
25600274,1784868098
25600275,1784868110
25600276,1784868122
25600277,1784868134
25600278,1784868146
25600279,1784868159
25600280,1784868171
25600281,1784868183
25600282,1784868195
25600283,1784868207
25600284,1784868219
25600285,1784868231
25600286,1784868243
25600287,1784868255
25600288,1784868267
25600289,1784868279
25600290,1784868291
25600291,1784868303
25600292,1784868315
25600293,1784868327
25600294,1784868339
25600295,1784868351
25600296,1784868363
25600297,1784868375
25600298,1784868387
25600299,1784868399
25600300,1784868411
25600301,1784868423
25600302,1784868435
25600303,1784868447
25600304,1784868459
25600305,1784868471
25600306,1784868483
25600307,1784868495
25600308,1784868507
25600309,1784868519
25600310,1784868531
25600311,1784868543
25600312,1784868555
25600313,1784868567
25600314,1784868580
25600315,1784868592
25600316,1784868604
25600317,1784868616
25600318,1784868628
25600319,1784868640
25600320,1784868652
25600321,1784868664
25600322,1784868676
25600323,1784868688
25600324,1784868700
25600325,1784868712
25600326,1784868724
25600327,1784868736
25600328,1784868748
25600329,1784868760
25600330,1784868772
25600331,1784868784
25600332,1784868796
25600333,1784868808
25600334,1784868820
25600335,1784868832
25600336,1784868844
25600337,1784868856
25600338,1784868868
25600339,1784868880
25600340,1784868892
25600341,1784868904
25600342,1784868916
25600343,1784868928
25600344,1784868940
25600345,1784868952
25600346,1784868964
25600347,1784868976
25600348,1784868988
25600349,1784869001
25600350,1784869013
25600351,1784869025
25600352,1784869037
25600353,1784869049
25600354,1784869061
25600355,1784869073
25600356,1784869085
25600357,1784869097
25600358,1784869109
25600359,1784869121
25600360,1784869133
25600361,1784869145
25600362,1784869157
25600363,1784869169
25600364,1784869181
25600365,1784869193
25600366,1784869205
25600367,1784869217
25600368,1784869229
25600369,1784869241
25600370,1784869253
25600371,1784869265
25600372,1784869277
25600373,1784869289
25600374,1784869301
25600375,1784869313
25600376,1784869325
25600377,1784869337
25600378,1784869349
25600379,1784869361
25600380,1784869373
25600381,1784869385
25600382,1784869397
25600383,1784869409
25600384,1784869421
25600385,1784869434
25600386,1784869446
25600387,1784869458
25600388,1784869470
25600389,1784869482
25600390,1784869494
25600391,1784869506
25600392,1784869518
25600393,1784869530
25600394,1784869542
25600395,1784869554
25600396,1784869566
25600397,1784869578
25600398,1784869590
25600399,1784869602
25600400,1784869614
25600401,1784869626
25600402,1784869638
25600403,1784869650
25600404,1784869662
25600405,1784869674
25600406,1784869686
25600407,1784869698
25600408,1784869710
25600409,1784869722
25600410,1784869734
25600411,1784869746
25600412,1784869758
25600413,1784869770
25600414,1784869782
25600415,1784869794
25600416,1784869806
25600417,1784869818
25600418,1784869830
25600419,1784869842
25600420,1784869855
25600421,1784869867
25600422,1784869879
25600423,1784869891
25600424,1784869903
25600425,1784869915
25600426,1784869927
25600427,1784869939
25600428,1784869951
25600429,1784869963
25600430,1784869975
25600431,1784869987
25600432,1784869999
25600433,1784870011
25600434,1784870023
25600435,1784870035
25600436,1784870047
25600437,1784870059
25600438,1784870071
25600439,1784870083
25600440,1784870095
25600441,1784870107
25600442,1784870119
25600443,1784870131
25600444,1784870143
25600445,1784870155
25600446,1784870167
25600447,1784870179
25600448,1784870191
25600449,1784870203
25600450,1784870215
25600451,1784870227
25600452,1784870239
25600453,1784870251
25600454,1784870263
25600455,1784870276
25600456,1784870288
25600457,1784870300
25600458,1784870312
25600459,1784870324
25600460,1784870336
25600461,1784870348
25600462,1784870360
25600463,1784870372
25600464,1784870384
25600465,1784870396
25600466,1784870408
25600467,1784870420
25600468,1784870432
25600469,1784870444
25600470,1784870456
25600471,1784870468
25600472,1784870480
25600473,1784870492
25600474,1784870504
25600475,1784870516
25600476,1784870528
25600477,1784870540
25600478,1784870552
25600479,1784870564
25600480,1784870576
25600481,1784870588
25600482,1784870600
25600483,1784870612
25600484,1784870624
25600485,1784870636
25600486,1784870648
25600487,1784870660
25600488,1784870672
25600489,1784870684
25600490,1784870697
25600491,1784870709
25600492,1784870721
25600493,1784870733
25600494,1784870745
25600495,1784870757
25600496,1784870769
25600497,1784870781
25600498,1784870793
25600499,1784870805
25600500,1784870817
25600501,1784870829
25600502,1784870841
25600503,1784870853
25600504,1784870865
25600505,1784870877
25600506,1784870889
25600507,1784870901
25600508,1784870913
25600509,1784870925
25600510,1784870937
25600511,1784870949
25600512,1784870961
25600513,1784870973
25600514,1784870985
25600515,1784870997
25600516,1784871009
25600517,1784871021
25600518,1784871033
25600519,1784871045
25600520,1784871057
25600521,1784871069
25600522,1784871081
25600523,1784871093
25600524,1784871105
25600525,1784871118
25600526,1784871130
25600527,1784871142
25600528,1784871154
25600529,1784871166
25600530,1784871178
25600531,1784871190
25600532,1784871202
25600533,1784871214
25600534,1784871226
25600535,1784871238
25600536,1784871250
25600537,1784871262
25600538,1784871274
25600539,1784871286
25600540,1784871298
25600541,1784871310
25600542,1784871322
25600543,1784871334
25600544,1784871346
25600545,1784871358
25600546,1784871370
25600547,1784871382
25600548,1784871394
25600549,1784871406
25600550,1784871418
25600551,1784871430
25600552,1784871442
25600553,1784871454
25600554,1784871466
25600555,1784871478
25600556,1784871490
25600557,1784871502
25600558,1784871514
25600559,1784871526
25600560,1784871538
25600561,1784871551
25600562,1784871563
25600563,1784871575
25600564,1784871587
25600565,1784871599
25600566,1784871611
25600567,1784871623
25600568,1784871635
25600569,1784871647
25600570,1784871659
25600571,1784871671
25600572,1784871683
25600573,1784871695
25600574,1784871707
25600575,1784871719
25600576,1784871731
25600577,1784871743
25600578,1784871755
25600579,1784871767
25600580,1784871779
25600581,1784871791
25600582,1784871803
25600583,1784871815
25600584,1784871827
25600585,1784871839
25600586,1784871851
25600587,1784871863
25600588,1784871875
25600589,1784871887
25600590,1784871899
25600591,1784871911
25600592,1784871923
25600593,1784871935
25600594,1784871947
25600595,1784871959
25600596,1784871972
25600597,1784871984
25600598,1784871996
25600599,1784872008
25600600,1784872020
25600601,1784872032
25600602,1784872044
25600603,1784872056
25600604,1784872068
25600605,1784872080
25600606,1784872092
25600607,1784872104
25600608,1784872116
25600609,1784872128
25600610,1784872140
25600611,1784872152
25600612,1784872164
25600613,1784872176
25600614,1784872188
25600615,1784872200
25600616,1784872212
25600617,1784872224
25600618,1784872236
25600619,1784872248
25600620,1784872260
25600621,1784872272
25600622,1784872284
25600623,1784872296
25600624,1784872308
25600625,1784872320
25600626,1784872332
25600627,1784872344
25600628,1784872356
25600629,1784872368
25600630,1784872380
25600631,1784872393
25600632,1784872405
25600633,1784872417
25600634,1784872429
25600635,1784872441
25600636,1784872453
25600637,1784872465
25600638,1784872477
25600639,1784872489
25600640,1784872501
25600641,1784872513
25600642,1784872525
25600643,1784872537
25600644,1784872549
25600645,1784872561
25600646,1784872573
25600647,1784872585
25600648,1784872597
25600649,1784872609
25600650,1784872621
25600651,1784872633
25600652,1784872645
25600653,1784872657
25600654,1784872669
25600655,1784872681
25600656,1784872693
25600657,1784872705
25600658,1784872717
25600659,1784872729
25600660,1784872741
25600661,1784872753
25600662,1784872765
25600663,1784872777
25600664,1784872789
25600665,1784872801
25600666,1784872814
25600667,1784872826
25600668,1784872838
25600669,1784872850
25600670,1784872862
25600671,1784872874
25600672,1784872886
25600673,1784872898
25600674,1784872910
25600675,1784872922
25600676,1784872934
25600677,1784872946
25600678,1784872958
25600679,1784872970
25600680,1784872982
25600681,1784872994
25600682,1784873006
25600683,1784873018
25600684,1784873030
25600685,1784873042
25600686,1784873054
25600687,1784873066
25600688,1784873078
25600689,1784873090
25600690,1784873102
25600691,1784873114
25600692,1784873126
25600693,1784873138
25600694,1784873150
25600695,1784873162
25600696,1784873174
25600697,1784873186
25600698,1784873198
25600699,1784873210
25600700,1784873222
25600701,1784873235
25600702,1784873247
25600703,1784873259
25600704,1784873271
25600705,1784873283
25600706,1784873295
25600707,1784873307
25600708,1784873319
25600709,1784873331
25600710,1784873343
25600711,1784873355
25600712,1784873367
25600713,1784873379
25600714,1784873391
25600715,1784873403
25600716,1784873415
25600717,1784873427
25600718,1784873439
25600719,1784873451
25600720,1784873463
25600721,1784873475
25600722,1784873487
25600723,1784873499
25600724,1784873511
25600725,1784873523
25600726,1784873535
25600727,1784873547
25600728,1784873559
25600729,1784873571
25600730,1784873583
25600731,1784873595
25600732,1784873607
25600733,1784873619
25600734,1784873631
25600735,1784873643
25600736,1784873655
25600737,1784873668
25600738,1784873680
25600739,1784873692
25600740,1784873704
25600741,1784873716
25600742,1784873728
25600743,1784873740
25600744,1784873752
25600745,1784873764
25600746,1784873776
25600747,1784873788
25600748,1784873800
25600749,1784873812
25600750,1784873824
25600751,1784873836
25600752,1784873848
25600753,1784873860
25600754,1784873872
25600755,1784873884
25600756,1784873896
25600757,1784873908
25600758,1784873920
25600759,1784873932
25600760,1784873944
25600761,1784873956
25600762,1784873968
25600763,1784873980
25600764,1784873992
25600765,1784874004
25600766,1784874016
25600767,1784874028
25600768,1784874040
25600769,1784874052
25600770,1784874064
25600771,1784874076
25600772,1784874089
25600773,1784874101
25600774,1784874113
25600775,1784874125
25600776,1784874137
25600777,1784874149
25600778,1784874161
25600779,1784874173
25600780,1784874185
25600781,1784874197
25600782,1784874209
25600783,1784874221
25600784,1784874233
25600785,1784874245
25600786,1784874257
25600787,1784874269
25600788,1784874281
25600789,1784874293
25600790,1784874305
25600791,1784874317
25600792,1784874329
25600793,1784874341
25600794,1784874353
25600795,1784874365
25600796,1784874377
25600797,1784874389
25600798,1784874401
25600799,1784874413
25600800,1784874425
25600801,1784874437
25600802,1784874449
25600803,1784874461
25600804,1784874473
25600805,1784874485
25600806,1784874497
25600807,1784874510
25600808,1784874522
25600809,1784874534
25600810,1784874546
25600811,1784874558
25600812,1784874570
25600813,1784874582
25600814,1784874594
25600815,1784874606
25600816,1784874618
25600817,1784874630
25600818,1784874642
25600819,1784874654
25600820,1784874666
25600821,1784874678
25600822,1784874690
25600823,1784874702
25600824,1784874714
25600825,1784874726
25600826,1784874738
25600827,1784874750
25600828,1784874762
25600829,1784874774
25600830,1784874786
25600831,1784874798
25600832,1784874810
25600833,1784874822
25600834,1784874834
25600835,1784874846
25600836,1784874858
25600837,1784874870
25600838,1784874882
25600839,1784874894
25600840,1784874906
25600841,1784874918
25600842,1784874931
25600843,1784874943
25600844,1784874955
25600845,1784874967
25600846,1784874979
25600847,1784874991
25600848,1784875003
25600849,1784875015
25600850,1784875027
25600851,1784875039
25600852,1784875051
25600853,1784875063
25600854,1784875075
25600855,1784875087
25600856,1784875099
25600857,1784875111
25600858,1784875123
25600859,1784875135
25600860,1784875147
25600861,1784875159
25600862,1784875171
25600863,1784875183
25600864,1784875195
25600865,1784875207
25600866,1784875219
25600867,1784875231
25600868,1784875243
25600869,1784875255
25600870,1784875267
25600871,1784875279
25600872,1784875291
25600873,1784875303
25600874,1784875315
25600875,1784875327
25600876,1784875339
25600877,1784875351
25600878,1784875364
25600879,1784875376
25600880,1784875388
25600881,1784875400
25600882,1784875412
25600883,1784875424
25600884,1784875436
25600885,1784875448
25600886,1784875460
25600887,1784875472
25600888,1784875484
25600889,1784875496
25600890,1784875508
25600891,1784875520
25600892,1784875532
25600893,1784875544
25600894,1784875556
25600895,1784875568
25600896,1784875580
25600897,1784875592
25600898,1784875604
25600899,1784875616
25600900,1784875628
25600901,1784875640
25600902,1784875652
25600903,1784875664
25600904,1784875676
25600905,1784875688
25600906,1784875700
25600907,1784875712
25600908,1784875724
25600909,1784875736
25600910,1784875748
25600911,1784875760
25600912,1784875772
25600913,1784875785
25600914,1784875797
25600915,1784875809
25600916,1784875821
25600917,1784875833
25600918,1784875845
25600919,1784875857
25600920,1784875869
25600921,1784875881
25600922,1784875893
25600923,1784875905
25600924,1784875917
25600925,1784875929
25600926,1784875941
25600927,1784875953
25600928,1784875965
25600929,1784875977
25600930,1784875989
25600931,1784876001
25600932,1784876013
25600933,1784876025
25600934,1784876037
25600935,1784876049
25600936,1784876061
25600937,1784876073
25600938,1784876085
25600939,1784876097
25600940,1784876109
25600941,1784876121
25600942,1784876133
25600943,1784876145
25600944,1784876157
25600945,1784876169
25600946,1784876181
25600947,1784876193
25600948,1784876206
25600949,1784876218
25600950,1784876230
25600951,1784876242
25600952,1784876254
25600953,1784876266
25600954,1784876278
25600955,1784876290
25600956,1784876302
25600957,1784876314
25600958,1784876326
25600959,1784876338
25600960,1784876350
25600961,1784876362
25600962,1784876374
25600963,1784876386
25600964,1784876398
25600965,1784876410
25600966,1784876422
25600967,1784876434
25600968,1784876446
25600969,1784876458
25600970,1784876470
25600971,1784876482
25600972,1784876494
25600973,1784876506
25600974,1784876518
25600975,1784876530
25600976,1784876542
25600977,1784876554
25600978,1784876566
25600979,1784876578
25600980,1784876590
25600981,1784876602
25600982,1784876614
25600983,1784876627
25600984,1784876639
25600985,1784876651
25600986,1784876663
25600987,1784876675
25600988,1784876687
25600989,1784876699
25600990,1784876711
25600991,1784876723
25600992,1784876735
25600993,1784876747
25600994,1784876759
25600995,1784876771
25600996,1784876783
25600997,1784876795
25600998,1784876807
25600999,1784876819
25601000,1784876831
25601001,1784876843
25601002,1784876855
25601003,1784876867
25601004,1784876879
25601005,1784876891
25601006,1784876903
25601007,1784876915
25601008,1784876927
25601009,1784876939
25601010,1784876951
25601011,1784876963
25601012,1784876975
25601013,1784876987
25601014,1784876999
25601015,1784877011
25601016,1784877023
25601017,1784877035
25601018,1784877048
25601019,1784877060
25601020,1784877072
25601021,1784877084
25601022,1784877096
25601023,1784877108
25601024,1784877120
25601025,1784877132
25601026,1784877144
25601027,1784877156
25601028,1784877168
25601029,1784877180
25601030,1784877192
25601031,1784877204
25601032,1784877216
25601033,1784877228
25601034,1784877240
25601035,1784877252
25601036,1784877264
25601037,1784877276
25601038,1784877288
25601039,1784877300
25601040,1784877312
25601041,1784877324
25601042,1784877336
25601043,1784877348
25601044,1784877360
25601045,1784877372
25601046,1784877384
25601047,1784877396
25601048,1784877408
25601049,1784877420
25601050,1784877432
25601051,1784877444
25601052,1784877456
25601053,1784877468
25601054,1784877481
25601055,1784877493
25601056,1784877505
25601057,1784877517
25601058,1784877529
25601059,1784877541
25601060,1784877553
25601061,1784877565
25601062,1784877577
25601063,1784877589
25601064,1784877601
25601065,1784877613
25601066,1784877625
25601067,1784877637
25601068,1784877649
25601069,1784877661
25601070,1784877673
25601071,1784877685
25601072,1784877697
25601073,1784877709
25601074,1784877721
25601075,1784877733
25601076,1784877745
25601077,1784877757
25601078,1784877769
25601079,1784877781
25601080,1784877793
25601081,1784877805
25601082,1784877817
25601083,1784877829
25601084,1784877841
25601085,1784877853
25601086,1784877865
25601087,1784877877
25601088,1784877889
25601089,1784877902
25601090,1784877914
25601091,1784877926
25601092,1784877938
25601093,1784877950
25601094,1784877962
25601095,1784877974
25601096,1784877986
25601097,1784877998
25601098,1784878010
25601099,1784878022
25601100,1784878034
25601101,1784878046
25601102,1784878058
25601103,1784878070
25601104,1784878082
25601105,1784878094
25601106,1784878106
25601107,1784878118
25601108,1784878130
25601109,1784878142
25601110,1784878154
25601111,1784878166
25601112,1784878178
25601113,1784878190
25601114,1784878202
25601115,1784878214
25601116,1784878226
25601117,1784878238
25601118,1784878250
25601119,1784878262
25601120,1784878274
25601121,1784878286
25601122,1784878298
25601123,1784878310
25601124,1784878323
25601125,1784878335
25601126,1784878347
25601127,1784878359
25601128,1784878371
25601129,1784878383
25601130,1784878395
25601131,1784878407
25601132,1784878419
25601133,1784878431
25601134,1784878443
25601135,1784878455
25601136,1784878467
25601137,1784878479
25601138,1784878491
25601139,1784878503
25601140,1784878515
25601141,1784878527
25601142,1784878539
25601143,1784878551
25601144,1784878563
25601145,1784878575
25601146,1784878587
25601147,1784878599
25601148,1784878611
25601149,1784878623
25601150,1784878635
25601151,1784878647
25601152,1784878659
25601153,1784878671
25601154,1784878683
25601155,1784878695
25601156,1784878707
25601157,1784878719
25601158,1784878731
25601159,1784878744
25601160,1784878756
25601161,1784878768
25601162,1784878780
25601163,1784878792
25601164,1784878804
25601165,1784878816
25601166,1784878828
25601167,1784878840
25601168,1784878852
25601169,1784878864
25601170,1784878876
25601171,1784878888
25601172,1784878900
25601173,1784878912
25601174,1784878924
25601175,1784878936
25601176,1784878948
25601177,1784878960
25601178,1784878972
25601179,1784878984
25601180,1784878996
25601181,1784879008
25601182,1784879020
25601183,1784879032
25601184,1784879044
25601185,1784879056
25601186,1784879068
25601187,1784879080
25601188,1784879092
25601189,1784879104
25601190,1784879116
25601191,1784879128
25601192,1784879140
25601193,1784879152
25601194,1784879165
25601195,1784879177
25601196,1784879189
25601197,1784879201
25601198,1784879213
25601199,1784879225
25601200,1784879237
25601201,1784879249
25601202,1784879261
25601203,1784879273
25601204,1784879285
25601205,1784879297
25601206,1784879309
25601207,1784879321
25601208,1784879333
25601209,1784879345
25601210,1784879357
25601211,1784879369
25601212,1784879381
25601213,1784879393
25601214,1784879405
25601215,1784879417
25601216,1784879429
25601217,1784879441
25601218,1784879453
25601219,1784879465
25601220,1784879477
25601221,1784879489
25601222,1784879501
25601223,1784879513
25601224,1784879525
25601225,1784879537
25601226,1784879549
25601227,1784879561
25601228,1784879573
25601229,1784879585
25601230,1784879598
25601231,1784879610
25601232,1784879622
25601233,1784879634
25601234,1784879646
25601235,1784879658
25601236,1784879670
25601237,1784879682
25601238,1784879694
25601239,1784879706
25601240,1784879718
25601241,1784879730
25601242,1784879742
25601243,1784879754
25601244,1784879766
25601245,1784879778
25601246,1784879790
25601247,1784879802
25601248,1784879814
25601249,1784879826
25601250,1784879838
25601251,1784879850
25601252,1784879862
25601253,1784879874
25601254,1784879886
25601255,1784879898
25601256,1784879910
25601257,1784879922
25601258,1784879934
25601259,1784879946
25601260,1784879958
25601261,1784879970
25601262,1784879982
25601263,1784879994
25601264,1784880006
25601265,1784880019
25601266,1784880031
25601267,1784880043
25601268,1784880055
25601269,1784880067
25601270,1784880079
25601271,1784880091
25601272,1784880103
25601273,1784880115
25601274,1784880127
25601275,1784880139
25601276,1784880151
25601277,1784880163
25601278,1784880175
25601279,1784880187
25601280,1784880199
25601281,1784880211
25601282,1784880223
25601283,1784880235
25601284,1784880247
25601285,1784880259
25601286,1784880271
25601287,1784880283
25601288,1784880295
25601289,1784880307
25601290,1784880319
25601291,1784880331
25601292,1784880343
25601293,1784880355
25601294,1784880367
25601295,1784880379
25601296,1784880391
25601297,1784880403
25601298,1784880415
25601299,1784880427
25601300,1784880440
25601301,1784880452
25601302,1784880464
25601303,1784880476
25601304,1784880488
25601305,1784880500
25601306,1784880512
25601307,1784880524
25601308,1784880536
25601309,1784880548
25601310,1784880560
25601311,1784880572
25601312,1784880584
25601313,1784880596
25601314,1784880608
25601315,1784880620
25601316,1784880632
25601317,1784880644
25601318,1784880656
25601319,1784880668
25601320,1784880680
25601321,1784880692
25601322,1784880704
25601323,1784880716
25601324,1784880728
25601325,1784880740
25601326,1784880752
25601327,1784880764
25601328,1784880776
25601329,1784880788
25601330,1784880800
25601331,1784880812
25601332,1784880824
25601333,1784880836
25601334,1784880848
25601335,1784880861
25601336,1784880873
25601337,1784880885
25601338,1784880897
25601339,1784880909
25601340,1784880921
25601341,1784880933
25601342,1784880945
25601343,1784880957
25601344,1784880969
25601345,1784880981
25601346,1784880993
25601347,1784881005
25601348,1784881017
25601349,1784881029
25601350,1784881041
25601351,1784881053
25601352,1784881065
25601353,1784881077
25601354,1784881089
25601355,1784881101
25601356,1784881113
25601357,1784881125
25601358,1784881137
25601359,1784881149
25601360,1784881161
25601361,1784881173
25601362,1784881185
25601363,1784881197
25601364,1784881209
25601365,1784881221
25601366,1784881233
25601367,1784881245
25601368,1784881257
25601369,1784881269
25601370,1784881282
25601371,1784881294
25601372,1784881306
25601373,1784881318
25601374,1784881330
25601375,1784881342
25601376,1784881354
25601377,1784881366
25601378,1784881378
25601379,1784881390
25601380,1784881402
25601381,1784881414
25601382,1784881426
25601383,1784881438
25601384,1784881450
25601385,1784881462
25601386,1784881474
25601387,1784881486
25601388,1784881498
25601389,1784881510
25601390,1784881522
25601391,1784881534
25601392,1784881546
25601393,1784881558
25601394,1784881570
25601395,1784881582
25601396,1784881594
25601397,1784881606
25601398,1784881618
25601399,1784881630
25601400,1784881642
25601401,1784881654
25601402,1784881666
25601403,1784881678
25601404,1784881690
25601405,1784881702
25601406,1784881715
25601407,1784881727
25601408,1784881739
25601409,1784881751
25601410,1784881763
25601411,1784881775
25601412,1784881787
25601413,1784881799
25601414,1784881811
25601415,1784881823
25601416,1784881835
25601417,1784881847
25601418,1784881859
25601419,1784881871
25601420,1784881883
25601421,1784881895
25601422,1784881907
25601423,1784881919
25601424,1784881931
25601425,1784881943
25601426,1784881955
25601427,1784881967
25601428,1784881979
25601429,1784881991
25601430,1784882003
25601431,1784882015
25601432,1784882027
25601433,1784882039
25601434,1784882051
25601435,1784882063
25601436,1784882075
25601437,1784882087
25601438,1784882099
25601439,1784882111
25601440,1784882123
25601441,1784882136
25601442,1784882148
25601443,1784882160
25601444,1784882172
25601445,1784882184
25601446,1784882196
25601447,1784882208
25601448,1784882220
25601449,1784882232
25601450,1784882244
25601451,1784882256
25601452,1784882268
25601453,1784882280
25601454,1784882292
25601455,1784882304
25601456,1784882316
25601457,1784882328
25601458,1784882340
25601459,1784882352
25601460,1784882364
25601461,1784882376
25601462,1784882388
25601463,1784882400
25601464,1784882412
25601465,1784882424
25601466,1784882436
25601467,1784882448
25601468,1784882460
25601469,1784882472
25601470,1784882484
25601471,1784882496
25601472,1784882508
25601473,1784882520
25601474,1784882532
25601475,1784882544
25601476,1784882557
25601477,1784882569
25601478,1784882581
25601479,1784882593
25601480,1784882605
25601481,1784882617
25601482,1784882629
25601483,1784882641
25601484,1784882653
25601485,1784882665
25601486,1784882677
25601487,1784882689
25601488,1784882701
25601489,1784882713
25601490,1784882725
25601491,1784882737
25601492,1784882749
25601493,1784882761
25601494,1784882773
25601495,1784882785
25601496,1784882797
25601497,1784882809
25601498,1784882821
25601499,1784882833
25601500,1784882845
25601501,1784882857
25601502,1784882869
25601503,1784882881
25601504,1784882893
25601505,1784882905
25601506,1784882917
25601507,1784882929
25601508,1784882941
25601509,1784882953
25601510,1784882965
25601511,1784882978
25601512,1784882990
25601513,1784883002
25601514,1784883014
25601515,1784883026
25601516,1784883038
25601517,1784883050
25601518,1784883062
25601519,1784883074
25601520,1784883086
25601521,1784883098
25601522,1784883110
25601523,1784883122
25601524,1784883134
25601525,1784883146
25601526,1784883158
25601527,1784883170
25601528,1784883182
25601529,1784883194
25601530,1784883206
25601531,1784883218
25601532,1784883230
25601533,1784883242
25601534,1784883254
25601535,1784883266
25601536,1784883278
25601537,1784883290
25601538,1784883302
25601539,1784883314
25601540,1784883326
25601541,1784883338
25601542,1784883350
25601543,1784883362
25601544,1784883374
25601545,1784883386
25601546,1784883398
25601547,1784883411
25601548,1784883423
25601549,1784883435
25601550,1784883447
25601551,1784883459
25601552,1784883471
25601553,1784883483
25601554,1784883495
25601555,1784883507
25601556,1784883519
25601557,1784883531
25601558,1784883543
25601559,1784883555
25601560,1784883567
25601561,1784883579
25601562,1784883591
25601563,1784883603
25601564,1784883615
25601565,1784883627
25601566,1784883639
25601567,1784883651
25601568,1784883663
25601569,1784883675
25601570,1784883687
25601571,1784883699
25601572,1784883711
25601573,1784883723
25601574,1784883735
25601575,1784883747
25601576,1784883759
25601577,1784883771
25601578,1784883783
25601579,1784883795
25601580,1784883807
25601581,1784883819
25601582,1784883832
25601583,1784883844
25601584,1784883856
25601585,1784883868
25601586,1784883880
25601587,1784883892
25601588,1784883904
25601589,1784883916
25601590,1784883928
25601591,1784883940
25601592,1784883952
25601593,1784883964
25601594,1784883976
25601595,1784883988
25601596,1784884000
25601597,1784884012
25601598,1784884024
25601599,1784884036
25601600,1784884048
25601601,1784884060
25601602,1784884072
25601603,1784884084
25601604,1784884096
25601605,1784884108
25601606,1784884120
25601607,1784884132
25601608,1784884144
25601609,1784884156
25601610,1784884168
25601611,1784884180
25601612,1784884192
25601613,1784884204
25601614,1784884216
25601615,1784884228
25601616,1784884240
25601617,1784884253
25601618,1784884265
25601619,1784884277
25601620,1784884289
25601621,1784884301
25601622,1784884313
25601623,1784884325
25601624,1784884337
25601625,1784884349
25601626,1784884361
25601627,1784884373
25601628,1784884385
25601629,1784884397
25601630,1784884409
25601631,1784884421
25601632,1784884433
25601633,1784884445
25601634,1784884457
25601635,1784884469
25601636,1784884481
25601637,1784884493
25601638,1784884505
25601639,1784884517
25601640,1784884529
25601641,1784884541
25601642,1784884553
25601643,1784884565
25601644,1784884577
25601645,1784884589
25601646,1784884601
25601647,1784884613
25601648,1784884625
25601649,1784884637
25601650,1784884649
25601651,1784884661
25601652,1784884674
25601653,1784884686
25601654,1784884698
25601655,1784884710
25601656,1784884722
25601657,1784884734
25601658,1784884746
25601659,1784884758
25601660,1784884770
25601661,1784884782
25601662,1784884794
25601663,1784884806
25601664,1784884818
25601665,1784884830
25601666,1784884842
25601667,1784884854
25601668,1784884866
25601669,1784884878
25601670,1784884890
25601671,1784884902
25601672,1784884914
25601673,1784884926
25601674,1784884938
25601675,1784884950
25601676,1784884962
25601677,1784884974
25601678,1784884986
25601679,1784884998
25601680,1784885010
25601681,1784885022
25601682,1784885034
25601683,1784885046
25601684,1784885058
25601685,1784885070
25601686,1784885082
25601687,1784885095
25601688,1784885107
25601689,1784885119
25601690,1784885131
25601691,1784885143
25601692,1784885155
25601693,1784885167
25601694,1784885179
25601695,1784885191
25601696,1784885203
25601697,1784885215
25601698,1784885227
25601699,1784885239
25601700,1784885251
25601701,1784885263
25601702,1784885275
25601703,1784885287
25601704,1784885299
25601705,1784885311
25601706,1784885323
25601707,1784885335
25601708,1784885347
25601709,1784885359
25601710,1784885371
25601711,1784885383
25601712,1784885395
25601713,1784885407
25601714,1784885419
25601715,1784885431
25601716,1784885443
25601717,1784885455
25601718,1784885467
25601719,1784885479
25601720,1784885491
25601721,1784885503
25601722,1784885515
25601723,1784885528
25601724,1784885540
25601725,1784885552
25601726,1784885564
25601727,1784885576
25601728,1784885588
25601729,1784885600
25601730,1784885612
25601731,1784885624
25601732,1784885636
25601733,1784885648
25601734,1784885660
25601735,1784885672
25601736,1784885684
25601737,1784885696
25601738,1784885708
25601739,1784885720
25601740,1784885732
25601741,1784885744
25601742,1784885756
25601743,1784885768
25601744,1784885780
25601745,1784885792
25601746,1784885804
25601747,1784885816
25601748,1784885828
25601749,1784885840
25601750,1784885852
25601751,1784885864
25601752,1784885876
25601753,1784885888
25601754,1784885900
25601755,1784885912
25601756,1784885924
25601757,1784885936
25601758,1784885949
25601759,1784885961
25601760,1784885973
25601761,1784885985
25601762,1784885997
25601763,1784886009
25601764,1784886021
25601765,1784886033
25601766,1784886045
25601767,1784886057
25601768,1784886069
25601769,1784886081
25601770,1784886093
25601771,1784886105
25601772,1784886117
25601773,1784886129
25601774,1784886141
25601775,1784886153
25601776,1784886165
25601777,1784886177
25601778,1784886189
25601779,1784886201
25601780,1784886213
25601781,1784886225
25601782,1784886237
25601783,1784886249
25601784,1784886261
25601785,1784886273
25601786,1784886285
25601787,1784886297
25601788,1784886309
25601789,1784886321
25601790,1784886333
25601791,1784886345
25601792,1784886357
25601793,1784886370
25601794,1784886382
25601795,1784886394
25601796,1784886406
25601797,1784886418
25601798,1784886430
25601799,1784886442
25601800,1784886454
25601801,1784886466
25601802,1784886478
25601803,1784886490
25601804,1784886502
25601805,1784886514
25601806,1784886526
25601807,1784886538
25601808,1784886550
25601809,1784886562
25601810,1784886574
25601811,1784886586
25601812,1784886598
25601813,1784886610
25601814,1784886622
25601815,1784886634
25601816,1784886646
25601817,1784886658
25601818,1784886670
25601819,1784886682
25601820,1784886694
25601821,1784886706
25601822,1784886718
25601823,1784886730
25601824,1784886742
25601825,1784886754
25601826,1784886766
25601827,1784886778
25601828,1784886791
25601829,1784886803
25601830,1784886815
25601831,1784886827
25601832,1784886839
25601833,1784886851
25601834,1784886863
25601835,1784886875
25601836,1784886887
25601837,1784886899
25601838,1784886911
25601839,1784886923
25601840,1784886935
25601841,1784886947
25601842,1784886959
25601843,1784886971
25601844,1784886983
25601845,1784886995
25601846,1784887007
25601847,1784887019
25601848,1784887031
25601849,1784887043
25601850,1784887055
25601851,1784887067
25601852,1784887079
25601853,1784887091
25601854,1784887103
25601855,1784887115
25601856,1784887127
25601857,1784887139
25601858,1784887151
25601859,1784887163
25601860,1784887175
25601861,1784887187
25601862,1784887199
25601863,1784887212
25601864,1784887224
25601865,1784887236
25601866,1784887248
25601867,1784887260
25601868,1784887272
25601869,1784887284
25601870,1784887296
25601871,1784887308
25601872,1784887320
25601873,1784887332
25601874,1784887344
25601875,1784887356
25601876,1784887368
25601877,1784887380
25601878,1784887392
25601879,1784887404
25601880,1784887416
25601881,1784887428
25601882,1784887440
25601883,1784887452
25601884,1784887464
25601885,1784887476
25601886,1784887488
25601887,1784887500
25601888,1784887512
25601889,1784887524
25601890,1784887536
25601891,1784887548
25601892,1784887560
25601893,1784887572
25601894,1784887584
25601895,1784887596
25601896,1784887608
25601897,1784887620
25601898,1784887632
25601899,1784887645
25601900,1784887657
25601901,1784887669
25601902,1784887681
25601903,1784887693
25601904,1784887705
25601905,1784887717
25601906,1784887729
25601907,1784887741
25601908,1784887753
25601909,1784887765
25601910,1784887777
25601911,1784887789
25601912,1784887801
25601913,1784887813
25601914,1784887825
25601915,1784887837
25601916,1784887849
25601917,1784887861
25601918,1784887873
25601919,1784887885
25601920,1784887897
25601921,1784887909
25601922,1784887921
25601923,1784887933
25601924,1784887945
25601925,1784887957
25601926,1784887969
25601927,1784887981
25601928,1784887993
25601929,1784888005
25601930,1784888017
25601931,1784888029
25601932,1784888041
25601933,1784888053
25601934,1784888066
25601935,1784888078
25601936,1784888090
25601937,1784888102
25601938,1784888114
25601939,1784888126
25601940,1784888138
25601941,1784888150
25601942,1784888162
25601943,1784888174
25601944,1784888186
25601945,1784888198
25601946,1784888210
25601947,1784888222
25601948,1784888234
25601949,1784888246
25601950,1784888258
25601951,1784888270
25601952,1784888282
25601953,1784888294
25601954,1784888306
25601955,1784888318
25601956,1784888330
25601957,1784888342
25601958,1784888354
25601959,1784888366
25601960,1784888378
25601961,1784888390
25601962,1784888402
25601963,1784888414
25601964,1784888426
25601965,1784888438
25601966,1784888450
25601967,1784888462
25601968,1784888474
25601969,1784888487
25601970,1784888499
25601971,1784888511
25601972,1784888523
25601973,1784888535
25601974,1784888547
25601975,1784888559
25601976,1784888571
25601977,1784888583
25601978,1784888595
25601979,1784888607
25601980,1784888619
25601981,1784888631
25601982,1784888643
25601983,1784888655
25601984,1784888667
25601985,1784888679
25601986,1784888691
25601987,1784888703
25601988,1784888715
25601989,1784888727
25601990,1784888739
25601991,1784888751
25601992,1784888763
25601993,1784888775
25601994,1784888787
25601995,1784888799
25601996,1784888811
25601997,1784888823
25601998,1784888835
25601999,1784888847
25602000,1784888859
25602001,1784888871
25602002,1784888883
25602003,1784888895
25602004,1784888908
25602005,1784888920
25602006,1784888932
25602007,1784888944
25602008,1784888956
25602009,1784888968
25602010,1784888980
25602011,1784888992
25602012,1784889004
25602013,1784889016
25602014,1784889028
25602015,1784889040
25602016,1784889052
25602017,1784889064
25602018,1784889076
25602019,1784889088
25602020,1784889100
25602021,1784889112
25602022,1784889124
25602023,1784889136
25602024,1784889148
25602025,1784889160
25602026,1784889172
25602027,1784889184
25602028,1784889196
25602029,1784889208
25602030,1784889220
25602031,1784889232
25602032,1784889244
25602033,1784889256
25602034,1784889268
25602035,1784889280
25602036,1784889292
25602037,1784889304
25602038,1784889316
25602039,1784889329
25602040,1784889341
25602041,1784889353
25602042,1784889365
25602043,1784889377
25602044,1784889389
25602045,1784889401
25602046,1784889413
25602047,1784889425
25602048,1784889437
25602049,1784889449
25602050,1784889461
25602051,1784889473
25602052,1784889485
25602053,1784889497
25602054,1784889509
25602055,1784889521
25602056,1784889533
25602057,1784889545
25602058,1784889557
25602059,1784889569
25602060,1784889581
25602061,1784889593
25602062,1784889605
25602063,1784889617
25602064,1784889629
25602065,1784889641
25602066,1784889653
25602067,1784889665
25602068,1784889677
25602069,1784889689
25602070,1784889701
25602071,1784889713
25602072,1784889725
25602073,1784889737
25602074,1784889749
25602075,1784889762
25602076,1784889774
25602077,1784889786
25602078,1784889798
25602079,1784889810
25602080,1784889822
25602081,1784889834
25602082,1784889846
25602083,1784889858
25602084,1784889870
25602085,1784889882
25602086,1784889894
25602087,1784889906
25602088,1784889918
25602089,1784889930
25602090,1784889942
25602091,1784889954
25602092,1784889966
25602093,1784889978
25602094,1784889990
25602095,1784890002
25602096,1784890014
25602097,1784890026
25602098,1784890038
25602099,1784890050
25602100,1784890062
25602101,1784890074
25602102,1784890086
25602103,1784890098
25602104,1784890110
25602105,1784890122
25602106,1784890134
25602107,1784890146
25602108,1784890158
25602109,1784890170
25602110,1784890183
25602111,1784890195
25602112,1784890207
25602113,1784890219
25602114,1784890231
25602115,1784890243
25602116,1784890255
25602117,1784890267
25602118,1784890279
25602119,1784890291
25602120,1784890303
25602121,1784890315
25602122,1784890327
25602123,1784890339
25602124,1784890351
25602125,1784890363
25602126,1784890375
25602127,1784890387
25602128,1784890399
25602129,1784890411
25602130,1784890423
25602131,1784890435
25602132,1784890447
25602133,1784890459
25602134,1784890471
25602135,1784890483
25602136,1784890495
25602137,1784890507
25602138,1784890519
25602139,1784890531
25602140,1784890543
25602141,1784890555
25602142,1784890567
25602143,1784890579
25602144,1784890591
25602145,1784890604
25602146,1784890616
25602147,1784890628
25602148,1784890640
25602149,1784890652
25602150,1784890664
25602151,1784890676
25602152,1784890688
25602153,1784890700
25602154,1784890712
25602155,1784890724
25602156,1784890736
25602157,1784890748
25602158,1784890760
25602159,1784890772
25602160,1784890784
25602161,1784890796
25602162,1784890808
25602163,1784890820
25602164,1784890832
25602165,1784890844
25602166,1784890856
25602167,1784890868
25602168,1784890880
25602169,1784890892
25602170,1784890904
25602171,1784890916
25602172,1784890928
25602173,1784890940
25602174,1784890952
25602175,1784890964
25602176,1784890976
25602177,1784890988
25602178,1784891000
25602179,1784891012
25602180,1784891025
25602181,1784891037
25602182,1784891049
25602183,1784891061
25602184,1784891073
25602185,1784891085
25602186,1784891097
25602187,1784891109
25602188,1784891121
25602189,1784891133
25602190,1784891145
25602191,1784891157
25602192,1784891169
25602193,1784891181
25602194,1784891193
25602195,1784891205
25602196,1784891217
25602197,1784891229
25602198,1784891241
25602199,1784891253
25602200,1784891265
25602201,1784891277
25602202,1784891289
25602203,1784891301
25602204,1784891313
25602205,1784891325
25602206,1784891337
25602207,1784891349
25602208,1784891361
25602209,1784891373
25602210,1784891385
25602211,1784891397
25602212,1784891409
25602213,1784891421
25602214,1784891433
25602215,1784891445
25602216,1784891458
25602217,1784891470
25602218,1784891482
25602219,1784891494
25602220,1784891506
25602221,1784891518
25602222,1784891530
25602223,1784891542
25602224,1784891554
25602225,1784891566
25602226,1784891578
25602227,1784891590
25602228,1784891602
25602229,1784891614
25602230,1784891626
25602231,1784891638
25602232,1784891650
25602233,1784891662
25602234,1784891674
25602235,1784891686
25602236,1784891698
25602237,1784891710
25602238,1784891722
25602239,1784891734
25602240,1784891746
25602241,1784891758
25602242,1784891770
25602243,1784891782
25602244,1784891794
25602245,1784891806
25602246,1784891818
25602247,1784891830
25602248,1784891842
25602249,1784891854
25602250,1784891866
25602251,1784891879
25602252,1784891891
25602253,1784891903
25602254,1784891915
25602255,1784891927
25602256,1784891939
25602257,1784891951
25602258,1784891963
25602259,1784891975
25602260,1784891987
25602261,1784891999
25602262,1784892011
25602263,1784892023
25602264,1784892035
25602265,1784892047
25602266,1784892059
25602267,1784892071
25602268,1784892083
25602269,1784892095
25602270,1784892107
25602271,1784892119
25602272,1784892131
25602273,1784892143
25602274,1784892155
25602275,1784892167
25602276,1784892179
25602277,1784892191
25602278,1784892203
25602279,1784892215
25602280,1784892227
25602281,1784892239
25602282,1784892251
25602283,1784892263
25602284,1784892275
25602285,1784892287
25602286,1784892300
25602287,1784892312
25602288,1784892324
25602289,1784892336
25602290,1784892348
25602291,1784892360
25602292,1784892372
25602293,1784892384
25602294,1784892396
25602295,1784892408
25602296,1784892420
25602297,1784892432
25602298,1784892444
25602299,1784892456
25602300,1784892468
25602301,1784892480
25602302,1784892492
25602303,1784892504
25602304,1784892516
25602305,1784892528
25602306,1784892540
25602307,1784892552
25602308,1784892564
25602309,1784892576
25602310,1784892588
25602311,1784892600
25602312,1784892612
25602313,1784892624
25602314,1784892636
25602315,1784892648
25602316,1784892660
25602317,1784892672
25602318,1784892684
25602319,1784892696
25602320,1784892708
25602321,1784892721
25602322,1784892733
25602323,1784892745
25602324,1784892757
25602325,1784892769
25602326,1784892781
25602327,1784892793
25602328,1784892805
25602329,1784892817
25602330,1784892829
25602331,1784892841
25602332,1784892853
25602333,1784892865
25602334,1784892877
25602335,1784892889
25602336,1784892901
25602337,1784892913
25602338,1784892925
25602339,1784892937
25602340,1784892949
25602341,1784892961
25602342,1784892973
25602343,1784892985
25602344,1784892997
25602345,1784893009
25602346,1784893021
25602347,1784893033
25602348,1784893045
25602349,1784893057
25602350,1784893069
25602351,1784893081
25602352,1784893093
25602353,1784893105
25602354,1784893117
25602355,1784893129
25602356,1784893142
25602357,1784893154
25602358,1784893166
25602359,1784893178
25602360,1784893190
25602361,1784893202
25602362,1784893214
25602363,1784893226
25602364,1784893238
25602365,1784893250
25602366,1784893262
25602367,1784893274
25602368,1784893286
25602369,1784893298
25602370,1784893310
25602371,1784893322
25602372,1784893334
25602373,1784893346
25602374,1784893358
25602375,1784893370
25602376,1784893382
25602377,1784893394
25602378,1784893406
25602379,1784893418
25602380,1784893430
25602381,1784893442
25602382,1784893454
25602383,1784893466
25602384,1784893478
25602385,1784893490
25602386,1784893502
25602387,1784893514
25602388,1784893526
25602389,1784893538
25602390,1784893550
25602391,1784893562
25602392,1784893575
25602393,1784893587
25602394,1784893599
25602395,1784893611
25602396,1784893623
25602397,1784893635
25602398,1784893647
25602399,1784893659
25602400,1784893671
25602401,1784893683
25602402,1784893695
25602403,1784893707
25602404,1784893719
25602405,1784893731
25602406,1784893743
25602407,1784893755
25602408,1784893767
25602409,1784893779
25602410,1784893791
25602411,1784893803
25602412,1784893815
25602413,1784893827
25602414,1784893839
25602415,1784893851
25602416,1784893863
25602417,1784893875
25602418,1784893887
25602419,1784893899
25602420,1784893911
25602421,1784893923
25602422,1784893935
25602423,1784893947
25602424,1784893959
25602425,1784893971
25602426,1784893983
25602427,1784893996
25602428,1784894008
25602429,1784894020
25602430,1784894032
25602431,1784894044
25602432,1784894056
25602433,1784894068
25602434,1784894080
25602435,1784894092
25602436,1784894104
25602437,1784894116
25602438,1784894128
25602439,1784894140
25602440,1784894152
25602441,1784894164
25602442,1784894176
25602443,1784894188
25602444,1784894200
25602445,1784894212
25602446,1784894224
25602447,1784894236
25602448,1784894248
25602449,1784894260
25602450,1784894272
25602451,1784894284
25602452,1784894296
25602453,1784894308
25602454,1784894320
25602455,1784894332
25602456,1784894344
25602457,1784894356
25602458,1784894368
25602459,1784894380
25602460,1784894392
25602461,1784894404
25602462,1784894417
25602463,1784894429
25602464,1784894441
25602465,1784894453
25602466,1784894465
25602467,1784894477
25602468,1784894489
25602469,1784894501
25602470,1784894513
25602471,1784894525
25602472,1784894537
25602473,1784894549
25602474,1784894561
25602475,1784894573
25602476,1784894585
25602477,1784894597
25602478,1784894609
25602479,1784894621
25602480,1784894633
25602481,1784894645
25602482,1784894657
25602483,1784894669
25602484,1784894681
25602485,1784894693
25602486,1784894705
25602487,1784894717
25602488,1784894729
25602489,1784894741
25602490,1784894753
25602491,1784894765
25602492,1784894777
25602493,1784894789
25602494,1784894801
25602495,1784894813
25602496,1784894825
25602497,1784894838
25602498,1784894850
25602499,1784894862
25602500,1784894874
25602501,1784894886
25602502,1784894898
25602503,1784894910
25602504,1784894922
25602505,1784894934
25602506,1784894946
25602507,1784894958
25602508,1784894970
25602509,1784894982
25602510,1784894994
25602511,1784895006
25602512,1784895018
25602513,1784895030
25602514,1784895042
25602515,1784895054
25602516,1784895066
25602517,1784895078
25602518,1784895090
25602519,1784895102
25602520,1784895114
25602521,1784895126
25602522,1784895138
25602523,1784895150
25602524,1784895162
25602525,1784895174
25602526,1784895186
25602527,1784895198
25602528,1784895210
25602529,1784895222
25602530,1784895234
25602531,1784895246
25602532,1784895259
25602533,1784895271
25602534,1784895283
25602535,1784895295
25602536,1784895307
25602537,1784895319
25602538,1784895331
25602539,1784895343
25602540,1784895355
25602541,1784895367
25602542,1784895379
25602543,1784895391
25602544,1784895403
25602545,1784895415
25602546,1784895427
25602547,1784895439
25602548,1784895451
25602549,1784895463
25602550,1784895475
25602551,1784895487
25602552,1784895499
25602553,1784895511
25602554,1784895523
25602555,1784895535
25602556,1784895547
25602557,1784895559
25602558,1784895571
25602559,1784895583
25602560,1784895595
25602561,1784895607
25602562,1784895619
25602563,1784895631
25602564,1784895643
25602565,1784895655
25602566,1784895667
25602567,1784895679
25602568,1784895692
25602569,1784895704
25602570,1784895716
25602571,1784895728
25602572,1784895740
25602573,1784895752
25602574,1784895764
25602575,1784895776
25602576,1784895788
25602577,1784895800
25602578,1784895812
25602579,1784895824
25602580,1784895836
25602581,1784895848
25602582,1784895860
25602583,1784895872
25602584,1784895884
25602585,1784895896
25602586,1784895908
25602587,1784895920
25602588,1784895932
25602589,1784895944
25602590,1784895956
25602591,1784895968
25602592,1784895980
25602593,1784895992
25602594,1784896004
25602595,1784896016
25602596,1784896028
25602597,1784896040
25602598,1784896052
25602599,1784896064
25602600,1784896076
25602601,1784896088
25602602,1784896100
25602603,1784896113
25602604,1784896125
25602605,1784896137
25602606,1784896149
25602607,1784896161
25602608,1784896173
25602609,1784896185
25602610,1784896197
25602611,1784896209
25602612,1784896221
25602613,1784896233
25602614,1784896245
25602615,1784896257
25602616,1784896269
25602617,1784896281
25602618,1784896293
25602619,1784896305
25602620,1784896317
25602621,1784896329
25602622,1784896341
25602623,1784896353
25602624,1784896365
25602625,1784896377
25602626,1784896389
25602627,1784896401
25602628,1784896413
25602629,1784896425
25602630,1784896437
25602631,1784896449
25602632,1784896461
25602633,1784896473
25602634,1784896485
25602635,1784896497
25602636,1784896509
25602637,1784896521
25602638,1784896534
25602639,1784896546
25602640,1784896558
25602641,1784896570
25602642,1784896582
25602643,1784896594
25602644,1784896606
25602645,1784896618
25602646,1784896630
25602647,1784896642
25602648,1784896654
25602649,1784896666
25602650,1784896678
25602651,1784896690
25602652,1784896702
25602653,1784896714
25602654,1784896726
25602655,1784896738
25602656,1784896750
25602657,1784896762
25602658,1784896774
25602659,1784896786
25602660,1784896798
25602661,1784896810
25602662,1784896822
25602663,1784896834
25602664,1784896846
25602665,1784896858
25602666,1784896870
25602667,1784896882
25602668,1784896894
25602669,1784896906
25602670,1784896918
25602671,1784896930
25602672,1784896942
25602673,1784896955
25602674,1784896967
25602675,1784896979
25602676,1784896991
25602677,1784897003
25602678,1784897015
25602679,1784897027
25602680,1784897039
25602681,1784897051
25602682,1784897063
25602683,1784897075
25602684,1784897087
25602685,1784897099
25602686,1784897111
25602687,1784897123
25602688,1784897135
25602689,1784897147
25602690,1784897159
25602691,1784897171
25602692,1784897183
25602693,1784897195
25602694,1784897207
25602695,1784897219
25602696,1784897231
25602697,1784897243
25602698,1784897255
25602699,1784897267
25602700,1784897279
25602701,1784897291
25602702,1784897303
25602703,1784897315
25602704,1784897327
25602705,1784897339
25602706,1784897351
25602707,1784897363
25602708,1784897376
25602709,1784897388
25602710,1784897400
25602711,1784897412
25602712,1784897424
25602713,1784897436
25602714,1784897448
25602715,1784897460
25602716,1784897472
25602717,1784897484
25602718,1784897496
25602719,1784897508
25602720,1784897520
25602721,1784897532
25602722,1784897544
25602723,1784897556
25602724,1784897568
25602725,1784897580
25602726,1784897592
25602727,1784897604
25602728,1784897616
25602729,1784897628
25602730,1784897640
25602731,1784897652
25602732,1784897664
25602733,1784897676
25602734,1784897688
25602735,1784897700
25602736,1784897712
25602737,1784897724
25602738,1784897736
25602739,1784897748
25602740,1784897760
25602741,1784897772
25602742,1784897784
25602743,1784897796
25602744,1784897809
25602745,1784897821
25602746,1784897833
25602747,1784897845
25602748,1784897857
25602749,1784897869
25602750,1784897881
25602751,1784897893
25602752,1784897905
25602753,1784897917
25602754,1784897929
25602755,1784897941
25602756,1784897953
25602757,1784897965
25602758,1784897977
25602759,1784897989
25602760,1784898001
25602761,1784898013
25602762,1784898025
25602763,1784898037
25602764,1784898049
25602765,1784898061
25602766,1784898073
25602767,1784898085
25602768,1784898097
25602769,1784898109
25602770,1784898121
25602771,1784898133
25602772,1784898145
25602773,1784898157
25602774,1784898169
25602775,1784898181
25602776,1784898193
25602777,1784898205
25602778,1784898217
25602779,1784898230
25602780,1784898242
25602781,1784898254
25602782,1784898266
25602783,1784898278
25602784,1784898290
25602785,1784898302
25602786,1784898314
25602787,1784898326
25602788,1784898338
25602789,1784898350
25602790,1784898362
25602791,1784898374
25602792,1784898386
25602793,1784898398
25602794,1784898410
25602795,1784898422
25602796,1784898434
25602797,1784898446
25602798,1784898458
25602799,1784898470
25602800,1784898482
25602801,1784898494
25602802,1784898506
25602803,1784898518
25602804,1784898530
25602805,1784898542
25602806,1784898554
25602807,1784898566
25602808,1784898578
25602809,1784898590
25602810,1784898602
25602811,1784898614
25602812,1784898626
25602813,1784898638
25602814,1784898651
25602815,1784898663
25602816,1784898675
25602817,1784898687
25602818,1784898699
25602819,1784898711
25602820,1784898723
25602821,1784898735
25602822,1784898747
25602823,1784898759
25602824,1784898771
25602825,1784898783
25602826,1784898795
25602827,1784898807
25602828,1784898819
25602829,1784898831
25602830,1784898843
25602831,1784898855
25602832,1784898867
25602833,1784898879
25602834,1784898891
25602835,1784898903
25602836,1784898915
25602837,1784898927
25602838,1784898939
25602839,1784898951
25602840,1784898963
25602841,1784898975
25602842,1784898987
25602843,1784898999
25602844,1784899011
25602845,1784899023
25602846,1784899035
25602847,1784899047
25602848,1784899059
25602849,1784899072
25602850,1784899084
25602851,1784899096
25602852,1784899108
25602853,1784899120
25602854,1784899132
25602855,1784899144
25602856,1784899156
25602857,1784899168
25602858,1784899180
25602859,1784899192
25602860,1784899204
25602861,1784899216
25602862,1784899228
25602863,1784899240
25602864,1784899252
25602865,1784899264
25602866,1784899276
25602867,1784899288
25602868,1784899300
25602869,1784899312
25602870,1784899324
25602871,1784899336
25602872,1784899348
25602873,1784899360
25602874,1784899372
25602875,1784899384
25602876,1784899396
25602877,1784899408
25602878,1784899420
25602879,1784899432
25602880,1784899444
25602881,1784899456
25602882,1784899468
25602883,1784899480
25602884,1784899492
25602885,1784899505
25602886,1784899517
25602887,1784899529
25602888,1784899541
25602889,1784899553
25602890,1784899565
25602891,1784899577
25602892,1784899589
25602893,1784899601
25602894,1784899613
25602895,1784899625
25602896,1784899637
25602897,1784899649
25602898,1784899661
25602899,1784899673
25602900,1784899685
25602901,1784899697
25602902,1784899709
25602903,1784899721
25602904,1784899733
25602905,1784899745
25602906,1784899757
25602907,1784899769
25602908,1784899781
25602909,1784899793
25602910,1784899805
25602911,1784899817
25602912,1784899829
25602913,1784899841
25602914,1784899853
25602915,1784899865
25602916,1784899877
25602917,1784899889
25602918,1784899901
25602919,1784899913
25602920,1784899926
25602921,1784899938
25602922,1784899950
25602923,1784899962
25602924,1784899974
25602925,1784899986
25602926,1784899998
25602927,1784900010
25602928,1784900022
25602929,1784900034
25602930,1784900046
25602931,1784900058
25602932,1784900070
25602933,1784900082
25602934,1784900094
25602935,1784900106
25602936,1784900118
25602937,1784900130
25602938,1784900142
25602939,1784900154
25602940,1784900166
25602941,1784900178
25602942,1784900190
25602943,1784900202
25602944,1784900214
25602945,1784900226
25602946,1784900238
25602947,1784900250
25602948,1784900262
25602949,1784900274
25602950,1784900286
25602951,1784900298
25602952,1784900310
25602953,1784900322
25602954,1784900334
25602955,1784900347
25602956,1784900359
25602957,1784900371
25602958,1784900383
25602959,1784900395
25602960,1784900407
25602961,1784900419
25602962,1784900431
25602963,1784900443
25602964,1784900455
25602965,1784900467
25602966,1784900479
25602967,1784900491
25602968,1784900503
25602969,1784900515
25602970,1784900527
25602971,1784900539
25602972,1784900551
25602973,1784900563
25602974,1784900575
25602975,1784900587
25602976,1784900599
25602977,1784900611
25602978,1784900623
25602979,1784900635
25602980,1784900647
25602981,1784900659
25602982,1784900671
25602983,1784900683
25602984,1784900695
25602985,1784900707
25602986,1784900719
25602987,1784900731
25602988,1784900743
25602989,1784900755
25602990,1784900768
25602991,1784900780
25602992,1784900792
25602993,1784900804
25602994,1784900816
25602995,1784900828
25602996,1784900840
25602997,1784900852
25602998,1784900864
25602999,1784900876
25603000,1784900888
25603001,1784900900
25603002,1784900912
25603003,1784900924
25603004,1784900936
25603005,1784900948
25603006,1784900960
25603007,1784900972
25603008,1784900984
25603009,1784900996
25603010,1784901008
25603011,1784901020
25603012,1784901032
25603013,1784901044
25603014,1784901056
25603015,1784901068
25603016,1784901080
25603017,1784901092
25603018,1784901104
25603019,1784901116
25603020,1784901128
25603021,1784901140
25603022,1784901152
25603023,1784901164
25603024,1784901176
25603025,1784901189
25603026,1784901201
25603027,1784901213
25603028,1784901225
25603029,1784901237
25603030,1784901249
25603031,1784901261
25603032,1784901273
25603033,1784901285
25603034,1784901297
25603035,1784901309
25603036,1784901321
25603037,1784901333
25603038,1784901345
25603039,1784901357
25603040,1784901369
25603041,1784901381
25603042,1784901393
25603043,1784901405
25603044,1784901417
25603045,1784901429
25603046,1784901441
25603047,1784901453
25603048,1784901465
25603049,1784901477
25603050,1784901489
25603051,1784901501
25603052,1784901513
25603053,1784901525
25603054,1784901537
25603055,1784901549
25603056,1784901561
25603057,1784901573
25603058,1784901585
25603059,1784901597
25603060,1784901609
25603061,1784901622
25603062,1784901634
25603063,1784901646
25603064,1784901658
25603065,1784901670
25603066,1784901682
25603067,1784901694
25603068,1784901706
25603069,1784901718
25603070,1784901730
25603071,1784901742
25603072,1784901754
25603073,1784901766
25603074,1784901778
25603075,1784901790
25603076,1784901802
25603077,1784901814
25603078,1784901826
25603079,1784901838
25603080,1784901850
25603081,1784901862
25603082,1784901874
25603083,1784901886
25603084,1784901898
25603085,1784901910
25603086,1784901922
25603087,1784901934
25603088,1784901946
25603089,1784901958
25603090,1784901970
25603091,1784901982
25603092,1784901994
25603093,1784902006
25603094,1784902018
25603095,1784902030
25603096,1784902043
25603097,1784902055
25603098,1784902067
25603099,1784902079
25603100,1784902091
25603101,1784902103
25603102,1784902115
25603103,1784902127
25603104,1784902139
25603105,1784902151
25603106,1784902163
25603107,1784902175
25603108,1784902187
25603109,1784902199
25603110,1784902211
25603111,1784902223
25603112,1784902235
25603113,1784902247
25603114,1784902259
25603115,1784902271
25603116,1784902283
25603117,1784902295
25603118,1784902307
25603119,1784902319
25603120,1784902331
25603121,1784902343
25603122,1784902355
25603123,1784902367
25603124,1784902379
25603125,1784902391
25603126,1784902403
25603127,1784902415
25603128,1784902427
25603129,1784902439
25603130,1784902451
25603131,1784902464
25603132,1784902476
25603133,1784902488
25603134,1784902500
25603135,1784902512
25603136,1784902524
25603137,1784902536
25603138,1784902548
25603139,1784902560
25603140,1784902572
25603141,1784902584
25603142,1784902596
25603143,1784902608
25603144,1784902620
25603145,1784902632
25603146,1784902644
25603147,1784902656
25603148,1784902668
25603149,1784902680
25603150,1784902692
25603151,1784902704
25603152,1784902716
25603153,1784902728
25603154,1784902740
25603155,1784902752
25603156,1784902764
25603157,1784902776
25603158,1784902788
25603159,1784902800
25603160,1784902812
25603161,1784902824
25603162,1784902836
25603163,1784902848
25603164,1784902860
25603165,1784902872
25603166,1784902885
25603167,1784902897
25603168,1784902909
25603169,1784902921
25603170,1784902933
25603171,1784902945
25603172,1784902957
25603173,1784902969
25603174,1784902981
25603175,1784902993
25603176,1784903005
25603177,1784903017
25603178,1784903029
25603179,1784903041
25603180,1784903053
25603181,1784903065
25603182,1784903077
25603183,1784903089
25603184,1784903101
25603185,1784903113
25603186,1784903125
25603187,1784903137
25603188,1784903149
25603189,1784903161
25603190,1784903173
25603191,1784903185
25603192,1784903197
25603193,1784903209
25603194,1784903221
25603195,1784903233
25603196,1784903245
25603197,1784903257
25603198,1784903269
25603199,1784903281
25603200,1784903293
25603201,1784903306
25603202,1784903318
25603203,1784903330
25603204,1784903342
25603205,1784903354
25603206,1784903366
25603207,1784903378
25603208,1784903390
25603209,1784903402
25603210,1784903414
25603211,1784903426
25603212,1784903438
25603213,1784903450
25603214,1784903462
25603215,1784903474
25603216,1784903486
25603217,1784903498
25603218,1784903510
25603219,1784903522
25603220,1784903534
25603221,1784903546
25603222,1784903558
25603223,1784903570
25603224,1784903582
25603225,1784903594
25603226,1784903606
25603227,1784903618
25603228,1784903630
25603229,1784903642
25603230,1784903654
25603231,1784903666
25603232,1784903678
25603233,1784903690
25603234,1784903702
25603235,1784903714
25603236,1784903726
25603237,1784903739
25603238,1784903751
25603239,1784903763
25603240,1784903775
25603241,1784903787
25603242,1784903799
25603243,1784903811
25603244,1784903823
25603245,1784903835
25603246,1784903847
25603247,1784903859
25603248,1784903871
25603249,1784903883
25603250,1784903895
25603251,1784903907
25603252,1784903919
25603253,1784903931
25603254,1784903943
25603255,1784903955
25603256,1784903967
25603257,1784903979
25603258,1784903991
25603259,1784904003
25603260,1784904015
25603261,1784904027
25603262,1784904039
25603263,1784904051
25603264,1784904063
25603265,1784904075
25603266,1784904087
25603267,1784904099
25603268,1784904111
25603269,1784904123
25603270,1784904135
25603271,1784904147
25603272,1784904160
25603273,1784904172
25603274,1784904184
25603275,1784904196
25603276,1784904208
25603277,1784904220
25603278,1784904232
25603279,1784904244
25603280,1784904256
25603281,1784904268
25603282,1784904280
25603283,1784904292
25603284,1784904304
25603285,1784904316
25603286,1784904328
25603287,1784904340
25603288,1784904352
25603289,1784904364
25603290,1784904376
25603291,1784904388
25603292,1784904400
25603293,1784904412
25603294,1784904424
25603295,1784904436
25603296,1784904448
25603297,1784904460
25603298,1784904472
25603299,1784904484
25603300,1784904496
25603301,1784904508
25603302,1784904520
25603303,1784904532
25603304,1784904544
25603305,1784904556
25603306,1784904568
25603307,1784904581
25603308,1784904593
25603309,1784904605
25603310,1784904617
25603311,1784904629
25603312,1784904641
25603313,1784904653
25603314,1784904665
25603315,1784904677
25603316,1784904689
25603317,1784904701
25603318,1784904713
25603319,1784904725
25603320,1784904737
25603321,1784904749
25603322,1784904761
25603323,1784904773
25603324,1784904785
25603325,1784904797
25603326,1784904809
25603327,1784904821
25603328,1784904833
25603329,1784904845
25603330,1784904857
25603331,1784904869
25603332,1784904881
25603333,1784904893
25603334,1784904905
25603335,1784904917
25603336,1784904929
25603337,1784904941
25603338,1784904953
25603339,1784904965
25603340,1784904977
25603341,1784904989
25603342,1784905002
25603343,1784905014
25603344,1784905026
25603345,1784905038
25603346,1784905050
25603347,1784905062
25603348,1784905074
25603349,1784905086
25603350,1784905098
25603351,1784905110
25603352,1784905122
25603353,1784905134
25603354,1784905146
25603355,1784905158
25603356,1784905170
25603357,1784905182
25603358,1784905194
25603359,1784905206
25603360,1784905218
25603361,1784905230
25603362,1784905242
25603363,1784905254
25603364,1784905266
25603365,1784905278
25603366,1784905290
25603367,1784905302
25603368,1784905314
25603369,1784905326
25603370,1784905338
25603371,1784905350
25603372,1784905362
25603373,1784905374
25603374,1784905386
25603375,1784905398
25603376,1784905410
25603377,1784905423
25603378,1784905435
25603379,1784905447
25603380,1784905459
25603381,1784905471
25603382,1784905483
25603383,1784905495
25603384,1784905507
25603385,1784905519
25603386,1784905531
25603387,1784905543
25603388,1784905555
25603389,1784905567
25603390,1784905579
25603391,1784905591
25603392,1784905603
25603393,1784905615
25603394,1784905627
25603395,1784905639
25603396,1784905651
25603397,1784905663
25603398,1784905675
25603399,1784905687
25603400,1784905699
25603401,1784905711
25603402,1784905723
25603403,1784905735
25603404,1784905747
25603405,1784905759
25603406,1784905771
25603407,1784905783
25603408,1784905795
25603409,1784905807
25603410,1784905819
25603411,1784905831
25603412,1784905843
25603413,1784905856
25603414,1784905868
25603415,1784905880
25603416,1784905892
25603417,1784905904
25603418,1784905916
25603419,1784905928
25603420,1784905940
25603421,1784905952
25603422,1784905964
25603423,1784905976
25603424,1784905988
25603425,1784906000
25603426,1784906012
25603427,1784906024
25603428,1784906036
25603429,1784906048
25603430,1784906060
25603431,1784906072
25603432,1784906084
25603433,1784906096
25603434,1784906108
25603435,1784906120
25603436,1784906132
25603437,1784906144
25603438,1784906156
25603439,1784906168
25603440,1784906180
25603441,1784906192
25603442,1784906204
25603443,1784906216
25603444,1784906228
25603445,1784906240
25603446,1784906252
25603447,1784906264
25603448,1784906277
25603449,1784906289
25603450,1784906301
25603451,1784906313
25603452,1784906325
25603453,1784906337
25603454,1784906349
25603455,1784906361
25603456,1784906373
25603457,1784906385
25603458,1784906397
25603459,1784906409
25603460,1784906421
25603461,1784906433
25603462,1784906445
25603463,1784906457
25603464,1784906469
25603465,1784906481
25603466,1784906493
25603467,1784906505
25603468,1784906517
25603469,1784906529
25603470,1784906541
25603471,1784906553
25603472,1784906565
25603473,1784906577
25603474,1784906589
25603475,1784906601
25603476,1784906613
25603477,1784906625
25603478,1784906637
25603479,1784906649
25603480,1784906661
25603481,1784906673
25603482,1784906685
25603483,1784906698
25603484,1784906710
25603485,1784906722
25603486,1784906734
25603487,1784906746
25603488,1784906758
25603489,1784906770
25603490,1784906782
25603491,1784906794
25603492,1784906806
25603493,1784906818
25603494,1784906830
25603495,1784906842
25603496,1784906854
25603497,1784906866
25603498,1784906878
25603499,1784906890
25603500,1784906902
25603501,1784906914
25603502,1784906926
25603503,1784906938
25603504,1784906950
25603505,1784906962
25603506,1784906974
25603507,1784906986
25603508,1784906998
25603509,1784907010
25603510,1784907022
25603511,1784907034
25603512,1784907046
25603513,1784907058
25603514,1784907070
25603515,1784907082
25603516,1784907094
25603517,1784907106
25603518,1784907119
25603519,1784907131
25603520,1784907143
25603521,1784907155
25603522,1784907167
25603523,1784907179
25603524,1784907191
25603525,1784907203
25603526,1784907215
25603527,1784907227
25603528,1784907239
25603529,1784907251
25603530,1784907263
25603531,1784907275
25603532,1784907287
25603533,1784907299
25603534,1784907311
25603535,1784907323
25603536,1784907335
25603537,1784907347
25603538,1784907359
25603539,1784907371
25603540,1784907383
25603541,1784907395
25603542,1784907407
25603543,1784907419
25603544,1784907431
25603545,1784907443
25603546,1784907455
25603547,1784907467
25603548,1784907479
25603549,1784907491
25603550,1784907503
25603551,1784907515
25603552,1784907527
25603553,1784907539
25603554,1784907552
25603555,1784907564
25603556,1784907576
25603557,1784907588
25603558,1784907600
25603559,1784907612
25603560,1784907624
25603561,1784907636
25603562,1784907648
25603563,1784907660
25603564,1784907672
25603565,1784907684
25603566,1784907696
25603567,1784907708
25603568,1784907720
25603569,1784907732
25603570,1784907744
25603571,1784907756
25603572,1784907768
25603573,1784907780
25603574,1784907792
25603575,1784907804
25603576,1784907816
25603577,1784907828
25603578,1784907840
25603579,1784907852
25603580,1784907864
25603581,1784907876
25603582,1784907888
25603583,1784907900
25603584,1784907912
25603585,1784907924
25603586,1784907936
25603587,1784907948
25603588,1784907960
25603589,1784907973
25603590,1784907985
25603591,1784907997
25603592,1784908009
25603593,1784908021
25603594,1784908033
25603595,1784908045
25603596,1784908057
25603597,1784908069
25603598,1784908081
25603599,1784908093
25603600,1784908105
25603601,1784908117
25603602,1784908129
25603603,1784908141
25603604,1784908153
25603605,1784908165
25603606,1784908177
25603607,1784908189
25603608,1784908201
25603609,1784908213
25603610,1784908225
25603611,1784908237
25603612,1784908249
25603613,1784908261
25603614,1784908273
25603615,1784908285
25603616,1784908297
25603617,1784908309
25603618,1784908321
25603619,1784908333
25603620,1784908345
25603621,1784908357
25603622,1784908369
25603623,1784908381
25603624,1784908394
25603625,1784908406
25603626,1784908418
25603627,1784908430
25603628,1784908442
25603629,1784908454
25603630,1784908466
25603631,1784908478
25603632,1784908490
25603633,1784908502
25603634,1784908514
25603635,1784908526
25603636,1784908538
25603637,1784908550
25603638,1784908562
25603639,1784908574
25603640,1784908586
25603641,1784908598
25603642,1784908610
25603643,1784908622
25603644,1784908634
25603645,1784908646
25603646,1784908658
25603647,1784908670
25603648,1784908682
25603649,1784908694
25603650,1784908706
25603651,1784908718
25603652,1784908730
25603653,1784908742
25603654,1784908754
25603655,1784908766
25603656,1784908778
25603657,1784908790
25603658,1784908802
25603659,1784908815
25603660,1784908827
25603661,1784908839
25603662,1784908851
25603663,1784908863
25603664,1784908875
25603665,1784908887
25603666,1784908899
25603667,1784908911
25603668,1784908923
25603669,1784908935
25603670,1784908947
25603671,1784908959
25603672,1784908971
25603673,1784908983
25603674,1784908995
25603675,1784909007
25603676,1784909019
25603677,1784909031
25603678,1784909043
25603679,1784909055
25603680,1784909067
25603681,1784909079
25603682,1784909091
25603683,1784909103
25603684,1784909115
25603685,1784909127
25603686,1784909139
25603687,1784909151
25603688,1784909163
25603689,1784909175
25603690,1784909187
25603691,1784909199
25603692,1784909211
25603693,1784909223
25603694,1784909236
25603695,1784909248
25603696,1784909260
25603697,1784909272
25603698,1784909284
25603699,1784909296
25603700,1784909308
25603701,1784909320
25603702,1784909332
25603703,1784909344
25603704,1784909356
25603705,1784909368
25603706,1784909380
25603707,1784909392
25603708,1784909404
25603709,1784909416
25603710,1784909428
25603711,1784909440
25603712,1784909452
25603713,1784909464
25603714,1784909476
25603715,1784909488
25603716,1784909500
25603717,1784909512
25603718,1784909524
25603719,1784909536
25603720,1784909548
25603721,1784909560
25603722,1784909572
25603723,1784909584
25603724,1784909596
25603725,1784909608
25603726,1784909620
25603727,1784909632
25603728,1784909644
25603729,1784909656
25603730,1784909669
25603731,1784909681
25603732,1784909693
25603733,1784909705
25603734,1784909717
25603735,1784909729
25603736,1784909741
25603737,1784909753
25603738,1784909765
25603739,1784909777
25603740,1784909789
25603741,1784909801
25603742,1784909813
25603743,1784909825
25603744,1784909837
25603745,1784909849
25603746,1784909861
25603747,1784909873
25603748,1784909885
25603749,1784909897
25603750,1784909909
25603751,1784909921
25603752,1784909933
25603753,1784909945
25603754,1784909957
25603755,1784909969
25603756,1784909981
25603757,1784909993
25603758,1784910005
25603759,1784910017
25603760,1784910029
25603761,1784910041
25603762,1784910053
25603763,1784910065
25603764,1784910077
25603765,1784910090
25603766,1784910102
25603767,1784910114
25603768,1784910126
25603769,1784910138
25603770,1784910150
25603771,1784910162
25603772,1784910174
25603773,1784910186
25603774,1784910198
25603775,1784910210
25603776,1784910222
25603777,1784910234
25603778,1784910246
25603779,1784910258
25603780,1784910270
25603781,1784910282
25603782,1784910294
25603783,1784910306
25603784,1784910318
25603785,1784910330
25603786,1784910342
25603787,1784910354
25603788,1784910366
25603789,1784910378
25603790,1784910390
25603791,1784910402
25603792,1784910414
25603793,1784910426
25603794,1784910438
25603795,1784910450
25603796,1784910462
25603797,1784910474
25603798,1784910486
25603799,1784910498
25603800,1784910511
25603801,1784910523
25603802,1784910535
25603803,1784910547
25603804,1784910559
25603805,1784910571
25603806,1784910583
25603807,1784910595
25603808,1784910607
25603809,1784910619
25603810,1784910631
25603811,1784910643
25603812,1784910655
25603813,1784910667
25603814,1784910679
25603815,1784910691
25603816,1784910703
25603817,1784910715
25603818,1784910727
25603819,1784910739
25603820,1784910751
25603821,1784910763
25603822,1784910775
25603823,1784910787
25603824,1784910799
25603825,1784910811
25603826,1784910823
25603827,1784910835
25603828,1784910847
25603829,1784910859
25603830,1784910871
25603831,1784910883
25603832,1784910895
25603833,1784910907
25603834,1784910919
25603835,1784910932
25603836,1784910944
25603837,1784910956
25603838,1784910968
25603839,1784910980
25603840,1784910992
25603841,1784911004
25603842,1784911016
25603843,1784911028
25603844,1784911040
25603845,1784911052
25603846,1784911064
25603847,1784911076
25603848,1784911088
25603849,1784911100
25603850,1784911112
25603851,1784911124
25603852,1784911136
25603853,1784911148
25603854,1784911160
25603855,1784911172
25603856,1784911184
25603857,1784911196
25603858,1784911208
25603859,1784911220
25603860,1784911232
25603861,1784911244
25603862,1784911256
25603863,1784911268
25603864,1784911280
25603865,1784911292
25603866,1784911304
25603867,1784911316
25603868,1784911328
25603869,1784911340
25603870,1784911353
25603871,1784911365
25603872,1784911377
25603873,1784911389
25603874,1784911401
25603875,1784911413
25603876,1784911425
25603877,1784911437
25603878,1784911449
25603879,1784911461
25603880,1784911473
25603881,1784911485
25603882,1784911497
25603883,1784911509
25603884,1784911521
25603885,1784911533
25603886,1784911545
25603887,1784911557
25603888,1784911569
25603889,1784911581
25603890,1784911593
25603891,1784911605
25603892,1784911617
25603893,1784911629
25603894,1784911641
25603895,1784911653
25603896,1784911665
25603897,1784911677
25603898,1784911689
25603899,1784911701
25603900,1784911713
25603901,1784911725
25603902,1784911737
25603903,1784911749
25603904,1784911761
25603905,1784911773
25603906,1784911786
25603907,1784911798
25603908,1784911810
25603909,1784911822
25603910,1784911834
25603911,1784911846
25603912,1784911858
25603913,1784911870
25603914,1784911882
25603915,1784911894
25603916,1784911906
25603917,1784911918
25603918,1784911930
25603919,1784911942
25603920,1784911954
25603921,1784911966
25603922,1784911978
25603923,1784911990
25603924,1784912002
25603925,1784912014
25603926,1784912026
25603927,1784912038
25603928,1784912050
25603929,1784912062
25603930,1784912074
25603931,1784912086
25603932,1784912098
25603933,1784912110
25603934,1784912122
25603935,1784912134
25603936,1784912146
25603937,1784912158
25603938,1784912170
25603939,1784912182
25603940,1784912194
25603941,1784912207
25603942,1784912219
25603943,1784912231
25603944,1784912243
25603945,1784912255
25603946,1784912267
25603947,1784912279
25603948,1784912291
25603949,1784912303
25603950,1784912315
25603951,1784912327
25603952,1784912339
25603953,1784912351
25603954,1784912363
25603955,1784912375
25603956,1784912387
25603957,1784912399
25603958,1784912411
25603959,1784912423
25603960,1784912435
25603961,1784912447
25603962,1784912459
25603963,1784912471
25603964,1784912483
25603965,1784912495
25603966,1784912507
25603967,1784912519
25603968,1784912531
25603969,1784912543
25603970,1784912555
25603971,1784912567
25603972,1784912579
25603973,1784912591
25603974,1784912603
25603975,1784912615
25603976,1784912628
25603977,1784912640
25603978,1784912652
25603979,1784912664
25603980,1784912676
25603981,1784912688
25603982,1784912700
25603983,1784912712
25603984,1784912724
25603985,1784912736
25603986,1784912748
25603987,1784912760
25603988,1784912772
25603989,1784912784
25603990,1784912796
25603991,1784912808
25603992,1784912820
25603993,1784912832
25603994,1784912844
25603995,1784912856
25603996,1784912868
25603997,1784912880
25603998,1784912892
25603999,1784912904
25604000,1784912916
25604001,1784912928
25604002,1784912940
25604003,1784912952
25604004,1784912964
25604005,1784912976
25604006,1784912988
25604007,1784913000
25604008,1784913012
25604009,1784913024
25604010,1784913036
25604011,1784913049
25604012,1784913061
25604013,1784913073
25604014,1784913085
25604015,1784913097
25604016,1784913109
25604017,1784913121
25604018,1784913133
25604019,1784913145
25604020,1784913157
25604021,1784913169
25604022,1784913181
25604023,1784913193
25604024,1784913205
25604025,1784913217
25604026,1784913229
25604027,1784913241
25604028,1784913253
25604029,1784913265
25604030,1784913277
25604031,1784913289
25604032,1784913301
25604033,1784913313
25604034,1784913325
25604035,1784913337
25604036,1784913349
25604037,1784913361
25604038,1784913373
25604039,1784913385
25604040,1784913397
25604041,1784913409
25604042,1784913421
25604043,1784913433
25604044,1784913445
25604045,1784913457
25604046,1784913470
25604047,1784913482
25604048,1784913494
25604049,1784913506
25604050,1784913518
25604051,1784913530
25604052,1784913542
25604053,1784913554
25604054,1784913566
25604055,1784913578
25604056,1784913590
25604057,1784913602
25604058,1784913614
25604059,1784913626
25604060,1784913638
25604061,1784913650
25604062,1784913662
25604063,1784913674
25604064,1784913686
25604065,1784913698
25604066,1784913710
25604067,1784913722
25604068,1784913734
25604069,1784913746
25604070,1784913758
25604071,1784913770
25604072,1784913782
25604073,1784913794
25604074,1784913806
25604075,1784913818
25604076,1784913830
25604077,1784913842
25604078,1784913854
25604079,1784913866
25604080,1784913878
25604081,1784913890
25604082,1784913903
25604083,1784913915
25604084,1784913927
25604085,1784913939
25604086,1784913951
25604087,1784913963
25604088,1784913975
25604089,1784913987
25604090,1784913999
25604091,1784914011
25604092,1784914023
25604093,1784914035
25604094,1784914047
25604095,1784914059
25604096,1784914071
25604097,1784914083
25604098,1784914095
25604099,1784914107
25604100,1784914119
25604101,1784914131
25604102,1784914143
25604103,1784914155
25604104,1784914167
25604105,1784914179
25604106,1784914191
25604107,1784914203
25604108,1784914215
25604109,1784914227
25604110,1784914239
25604111,1784914251
25604112,1784914263
25604113,1784914275
25604114,1784914287
25604115,1784914299
25604116,1784914311
25604117,1784914324
25604118,1784914336
25604119,1784914348
25604120,1784914360
25604121,1784914372
25604122,1784914384
25604123,1784914396
25604124,1784914408
25604125,1784914420
25604126,1784914432
25604127,1784914444
25604128,1784914456
25604129,1784914468
25604130,1784914480
25604131,1784914492
25604132,1784914504
25604133,1784914516
25604134,1784914528
25604135,1784914540
25604136,1784914552
25604137,1784914564
25604138,1784914576
25604139,1784914588
25604140,1784914600
25604141,1784914612
25604142,1784914624
25604143,1784914636
25604144,1784914648
25604145,1784914660
25604146,1784914672
25604147,1784914684
25604148,1784914696
25604149,1784914708
25604150,1784914720
25604151,1784914732
25604152,1784914745
25604153,1784914757
25604154,1784914769
25604155,1784914781
25604156,1784914793
25604157,1784914805
25604158,1784914817
25604159,1784914829
25604160,1784914841
25604161,1784914853
25604162,1784914865
25604163,1784914877
25604164,1784914889
25604165,1784914901
25604166,1784914913
25604167,1784914925
25604168,1784914937
25604169,1784914949
25604170,1784914961
25604171,1784914973
25604172,1784914985
25604173,1784914997
25604174,1784915009
25604175,1784915021
25604176,1784915033
25604177,1784915045
25604178,1784915057
25604179,1784915069
25604180,1784915081
25604181,1784915093
25604182,1784915105
25604183,1784915117
25604184,1784915129
25604185,1784915141
25604186,1784915153
25604187,1784915166
25604188,1784915178
25604189,1784915190
25604190,1784915202
25604191,1784915214
25604192,1784915226
25604193,1784915238
25604194,1784915250
25604195,1784915262
25604196,1784915274
25604197,1784915286
25604198,1784915298
25604199,1784915310
25604200,1784915322
25604201,1784915334
25604202,1784915346
25604203,1784915358
25604204,1784915370
25604205,1784915382
25604206,1784915394
25604207,1784915406
25604208,1784915418
25604209,1784915430
25604210,1784915442
25604211,1784915454
25604212,1784915466
25604213,1784915478
25604214,1784915490
25604215,1784915502
25604216,1784915514
25604217,1784915526
25604218,1784915538
25604219,1784915550
25604220,1784915562
25604221,1784915574
25604222,1784915586
25604223,1784915599
25604224,1784915611
25604225,1784915623
25604226,1784915635
25604227,1784915647
25604228,1784915659
25604229,1784915671
25604230,1784915683
25604231,1784915695
25604232,1784915707
25604233,1784915719
25604234,1784915731
25604235,1784915743
25604236,1784915755
25604237,1784915767
25604238,1784915779
25604239,1784915791
25604240,1784915803
25604241,1784915815
25604242,1784915827
25604243,1784915839
25604244,1784915851
25604245,1784915863
25604246,1784915875
25604247,1784915887
25604248,1784915899
25604249,1784915911
25604250,1784915923
25604251,1784915935
25604252,1784915947
25604253,1784915959
25604254,1784915971
25604255,1784915983
25604256,1784915995
25604257,1784916007
25604258,1784916020
25604259,1784916032
25604260,1784916044
25604261,1784916056
25604262,1784916068
25604263,1784916080
25604264,1784916092
25604265,1784916104
25604266,1784916116
25604267,1784916128
25604268,1784916140
25604269,1784916152
25604270,1784916164
25604271,1784916176
25604272,1784916188
25604273,1784916200
25604274,1784916212
25604275,1784916224
25604276,1784916236
25604277,1784916248
25604278,1784916260
25604279,1784916272
25604280,1784916284
25604281,1784916296
25604282,1784916308
25604283,1784916320
25604284,1784916332
25604285,1784916344
25604286,1784916356
25604287,1784916368
25604288,1784916380
25604289,1784916392
25604290,1784916404
25604291,1784916416
25604292,1784916428
25604293,1784916441
25604294,1784916453
25604295,1784916465
25604296,1784916477
25604297,1784916489
25604298,1784916501
25604299,1784916513
25604300,1784916525
25604301,1784916537
25604302,1784916549
25604303,1784916561
25604304,1784916573
25604305,1784916585
25604306,1784916597
25604307,1784916609
25604308,1784916621
25604309,1784916633
25604310,1784916645
25604311,1784916657
25604312,1784916669
25604313,1784916681
25604314,1784916693
25604315,1784916705
25604316,1784916717
25604317,1784916729
25604318,1784916741
25604319,1784916753
25604320,1784916765
25604321,1784916777
25604322,1784916789
25604323,1784916801
25604324,1784916813
25604325,1784916825
25604326,1784916837
25604327,1784916849
25604328,1784916862
25604329,1784916874
25604330,1784916886
25604331,1784916898
25604332,1784916910
25604333,1784916922
25604334,1784916934
25604335,1784916946
25604336,1784916958
25604337,1784916970
25604338,1784916982
25604339,1784916994
25604340,1784917006
25604341,1784917018
25604342,1784917030
25604343,1784917042
25604344,1784917054
25604345,1784917066
25604346,1784917078
25604347,1784917090
25604348,1784917102
25604349,1784917114
25604350,1784917126
25604351,1784917138
25604352,1784917150
25604353,1784917162
25604354,1784917174
25604355,1784917186
25604356,1784917198
25604357,1784917210
25604358,1784917222
25604359,1784917234
25604360,1784917246
25604361,1784917258
25604362,1784917270
25604363,1784917283
25604364,1784917295
25604365,1784917307
25604366,1784917319
25604367,1784917331
25604368,1784917343
25604369,1784917355
25604370,1784917367
25604371,1784917379
25604372,1784917391
25604373,1784917403
25604374,1784917415
25604375,1784917427
25604376,1784917439
25604377,1784917451
25604378,1784917463
25604379,1784917475
25604380,1784917487
25604381,1784917499
25604382,1784917511
25604383,1784917523
25604384,1784917535
25604385,1784917547
25604386,1784917559
25604387,1784917571
25604388,1784917583
25604389,1784917595
25604390,1784917607
25604391,1784917619
25604392,1784917631
25604393,1784917643
25604394,1784917655
25604395,1784917667
25604396,1784917679
25604397,1784917691
25604398,1784917703
25604399,1784917716
25604400,1784917728
25604401,1784917740
25604402,1784917752
25604403,1784917764
25604404,1784917776
25604405,1784917788
25604406,1784917800
25604407,1784917812
25604408,1784917824
25604409,1784917836
25604410,1784917848
25604411,1784917860
25604412,1784917872
25604413,1784917884
25604414,1784917896
25604415,1784917908
25604416,1784917920
25604417,1784917932
25604418,1784917944
25604419,1784917956
25604420,1784917968
25604421,1784917980
25604422,1784917992
25604423,1784918004
25604424,1784918016
25604425,1784918028
25604426,1784918040
25604427,1784918052
25604428,1784918064
25604429,1784918076
25604430,1784918088
25604431,1784918100
25604432,1784918112
25604433,1784918124
25604434,1784918137
25604435,1784918149
25604436,1784918161
25604437,1784918173
25604438,1784918185
25604439,1784918197
25604440,1784918209
25604441,1784918221
25604442,1784918233
25604443,1784918245
25604444,1784918257
25604445,1784918269
25604446,1784918281
25604447,1784918293
25604448,1784918305
25604449,1784918317
25604450,1784918329
25604451,1784918341
25604452,1784918353
25604453,1784918365
25604454,1784918377
25604455,1784918389
25604456,1784918401
25604457,1784918413
25604458,1784918425
25604459,1784918437
25604460,1784918449
25604461,1784918461
25604462,1784918473
25604463,1784918485
25604464,1784918497
25604465,1784918509
25604466,1784918521
25604467,1784918533
25604468,1784918545
25604469,1784918558
25604470,1784918570
25604471,1784918582
25604472,1784918594
25604473,1784918606
25604474,1784918618
25604475,1784918630
25604476,1784918642
25604477,1784918654
25604478,1784918666
25604479,1784918678
25604480,1784918690
25604481,1784918702
25604482,1784918714
25604483,1784918726
25604484,1784918738
25604485,1784918750
25604486,1784918762
25604487,1784918774
25604488,1784918786
25604489,1784918798
25604490,1784918810
25604491,1784918822
25604492,1784918834
25604493,1784918846
25604494,1784918858
25604495,1784918870
25604496,1784918882
25604497,1784918894
25604498,1784918906
25604499,1784918918
25604500,1784918930
25604501,1784918942
25604502,1784918954
25604503,1784918966
25604504,1784918979
25604505,1784918991
25604506,1784919003
25604507,1784919015
25604508,1784919027
25604509,1784919039
25604510,1784919051
25604511,1784919063
25604512,1784919075
25604513,1784919087
25604514,1784919099
25604515,1784919111
25604516,1784919123
25604517,1784919135
25604518,1784919147
25604519,1784919159
25604520,1784919171
25604521,1784919183
25604522,1784919195
25604523,1784919207
25604524,1784919219
25604525,1784919231
25604526,1784919243
25604527,1784919255
25604528,1784919267
25604529,1784919279
25604530,1784919291
25604531,1784919303
25604532,1784919315
25604533,1784919327
25604534,1784919339
25604535,1784919351
25604536,1784919363
25604537,1784919375
25604538,1784919387
25604539,1784919400
25604540,1784919412
25604541,1784919424
25604542,1784919436
25604543,1784919448
25604544,1784919460
25604545,1784919472
25604546,1784919484
25604547,1784919496
25604548,1784919508
25604549,1784919520
25604550,1784919532
25604551,1784919544
25604552,1784919556
25604553,1784919568
25604554,1784919580
25604555,1784919592
25604556,1784919604
25604557,1784919616
25604558,1784919628
25604559,1784919640
25604560,1784919652
25604561,1784919664
25604562,1784919676
25604563,1784919688
25604564,1784919700
25604565,1784919712
25604566,1784919724
25604567,1784919736
25604568,1784919748
25604569,1784919760
25604570,1784919772
25604571,1784919784
25604572,1784919796
25604573,1784919808
25604574,1784919820
25604575,1784919833
25604576,1784919845
25604577,1784919857
25604578,1784919869
25604579,1784919881
25604580,1784919893
25604581,1784919905
25604582,1784919917
25604583,1784919929
25604584,1784919941
25604585,1784919953
25604586,1784919965
25604587,1784919977
25604588,1784919989
25604589,1784920001
25604590,1784920013
25604591,1784920025
25604592,1784920037
25604593,1784920049
25604594,1784920061
25604595,1784920073
25604596,1784920085
25604597,1784920097
25604598,1784920109
25604599,1784920121
25604600,1784920133
25604601,1784920145
25604602,1784920157
25604603,1784920169
25604604,1784920181
25604605,1784920193
25604606,1784920205
25604607,1784920217
25604608,1784920229
25604609,1784920241
25604610,1784920254
25604611,1784920266
25604612,1784920278
25604613,1784920290
25604614,1784920302
25604615,1784920314
25604616,1784920326
25604617,1784920338
25604618,1784920350
25604619,1784920362
25604620,1784920374
25604621,1784920386
25604622,1784920398
25604623,1784920410
25604624,1784920422
25604625,1784920434
25604626,1784920446
25604627,1784920458
25604628,1784920470
25604629,1784920482
25604630,1784920494
25604631,1784920506
25604632,1784920518
25604633,1784920530
25604634,1784920542
25604635,1784920554
25604636,1784920566
25604637,1784920578
25604638,1784920590
25604639,1784920602
25604640,1784920614
25604641,1784920626
25604642,1784920638
25604643,1784920650
25604644,1784920662
25604645,1784920675
25604646,1784920687
25604647,1784920699
25604648,1784920711
25604649,1784920723
25604650,1784920735
25604651,1784920747
25604652,1784920759
25604653,1784920771
25604654,1784920783
25604655,1784920795
25604656,1784920807
25604657,1784920819
25604658,1784920831
25604659,1784920843
25604660,1784920855
25604661,1784920867
25604662,1784920879
25604663,1784920891
25604664,1784920903
25604665,1784920915
25604666,1784920927
25604667,1784920939
25604668,1784920951
25604669,1784920963
25604670,1784920975
25604671,1784920987
25604672,1784920999
25604673,1784921011
25604674,1784921023
25604675,1784921035
25604676,1784921047
25604677,1784921059
25604678,1784921071
25604679,1784921083
25604680,1784921096
25604681,1784921108
25604682,1784921120
25604683,1784921132
25604684,1784921144
25604685,1784921156
25604686,1784921168
25604687,1784921180
25604688,1784921192
25604689,1784921204
25604690,1784921216
25604691,1784921228
25604692,1784921240
25604693,1784921252
25604694,1784921264
25604695,1784921276
25604696,1784921288
25604697,1784921300
25604698,1784921312
25604699,1784921324
25604700,1784921336
25604701,1784921348
25604702,1784921360
25604703,1784921372
25604704,1784921384
25604705,1784921396
25604706,1784921408
25604707,1784921420
25604708,1784921432
25604709,1784921444
25604710,1784921456
25604711,1784921468
25604712,1784921480
25604713,1784921492
25604714,1784921504
25604715,1784921517
25604716,1784921529
25604717,1784921541
25604718,1784921553
25604719,1784921565
25604720,1784921577
25604721,1784921589
25604722,1784921601
25604723,1784921613
25604724,1784921625
25604725,1784921637
25604726,1784921649
25604727,1784921661
25604728,1784921673
25604729,1784921685
25604730,1784921697
25604731,1784921709
25604732,1784921721
25604733,1784921733
25604734,1784921745
25604735,1784921757
25604736,1784921769
25604737,1784921781
25604738,1784921793
25604739,1784921805
25604740,1784921817
25604741,1784921829
25604742,1784921841
25604743,1784921853
25604744,1784921865
25604745,1784921877
25604746,1784921889
25604747,1784921901
25604748,1784921913
25604749,1784921925
25604750,1784921937
25604751,1784921950
25604752,1784921962
25604753,1784921974
25604754,1784921986
25604755,1784921998
25604756,1784922010
25604757,1784922022
25604758,1784922034
25604759,1784922046
25604760,1784922058
25604761,1784922070
25604762,1784922082
25604763,1784922094
25604764,1784922106
25604765,1784922118
25604766,1784922130
25604767,1784922142
25604768,1784922154
25604769,1784922166
25604770,1784922178
25604771,1784922190
25604772,1784922202
25604773,1784922214
25604774,1784922226
25604775,1784922238
25604776,1784922250
25604777,1784922262
25604778,1784922274
25604779,1784922286
25604780,1784922298
25604781,1784922310
25604782,1784922322
25604783,1784922334
25604784,1784922346
25604785,1784922358
25604786,1784922371
25604787,1784922383
25604788,1784922395
25604789,1784922407
25604790,1784922419
25604791,1784922431
25604792,1784922443
25604793,1784922455
25604794,1784922467
25604795,1784922479
25604796,1784922491
25604797,1784922503
25604798,1784922515
25604799,1784922527
25604800,1784922539
25604801,1784922551
25604802,1784922563
25604803,1784922575
25604804,1784922587
25604805,1784922599
25604806,1784922611
25604807,1784922623
25604808,1784922635
25604809,1784922647
25604810,1784922659
25604811,1784922671
25604812,1784922683
25604813,1784922695
25604814,1784922707
25604815,1784922719
25604816,1784922731
25604817,1784922743
25604818,1784922755
25604819,1784922767
25604820,1784922779
25604821,1784922792
25604822,1784922804
25604823,1784922816
25604824,1784922828
25604825,1784922840
25604826,1784922852
25604827,1784922864
25604828,1784922876
25604829,1784922888
25604830,1784922900
25604831,1784922912
25604832,1784922924
25604833,1784922936
25604834,1784922948
25604835,1784922960
25604836,1784922972
25604837,1784922984
25604838,1784922996
25604839,1784923008
25604840,1784923020
25604841,1784923032
25604842,1784923044
25604843,1784923056
25604844,1784923068
25604845,1784923080
25604846,1784923092
25604847,1784923104
25604848,1784923116
25604849,1784923128
25604850,1784923140
25604851,1784923152
25604852,1784923164
25604853,1784923176
25604854,1784923188
25604855,1784923200
25604856,1784923213
25604857,1784923225
25604858,1784923237
25604859,1784923249
25604860,1784923261
25604861,1784923273
25604862,1784923285
25604863,1784923297
25604864,1784923309
25604865,1784923321
25604866,1784923333
25604867,1784923345
25604868,1784923357
25604869,1784923369
25604870,1784923381
25604871,1784923393
25604872,1784923405
25604873,1784923417
25604874,1784923429
25604875,1784923441
25604876,1784923453
25604877,1784923465
25604878,1784923477
25604879,1784923489
25604880,1784923501
25604881,1784923513
25604882,1784923525
25604883,1784923537
25604884,1784923549
25604885,1784923561
25604886,1784923573
25604887,1784923585
25604888,1784923597
25604889,1784923609
25604890,1784923621
25604891,1784923633
25604892,1784923646
25604893,1784923658
25604894,1784923670
25604895,1784923682
25604896,1784923694
25604897,1784923706
25604898,1784923718
25604899,1784923730
25604900,1784923742
25604901,1784923754
25604902,1784923766
25604903,1784923778
25604904,1784923790
25604905,1784923802
25604906,1784923814
25604907,1784923826
25604908,1784923838
25604909,1784923850
25604910,1784923862
25604911,1784923874
25604912,1784923886
25604913,1784923898
25604914,1784923910
25604915,1784923922
25604916,1784923934
25604917,1784923946
25604918,1784923958
25604919,1784923970
25604920,1784923982
25604921,1784923994
25604922,1784924006
25604923,1784924018
25604924,1784924030
25604925,1784924042
25604926,1784924054
25604927,1784924067
25604928,1784924079
25604929,1784924091
25604930,1784924103
25604931,1784924115
25604932,1784924127
25604933,1784924139
25604934,1784924151
25604935,1784924163
25604936,1784924175
25604937,1784924187
25604938,1784924199
25604939,1784924211
25604940,1784924223
25604941,1784924235
25604942,1784924247
25604943,1784924259
25604944,1784924271
25604945,1784924283
25604946,1784924295
25604947,1784924307
25604948,1784924319
25604949,1784924331
25604950,1784924343
25604951,1784924355
25604952,1784924367
25604953,1784924379
25604954,1784924391
25604955,1784924403
25604956,1784924415
25604957,1784924427
25604958,1784924439
25604959,1784924451
25604960,1784924463
25604961,1784924475
25604962,1784924488
25604963,1784924500
25604964,1784924512
25604965,1784924524
25604966,1784924536
25604967,1784924548
25604968,1784924560
25604969,1784924572
25604970,1784924584
25604971,1784924596
25604972,1784924608
25604973,1784924620
25604974,1784924632
25604975,1784924644
25604976,1784924656
25604977,1784924668
25604978,1784924680
25604979,1784924692
25604980,1784924704
25604981,1784924716
25604982,1784924728
25604983,1784924740
25604984,1784924752
25604985,1784924764
25604986,1784924776
25604987,1784924788
25604988,1784924800
25604989,1784924812
25604990,1784924824
25604991,1784924836
25604992,1784924848
25604993,1784924860
25604994,1784924872
25604995,1784924884
25604996,1784924896
25604997,1784924909
25604998,1784924921
25604999,1784924933
25605000,1784924945
25605001,1784924957
25605002,1784924969
25605003,1784924981
25605004,1784924993
25605005,1784925005
25605006,1784925017
25605007,1784925029
25605008,1784925041
25605009,1784925053
25605010,1784925065
25605011,1784925077
25605012,1784925089
25605013,1784925101
25605014,1784925113
25605015,1784925125
25605016,1784925137
25605017,1784925149
25605018,1784925161
25605019,1784925173
25605020,1784925185
25605021,1784925197
25605022,1784925209
25605023,1784925221
25605024,1784925233
25605025,1784925245
25605026,1784925257
25605027,1784925269
25605028,1784925281
25605029,1784925293
25605030,1784925305
25605031,1784925317
25605032,1784925330
25605033,1784925342
25605034,1784925354
25605035,1784925366
25605036,1784925378
25605037,1784925390
25605038,1784925402
25605039,1784925414
25605040,1784925426
25605041,1784925438
25605042,1784925450
25605043,1784925462
25605044,1784925474
25605045,1784925486
25605046,1784925498
25605047,1784925510
25605048,1784925522
25605049,1784925534
25605050,1784925546
25605051,1784925558
25605052,1784925570
25605053,1784925582
25605054,1784925594
25605055,1784925606
25605056,1784925618
25605057,1784925630
25605058,1784925642
25605059,1784925654
25605060,1784925666
25605061,1784925678
25605062,1784925690
25605063,1784925702
25605064,1784925714
25605065,1784925726
25605066,1784925738
25605067,1784925750
25605068,1784925763
25605069,1784925775
25605070,1784925787
25605071,1784925799
25605072,1784925811
25605073,1784925823
25605074,1784925835
25605075,1784925847
25605076,1784925859
25605077,1784925871
25605078,1784925883
25605079,1784925895
25605080,1784925907
25605081,1784925919
25605082,1784925931
25605083,1784925943
25605084,1784925955
25605085,1784925967
25605086,1784925979
25605087,1784925991
25605088,1784926003
25605089,1784926015
25605090,1784926027
25605091,1784926039
25605092,1784926051
25605093,1784926063
25605094,1784926075
25605095,1784926087
25605096,1784926099
25605097,1784926111
25605098,1784926123
25605099,1784926135
25605100,1784926147
25605101,1784926159
25605102,1784926171
25605103,1784926184
25605104,1784926196
25605105,1784926208
25605106,1784926220
25605107,1784926232
25605108,1784926244
25605109,1784926256
25605110,1784926268
25605111,1784926280
25605112,1784926292
25605113,1784926304
25605114,1784926316
25605115,1784926328
25605116,1784926340
25605117,1784926352
25605118,1784926364
25605119,1784926376
25605120,1784926388
25605121,1784926400
25605122,1784926412
25605123,1784926424
25605124,1784926436
25605125,1784926448
25605126,1784926460
25605127,1784926472
25605128,1784926484
25605129,1784926496
25605130,1784926508
25605131,1784926520
25605132,1784926532
25605133,1784926544
25605134,1784926556
25605135,1784926568
25605136,1784926580
25605137,1784926592
25605138,1784926605
25605139,1784926617
25605140,1784926629
25605141,1784926641
25605142,1784926653
25605143,1784926665
25605144,1784926677
25605145,1784926689
25605146,1784926701
25605147,1784926713
25605148,1784926725
25605149,1784926737
25605150,1784926749
25605151,1784926761
25605152,1784926773
25605153,1784926785
25605154,1784926797
25605155,1784926809
25605156,1784926821
25605157,1784926833
25605158,1784926845
25605159,1784926857
25605160,1784926869
25605161,1784926881
25605162,1784926893
25605163,1784926905
25605164,1784926917
25605165,1784926929
25605166,1784926941
25605167,1784926953
25605168,1784926965
25605169,1784926977
25605170,1784926989
25605171,1784927001
25605172,1784927013
25605173,1784927026
25605174,1784927038
25605175,1784927050
25605176,1784927062
25605177,1784927074
25605178,1784927086
25605179,1784927098
25605180,1784927110
25605181,1784927122
25605182,1784927134
25605183,1784927146
25605184,1784927158
25605185,1784927170
25605186,1784927182
25605187,1784927194
25605188,1784927206
25605189,1784927218
25605190,1784927230
25605191,1784927242
25605192,1784927254
25605193,1784927266
25605194,1784927278
25605195,1784927290
25605196,1784927302
25605197,1784927314
25605198,1784927326
25605199,1784927338
25605200,1784927350
25605201,1784927362
25605202,1784927374
25605203,1784927386
25605204,1784927398
25605205,1784927410
25605206,1784927422
25605207,1784927434
25605208,1784927447
25605209,1784927459
25605210,1784927471
25605211,1784927483
25605212,1784927495
25605213,1784927507
25605214,1784927519
25605215,1784927531
25605216,1784927543
25605217,1784927555
25605218,1784927567
25605219,1784927579
25605220,1784927591
25605221,1784927603
25605222,1784927615
25605223,1784927627
25605224,1784927639
25605225,1784927651
25605226,1784927663
25605227,1784927675
25605228,1784927687
25605229,1784927699
25605230,1784927711
25605231,1784927723
25605232,1784927735
25605233,1784927747
25605234,1784927759
25605235,1784927771
25605236,1784927783
25605237,1784927795
25605238,1784927807
25605239,1784927819
25605240,1784927831
25605241,1784927843
25605242,1784927855
25605243,1784927867
25605244,1784927880
25605245,1784927892
25605246,1784927904
25605247,1784927916
25605248,1784927928
25605249,1784927940
25605250,1784927952
25605251,1784927964
25605252,1784927976
25605253,1784927988
25605254,1784928000
25605255,1784928012
25605256,1784928024
25605257,1784928036
25605258,1784928048
25605259,1784928060
25605260,1784928072
25605261,1784928084
25605262,1784928096
25605263,1784928108
25605264,1784928120
25605265,1784928132
25605266,1784928144
25605267,1784928156
25605268,1784928168
25605269,1784928180
25605270,1784928192
25605271,1784928204
25605272,1784928216
25605273,1784928228
25605274,1784928240
25605275,1784928252
25605276,1784928264
25605277,1784928276
25605278,1784928288
25605279,1784928301
25605280,1784928313
25605281,1784928325
25605282,1784928337
25605283,1784928349
25605284,1784928361
25605285,1784928373
25605286,1784928385
25605287,1784928397
25605288,1784928409
25605289,1784928421
25605290,1784928433
25605291,1784928445
25605292,1784928457
25605293,1784928469
25605294,1784928481
25605295,1784928493
25605296,1784928505
25605297,1784928517
25605298,1784928529
25605299,1784928541
25605300,1784928553
25605301,1784928565
25605302,1784928577
25605303,1784928589
25605304,1784928601
25605305,1784928613
25605306,1784928625
25605307,1784928637
25605308,1784928649
25605309,1784928661
25605310,1784928673
25605311,1784928685
25605312,1784928697
25605313,1784928709
25605314,1784928722
25605315,1784928734
25605316,1784928746
25605317,1784928758
25605318,1784928770
25605319,1784928782
25605320,1784928794
25605321,1784928806
25605322,1784928818
25605323,1784928830
25605324,1784928842
25605325,1784928854
25605326,1784928866
25605327,1784928878
25605328,1784928890
25605329,1784928902
25605330,1784928914
25605331,1784928926
25605332,1784928938
25605333,1784928950
25605334,1784928962
25605335,1784928974
25605336,1784928986
25605337,1784928998
25605338,1784929010
25605339,1784929022
25605340,1784929034
25605341,1784929046
25605342,1784929058
25605343,1784929070
25605344,1784929082
25605345,1784929094
25605346,1784929106
25605347,1784929118
25605348,1784929130
25605349,1784929143
25605350,1784929155
25605351,1784929167
25605352,1784929179
25605353,1784929191
25605354,1784929203
25605355,1784929215
25605356,1784929227
25605357,1784929239
25605358,1784929251
25605359,1784929263
25605360,1784929275
25605361,1784929287
25605362,1784929299
25605363,1784929311
25605364,1784929323
25605365,1784929335
25605366,1784929347
25605367,1784929359
25605368,1784929371
25605369,1784929383
25605370,1784929395
25605371,1784929407
25605372,1784929419
25605373,1784929431
25605374,1784929443
25605375,1784929455
25605376,1784929467
25605377,1784929479
25605378,1784929491
25605379,1784929503
25605380,1784929515
25605381,1784929527
25605382,1784929539
25605383,1784929551
25605384,1784929564
25605385,1784929576
25605386,1784929588
25605387,1784929600
25605388,1784929612
25605389,1784929624
25605390,1784929636
25605391,1784929648
25605392,1784929660
25605393,1784929672
25605394,1784929684
25605395,1784929696
25605396,1784929708
25605397,1784929720
25605398,1784929732
25605399,1784929744
25605400,1784929756
25605401,1784929768
25605402,1784929780
25605403,1784929792
25605404,1784929804
25605405,1784929816
25605406,1784929828
25605407,1784929840
25605408,1784929852
25605409,1784929864
25605410,1784929876
25605411,1784929888
25605412,1784929900
25605413,1784929912
25605414,1784929924
25605415,1784929936
25605416,1784929948
25605417,1784929960
25605418,1784929972
25605419,1784929984
25605420,1784929997
25605421,1784930009
25605422,1784930021
25605423,1784930033
25605424,1784930045
25605425,1784930057
25605426,1784930069
25605427,1784930081
25605428,1784930093
25605429,1784930105
25605430,1784930117
25605431,1784930129
25605432,1784930141
25605433,1784930153
25605434,1784930165
25605435,1784930177
25605436,1784930189
25605437,1784930201
25605438,1784930213
25605439,1784930225
25605440,1784930237
25605441,1784930249
25605442,1784930261
25605443,1784930273
25605444,1784930285
25605445,1784930297
25605446,1784930309
25605447,1784930321
25605448,1784930333
25605449,1784930345
25605450,1784930357
25605451,1784930369
25605452,1784930381
25605453,1784930393
25605454,1784930405
25605455,1784930418
25605456,1784930430
25605457,1784930442
25605458,1784930454
25605459,1784930466
25605460,1784930478
25605461,1784930490
25605462,1784930502
25605463,1784930514
25605464,1784930526
25605465,1784930538
25605466,1784930550
25605467,1784930562
25605468,1784930574
25605469,1784930586
25605470,1784930598
25605471,1784930610
25605472,1784930622
25605473,1784930634
25605474,1784930646
25605475,1784930658
25605476,1784930670
25605477,1784930682
25605478,1784930694
25605479,1784930706
25605480,1784930718
25605481,1784930730
25605482,1784930742
25605483,1784930754
25605484,1784930766
25605485,1784930778
25605486,1784930790
25605487,1784930802
25605488,1784930814
25605489,1784930826
25605490,1784930839
25605491,1784930851
25605492,1784930863
25605493,1784930875
25605494,1784930887
25605495,1784930899
25605496,1784930911
25605497,1784930923
25605498,1784930935
25605499,1784930947
25605500,1784930959
25605501,1784930971
25605502,1784930983
25605503,1784930995
25605504,1784931007
25605505,1784931019
25605506,1784931031
25605507,1784931043
25605508,1784931055
25605509,1784931067
25605510,1784931079
25605511,1784931091
25605512,1784931103
25605513,1784931115
25605514,1784931127
25605515,1784931139
25605516,1784931151
25605517,1784931163
25605518,1784931175
25605519,1784931187
25605520,1784931199
25605521,1784931211
25605522,1784931223
25605523,1784931235
25605524,1784931247
25605525,1784931260
25605526,1784931272
25605527,1784931284
25605528,1784931296
25605529,1784931308
25605530,1784931320
25605531,1784931332
25605532,1784931344
25605533,1784931356
25605534,1784931368
25605535,1784931380
25605536,1784931392
25605537,1784931404
25605538,1784931416
25605539,1784931428
25605540,1784931440
25605541,1784931452
25605542,1784931464
25605543,1784931476
25605544,1784931488
25605545,1784931500
25605546,1784931512
25605547,1784931524
25605548,1784931536
25605549,1784931548
25605550,1784931560
25605551,1784931572
25605552,1784931584
25605553,1784931596
25605554,1784931608
25605555,1784931620
25605556,1784931632
25605557,1784931644
25605558,1784931656
25605559,1784931668
25605560,1784931680
25605561,1784931693
25605562,1784931705
25605563,1784931717
25605564,1784931729
25605565,1784931741
25605566,1784931753
25605567,1784931765
25605568,1784931777
25605569,1784931789
25605570,1784931801
25605571,1784931813
25605572,1784931825
25605573,1784931837
25605574,1784931849
25605575,1784931861
25605576,1784931873
25605577,1784931885
25605578,1784931897
25605579,1784931909
25605580,1784931921
25605581,1784931933
25605582,1784931945
25605583,1784931957
25605584,1784931969
25605585,1784931981
25605586,1784931993
25605587,1784932005
25605588,1784932017
25605589,1784932029
25605590,1784932041
25605591,1784932053
25605592,1784932065
25605593,1784932077
25605594,1784932089
25605595,1784932101
25605596,1784932114
25605597,1784932126
25605598,1784932138
25605599,1784932150
25605600,1784932162
25605601,1784932174
25605602,1784932186
25605603,1784932198
25605604,1784932210
25605605,1784932222
25605606,1784932234
25605607,1784932246
25605608,1784932258
25605609,1784932270
25605610,1784932282
25605611,1784932294
25605612,1784932306
25605613,1784932318
25605614,1784932330
25605615,1784932342
25605616,1784932354
25605617,1784932366
25605618,1784932378
25605619,1784932390
25605620,1784932402
25605621,1784932414
25605622,1784932426
25605623,1784932438
25605624,1784932450
25605625,1784932462
25605626,1784932474
25605627,1784932486
25605628,1784932498
25605629,1784932510
25605630,1784932522
25605631,1784932535
25605632,1784932547
25605633,1784932559
25605634,1784932571
25605635,1784932583
25605636,1784932595
25605637,1784932607
25605638,1784932619
25605639,1784932631
25605640,1784932643
25605641,1784932655
25605642,1784932667
25605643,1784932679
25605644,1784932691
25605645,1784932703
25605646,1784932715
25605647,1784932727
25605648,1784932739
25605649,1784932751
25605650,1784932763
25605651,1784932775
25605652,1784932787
25605653,1784932799
25605654,1784932811
25605655,1784932823
25605656,1784932835
25605657,1784932847
25605658,1784932859
25605659,1784932871
25605660,1784932883
25605661,1784932895
25605662,1784932907
25605663,1784932919
25605664,1784932931
25605665,1784932943
25605666,1784932956
25605667,1784932968
25605668,1784932980
25605669,1784932992
25605670,1784933004
25605671,1784933016
25605672,1784933028
25605673,1784933040
25605674,1784933052
25605675,1784933064
25605676,1784933076
25605677,1784933088
25605678,1784933100
25605679,1784933112
25605680,1784933124
25605681,1784933136
25605682,1784933148
25605683,1784933160
25605684,1784933172
25605685,1784933184
25605686,1784933196
25605687,1784933208
25605688,1784933220
25605689,1784933232
25605690,1784933244
25605691,1784933256
25605692,1784933268
25605693,1784933280
25605694,1784933292
25605695,1784933304
25605696,1784933316
25605697,1784933328
25605698,1784933340
25605699,1784933352
25605700,1784933364
25605701,1784933377
25605702,1784933389
25605703,1784933401
25605704,1784933413
25605705,1784933425
25605706,1784933437
25605707,1784933449
25605708,1784933461
25605709,1784933473
25605710,1784933485
25605711,1784933497
25605712,1784933509
25605713,1784933521
25605714,1784933533
25605715,1784933545
25605716,1784933557
25605717,1784933569
25605718,1784933581
25605719,1784933593
25605720,1784933605
25605721,1784933617
25605722,1784933629
25605723,1784933641
25605724,1784933653
25605725,1784933665
25605726,1784933677
25605727,1784933689
25605728,1784933701
25605729,1784933713
25605730,1784933725
25605731,1784933737
25605732,1784933749
25605733,1784933761
25605734,1784933773
25605735,1784933785
25605736,1784933797
25605737,1784933810
25605738,1784933822
25605739,1784933834
25605740,1784933846
25605741,1784933858
25605742,1784933870
25605743,1784933882
25605744,1784933894
25605745,1784933906
25605746,1784933918
25605747,1784933930
25605748,1784933942
25605749,1784933954
25605750,1784933966
25605751,1784933978
25605752,1784933990
25605753,1784934002
25605754,1784934014
25605755,1784934026
25605756,1784934038
25605757,1784934050
25605758,1784934062
25605759,1784934074
25605760,1784934086
25605761,1784934098
25605762,1784934110
25605763,1784934122
25605764,1784934134
25605765,1784934146
25605766,1784934158
25605767,1784934170
25605768,1784934182
25605769,1784934194
25605770,1784934206
25605771,1784934218
25605772,1784934231
25605773,1784934243
25605774,1784934255
25605775,1784934267
25605776,1784934279
25605777,1784934291
25605778,1784934303
25605779,1784934315
25605780,1784934327
25605781,1784934339
25605782,1784934351
25605783,1784934363
25605784,1784934375
25605785,1784934387
25605786,1784934399
25605787,1784934411
25605788,1784934423
25605789,1784934435
25605790,1784934447
25605791,1784934459
25605792,1784934471
25605793,1784934483
25605794,1784934495
25605795,1784934507
25605796,1784934519
25605797,1784934531
25605798,1784934543
25605799,1784934555
25605800,1784934567
25605801,1784934579
25605802,1784934591
25605803,1784934603
25605804,1784934615
25605805,1784934627
25605806,1784934639
25605807,1784934652
25605808,1784934664
25605809,1784934676
25605810,1784934688
25605811,1784934700
25605812,1784934712
25605813,1784934724
25605814,1784934736
25605815,1784934748
25605816,1784934760
25605817,1784934772
25605818,1784934784
25605819,1784934796
25605820,1784934808
25605821,1784934820
25605822,1784934832
25605823,1784934844
25605824,1784934856
25605825,1784934868
25605826,1784934880
25605827,1784934892
25605828,1784934904
25605829,1784934916
25605830,1784934928
25605831,1784934940
25605832,1784934952
25605833,1784934964
25605834,1784934976
25605835,1784934988
25605836,1784935000
25605837,1784935012
25605838,1784935024
25605839,1784935036
25605840,1784935048
25605841,1784935060
25605842,1784935073
25605843,1784935085
25605844,1784935097
25605845,1784935109
25605846,1784935121
25605847,1784935133
25605848,1784935145
25605849,1784935157
25605850,1784935169
25605851,1784935181
25605852,1784935193
25605853,1784935205
25605854,1784935217
25605855,1784935229
25605856,1784935241
25605857,1784935253
25605858,1784935265
25605859,1784935277
25605860,1784935289
25605861,1784935301
25605862,1784935313
25605863,1784935325
25605864,1784935337
25605865,1784935349
25605866,1784935361
25605867,1784935373
25605868,1784935385
25605869,1784935397
25605870,1784935409
25605871,1784935421
25605872,1784935433
25605873,1784935445
25605874,1784935457
25605875,1784935469
25605876,1784935481
25605877,1784935494
25605878,1784935506
25605879,1784935518
25605880,1784935530
25605881,1784935542
25605882,1784935554
25605883,1784935566
25605884,1784935578
25605885,1784935590
25605886,1784935602
25605887,1784935614
25605888,1784935626
25605889,1784935638
25605890,1784935650
25605891,1784935662
25605892,1784935674
25605893,1784935686
25605894,1784935698
25605895,1784935710
25605896,1784935722
25605897,1784935734
25605898,1784935746
25605899,1784935758
25605900,1784935770
25605901,1784935782
25605902,1784935794
25605903,1784935806
25605904,1784935818
25605905,1784935830
25605906,1784935842
25605907,1784935854
25605908,1784935866
25605909,1784935878
25605910,1784935890
25605911,1784935902
25605912,1784935914
25605913,1784935927
25605914,1784935939
25605915,1784935951
25605916,1784935963
25605917,1784935975
25605918,1784935987
25605919,1784935999
25605920,1784936011
25605921,1784936023
25605922,1784936035
25605923,1784936047
25605924,1784936059
25605925,1784936071
25605926,1784936083
25605927,1784936095
25605928,1784936107
25605929,1784936119
25605930,1784936131
25605931,1784936143
25605932,1784936155
25605933,1784936167
25605934,1784936179
25605935,1784936191
25605936,1784936203
25605937,1784936215
25605938,1784936227
25605939,1784936239
25605940,1784936251
25605941,1784936263
25605942,1784936275
25605943,1784936287
25605944,1784936299
25605945,1784936311
25605946,1784936323
25605947,1784936335
25605948,1784936348
25605949,1784936360
25605950,1784936372
25605951,1784936384
25605952,1784936396
25605953,1784936408
25605954,1784936420
25605955,1784936432
25605956,1784936444
25605957,1784936456
25605958,1784936468
25605959,1784936480
25605960,1784936492
25605961,1784936504
25605962,1784936516
25605963,1784936528
25605964,1784936540
25605965,1784936552
25605966,1784936564
25605967,1784936576
25605968,1784936588
25605969,1784936600
25605970,1784936612
25605971,1784936624
25605972,1784936636
25605973,1784936648
25605974,1784936660
25605975,1784936672
25605976,1784936684
25605977,1784936696
25605978,1784936708
25605979,1784936720
25605980,1784936732
25605981,1784936744
25605982,1784936756
25605983,1784936769
25605984,1784936781
25605985,1784936793
25605986,1784936805
25605987,1784936817
25605988,1784936829
25605989,1784936841
25605990,1784936853
25605991,1784936865
25605992,1784936877
25605993,1784936889
25605994,1784936901
25605995,1784936913
25605996,1784936925
25605997,1784936937
25605998,1784936949
25605999,1784936961
25606000,1784936973
25606001,1784936985
25606002,1784936997
25606003,1784937009
25606004,1784937021
25606005,1784937033
25606006,1784937045
25606007,1784937057
25606008,1784937069
25606009,1784937081
25606010,1784937093
25606011,1784937105
25606012,1784937117
25606013,1784937129
25606014,1784937141
25606015,1784937153
25606016,1784937165
25606017,1784937177
25606018,1784937190
25606019,1784937202
25606020,1784937214
25606021,1784937226
25606022,1784937238
25606023,1784937250
25606024,1784937262
25606025,1784937274
25606026,1784937286
25606027,1784937298
25606028,1784937310
25606029,1784937322
25606030,1784937334
25606031,1784937346
25606032,1784937358
25606033,1784937370
25606034,1784937382
25606035,1784937394
25606036,1784937406
25606037,1784937418
25606038,1784937430
25606039,1784937442
25606040,1784937454
25606041,1784937466
25606042,1784937478
25606043,1784937490
25606044,1784937502
25606045,1784937514
25606046,1784937526
25606047,1784937538
25606048,1784937550
25606049,1784937562
25606050,1784937574
25606051,1784937586
25606052,1784937598
25606053,1784937611
