block,timestamp
25821306,1787529611
25821307,1787529623
25821308,1787529635
25821309,1787529647
25821310,1787529659
25821311,1787529671
25821312,1787529683
25821313,1787529695
25821314,1787529707
25821315,1787529719
25821316,1787529731
25821317,1787529743
25821318,1787529755
25821319,1787529767
25821320,1787529779
25821321,1787529791
25821322,1787529803
25821323,1787529815
25821324,1787529827
25821325,1787529839
25821326,1787529851
25821327,1787529863
25821328,1787529875
25821329,1787529887
25821330,1787529899
25821331,1787529911
25821332,1787529923
25821333,1787529935
25821334,1787529948
25821335,1787529960
25821336,1787529972
25821337,1787529984
25821338,1787529996
25821339,1787530008
25821340,1787530020
25821341,1787530032
25821342,1787530044
25821343,1787530056
25821344,1787530068
25821345,1787530080
25821346,1787530092
25821347,1787530104
25821348,1787530116
25821349,1787530128
25821350,1787530140
25821351,1787530152
25821352,1787530164
25821353,1787530176
25821354,1787530188
25821355,1787530200
25821356,1787530212
25821357,1787530224
25821358,1787530236
25821359,1787530248
25821360,1787530260
25821361,1787530273
25821362,1787530285
25821363,1787530297
25821364,1787530309
25821365,1787530321
25821366,1787530333
25821367,1787530345
25821368,1787530357
25821369,1787530369
25821370,1787530381
25821371,1787530393
25821372,1787530405
25821373,1787530417
25821374,1787530429
25821375,1787530441
25821376,1787530453
25821377,1787530465
25821378,1787530477
25821379,1787530489
25821380,1787530501
25821381,1787530513
25821382,1787530525
25821383,1787530537
25821384,1787530549
25821385,1787530561
25821386,1787530573
25821387,1787530585
25821388,1787530598
25821389,1787530610
25821390,1787530622
25821391,1787530634
25821392,1787530646
25821393,1787530658
25821394,1787530670
25821395,1787530682
25821396,1787530694
25821397,1787530706
25821398,1787530718
25821399,1787530730
25821400,1787530742
25821401,1787530754
25821402,1787530766
25821403,1787530778
25821404,1787530790
25821405,1787530802
25821406,1787530814
25821407,1787530826
25821408,1787530838
25821409,1787530850
25821410,1787530862
25821411,1787530874
25821412,1787530886
25821413,1787530898
25821414,1787530910
25821415,1787530923
25821416,1787530935
25821417,1787530947
25821418,1787530959
25821419,1787530971
25821420,1787530983
25821421,1787530995
25821422,1787531007
25821423,1787531019
25821424,1787531031
25821425,1787531043
25821426,1787531055
25821427,1787531067
25821428,1787531079
25821429,1787531091
25821430,1787531103
25821431,1787531115
25821432,1787531127
25821433,1787531139
25821434,1787531151
25821435,1787531163
25821436,1787531175
25821437,1787531187
25821438,1787531199
25821439,1787531211
25821440,1787531223
25821441,1787531235
25821442,1787531248
25821443,1787531260
25821444,1787531272
25821445,1787531284
25821446,1787531296
25821447,1787531308
25821448,1787531320
25821449,1787531332
25821450,1787531344
25821451,1787531356
25821452,1787531368
25821453,1787531380
25821454,1787531392
25821455,1787531404
25821456,1787531416
25821457,1787531428
25821458,1787531440
25821459,1787531452
25821460,1787531464
25821461,1787531476
25821462,1787531488
25821463,1787531500
25821464,1787531512
25821465,1787531524
25821466,1787531536
25821467,1787531548
25821468,1787531560
25821469,1787531572
25821470,1787531585
25821471,1787531597
25821472,1787531609
25821473,1787531621
25821474,1787531633
25821475,1787531645
25821476,1787531657
25821477,1787531669
25821478,1787531681
25821479,1787531693
25821480,1787531705
25821481,1787531717
25821482,1787531729
25821483,1787531741
25821484,1787531753
25821485,1787531765
25821486,1787531777
25821487,1787531789
25821488,1787531801
25821489,1787531813
25821490,1787531825
25821491,1787531837
25821492,1787531849
25821493,1787531861
25821494,1787531873
25821495,1787531885
25821496,1787531897
25821497,1787531910
25821498,1787531922
25821499,1787531934
25821500,1787531946
25821501,1787531958
25821502,1787531970
25821503,1787531982
25821504,1787531994
25821505,1787532006
25821506,1787532018
25821507,1787532030
25821508,1787532042
25821509,1787532054
25821510,1787532066
25821511,1787532078
25821512,1787532090
25821513,1787532102
25821514,1787532114
25821515,1787532126
25821516,1787532138
25821517,1787532150
25821518,1787532162
25821519,1787532174
25821520,1787532186
25821521,1787532198
25821522,1787532210
25821523,1787532222
25821524,1787532235
25821525,1787532247
25821526,1787532259
25821527,1787532271
25821528,1787532283
25821529,1787532295
25821530,1787532307
25821531,1787532319
25821532,1787532331
25821533,1787532343
25821534,1787532355
25821535,1787532367
25821536,1787532379
25821537,1787532391
25821538,1787532403
25821539,1787532415
25821540,1787532427
25821541,1787532439
25821542,1787532451
25821543,1787532463
25821544,1787532475
25821545,1787532487
25821546,1787532499
25821547,1787532511
25821548,1787532523
25821549,1787532535
25821550,1787532547
25821551,1787532560
25821552,1787532572
25821553,1787532584
25821554,1787532596
25821555,1787532608
25821556,1787532620
25821557,1787532632
25821558,1787532644
25821559,1787532656
25821560,1787532668
25821561,1787532680
25821562,1787532692
25821563,1787532704
25821564,1787532716
25821565,1787532728
25821566,1787532740
25821567,1787532752
25821568,1787532764
25821569,1787532776
25821570,1787532788
25821571,1787532800
25821572,1787532812
25821573,1787532824
25821574,1787532836
25821575,1787532848
25821576,1787532860
25821577,1787532872
25821578,1787532885
25821579,1787532897
25821580,1787532909
25821581,1787532921
25821582,1787532933
25821583,1787532945
25821584,1787532957
25821585,1787532969
25821586,1787532981
25821587,1787532993
25821588,1787533005
25821589,1787533017
25821590,1787533029
25821591,1787533041
25821592,1787533053
25821593,1787533065
25821594,1787533077
25821595,1787533089
25821596,1787533101
25821597,1787533113
25821598,1787533125
25821599,1787533137
25821600,1787533149
25821601,1787533161
25821602,1787533173
25821603,1787533185
25821604,1787533197
25821605,1787533209
25821606,1787533222
25821607,1787533234
25821608,1787533246
25821609,1787533258
25821610,1787533270
25821611,1787533282
25821612,1787533294
25821613,1787533306
25821614,1787533318
25821615,1787533330
25821616,1787533342
25821617,1787533354
25821618,1787533366
25821619,1787533378
25821620,1787533390
25821621,1787533402
25821622,1787533414
25821623,1787533426
25821624,1787533438
25821625,1787533450
25821626,1787533462
25821627,1787533474
25821628,1787533486
25821629,1787533498
25821630,1787533510
25821631,1787533522
25821632,1787533534
25821633,1787533547
25821634,1787533559
25821635,1787533571
25821636,1787533583
25821637,1787533595
25821638,1787533607
25821639,1787533619
25821640,1787533631
25821641,1787533643
25821642,1787533655
25821643,1787533667
25821644,1787533679
25821645,1787533691
25821646,1787533703
25821647,1787533715
25821648,1787533727
25821649,1787533739
25821650,1787533751
25821651,1787533763
25821652,1787533775
25821653,1787533787
25821654,1787533799
25821655,1787533811
25821656,1787533823
25821657,1787533835
25821658,1787533847
25821659,1787533859
25821660,1787533872
25821661,1787533884
25821662,1787533896
25821663,1787533908
25821664,1787533920
25821665,1787533932
25821666,1787533944
25821667,1787533956
25821668,1787533968
25821669,1787533980
25821670,1787533992
25821671,1787534004
25821672,1787534016
25821673,1787534028
25821674,1787534040
25821675,1787534052
25821676,1787534064
25821677,1787534076
25821678,1787534088
25821679,1787534100
25821680,1787534112
25821681,1787534124
25821682,1787534136
25821683,1787534148
25821684,1787534160
25821685,1787534172
25821686,1787534184
25821687,1787534197
25821688,1787534209
25821689,1787534221
25821690,1787534233
25821691,1787534245
25821692,1787534257
25821693,1787534269
25821694,1787534281
25821695,1787534293
25821696,1787534305
25821697,1787534317
25821698,1787534329
25821699,1787534341
25821700,1787534353
25821701,1787534365
25821702,1787534377
25821703,1787534389
25821704,1787534401
25821705,1787534413
25821706,1787534425
25821707,1787534437
25821708,1787534449
25821709,1787534461
25821710,1787534473
25821711,1787534485
25821712,1787534497
25821713,1787534509
25821714,1787534522
25821715,1787534534
25821716,1787534546
25821717,1787534558
25821718,1787534570
25821719,1787534582
25821720,1787534594
25821721,1787534606
25821722,1787534618
25821723,1787534630
25821724,1787534642
25821725,1787534654
25821726,1787534666
25821727,1787534678
25821728,1787534690
25821729,1787534702
25821730,1787534714
25821731,1787534726
25821732,1787534738
25821733,1787534750
25821734,1787534762
25821735,1787534774
25821736,1787534786
25821737,1787534798
25821738,1787534810
25821739,1787534822
25821740,1787534834
25821741,1787534846
25821742,1787534859
25821743,1787534871
25821744,1787534883
25821745,1787534895
25821746,1787534907
25821747,1787534919
25821748,1787534931
25821749,1787534943
25821750,1787534955
25821751,1787534967
25821752,1787534979
25821753,1787534991
25821754,1787535003
25821755,1787535015
25821756,1787535027
25821757,1787535039
25821758,1787535051
25821759,1787535063
25821760,1787535075
25821761,1787535087
25821762,1787535099
25821763,1787535111
25821764,1787535123
25821765,1787535135
25821766,1787535147
25821767,1787535159
25821768,1787535171
25821769,1787535184
25821770,1787535196
25821771,1787535208
25821772,1787535220
25821773,1787535232
25821774,1787535244
25821775,1787535256
25821776,1787535268
25821777,1787535280
25821778,1787535292
25821779,1787535304
25821780,1787535316
25821781,1787535328
25821782,1787535340
25821783,1787535352
25821784,1787535364
25821785,1787535376
25821786,1787535388
25821787,1787535400
25821788,1787535412
25821789,1787535424
25821790,1787535436
25821791,1787535448
25821792,1787535460
25821793,1787535472
25821794,1787535484
25821795,1787535496
25821796,1787535509
25821797,1787535521
25821798,1787535533
25821799,1787535545
25821800,1787535557
25821801,1787535569
25821802,1787535581
25821803,1787535593
25821804,1787535605
25821805,1787535617
25821806,1787535629
25821807,1787535641
25821808,1787535653
25821809,1787535665
25821810,1787535677
25821811,1787535689
25821812,1787535701
25821813,1787535713
25821814,1787535725
25821815,1787535737
25821816,1787535749
25821817,1787535761
25821818,1787535773
25821819,1787535785
25821820,1787535797
25821821,1787535809
25821822,1787535821
25821823,1787535834
25821824,1787535846
25821825,1787535858
25821826,1787535870
25821827,1787535882
25821828,1787535894
25821829,1787535906
25821830,1787535918
25821831,1787535930
25821832,1787535942
25821833,1787535954
25821834,1787535966
25821835,1787535978
25821836,1787535990
25821837,1787536002
25821838,1787536014
25821839,1787536026
25821840,1787536038
25821841,1787536050
25821842,1787536062
25821843,1787536074
25821844,1787536086
25821845,1787536098
25821846,1787536110
25821847,1787536122
25821848,1787536134
25821849,1787536146
25821850,1787536159
25821851,1787536171
25821852,1787536183
25821853,1787536195
25821854,1787536207
25821855,1787536219
25821856,1787536231
25821857,1787536243
25821858,1787536255
25821859,1787536267
25821860,1787536279
25821861,1787536291
25821862,1787536303
25821863,1787536315
25821864,1787536327
25821865,1787536339
25821866,1787536351
25821867,1787536363
25821868,1787536375
25821869,1787536387
25821870,1787536399
25821871,1787536411
25821872,1787536423
25821873,1787536435
25821874,1787536447
25821875,1787536459
25821876,1787536471
25821877,1787536484
25821878,1787536496
25821879,1787536508
25821880,1787536520
25821881,1787536532
25821882,1787536544
25821883,1787536556
25821884,1787536568
25821885,1787536580
25821886,1787536592
25821887,1787536604
25821888,1787536616
25821889,1787536628
25821890,1787536640
25821891,1787536652
25821892,1787536664
25821893,1787536676
25821894,1787536688
25821895,1787536700
25821896,1787536712
25821897,1787536724
25821898,1787536736
25821899,1787536748
25821900,1787536760
25821901,1787536772
25821902,1787536784
25821903,1787536796
25821904,1787536808
25821905,1787536821
25821906,1787536833
25821907,1787536845
25821908,1787536857
25821909,1787536869
25821910,1787536881
25821911,1787536893
25821912,1787536905
25821913,1787536917
25821914,1787536929
25821915,1787536941
25821916,1787536953
25821917,1787536965
25821918,1787536977
25821919,1787536989
25821920,1787537001
25821921,1787537013
25821922,1787537025
25821923,1787537037
25821924,1787537049
25821925,1787537061
25821926,1787537073
25821927,1787537085
25821928,1787537097
25821929,1787537109
25821930,1787537121
25821931,1787537133
25821932,1787537146
25821933,1787537158
25821934,1787537170
25821935,1787537182
25821936,1787537194
25821937,1787537206
25821938,1787537218
25821939,1787537230
25821940,1787537242
25821941,1787537254
25821942,1787537266
25821943,1787537278
25821944,1787537290
25821945,1787537302
25821946,1787537314
25821947,1787537326
25821948,1787537338
25821949,1787537350
25821950,1787537362
25821951,1787537374
25821952,1787537386
25821953,1787537398
25821954,1787537410
25821955,1787537422
25821956,1787537434
25821957,1787537446
25821958,1787537458
25821959,1787537471
25821960,1787537483
25821961,1787537495
25821962,1787537507
25821963,1787537519
25821964,1787537531
25821965,1787537543
25821966,1787537555
25821967,1787537567
25821968,1787537579
25821969,1787537591
25821970,1787537603
25821971,1787537615
25821972,1787537627
25821973,1787537639
25821974,1787537651
25821975,1787537663
25821976,1787537675
25821977,1787537687
25821978,1787537699
25821979,1787537711
25821980,1787537723
25821981,1787537735
25821982,1787537747
25821983,1787537759
25821984,1787537771
25821985,1787537783
25821986,1787537796
25821987,1787537808
25821988,1787537820
25821989,1787537832
25821990,1787537844
25821991,1787537856
25821992,1787537868
25821993,1787537880
25821994,1787537892
25821995,1787537904
25821996,1787537916
25821997,1787537928
25821998,1787537940
25821999,1787537952
25822000,1787537964
25822001,1787537976
25822002,1787537988
25822003,1787538000
25822004,1787538012
25822005,1787538024
25822006,1787538036
25822007,1787538048
25822008,1787538060
25822009,1787538072
25822010,1787538084
25822011,1787538096
25822012,1787538108
25822013,1787538121
25822014,1787538133
25822015,1787538145
25822016,1787538157
25822017,1787538169
25822018,1787538181
25822019,1787538193
25822020,1787538205
25822021,1787538217
25822022,1787538229
25822023,1787538241
25822024,1787538253
25822025,1787538265
25822026,1787538277
25822027,1787538289
25822028,1787538301
25822029,1787538313
25822030,1787538325
25822031,1787538337
25822032,1787538349
25822033,1787538361
25822034,1787538373
25822035,1787538385
25822036,1787538397
25822037,1787538409
25822038,1787538421
25822039,1787538433
25822040,1787538445
25822041,1787538458
25822042,1787538470
25822043,1787538482
25822044,1787538494
25822045,1787538506
25822046,1787538518
25822047,1787538530
25822048,1787538542
25822049,1787538554
25822050,1787538566
25822051,1787538578
25822052,1787538590
25822053,1787538602
25822054,1787538614
25822055,1787538626
25822056,1787538638
25822057,1787538650
25822058,1787538662
25822059,1787538674
25822060,1787538686
25822061,1787538698
25822062,1787538710
25822063,1787538722
25822064,1787538734
25822065,1787538746
25822066,1787538758
25822067,1787538770
25822068,1787538783
25822069,1787538795
25822070,1787538807
25822071,1787538819
25822072,1787538831
25822073,1787538843
25822074,1787538855
25822075,1787538867
25822076,1787538879
25822077,1787538891
25822078,1787538903
25822079,1787538915
25822080,1787538927
25822081,1787538939
25822082,1787538951
25822083,1787538963
25822084,1787538975
25822085,1787538987
25822086,1787538999
25822087,1787539011
25822088,1787539023
25822089,1787539035
25822090,1787539047
25822091,1787539059
25822092,1787539071
25822093,1787539083
25822094,1787539095
25822095,1787539108
25822096,1787539120
25822097,1787539132
25822098,1787539144
25822099,1787539156
25822100,1787539168
25822101,1787539180
25822102,1787539192
25822103,1787539204
25822104,1787539216
25822105,1787539228
25822106,1787539240
25822107,1787539252
25822108,1787539264
25822109,1787539276
25822110,1787539288
25822111,1787539300
25822112,1787539312
25822113,1787539324
25822114,1787539336
25822115,1787539348
25822116,1787539360
25822117,1787539372
25822118,1787539384
25822119,1787539396
25822120,1787539408
25822121,1787539420
25822122,1787539433
25822123,1787539445
25822124,1787539457
25822125,1787539469
25822126,1787539481
25822127,1787539493
25822128,1787539505
25822129,1787539517
25822130,1787539529
25822131,1787539541
25822132,1787539553
25822133,1787539565
25822134,1787539577
25822135,1787539589
25822136,1787539601
25822137,1787539613
25822138,1787539625
25822139,1787539637
25822140,1787539649
25822141,1787539661
25822142,1787539673
25822143,1787539685
25822144,1787539697
25822145,1787539709
25822146,1787539721
25822147,1787539733
25822148,1787539745
25822149,1787539758
25822150,1787539770
25822151,1787539782
25822152,1787539794
25822153,1787539806
25822154,1787539818
25822155,1787539830
25822156,1787539842
25822157,1787539854
25822158,1787539866
25822159,1787539878
25822160,1787539890
25822161,1787539902
25822162,1787539914
25822163,1787539926
25822164,1787539938
25822165,1787539950
25822166,1787539962
25822167,1787539974
25822168,1787539986
25822169,1787539998
25822170,1787540010
25822171,1787540022
25822172,1787540034
25822173,1787540046
25822174,1787540058
25822175,1787540070
25822176,1787540082
25822177,1787540095
25822178,1787540107
25822179,1787540119
25822180,1787540131
25822181,1787540143
25822182,1787540155
25822183,1787540167
25822184,1787540179
25822185,1787540191
25822186,1787540203
25822187,1787540215
25822188,1787540227
25822189,1787540239
25822190,1787540251
25822191,1787540263
25822192,1787540275
25822193,1787540287
25822194,1787540299
25822195,1787540311
25822196,1787540323
25822197,1787540335
25822198,1787540347
25822199,1787540359
25822200,1787540371
25822201,1787540383
25822202,1787540395
25822203,1787540407
25822204,1787540420
25822205,1787540432
25822206,1787540444
25822207,1787540456
25822208,1787540468
25822209,1787540480
25822210,1787540492
25822211,1787540504
25822212,1787540516
25822213,1787540528
25822214,1787540540
25822215,1787540552
25822216,1787540564
25822217,1787540576
25822218,1787540588
25822219,1787540600
25822220,1787540612
25822221,1787540624
25822222,1787540636
25822223,1787540648
25822224,1787540660
25822225,1787540672
25822226,1787540684
25822227,1787540696
25822228,1787540708
25822229,1787540720
25822230,1787540732
25822231,1787540745
25822232,1787540757
25822233,1787540769
25822234,1787540781
25822235,1787540793
25822236,1787540805
25822237,1787540817
25822238,1787540829
25822239,1787540841
25822240,1787540853
25822241,1787540865
25822242,1787540877
25822243,1787540889
25822244,1787540901
25822245,1787540913
25822246,1787540925
25822247,1787540937
25822248,1787540949
25822249,1787540961
25822250,1787540973
25822251,1787540985
25822252,1787540997
25822253,1787541009
25822254,1787541021
25822255,1787541033
25822256,1787541045
25822257,1787541057
25822258,1787541070
25822259,1787541082
25822260,1787541094
25822261,1787541106
25822262,1787541118
25822263,1787541130
25822264,1787541142
25822265,1787541154
25822266,1787541166
25822267,1787541178
25822268,1787541190
25822269,1787541202
25822270,1787541214
25822271,1787541226
25822272,1787541238
25822273,1787541250
25822274,1787541262
25822275,1787541274
25822276,1787541286
25822277,1787541298
25822278,1787541310
25822279,1787541322
25822280,1787541334
25822281,1787541346
25822282,1787541358
25822283,1787541370
25822284,1787541382
25822285,1787541395
25822286,1787541407
25822287,1787541419
25822288,1787541431
25822289,1787541443
25822290,1787541455
25822291,1787541467
25822292,1787541479
25822293,1787541491
25822294,1787541503
25822295,1787541515
25822296,1787541527
25822297,1787541539
25822298,1787541551
25822299,1787541563
25822300,1787541575
25822301,1787541587
25822302,1787541599
25822303,1787541611
25822304,1787541623
25822305,1787541635
25822306,1787541647
25822307,1787541659
25822308,1787541671
25822309,1787541683
25822310,1787541695
25822311,1787541707
25822312,1787541719
25822313,1787541732
25822314,1787541744
25822315,1787541756
25822316,1787541768
25822317,1787541780
25822318,1787541792
25822319,1787541804
25822320,1787541816
25822321,1787541828
25822322,1787541840
25822323,1787541852
25822324,1787541864
25822325,1787541876
25822326,1787541888
25822327,1787541900
25822328,1787541912
25822329,1787541924
25822330,1787541936
25822331,1787541948
25822332,1787541960
25822333,1787541972
25822334,1787541984
25822335,1787541996
25822336,1787542008
25822337,1787542020
25822338,1787542032
25822339,1787542044
25822340,1787542057
25822341,1787542069
25822342,1787542081
25822343,1787542093
25822344,1787542105
25822345,1787542117
25822346,1787542129
25822347,1787542141
25822348,1787542153
25822349,1787542165
25822350,1787542177
25822351,1787542189
25822352,1787542201
25822353,1787542213
25822354,1787542225
25822355,1787542237
25822356,1787542249
25822357,1787542261
25822358,1787542273
25822359,1787542285
25822360,1787542297
25822361,1787542309
25822362,1787542321
25822363,1787542333
25822364,1787542345
25822365,1787542357
25822366,1787542369
25822367,1787542382
25822368,1787542394
25822369,1787542406
25822370,1787542418
25822371,1787542430
25822372,1787542442
25822373,1787542454
25822374,1787542466
25822375,1787542478
25822376,1787542490
25822377,1787542502
25822378,1787542514
25822379,1787542526
25822380,1787542538
25822381,1787542550
25822382,1787542562
25822383,1787542574
25822384,1787542586
25822385,1787542598
25822386,1787542610
25822387,1787542622
25822388,1787542634
25822389,1787542646
25822390,1787542658
25822391,1787542670
25822392,1787542682
25822393,1787542694
25822394,1787542707
25822395,1787542719
25822396,1787542731
25822397,1787542743
25822398,1787542755
25822399,1787542767
25822400,1787542779
25822401,1787542791
25822402,1787542803
25822403,1787542815
25822404,1787542827
25822405,1787542839
25822406,1787542851
25822407,1787542863
25822408,1787542875
25822409,1787542887
25822410,1787542899
25822411,1787542911
25822412,1787542923
25822413,1787542935
25822414,1787542947
25822415,1787542959
25822416,1787542971
25822417,1787542983
25822418,1787542995
25822419,1787543007
25822420,1787543019
25822421,1787543032
25822422,1787543044
25822423,1787543056
25822424,1787543068
25822425,1787543080
25822426,1787543092
25822427,1787543104
25822428,1787543116
25822429,1787543128
25822430,1787543140
25822431,1787543152
25822432,1787543164
25822433,1787543176
25822434,1787543188
25822435,1787543200
25822436,1787543212
25822437,1787543224
25822438,1787543236
25822439,1787543248
25822440,1787543260
25822441,1787543272
25822442,1787543284
25822443,1787543296
25822444,1787543308
25822445,1787543320
25822446,1787543332
25822447,1787543344
25822448,1787543357
25822449,1787543369
25822450,1787543381
25822451,1787543393
25822452,1787543405
25822453,1787543417
25822454,1787543429
25822455,1787543441
25822456,1787543453
25822457,1787543465
25822458,1787543477
25822459,1787543489
25822460,1787543501
25822461,1787543513
25822462,1787543525
25822463,1787543537
25822464,1787543549
25822465,1787543561
25822466,1787543573
25822467,1787543585
25822468,1787543597
25822469,1787543609
25822470,1787543621
25822471,1787543633
25822472,1787543645
25822473,1787543657
25822474,1787543669
25822475,1787543681
25822476,1787543694
25822477,1787543706
25822478,1787543718
25822479,1787543730
25822480,1787543742
25822481,1787543754
25822482,1787543766
25822483,1787543778
25822484,1787543790
25822485,1787543802
25822486,1787543814
25822487,1787543826
25822488,1787543838
25822489,1787543850
25822490,1787543862
25822491,1787543874
25822492,1787543886
25822493,1787543898
25822494,1787543910
25822495,1787543922
25822496,1787543934
25822497,1787543946
25822498,1787543958
25822499,1787543970
25822500,1787543982
25822501,1787543994
25822502,1787544006
25822503,1787544019
25822504,1787544031
25822505,1787544043
25822506,1787544055
25822507,1787544067
25822508,1787544079
25822509,1787544091
25822510,1787544103
25822511,1787544115
25822512,1787544127
25822513,1787544139
25822514,1787544151
25822515,1787544163
25822516,1787544175
25822517,1787544187
25822518,1787544199
25822519,1787544211
25822520,1787544223
25822521,1787544235
25822522,1787544247
25822523,1787544259
25822524,1787544271
25822525,1787544283
25822526,1787544295
25822527,1787544307
25822528,1787544319
25822529,1787544331
25822530,1787544344
25822531,1787544356
25822532,1787544368
25822533,1787544380
25822534,1787544392
25822535,1787544404
25822536,1787544416
25822537,1787544428
25822538,1787544440
25822539,1787544452
25822540,1787544464
25822541,1787544476
25822542,1787544488
25822543,1787544500
25822544,1787544512
25822545,1787544524
25822546,1787544536
25822547,1787544548
25822548,1787544560
25822549,1787544572
25822550,1787544584
25822551,1787544596
25822552,1787544608
25822553,1787544620
25822554,1787544632
25822555,1787544644
25822556,1787544656
25822557,1787544669
25822558,1787544681
25822559,1787544693
25822560,1787544705
25822561,1787544717
25822562,1787544729
25822563,1787544741
25822564,1787544753
25822565,1787544765
25822566,1787544777
25822567,1787544789
25822568,1787544801
25822569,1787544813
25822570,1787544825
25822571,1787544837
25822572,1787544849
25822573,1787544861
25822574,1787544873
25822575,1787544885
25822576,1787544897
25822577,1787544909
25822578,1787544921
25822579,1787544933
25822580,1787544945
25822581,1787544957
25822582,1787544969
25822583,1787544981
25822584,1787544994
25822585,1787545006
25822586,1787545018
25822587,1787545030
25822588,1787545042
25822589,1787545054
25822590,1787545066
25822591,1787545078
25822592,1787545090
25822593,1787545102
25822594,1787545114
25822595,1787545126
25822596,1787545138
25822597,1787545150
25822598,1787545162
25822599,1787545174
25822600,1787545186
25822601,1787545198
25822602,1787545210
25822603,1787545222
25822604,1787545234
25822605,1787545246
25822606,1787545258
25822607,1787545270
25822608,1787545282
25822609,1787545294
25822610,1787545306
25822611,1787545318
25822612,1787545331
25822613,1787545343
25822614,1787545355
25822615,1787545367
25822616,1787545379
25822617,1787545391
25822618,1787545403
25822619,1787545415
25822620,1787545427
25822621,1787545439
25822622,1787545451
25822623,1787545463
25822624,1787545475
25822625,1787545487
25822626,1787545499
25822627,1787545511
25822628,1787545523
25822629,1787545535
25822630,1787545547
25822631,1787545559
25822632,1787545571
25822633,1787545583
25822634,1787545595
25822635,1787545607
25822636,1787545619
25822637,1787545631
25822638,1787545643
25822639,1787545656
25822640,1787545668
25822641,1787545680
25822642,1787545692
25822643,1787545704
25822644,1787545716
25822645,1787545728
25822646,1787545740
25822647,1787545752
25822648,1787545764
25822649,1787545776
25822650,1787545788
25822651,1787545800
25822652,1787545812
25822653,1787545824
25822654,1787545836
25822655,1787545848
25822656,1787545860
25822657,1787545872
25822658,1787545884
25822659,1787545896
25822660,1787545908
25822661,1787545920
25822662,1787545932
25822663,1787545944
25822664,1787545956
25822665,1787545968
25822666,1787545981
25822667,1787545993
25822668,1787546005
25822669,1787546017
25822670,1787546029
25822671,1787546041
25822672,1787546053
25822673,1787546065
25822674,1787546077
25822675,1787546089
25822676,1787546101
25822677,1787546113
25822678,1787546125
25822679,1787546137
25822680,1787546149
25822681,1787546161
25822682,1787546173
25822683,1787546185
25822684,1787546197
25822685,1787546209
25822686,1787546221
25822687,1787546233
25822688,1787546245
25822689,1787546257
25822690,1787546269
25822691,1787546281
25822692,1787546293
25822693,1787546306
25822694,1787546318
25822695,1787546330
25822696,1787546342
25822697,1787546354
25822698,1787546366
25822699,1787546378
25822700,1787546390
25822701,1787546402
25822702,1787546414
25822703,1787546426
25822704,1787546438
25822705,1787546450
25822706,1787546462
25822707,1787546474
25822708,1787546486
25822709,1787546498
25822710,1787546510
25822711,1787546522
25822712,1787546534
25822713,1787546546
25822714,1787546558
25822715,1787546570
25822716,1787546582
25822717,1787546594
25822718,1787546606
25822719,1787546618
25822720,1787546631
25822721,1787546643
25822722,1787546655
25822723,1787546667
25822724,1787546679
25822725,1787546691
25822726,1787546703
25822727,1787546715
25822728,1787546727
25822729,1787546739
25822730,1787546751
25822731,1787546763
25822732,1787546775
25822733,1787546787
25822734,1787546799
25822735,1787546811
25822736,1787546823
25822737,1787546835
25822738,1787546847
25822739,1787546859
25822740,1787546871
25822741,1787546883
25822742,1787546895
25822743,1787546907
25822744,1787546919
25822745,1787546931
25822746,1787546943
25822747,1787546955
25822748,1787546968
25822749,1787546980
25822750,1787546992
25822751,1787547004
25822752,1787547016
25822753,1787547028
25822754,1787547040
25822755,1787547052
25822756,1787547064
25822757,1787547076
25822758,1787547088
25822759,1787547100
25822760,1787547112
25822761,1787547124
25822762,1787547136
25822763,1787547148
25822764,1787547160
25822765,1787547172
25822766,1787547184
25822767,1787547196
25822768,1787547208
25822769,1787547220
25822770,1787547232
25822771,1787547244
25822772,1787547256
25822773,1787547268
25822774,1787547280
25822775,1787547293
25822776,1787547305
25822777,1787547317
25822778,1787547329
25822779,1787547341
25822780,1787547353
25822781,1787547365
25822782,1787547377
25822783,1787547389
25822784,1787547401
25822785,1787547413
25822786,1787547425
25822787,1787547437
25822788,1787547449
25822789,1787547461
25822790,1787547473
25822791,1787547485
25822792,1787547497
25822793,1787547509
25822794,1787547521
25822795,1787547533
25822796,1787547545
25822797,1787547557
25822798,1787547569
25822799,1787547581
25822800,1787547593
25822801,1787547605
25822802,1787547618
25822803,1787547630
25822804,1787547642
25822805,1787547654
25822806,1787547666
25822807,1787547678
25822808,1787547690
25822809,1787547702
25822810,1787547714
25822811,1787547726
25822812,1787547738
25822813,1787547750
25822814,1787547762
25822815,1787547774
25822816,1787547786
25822817,1787547798
25822818,1787547810
25822819,1787547822
25822820,1787547834
25822821,1787547846
25822822,1787547858
25822823,1787547870
25822824,1787547882
25822825,1787547894
25822826,1787547906
25822827,1787547918
25822828,1787547930
25822829,1787547943
25822830,1787547955
25822831,1787547967
25822832,1787547979
25822833,1787547991
25822834,1787548003
25822835,1787548015
25822836,1787548027
25822837,1787548039
25822838,1787548051
25822839,1787548063
25822840,1787548075
25822841,1787548087
25822842,1787548099
25822843,1787548111
25822844,1787548123
25822845,1787548135
25822846,1787548147
25822847,1787548159
25822848,1787548171
25822849,1787548183
25822850,1787548195
25822851,1787548207
25822852,1787548219
25822853,1787548231
25822854,1787548243
25822855,1787548255
25822856,1787548268
25822857,1787548280
25822858,1787548292
25822859,1787548304
25822860,1787548316
25822861,1787548328
25822862,1787548340
25822863,1787548352
25822864,1787548364
25822865,1787548376
25822866,1787548388
25822867,1787548400
25822868,1787548412
25822869,1787548424
25822870,1787548436
25822871,1787548448
25822872,1787548460
25822873,1787548472
25822874,1787548484
25822875,1787548496
25822876,1787548508
25822877,1787548520
25822878,1787548532
25822879,1787548544
25822880,1787548556
25822881,1787548568
25822882,1787548580
25822883,1787548593
25822884,1787548605
25822885,1787548617
25822886,1787548629
25822887,1787548641
25822888,1787548653
25822889,1787548665
25822890,1787548677
25822891,1787548689
25822892,1787548701
25822893,1787548713
25822894,1787548725
25822895,1787548737
25822896,1787548749
25822897,1787548761
25822898,1787548773
25822899,1787548785
25822900,1787548797
25822901,1787548809
25822902,1787548821
25822903,1787548833
25822904,1787548845
25822905,1787548857
25822906,1787548869
25822907,1787548881
25822908,1787548893
25822909,1787548905
25822910,1787548917
25822911,1787548930
25822912,1787548942
25822913,1787548954
25822914,1787548966
25822915,1787548978
25822916,1787548990
25822917,1787549002
25822918,1787549014
25822919,1787549026
25822920,1787549038
25822921,1787549050
25822922,1787549062
25822923,1787549074
25822924,1787549086
25822925,1787549098
25822926,1787549110
25822927,1787549122
25822928,1787549134
25822929,1787549146
25822930,1787549158
25822931,1787549170
25822932,1787549182
25822933,1787549194
25822934,1787549206
25822935,1787549218
25822936,1787549230
25822937,1787549242
25822938,1787549255
25822939,1787549267
25822940,1787549279
25822941,1787549291
25822942,1787549303
25822943,1787549315
25822944,1787549327
25822945,1787549339
25822946,1787549351
25822947,1787549363
25822948,1787549375
25822949,1787549387
25822950,1787549399
25822951,1787549411
25822952,1787549423
25822953,1787549435
25822954,1787549447
25822955,1787549459
25822956,1787549471
25822957,1787549483
25822958,1787549495
25822959,1787549507
25822960,1787549519
25822961,1787549531
25822962,1787549543
25822963,1787549555
25822964,1787549567
25822965,1787549580
25822966,1787549592
25822967,1787549604
25822968,1787549616
25822969,1787549628
25822970,1787549640
25822971,1787549652
25822972,1787549664
25822973,1787549676
25822974,1787549688
25822975,1787549700
25822976,1787549712
25822977,1787549724
25822978,1787549736
25822979,1787549748
25822980,1787549760
25822981,1787549772
25822982,1787549784
25822983,1787549796
25822984,1787549808
25822985,1787549820
25822986,1787549832
25822987,1787549844
25822988,1787549856
25822989,1787549868
25822990,1787549880
25822991,1787549892
25822992,1787549905
25822993,1787549917
25822994,1787549929
25822995,1787549941
25822996,1787549953
25822997,1787549965
25822998,1787549977
25822999,1787549989
25823000,1787550001
25823001,1787550013
25823002,1787550025
25823003,1787550037
25823004,1787550049
25823005,1787550061
25823006,1787550073
25823007,1787550085
25823008,1787550097
25823009,1787550109
25823010,1787550121
25823011,1787550133
25823012,1787550145
25823013,1787550157
25823014,1787550169
25823015,1787550181
25823016,1787550193
25823017,1787550205
25823018,1787550217
25823019,1787550230
25823020,1787550242
25823021,1787550254
25823022,1787550266
25823023,1787550278
25823024,1787550290
25823025,1787550302
25823026,1787550314
25823027,1787550326
25823028,1787550338
25823029,1787550350
25823030,1787550362
25823031,1787550374
25823032,1787550386
25823033,1787550398
25823034,1787550410
25823035,1787550422
25823036,1787550434
25823037,1787550446
25823038,1787550458
25823039,1787550470
25823040,1787550482
25823041,1787550494
25823042,1787550506
25823043,1787550518
25823044,1787550530
25823045,1787550542
25823046,1787550554
25823047,1787550567
25823048,1787550579
25823049,1787550591
25823050,1787550603
25823051,1787550615
25823052,1787550627
25823053,1787550639
25823054,1787550651
25823055,1787550663
25823056,1787550675
25823057,1787550687
25823058,1787550699
25823059,1787550711
25823060,1787550723
25823061,1787550735
25823062,1787550747
25823063,1787550759
25823064,1787550771
25823065,1787550783
25823066,1787550795
25823067,1787550807
25823068,1787550819
25823069,1787550831
25823070,1787550843
25823071,1787550855
25823072,1787550867
25823073,1787550879
25823074,1787550892
25823075,1787550904
25823076,1787550916
25823077,1787550928
25823078,1787550940
25823079,1787550952
25823080,1787550964
25823081,1787550976
25823082,1787550988
25823083,1787551000
25823084,1787551012
25823085,1787551024
25823086,1787551036
25823087,1787551048
25823088,1787551060
25823089,1787551072
25823090,1787551084
25823091,1787551096
25823092,1787551108
25823093,1787551120
25823094,1787551132
25823095,1787551144
25823096,1787551156
25823097,1787551168
25823098,1787551180
25823099,1787551192
25823100,1787551204
25823101,1787551217
25823102,1787551229
25823103,1787551241
25823104,1787551253
25823105,1787551265
25823106,1787551277
25823107,1787551289
25823108,1787551301
25823109,1787551313
25823110,1787551325
25823111,1787551337
25823112,1787551349
25823113,1787551361
25823114,1787551373
25823115,1787551385
25823116,1787551397
25823117,1787551409
25823118,1787551421
25823119,1787551433
25823120,1787551445
25823121,1787551457
25823122,1787551469
25823123,1787551481
25823124,1787551493
25823125,1787551505
25823126,1787551517
25823127,1787551529
25823128,1787551542
25823129,1787551554
25823130,1787551566
25823131,1787551578
25823132,1787551590
25823133,1787551602
25823134,1787551614
25823135,1787551626
25823136,1787551638
25823137,1787551650
25823138,1787551662
25823139,1787551674
25823140,1787551686
25823141,1787551698
25823142,1787551710
25823143,1787551722
25823144,1787551734
25823145,1787551746
25823146,1787551758
25823147,1787551770
25823148,1787551782
25823149,1787551794
25823150,1787551806
25823151,1787551818
25823152,1787551830
25823153,1787551842
25823154,1787551854
25823155,1787551867
25823156,1787551879
25823157,1787551891
25823158,1787551903
25823159,1787551915
25823160,1787551927
25823161,1787551939
25823162,1787551951
25823163,1787551963
25823164,1787551975
25823165,1787551987
25823166,1787551999
25823167,1787552011
25823168,1787552023
25823169,1787552035
25823170,1787552047
25823171,1787552059
25823172,1787552071
25823173,1787552083
25823174,1787552095
25823175,1787552107
25823176,1787552119
25823177,1787552131
25823178,1787552143
25823179,1787552155
25823180,1787552167
25823181,1787552179
25823182,1787552191
25823183,1787552204
25823184,1787552216
25823185,1787552228
25823186,1787552240
25823187,1787552252
25823188,1787552264
25823189,1787552276
25823190,1787552288
25823191,1787552300
25823192,1787552312
25823193,1787552324
25823194,1787552336
25823195,1787552348
25823196,1787552360
25823197,1787552372
25823198,1787552384
25823199,1787552396
25823200,1787552408
25823201,1787552420
25823202,1787552432
25823203,1787552444
25823204,1787552456
25823205,1787552468
25823206,1787552480
25823207,1787552492
25823208,1787552504
25823209,1787552516
25823210,1787552529
25823211,1787552541
25823212,1787552553
25823213,1787552565
25823214,1787552577
25823215,1787552589
25823216,1787552601
25823217,1787552613
25823218,1787552625
25823219,1787552637
25823220,1787552649
25823221,1787552661
25823222,1787552673
25823223,1787552685
25823224,1787552697
25823225,1787552709
25823226,1787552721
25823227,1787552733
25823228,1787552745
25823229,1787552757
25823230,1787552769
25823231,1787552781
25823232,1787552793
25823233,1787552805
25823234,1787552817
25823235,1787552829
25823236,1787552841
25823237,1787552854
25823238,1787552866
25823239,1787552878
25823240,1787552890
25823241,1787552902
25823242,1787552914
25823243,1787552926
25823244,1787552938
25823245,1787552950
25823246,1787552962
25823247,1787552974
25823248,1787552986
25823249,1787552998
25823250,1787553010
25823251,1787553022
25823252,1787553034
25823253,1787553046
25823254,1787553058
25823255,1787553070
25823256,1787553082
25823257,1787553094
25823258,1787553106
25823259,1787553118
25823260,1787553130
25823261,1787553142
25823262,1787553154
25823263,1787553166
25823264,1787553179
25823265,1787553191
25823266,1787553203
25823267,1787553215
25823268,1787553227
25823269,1787553239
25823270,1787553251
25823271,1787553263
25823272,1787553275
25823273,1787553287
25823274,1787553299
25823275,1787553311
25823276,1787553323
25823277,1787553335
25823278,1787553347
25823279,1787553359
25823280,1787553371
25823281,1787553383
25823282,1787553395
25823283,1787553407
25823284,1787553419
25823285,1787553431
25823286,1787553443
25823287,1787553455
25823288,1787553467
25823289,1787553479
25823290,1787553491
25823291,1787553504
25823292,1787553516
25823293,1787553528
25823294,1787553540
25823295,1787553552
25823296,1787553564
25823297,1787553576
25823298,1787553588
25823299,1787553600
25823300,1787553612
25823301,1787553624
25823302,1787553636
25823303,1787553648
25823304,1787553660
25823305,1787553672
25823306,1787553684
25823307,1787553696
25823308,1787553708
25823309,1787553720
25823310,1787553732
25823311,1787553744
25823312,1787553756
25823313,1787553768
25823314,1787553780
25823315,1787553792
25823316,1787553804
25823317,1787553816
25823318,1787553828
25823319,1787553841
25823320,1787553853
25823321,1787553865
25823322,1787553877
25823323,1787553889
25823324,1787553901
25823325,1787553913
25823326,1787553925
25823327,1787553937
25823328,1787553949
25823329,1787553961
25823330,1787553973
25823331,1787553985
25823332,1787553997
25823333,1787554009
25823334,1787554021
25823335,1787554033
25823336,1787554045
25823337,1787554057
25823338,1787554069
25823339,1787554081
25823340,1787554093
25823341,1787554105
25823342,1787554117
25823343,1787554129
25823344,1787554141
25823345,1787554153
25823346,1787554166
25823347,1787554178
25823348,1787554190
25823349,1787554202
25823350,1787554214
25823351,1787554226
25823352,1787554238
25823353,1787554250
25823354,1787554262
25823355,1787554274
25823356,1787554286
25823357,1787554298
25823358,1787554310
25823359,1787554322
25823360,1787554334
25823361,1787554346
25823362,1787554358
25823363,1787554370
25823364,1787554382
25823365,1787554394
25823366,1787554406
25823367,1787554418
25823368,1787554430
25823369,1787554442
25823370,1787554454
25823371,1787554466
25823372,1787554478
25823373,1787554491
25823374,1787554503
25823375,1787554515
25823376,1787554527
25823377,1787554539
25823378,1787554551
25823379,1787554563
25823380,1787554575
25823381,1787554587
25823382,1787554599
25823383,1787554611
25823384,1787554623
25823385,1787554635
25823386,1787554647
25823387,1787554659
25823388,1787554671
25823389,1787554683
25823390,1787554695
25823391,1787554707
25823392,1787554719
25823393,1787554731
25823394,1787554743
25823395,1787554755
25823396,1787554767
25823397,1787554779
25823398,1787554791
25823399,1787554803
25823400,1787554816
25823401,1787554828
25823402,1787554840
25823403,1787554852
25823404,1787554864
25823405,1787554876
25823406,1787554888
25823407,1787554900
25823408,1787554912
25823409,1787554924
25823410,1787554936
25823411,1787554948
25823412,1787554960
25823413,1787554972
25823414,1787554984
25823415,1787554996
25823416,1787555008
25823417,1787555020
25823418,1787555032
25823419,1787555044
25823420,1787555056
25823421,1787555068
25823422,1787555080
25823423,1787555092
25823424,1787555104
25823425,1787555116
25823426,1787555128
25823427,1787555141
25823428,1787555153
25823429,1787555165
25823430,1787555177
25823431,1787555189
25823432,1787555201
25823433,1787555213
25823434,1787555225
25823435,1787555237
25823436,1787555249
25823437,1787555261
25823438,1787555273
25823439,1787555285
25823440,1787555297
25823441,1787555309
25823442,1787555321
25823443,1787555333
25823444,1787555345
25823445,1787555357
25823446,1787555369
25823447,1787555381
25823448,1787555393
25823449,1787555405
25823450,1787555417
25823451,1787555429
25823452,1787555441
25823453,1787555453
25823454,1787555466
25823455,1787555478
25823456,1787555490
25823457,1787555502
25823458,1787555514
25823459,1787555526
25823460,1787555538
25823461,1787555550
25823462,1787555562
25823463,1787555574
25823464,1787555586
25823465,1787555598
25823466,1787555610
25823467,1787555622
25823468,1787555634
25823469,1787555646
25823470,1787555658
25823471,1787555670
25823472,1787555682
25823473,1787555694
25823474,1787555706
25823475,1787555718
25823476,1787555730
25823477,1787555742
25823478,1787555754
25823479,1787555766
25823480,1787555778
25823481,1787555790
25823482,1787555803
25823483,1787555815
25823484,1787555827
25823485,1787555839
25823486,1787555851
25823487,1787555863
25823488,1787555875
25823489,1787555887
25823490,1787555899
25823491,1787555911
25823492,1787555923
25823493,1787555935
25823494,1787555947
25823495,1787555959
25823496,1787555971
25823497,1787555983
25823498,1787555995
25823499,1787556007
25823500,1787556019
25823501,1787556031
25823502,1787556043
25823503,1787556055
25823504,1787556067
25823505,1787556079
25823506,1787556091
25823507,1787556103
25823508,1787556115
25823509,1787556128
25823510,1787556140
25823511,1787556152
25823512,1787556164
25823513,1787556176
25823514,1787556188
25823515,1787556200
25823516,1787556212
25823517,1787556224
25823518,1787556236
25823519,1787556248
25823520,1787556260
25823521,1787556272
25823522,1787556284
25823523,1787556296
25823524,1787556308
25823525,1787556320
25823526,1787556332
25823527,1787556344
25823528,1787556356
25823529,1787556368
25823530,1787556380
25823531,1787556392
25823532,1787556404
25823533,1787556416
25823534,1787556428
25823535,1787556440
25823536,1787556453
25823537,1787556465
25823538,1787556477
25823539,1787556489
25823540,1787556501
25823541,1787556513
25823542,1787556525
25823543,1787556537
25823544,1787556549
25823545,1787556561
25823546,1787556573
25823547,1787556585
25823548,1787556597
25823549,1787556609
25823550,1787556621
25823551,1787556633
25823552,1787556645
25823553,1787556657
25823554,1787556669
25823555,1787556681
25823556,1787556693
25823557,1787556705
25823558,1787556717
25823559,1787556729
25823560,1787556741
25823561,1787556753
25823562,1787556765
25823563,1787556778
25823564,1787556790
25823565,1787556802
25823566,1787556814
25823567,1787556826
25823568,1787556838
25823569,1787556850
25823570,1787556862
25823571,1787556874
25823572,1787556886
25823573,1787556898
25823574,1787556910
25823575,1787556922
25823576,1787556934
25823577,1787556946
25823578,1787556958
25823579,1787556970
25823580,1787556982
25823581,1787556994
25823582,1787557006
25823583,1787557018
25823584,1787557030
25823585,1787557042
25823586,1787557054
25823587,1787557066
25823588,1787557078
25823589,1787557090
25823590,1787557103
25823591,1787557115
25823592,1787557127
25823593,1787557139
25823594,1787557151
25823595,1787557163
25823596,1787557175
25823597,1787557187
25823598,1787557199
25823599,1787557211
25823600,1787557223
25823601,1787557235
25823602,1787557247
25823603,1787557259
25823604,1787557271
25823605,1787557283
25823606,1787557295
25823607,1787557307
25823608,1787557319
25823609,1787557331
25823610,1787557343
25823611,1787557355
25823612,1787557367
25823613,1787557379
25823614,1787557391
25823615,1787557403
25823616,1787557415
25823617,1787557427
25823618,1787557440
25823619,1787557452
25823620,1787557464
25823621,1787557476
25823622,1787557488
25823623,1787557500
25823624,1787557512
25823625,1787557524
25823626,1787557536
25823627,1787557548
25823628,1787557560
25823629,1787557572
25823630,1787557584
25823631,1787557596
25823632,1787557608
25823633,1787557620
25823634,1787557632
25823635,1787557644
25823636,1787557656
25823637,1787557668
25823638,1787557680
25823639,1787557692
25823640,1787557704
25823641,1787557716
25823642,1787557728
25823643,1787557740
25823644,1787557752
25823645,1787557765
25823646,1787557777
25823647,1787557789
25823648,1787557801
25823649,1787557813
25823650,1787557825
25823651,1787557837
25823652,1787557849
25823653,1787557861
25823654,1787557873
25823655,1787557885
25823656,1787557897
25823657,1787557909
25823658,1787557921
25823659,1787557933
25823660,1787557945
25823661,1787557957
25823662,1787557969
25823663,1787557981
25823664,1787557993
25823665,1787558005
25823666,1787558017
25823667,1787558029
25823668,1787558041
25823669,1787558053
25823670,1787558065
25823671,1787558077
25823672,1787558090
25823673,1787558102
25823674,1787558114
25823675,1787558126
25823676,1787558138
25823677,1787558150
25823678,1787558162
25823679,1787558174
25823680,1787558186
25823681,1787558198
25823682,1787558210
25823683,1787558222
25823684,1787558234
25823685,1787558246
25823686,1787558258
25823687,1787558270
25823688,1787558282
25823689,1787558294
25823690,1787558306
25823691,1787558318
25823692,1787558330
25823693,1787558342
25823694,1787558354
25823695,1787558366
25823696,1787558378
25823697,1787558390
25823698,1787558402
25823699,1787558415
25823700,1787558427
25823701,1787558439
25823702,1787558451
25823703,1787558463
25823704,1787558475
25823705,1787558487
25823706,1787558499
25823707,1787558511
25823708,1787558523
25823709,1787558535
25823710,1787558547
25823711,1787558559
25823712,1787558571
25823713,1787558583
25823714,1787558595
25823715,1787558607
25823716,1787558619
25823717,1787558631
25823718,1787558643
25823719,1787558655
25823720,1787558667
25823721,1787558679
25823722,1787558691
25823723,1787558703
25823724,1787558715
25823725,1787558727
25823726,1787558740
25823727,1787558752
25823728,1787558764
25823729,1787558776
25823730,1787558788
25823731,1787558800
25823732,1787558812
25823733,1787558824
25823734,1787558836
25823735,1787558848
25823736,1787558860
25823737,1787558872
25823738,1787558884
25823739,1787558896
25823740,1787558908
25823741,1787558920
25823742,1787558932
25823743,1787558944
25823744,1787558956
25823745,1787558968
25823746,1787558980
25823747,1787558992
25823748,1787559004
25823749,1787559016
25823750,1787559028
25823751,1787559040
25823752,1787559052
25823753,1787559064
25823754,1787559077
25823755,1787559089
25823756,1787559101
25823757,1787559113
25823758,1787559125
25823759,1787559137
25823760,1787559149
25823761,1787559161
25823762,1787559173
25823763,1787559185
25823764,1787559197
25823765,1787559209
25823766,1787559221
25823767,1787559233
25823768,1787559245
25823769,1787559257
25823770,1787559269
25823771,1787559281
25823772,1787559293
25823773,1787559305
25823774,1787559317
25823775,1787559329
25823776,1787559341
25823777,1787559353
25823778,1787559365
25823779,1787559377
25823780,1787559389
25823781,1787559402
25823782,1787559414
25823783,1787559426
25823784,1787559438
25823785,1787559450
25823786,1787559462
25823787,1787559474
25823788,1787559486
25823789,1787559498
25823790,1787559510
25823791,1787559522
25823792,1787559534
25823793,1787559546
25823794,1787559558
25823795,1787559570
25823796,1787559582
25823797,1787559594
25823798,1787559606
25823799,1787559618
25823800,1787559630
25823801,1787559642
25823802,1787559654
25823803,1787559666
25823804,1787559678
25823805,1787559690
25823806,1787559702
25823807,1787559714
25823808,1787559727
25823809,1787559739
25823810,1787559751
25823811,1787559763
25823812,1787559775
25823813,1787559787
25823814,1787559799
25823815,1787559811
25823816,1787559823
25823817,1787559835
25823818,1787559847
25823819,1787559859
25823820,1787559871
25823821,1787559883
25823822,1787559895
25823823,1787559907
25823824,1787559919
25823825,1787559931
25823826,1787559943
25823827,1787559955
25823828,1787559967
25823829,1787559979
25823830,1787559991
25823831,1787560003
25823832,1787560015
25823833,1787560027
25823834,1787560039
25823835,1787560052
25823836,1787560064
25823837,1787560076
25823838,1787560088
25823839,1787560100
25823840,1787560112
25823841,1787560124
25823842,1787560136
25823843,1787560148
25823844,1787560160
25823845,1787560172
25823846,1787560184
25823847,1787560196
25823848,1787560208
25823849,1787560220
25823850,1787560232
25823851,1787560244
25823852,1787560256
25823853,1787560268
25823854,1787560280
25823855,1787560292
25823856,1787560304
25823857,1787560316
25823858,1787560328
25823859,1787560340
25823860,1787560352
25823861,1787560364
25823862,1787560377
25823863,1787560389
25823864,1787560401
25823865,1787560413
25823866,1787560425
25823867,1787560437
25823868,1787560449
25823869,1787560461
25823870,1787560473
25823871,1787560485
25823872,1787560497
25823873,1787560509
25823874,1787560521
25823875,1787560533
25823876,1787560545
25823877,1787560557
25823878,1787560569
25823879,1787560581
25823880,1787560593
25823881,1787560605
25823882,1787560617
25823883,1787560629
25823884,1787560641
25823885,1787560653
25823886,1787560665
25823887,1787560677
25823888,1787560689
25823889,1787560702
25823890,1787560714
25823891,1787560726
25823892,1787560738
25823893,1787560750
25823894,1787560762
25823895,1787560774
25823896,1787560786
25823897,1787560798
25823898,1787560810
25823899,1787560822
25823900,1787560834
25823901,1787560846
25823902,1787560858
25823903,1787560870
25823904,1787560882
25823905,1787560894
25823906,1787560906
25823907,1787560918
25823908,1787560930
25823909,1787560942
25823910,1787560954
25823911,1787560966
25823912,1787560978
25823913,1787560990
25823914,1787561002
25823915,1787561014
25823916,1787561026
25823917,1787561039
25823918,1787561051
25823919,1787561063
25823920,1787561075
25823921,1787561087
25823922,1787561099
25823923,1787561111
25823924,1787561123
25823925,1787561135
25823926,1787561147
25823927,1787561159
25823928,1787561171
25823929,1787561183
25823930,1787561195
25823931,1787561207
25823932,1787561219
25823933,1787561231
25823934,1787561243
25823935,1787561255
25823936,1787561267
25823937,1787561279
25823938,1787561291
25823939,1787561303
25823940,1787561315
25823941,1787561327
25823942,1787561339
25823943,1787561351
25823944,1787561364
25823945,1787561376
25823946,1787561388
25823947,1787561400
25823948,1787561412
25823949,1787561424
25823950,1787561436
25823951,1787561448
25823952,1787561460
25823953,1787561472
25823954,1787561484
25823955,1787561496
25823956,1787561508
25823957,1787561520
25823958,1787561532
25823959,1787561544
25823960,1787561556
25823961,1787561568
25823962,1787561580
25823963,1787561592
25823964,1787561604
25823965,1787561616
25823966,1787561628
25823967,1787561640
25823968,1787561652
25823969,1787561664
25823970,1787561676
25823971,1787561689
25823972,1787561701
25823973,1787561713
25823974,1787561725
25823975,1787561737
25823976,1787561749
25823977,1787561761
25823978,1787561773
25823979,1787561785
25823980,1787561797
25823981,1787561809
25823982,1787561821
25823983,1787561833
25823984,1787561845
25823985,1787561857
25823986,1787561869
25823987,1787561881
25823988,1787561893
25823989,1787561905
25823990,1787561917
25823991,1787561929
25823992,1787561941
25823993,1787561953
25823994,1787561965
25823995,1787561977
25823996,1787561989
25823997,1787562001
25823998,1787562014
25823999,1787562026
25824000,1787562038
25824001,1787562050
25824002,1787562062
25824003,1787562074
25824004,1787562086
25824005,1787562098
25824006,1787562110
25824007,1787562122
25824008,1787562134
25824009,1787562146
25824010,1787562158
25824011,1787562170
25824012,1787562182
25824013,1787562194
25824014,1787562206
25824015,1787562218
25824016,1787562230
25824017,1787562242
25824018,1787562254
25824019,1787562266
25824020,1787562278
25824021,1787562290
25824022,1787562302
25824023,1787562314
25824024,1787562326
25824025,1787562339
25824026,1787562351
25824027,1787562363
25824028,1787562375
25824029,1787562387
25824030,1787562399
25824031,1787562411
25824032,1787562423
25824033,1787562435
25824034,1787562447
25824035,1787562459
25824036,1787562471
25824037,1787562483
25824038,1787562495
25824039,1787562507
25824040,1787562519
25824041,1787562531
25824042,1787562543
25824043,1787562555
25824044,1787562567
25824045,1787562579
25824046,1787562591
25824047,1787562603
25824048,1787562615
25824049,1787562627
25824050,1787562639
25824051,1787562651
25824052,1787562663
25824053,1787562676
25824054,1787562688
25824055,1787562700
25824056,1787562712
25824057,1787562724
25824058,1787562736
25824059,1787562748
25824060,1787562760
25824061,1787562772
25824062,1787562784
25824063,1787562796
25824064,1787562808
25824065,1787562820
25824066,1787562832
25824067,1787562844
25824068,1787562856
25824069,1787562868
25824070,1787562880
25824071,1787562892
25824072,1787562904
25824073,1787562916
25824074,1787562928
25824075,1787562940
25824076,1787562952
25824077,1787562964
25824078,1787562976
25824079,1787562988
25824080,1787563001
25824081,1787563013
25824082,1787563025
25824083,1787563037
25824084,1787563049
25824085,1787563061
25824086,1787563073
25824087,1787563085
25824088,1787563097
25824089,1787563109
25824090,1787563121
25824091,1787563133
25824092,1787563145
25824093,1787563157
25824094,1787563169
25824095,1787563181
25824096,1787563193
25824097,1787563205
25824098,1787563217
25824099,1787563229
25824100,1787563241
25824101,1787563253
25824102,1787563265
25824103,1787563277
25824104,1787563289
25824105,1787563301
25824106,1787563313
25824107,1787563326
25824108,1787563338
25824109,1787563350
25824110,1787563362
25824111,1787563374
25824112,1787563386
25824113,1787563398
25824114,1787563410
25824115,1787563422
25824116,1787563434
25824117,1787563446
25824118,1787563458
25824119,1787563470
25824120,1787563482
25824121,1787563494
25824122,1787563506
25824123,1787563518
25824124,1787563530
25824125,1787563542
25824126,1787563554
25824127,1787563566
25824128,1787563578
25824129,1787563590
25824130,1787563602
25824131,1787563614
25824132,1787563626
25824133,1787563638
25824134,1787563651
25824135,1787563663
25824136,1787563675
25824137,1787563687
25824138,1787563699
25824139,1787563711
25824140,1787563723
25824141,1787563735
25824142,1787563747
25824143,1787563759
25824144,1787563771
25824145,1787563783
25824146,1787563795
25824147,1787563807
25824148,1787563819
25824149,1787563831
25824150,1787563843
25824151,1787563855
25824152,1787563867
25824153,1787563879
25824154,1787563891
25824155,1787563903
25824156,1787563915
25824157,1787563927
25824158,1787563939
25824159,1787563951
25824160,1787563963
25824161,1787563976
25824162,1787563988
25824163,1787564000
25824164,1787564012
25824165,1787564024
25824166,1787564036
25824167,1787564048
25824168,1787564060
25824169,1787564072
25824170,1787564084
25824171,1787564096
25824172,1787564108
25824173,1787564120
25824174,1787564132
25824175,1787564144
25824176,1787564156
25824177,1787564168
25824178,1787564180
25824179,1787564192
25824180,1787564204
25824181,1787564216
25824182,1787564228
25824183,1787564240
25824184,1787564252
25824185,1787564264
25824186,1787564276
25824187,1787564288
25824188,1787564300
25824189,1787564313
25824190,1787564325
25824191,1787564337
25824192,1787564349
25824193,1787564361
25824194,1787564373
25824195,1787564385
25824196,1787564397
25824197,1787564409
25824198,1787564421
25824199,1787564433
25824200,1787564445
25824201,1787564457
25824202,1787564469
25824203,1787564481
25824204,1787564493
25824205,1787564505
25824206,1787564517
25824207,1787564529
25824208,1787564541
25824209,1787564553
25824210,1787564565
25824211,1787564577
25824212,1787564589
25824213,1787564601
25824214,1787564613
25824215,1787564625
25824216,1787564638
25824217,1787564650
25824218,1787564662
25824219,1787564674
25824220,1787564686
25824221,1787564698
25824222,1787564710
25824223,1787564722
25824224,1787564734
25824225,1787564746
25824226,1787564758
25824227,1787564770
25824228,1787564782
25824229,1787564794
25824230,1787564806
25824231,1787564818
25824232,1787564830
25824233,1787564842
25824234,1787564854
25824235,1787564866
25824236,1787564878
25824237,1787564890
25824238,1787564902
25824239,1787564914
25824240,1787564926
25824241,1787564938
25824242,1787564950
25824243,1787564963
25824244,1787564975
25824245,1787564987
25824246,1787564999
25824247,1787565011
25824248,1787565023
25824249,1787565035
25824250,1787565047
25824251,1787565059
25824252,1787565071
25824253,1787565083
25824254,1787565095
25824255,1787565107
25824256,1787565119
25824257,1787565131
25824258,1787565143
25824259,1787565155
25824260,1787565167
25824261,1787565179
25824262,1787565191
25824263,1787565203
25824264,1787565215
25824265,1787565227
25824266,1787565239
25824267,1787565251
25824268,1787565263
25824269,1787565275
25824270,1787565288
25824271,1787565300
25824272,1787565312
25824273,1787565324
25824274,1787565336
25824275,1787565348
25824276,1787565360
25824277,1787565372
25824278,1787565384
25824279,1787565396
25824280,1787565408
25824281,1787565420
25824282,1787565432
25824283,1787565444
25824284,1787565456
25824285,1787565468
25824286,1787565480
25824287,1787565492
25824288,1787565504
25824289,1787565516
25824290,1787565528
25824291,1787565540
25824292,1787565552
25824293,1787565564
25824294,1787565576
25824295,1787565588
25824296,1787565600
25824297,1787565613
25824298,1787565625
25824299,1787565637
25824300,1787565649
25824301,1787565661
25824302,1787565673
25824303,1787565685
25824304,1787565697
25824305,1787565709
25824306,1787565721
25824307,1787565733
25824308,1787565745
25824309,1787565757
25824310,1787565769
25824311,1787565781
25824312,1787565793
25824313,1787565805
25824314,1787565817
25824315,1787565829
25824316,1787565841
25824317,1787565853
25824318,1787565865
25824319,1787565877
25824320,1787565889
25824321,1787565901
25824322,1787565913
25824323,1787565925
25824324,1787565937
25824325,1787565950
25824326,1787565962
25824327,1787565974
25824328,1787565986
25824329,1787565998
25824330,1787566010
25824331,1787566022
25824332,1787566034
25824333,1787566046
25824334,1787566058
25824335,1787566070
25824336,1787566082
25824337,1787566094
25824338,1787566106
25824339,1787566118
25824340,1787566130
25824341,1787566142
25824342,1787566154
25824343,1787566166
25824344,1787566178
25824345,1787566190
25824346,1787566202
25824347,1787566214
25824348,1787566226
25824349,1787566238
25824350,1787566250
25824351,1787566262
25824352,1787566275
25824353,1787566287
25824354,1787566299
25824355,1787566311
25824356,1787566323
25824357,1787566335
25824358,1787566347
25824359,1787566359
25824360,1787566371
25824361,1787566383
25824362,1787566395
25824363,1787566407
25824364,1787566419
25824365,1787566431
25824366,1787566443
25824367,1787566455
25824368,1787566467
25824369,1787566479
25824370,1787566491
25824371,1787566503
25824372,1787566515
25824373,1787566527
25824374,1787566539
25824375,1787566551
25824376,1787566563
25824377,1787566575
25824378,1787566587
25824379,1787566600
25824380,1787566612
25824381,1787566624
25824382,1787566636
25824383,1787566648
25824384,1787566660
25824385,1787566672
25824386,1787566684
25824387,1787566696
25824388,1787566708
25824389,1787566720
25824390,1787566732
25824391,1787566744
25824392,1787566756
25824393,1787566768
25824394,1787566780
25824395,1787566792
25824396,1787566804
25824397,1787566816
25824398,1787566828
25824399,1787566840
25824400,1787566852
25824401,1787566864
25824402,1787566876
25824403,1787566888
25824404,1787566900
25824405,1787566912
25824406,1787566925
25824407,1787566937
25824408,1787566949
25824409,1787566961
25824410,1787566973
25824411,1787566985
25824412,1787566997
25824413,1787567009
25824414,1787567021
25824415,1787567033
25824416,1787567045
25824417,1787567057
25824418,1787567069
25824419,1787567081
25824420,1787567093
25824421,1787567105
25824422,1787567117
25824423,1787567129
25824424,1787567141
25824425,1787567153
25824426,1787567165
25824427,1787567177
25824428,1787567189
25824429,1787567201
25824430,1787567213
25824431,1787567225
25824432,1787567237
25824433,1787567250
25824434,1787567262
25824435,1787567274
25824436,1787567286
25824437,1787567298
25824438,1787567310
25824439,1787567322
25824440,1787567334
25824441,1787567346
25824442,1787567358
25824443,1787567370
25824444,1787567382
25824445,1787567394
25824446,1787567406
25824447,1787567418
25824448,1787567430
25824449,1787567442
25824450,1787567454
25824451,1787567466
25824452,1787567478
25824453,1787567490
25824454,1787567502
25824455,1787567514
25824456,1787567526
25824457,1787567538
25824458,1787567550
25824459,1787567562
25824460,1787567575
25824461,1787567587
25824462,1787567599
25824463,1787567611
25824464,1787567623
25824465,1787567635
25824466,1787567647
25824467,1787567659
25824468,1787567671
25824469,1787567683
25824470,1787567695
25824471,1787567707
25824472,1787567719
25824473,1787567731
25824474,1787567743
25824475,1787567755
25824476,1787567767
25824477,1787567779
25824478,1787567791
25824479,1787567803
25824480,1787567815
25824481,1787567827
25824482,1787567839
25824483,1787567851
25824484,1787567863
25824485,1787567875
25824486,1787567887
25824487,1787567899
25824488,1787567912
25824489,1787567924
25824490,1787567936
25824491,1787567948
25824492,1787567960
25824493,1787567972
25824494,1787567984
25824495,1787567996
25824496,1787568008
25824497,1787568020
25824498,1787568032
25824499,1787568044
25824500,1787568056
25824501,1787568068
25824502,1787568080
25824503,1787568092
25824504,1787568104
25824505,1787568116
25824506,1787568128
25824507,1787568140
25824508,1787568152
25824509,1787568164
25824510,1787568176
25824511,1787568188
25824512,1787568200
25824513,1787568212
25824514,1787568224
25824515,1787568237
25824516,1787568249
25824517,1787568261
25824518,1787568273
25824519,1787568285
25824520,1787568297
25824521,1787568309
25824522,1787568321
25824523,1787568333
25824524,1787568345
25824525,1787568357
25824526,1787568369
25824527,1787568381
25824528,1787568393
25824529,1787568405
25824530,1787568417
25824531,1787568429
25824532,1787568441
25824533,1787568453
25824534,1787568465
25824535,1787568477
25824536,1787568489
25824537,1787568501
25824538,1787568513
25824539,1787568525
25824540,1787568537
25824541,1787568549
25824542,1787568562
25824543,1787568574
25824544,1787568586
25824545,1787568598
25824546,1787568610
25824547,1787568622
25824548,1787568634
25824549,1787568646
25824550,1787568658
25824551,1787568670
25824552,1787568682
25824553,1787568694
25824554,1787568706
25824555,1787568718
25824556,1787568730
25824557,1787568742
25824558,1787568754
25824559,1787568766
25824560,1787568778
25824561,1787568790
25824562,1787568802
25824563,1787568814
25824564,1787568826
25824565,1787568838
25824566,1787568850
25824567,1787568862
25824568,1787568874
25824569,1787568887
25824570,1787568899
25824571,1787568911
25824572,1787568923
25824573,1787568935
25824574,1787568947
25824575,1787568959
25824576,1787568971
25824577,1787568983
25824578,1787568995
25824579,1787569007
25824580,1787569019
25824581,1787569031
25824582,1787569043
25824583,1787569055
25824584,1787569067
25824585,1787569079
25824586,1787569091
25824587,1787569103
25824588,1787569115
25824589,1787569127
25824590,1787569139
25824591,1787569151
25824592,1787569163
25824593,1787569175
25824594,1787569187
25824595,1787569199
25824596,1787569212
25824597,1787569224
25824598,1787569236
25824599,1787569248
25824600,1787569260
25824601,1787569272
25824602,1787569284
25824603,1787569296
25824604,1787569308
25824605,1787569320
25824606,1787569332
25824607,1787569344
25824608,1787569356
25824609,1787569368
25824610,1787569380
25824611,1787569392
25824612,1787569404
25824613,1787569416
25824614,1787569428
25824615,1787569440
25824616,1787569452
25824617,1787569464
25824618,1787569476
25824619,1787569488
25824620,1787569500
25824621,1787569512
25824622,1787569524
25824623,1787569536
25824624,1787569549
25824625,1787569561
25824626,1787569573
25824627,1787569585
25824628,1787569597
25824629,1787569609
25824630,1787569621
25824631,1787569633
25824632,1787569645
25824633,1787569657
25824634,1787569669
25824635,1787569681
25824636,1787569693
25824637,1787569705
25824638,1787569717
25824639,1787569729
25824640,1787569741
25824641,1787569753
25824642,1787569765
25824643,1787569777
25824644,1787569789
25824645,1787569801
25824646,1787569813
25824647,1787569825
25824648,1787569837
25824649,1787569849
25824650,1787569861
25824651,1787569874
25824652,1787569886
25824653,1787569898
25824654,1787569910
25824655,1787569922
25824656,1787569934
25824657,1787569946
25824658,1787569958
25824659,1787569970
25824660,1787569982
25824661,1787569994
25824662,1787570006
25824663,1787570018
25824664,1787570030
25824665,1787570042
25824666,1787570054
25824667,1787570066
25824668,1787570078
25824669,1787570090
25824670,1787570102
25824671,1787570114
25824672,1787570126
25824673,1787570138
25824674,1787570150
25824675,1787570162
25824676,1787570174
25824677,1787570186
25824678,1787570199
25824679,1787570211
25824680,1787570223
25824681,1787570235
25824682,1787570247
25824683,1787570259
25824684,1787570271
25824685,1787570283
25824686,1787570295
25824687,1787570307
25824688,1787570319
25824689,1787570331
25824690,1787570343
25824691,1787570355
25824692,1787570367
25824693,1787570379
25824694,1787570391
25824695,1787570403
25824696,1787570415
25824697,1787570427
25824698,1787570439
25824699,1787570451
25824700,1787570463
25824701,1787570475
25824702,1787570487
25824703,1787570499
25824704,1787570511
25824705,1787570524
25824706,1787570536
25824707,1787570548
25824708,1787570560
25824709,1787570572
25824710,1787570584
25824711,1787570596
25824712,1787570608
25824713,1787570620
25824714,1787570632
25824715,1787570644
25824716,1787570656
25824717,1787570668
25824718,1787570680
25824719,1787570692
25824720,1787570704
25824721,1787570716
25824722,1787570728
25824723,1787570740
25824724,1787570752
25824725,1787570764
25824726,1787570776
25824727,1787570788
25824728,1787570800
25824729,1787570812
25824730,1787570824
25824731,1787570836
25824732,1787570849
25824733,1787570861
25824734,1787570873
25824735,1787570885
25824736,1787570897
25824737,1787570909
25824738,1787570921
25824739,1787570933
25824740,1787570945
25824741,1787570957
25824742,1787570969
25824743,1787570981
25824744,1787570993
25824745,1787571005
25824746,1787571017
25824747,1787571029
25824748,1787571041
25824749,1787571053
25824750,1787571065
25824751,1787571077
25824752,1787571089
25824753,1787571101
25824754,1787571113
25824755,1787571125
25824756,1787571137
25824757,1787571149
25824758,1787571161
25824759,1787571173
25824760,1787571186
25824761,1787571198
25824762,1787571210
25824763,1787571222
25824764,1787571234
25824765,1787571246
25824766,1787571258
25824767,1787571270
25824768,1787571282
25824769,1787571294
25824770,1787571306
25824771,1787571318
25824772,1787571330
25824773,1787571342
25824774,1787571354
25824775,1787571366
25824776,1787571378
25824777,1787571390
25824778,1787571402
25824779,1787571414
25824780,1787571426
25824781,1787571438
25824782,1787571450
25824783,1787571462
25824784,1787571474
25824785,1787571486
25824786,1787571498
25824787,1787571511
25824788,1787571523
25824789,1787571535
25824790,1787571547
25824791,1787571559
25824792,1787571571
25824793,1787571583
25824794,1787571595
25824795,1787571607
25824796,1787571619
25824797,1787571631
25824798,1787571643
25824799,1787571655
25824800,1787571667
25824801,1787571679
25824802,1787571691
25824803,1787571703
25824804,1787571715
25824805,1787571727
25824806,1787571739
25824807,1787571751
25824808,1787571763
25824809,1787571775
25824810,1787571787
25824811,1787571799
25824812,1787571811
25824813,1787571823
25824814,1787571836
25824815,1787571848
25824816,1787571860
25824817,1787571872
25824818,1787571884
25824819,1787571896
25824820,1787571908
25824821,1787571920
25824822,1787571932
25824823,1787571944
25824824,1787571956
25824825,1787571968
25824826,1787571980
25824827,1787571992
25824828,1787572004
25824829,1787572016
25824830,1787572028
25824831,1787572040
25824832,1787572052
25824833,1787572064
25824834,1787572076
25824835,1787572088
25824836,1787572100
25824837,1787572112
25824838,1787572124
25824839,1787572136
25824840,1787572148
25824841,1787572161
25824842,1787572173
25824843,1787572185
25824844,1787572197
25824845,1787572209
25824846,1787572221
25824847,1787572233
25824848,1787572245
25824849,1787572257
25824850,1787572269
25824851,1787572281
25824852,1787572293
25824853,1787572305
25824854,1787572317
25824855,1787572329
25824856,1787572341
25824857,1787572353
25824858,1787572365
25824859,1787572377
25824860,1787572389
25824861,1787572401
25824862,1787572413
25824863,1787572425
25824864,1787572437
25824865,1787572449
25824866,1787572461
25824867,1787572473
25824868,1787572486
25824869,1787572498
25824870,1787572510
25824871,1787572522
25824872,1787572534
25824873,1787572546
25824874,1787572558
25824875,1787572570
25824876,1787572582
25824877,1787572594
25824878,1787572606
25824879,1787572618
25824880,1787572630
25824881,1787572642
25824882,1787572654
25824883,1787572666
25824884,1787572678
25824885,1787572690
25824886,1787572702
25824887,1787572714
25824888,1787572726
25824889,1787572738
25824890,1787572750
25824891,1787572762
25824892,1787572774
25824893,1787572786
25824894,1787572798
25824895,1787572811
25824896,1787572823
25824897,1787572835
25824898,1787572847
25824899,1787572859
25824900,1787572871
25824901,1787572883
25824902,1787572895
25824903,1787572907
25824904,1787572919
25824905,1787572931
25824906,1787572943
25824907,1787572955
25824908,1787572967
25824909,1787572979
25824910,1787572991
25824911,1787573003
25824912,1787573015
25824913,1787573027
25824914,1787573039
25824915,1787573051
25824916,1787573063
25824917,1787573075
25824918,1787573087
25824919,1787573099
25824920,1787573111
25824921,1787573123
25824922,1787573135
25824923,1787573148
25824924,1787573160
25824925,1787573172
25824926,1787573184
25824927,1787573196
25824928,1787573208
25824929,1787573220
25824930,1787573232
25824931,1787573244
25824932,1787573256
25824933,1787573268
25824934,1787573280
25824935,1787573292
25824936,1787573304
25824937,1787573316
25824938,1787573328
25824939,1787573340
25824940,1787573352
25824941,1787573364
25824942,1787573376
25824943,1787573388
25824944,1787573400
25824945,1787573412
25824946,1787573424
25824947,1787573436
25824948,1787573448
25824949,1787573460
25824950,1787573473
25824951,1787573485
25824952,1787573497
25824953,1787573509
25824954,1787573521
25824955,1787573533
25824956,1787573545
25824957,1787573557
25824958,1787573569
25824959,1787573581
25824960,1787573593
25824961,1787573605
25824962,1787573617
25824963,1787573629
25824964,1787573641
25824965,1787573653
25824966,1787573665
25824967,1787573677
25824968,1787573689
25824969,1787573701
25824970,1787573713
25824971,1787573725
25824972,1787573737
25824973,1787573749
25824974,1787573761
25824975,1787573773
25824976,1787573785
25824977,1787573798
25824978,1787573810
25824979,1787573822
25824980,1787573834
25824981,1787573846
25824982,1787573858
25824983,1787573870
25824984,1787573882
25824985,1787573894
25824986,1787573906
25824987,1787573918
25824988,1787573930
25824989,1787573942
25824990,1787573954
25824991,1787573966
25824992,1787573978
25824993,1787573990
25824994,1787574002
25824995,1787574014
25824996,1787574026
25824997,1787574038
25824998,1787574050
25824999,1787574062
25825000,1787574074
25825001,1787574086
25825002,1787574098
25825003,1787574110
25825004,1787574123
25825005,1787574135
25825006,1787574147
25825007,1787574159
25825008,1787574171
25825009,1787574183
25825010,1787574195
25825011,1787574207
25825012,1787574219
25825013,1787574231
25825014,1787574243
25825015,1787574255
25825016,1787574267
25825017,1787574279
25825018,1787574291
25825019,1787574303
25825020,1787574315
25825021,1787574327
25825022,1787574339
25825023,1787574351
25825024,1787574363
25825025,1787574375
25825026,1787574387
25825027,1787574399
25825028,1787574411
25825029,1787574423
25825030,1787574435
25825031,1787574448
25825032,1787574460
25825033,1787574472
25825034,1787574484
25825035,1787574496
25825036,1787574508
25825037,1787574520
25825038,1787574532
25825039,1787574544
25825040,1787574556
25825041,1787574568
25825042,1787574580
25825043,1787574592
25825044,1787574604
25825045,1787574616
25825046,1787574628
25825047,1787574640
25825048,1787574652
25825049,1787574664
25825050,1787574676
25825051,1787574688
25825052,1787574700
25825053,1787574712
25825054,1787574724
25825055,1787574736
25825056,1787574748
25825057,1787574760
25825058,1787574772
25825059,1787574785
25825060,1787574797
25825061,1787574809
25825062,1787574821
25825063,1787574833
25825064,1787574845
25825065,1787574857
25825066,1787574869
25825067,1787574881
25825068,1787574893
25825069,1787574905
25825070,1787574917
25825071,1787574929
25825072,1787574941
25825073,1787574953
25825074,1787574965
25825075,1787574977
25825076,1787574989
25825077,1787575001
25825078,1787575013
25825079,1787575025
25825080,1787575037
25825081,1787575049
25825082,1787575061
25825083,1787575073
25825084,1787575085
25825085,1787575097
25825086,1787575110
25825087,1787575122
25825088,1787575134
25825089,1787575146
25825090,1787575158
25825091,1787575170
25825092,1787575182
25825093,1787575194
25825094,1787575206
25825095,1787575218
25825096,1787575230
25825097,1787575242
25825098,1787575254
25825099,1787575266
25825100,1787575278
25825101,1787575290
25825102,1787575302
25825103,1787575314
25825104,1787575326
25825105,1787575338
25825106,1787575350
25825107,1787575362
25825108,1787575374
25825109,1787575386
25825110,1787575398
25825111,1787575410
25825112,1787575422
25825113,1787575435
25825114,1787575447
25825115,1787575459
25825116,1787575471
25825117,1787575483
25825118,1787575495
25825119,1787575507
25825120,1787575519
25825121,1787575531
25825122,1787575543
25825123,1787575555
25825124,1787575567
25825125,1787575579
25825126,1787575591
25825127,1787575603
25825128,1787575615
25825129,1787575627
25825130,1787575639
25825131,1787575651
25825132,1787575663
25825133,1787575675
25825134,1787575687
25825135,1787575699
25825136,1787575711
25825137,1787575723
25825138,1787575735
25825139,1787575747
25825140,1787575760
25825141,1787575772
25825142,1787575784
25825143,1787575796
25825144,1787575808
25825145,1787575820
25825146,1787575832
25825147,1787575844
25825148,1787575856
25825149,1787575868
25825150,1787575880
25825151,1787575892
25825152,1787575904
25825153,1787575916
25825154,1787575928
25825155,1787575940
25825156,1787575952
25825157,1787575964
25825158,1787575976
25825159,1787575988
25825160,1787576000
25825161,1787576012
25825162,1787576024
25825163,1787576036
25825164,1787576048
25825165,1787576060
25825166,1787576072
25825167,1787576085
25825168,1787576097
25825169,1787576109
25825170,1787576121
25825171,1787576133
25825172,1787576145
25825173,1787576157
25825174,1787576169
25825175,1787576181
25825176,1787576193
25825177,1787576205
25825178,1787576217
25825179,1787576229
25825180,1787576241
25825181,1787576253
25825182,1787576265
25825183,1787576277
25825184,1787576289
25825185,1787576301
25825186,1787576313
25825187,1787576325
25825188,1787576337
25825189,1787576349
25825190,1787576361
25825191,1787576373
25825192,1787576385
25825193,1787576397
25825194,1787576409
25825195,1787576422
25825196,1787576434
25825197,1787576446
25825198,1787576458
25825199,1787576470
25825200,1787576482
25825201,1787576494
25825202,1787576506
25825203,1787576518
25825204,1787576530
25825205,1787576542
25825206,1787576554
25825207,1787576566
25825208,1787576578
25825209,1787576590
25825210,1787576602
25825211,1787576614
25825212,1787576626
25825213,1787576638
25825214,1787576650
25825215,1787576662
25825216,1787576674
25825217,1787576686
25825218,1787576698
25825219,1787576710
25825220,1787576722
25825221,1787576734
25825222,1787576747
25825223,1787576759
25825224,1787576771
25825225,1787576783
25825226,1787576795
25825227,1787576807
25825228,1787576819
25825229,1787576831
25825230,1787576843
25825231,1787576855
25825232,1787576867
25825233,1787576879
25825234,1787576891
25825235,1787576903
25825236,1787576915
25825237,1787576927
25825238,1787576939
25825239,1787576951
25825240,1787576963
25825241,1787576975
25825242,1787576987
25825243,1787576999
25825244,1787577011
25825245,1787577023
25825246,1787577035
25825247,1787577047
25825248,1787577059
25825249,1787577072
25825250,1787577084
25825251,1787577096
25825252,1787577108
25825253,1787577120
25825254,1787577132
25825255,1787577144
25825256,1787577156
25825257,1787577168
25825258,1787577180
25825259,1787577192
25825260,1787577204
25825261,1787577216
25825262,1787577228
25825263,1787577240
25825264,1787577252
25825265,1787577264
25825266,1787577276
25825267,1787577288
25825268,1787577300
25825269,1787577312
25825270,1787577324
25825271,1787577336
25825272,1787577348
25825273,1787577360
25825274,1787577372
25825275,1787577384
25825276,1787577397
25825277,1787577409
25825278,1787577421
25825279,1787577433
25825280,1787577445
25825281,1787577457
25825282,1787577469
25825283,1787577481
25825284,1787577493
25825285,1787577505
25825286,1787577517
25825287,1787577529
25825288,1787577541
25825289,1787577553
25825290,1787577565
25825291,1787577577
25825292,1787577589
25825293,1787577601
25825294,1787577613
25825295,1787577625
25825296,1787577637
25825297,1787577649
25825298,1787577661
25825299,1787577673
25825300,1787577685
25825301,1787577697
25825302,1787577709
25825303,1787577722
25825304,1787577734
25825305,1787577746
25825306,1787577758
25825307,1787577770
25825308,1787577782
25825309,1787577794
25825310,1787577806
25825311,1787577818
25825312,1787577830
25825313,1787577842
25825314,1787577854
25825315,1787577866
25825316,1787577878
25825317,1787577890
25825318,1787577902
25825319,1787577914
25825320,1787577926
25825321,1787577938
25825322,1787577950
25825323,1787577962
25825324,1787577974
25825325,1787577986
25825326,1787577998
25825327,1787578010
25825328,1787578022
25825329,1787578034
25825330,1787578046
25825331,1787578059
25825332,1787578071
25825333,1787578083
25825334,1787578095
25825335,1787578107
25825336,1787578119
25825337,1787578131
25825338,1787578143
25825339,1787578155
25825340,1787578167
25825341,1787578179
25825342,1787578191
25825343,1787578203
25825344,1787578215
25825345,1787578227
25825346,1787578239
25825347,1787578251
25825348,1787578263
25825349,1787578275
25825350,1787578287
25825351,1787578299
25825352,1787578311
25825353,1787578323
25825354,1787578335
25825355,1787578347
25825356,1787578359
25825357,1787578371
25825358,1787578384
25825359,1787578396
25825360,1787578408
25825361,1787578420
25825362,1787578432
25825363,1787578444
25825364,1787578456
25825365,1787578468
25825366,1787578480
25825367,1787578492
25825368,1787578504
25825369,1787578516
25825370,1787578528
25825371,1787578540
25825372,1787578552
25825373,1787578564
25825374,1787578576
25825375,1787578588
25825376,1787578600
25825377,1787578612
25825378,1787578624
25825379,1787578636
25825380,1787578648
25825381,1787578660
25825382,1787578672
25825383,1787578684
25825384,1787578696
25825385,1787578709
25825386,1787578721
25825387,1787578733
25825388,1787578745
25825389,1787578757
25825390,1787578769
25825391,1787578781
25825392,1787578793
25825393,1787578805
25825394,1787578817
25825395,1787578829
25825396,1787578841
25825397,1787578853
25825398,1787578865
25825399,1787578877
25825400,1787578889
25825401,1787578901
25825402,1787578913
25825403,1787578925
25825404,1787578937
25825405,1787578949
25825406,1787578961
25825407,1787578973
25825408,1787578985
25825409,1787578997
25825410,1787579009
25825411,1787579021
25825412,1787579034
25825413,1787579046
25825414,1787579058
25825415,1787579070
25825416,1787579082
25825417,1787579094
25825418,1787579106
25825419,1787579118
25825420,1787579130
25825421,1787579142
25825422,1787579154
25825423,1787579166
25825424,1787579178
25825425,1787579190
25825426,1787579202
25825427,1787579214
25825428,1787579226
25825429,1787579238
25825430,1787579250
25825431,1787579262
25825432,1787579274
25825433,1787579286
25825434,1787579298
25825435,1787579310
25825436,1787579322
25825437,1787579334
25825438,1787579346
25825439,1787579359
25825440,1787579371
25825441,1787579383
25825442,1787579395
25825443,1787579407
25825444,1787579419
25825445,1787579431
25825446,1787579443
25825447,1787579455
25825448,1787579467
25825449,1787579479
25825450,1787579491
25825451,1787579503
25825452,1787579515
25825453,1787579527
25825454,1787579539
25825455,1787579551
25825456,1787579563
25825457,1787579575
25825458,1787579587
25825459,1787579599
25825460,1787579611
25825461,1787579623
25825462,1787579635
25825463,1787579647
25825464,1787579659
25825465,1787579671
25825466,1787579684
25825467,1787579696
25825468,1787579708
25825469,1787579720
25825470,1787579732
25825471,1787579744
25825472,1787579756
25825473,1787579768
25825474,1787579780
25825475,1787579792
25825476,1787579804
25825477,1787579816
25825478,1787579828
25825479,1787579840
25825480,1787579852
25825481,1787579864
25825482,1787579876
25825483,1787579888
25825484,1787579900
25825485,1787579912
25825486,1787579924
25825487,1787579936
25825488,1787579948
25825489,1787579960
25825490,1787579972
25825491,1787579984
25825492,1787579996
25825493,1787580008
25825494,1787580021
25825495,1787580033
25825496,1787580045
25825497,1787580057
25825498,1787580069
25825499,1787580081
25825500,1787580093
25825501,1787580105
25825502,1787580117
25825503,1787580129
25825504,1787580141
25825505,1787580153
25825506,1787580165
25825507,1787580177
25825508,1787580189
25825509,1787580201
25825510,1787580213
25825511,1787580225
25825512,1787580237
25825513,1787580249
25825514,1787580261
25825515,1787580273
25825516,1787580285
25825517,1787580297
25825518,1787580309
25825519,1787580321
25825520,1787580333
25825521,1787580346
25825522,1787580358
25825523,1787580370
25825524,1787580382
25825525,1787580394
25825526,1787580406
25825527,1787580418
25825528,1787580430
25825529,1787580442
25825530,1787580454
25825531,1787580466
25825532,1787580478
25825533,1787580490
25825534,1787580502
25825535,1787580514
25825536,1787580526
25825537,1787580538
25825538,1787580550
25825539,1787580562
25825540,1787580574
25825541,1787580586
25825542,1787580598
25825543,1787580610
25825544,1787580622
25825545,1787580634
25825546,1787580646
25825547,1787580658
25825548,1787580671
25825549,1787580683
25825550,1787580695
25825551,1787580707
25825552,1787580719
25825553,1787580731
25825554,1787580743
25825555,1787580755
25825556,1787580767
25825557,1787580779
25825558,1787580791
25825559,1787580803
25825560,1787580815
25825561,1787580827
25825562,1787580839
25825563,1787580851
25825564,1787580863
25825565,1787580875
25825566,1787580887
25825567,1787580899
25825568,1787580911
25825569,1787580923
25825570,1787580935
25825571,1787580947
25825572,1787580959
25825573,1787580971
25825574,1787580983
25825575,1787580996
25825576,1787581008
25825577,1787581020
25825578,1787581032
25825579,1787581044
25825580,1787581056
25825581,1787581068
25825582,1787581080
25825583,1787581092
25825584,1787581104
25825585,1787581116
25825586,1787581128
25825587,1787581140
25825588,1787581152
25825589,1787581164
25825590,1787581176
25825591,1787581188
25825592,1787581200
25825593,1787581212
25825594,1787581224
25825595,1787581236
25825596,1787581248
25825597,1787581260
25825598,1787581272
25825599,1787581284
25825600,1787581296
25825601,1787581308
25825602,1787581321
25825603,1787581333
25825604,1787581345
25825605,1787581357
25825606,1787581369
25825607,1787581381
25825608,1787581393
25825609,1787581405
25825610,1787581417
25825611,1787581429
25825612,1787581441
25825613,1787581453
25825614,1787581465
25825615,1787581477
25825616,1787581489
25825617,1787581501
25825618,1787581513
25825619,1787581525
25825620,1787581537
25825621,1787581549
25825622,1787581561
25825623,1787581573
25825624,1787581585
25825625,1787581597
25825626,1787581609
25825627,1787581621
25825628,1787581633
25825629,1787581645
25825630,1787581658
25825631,1787581670
25825632,1787581682
25825633,1787581694
25825634,1787581706
25825635,1787581718
25825636,1787581730
25825637,1787581742
25825638,1787581754
25825639,1787581766
25825640,1787581778
25825641,1787581790
25825642,1787581802
25825643,1787581814
25825644,1787581826
25825645,1787581838
25825646,1787581850
25825647,1787581862
25825648,1787581874
25825649,1787581886
25825650,1787581898
25825651,1787581910
25825652,1787581922
25825653,1787581934
25825654,1787581946
25825655,1787581958
25825656,1787581970
25825657,1787581983
25825658,1787581995
25825659,1787582007
25825660,1787582019
25825661,1787582031
25825662,1787582043
25825663,1787582055
25825664,1787582067
25825665,1787582079
25825666,1787582091
25825667,1787582103
25825668,1787582115
25825669,1787582127
25825670,1787582139
25825671,1787582151
25825672,1787582163
25825673,1787582175
25825674,1787582187
25825675,1787582199
25825676,1787582211
25825677,1787582223
25825678,1787582235
25825679,1787582247
25825680,1787582259
25825681,1787582271
25825682,1787582283
25825683,1787582295
25825684,1787582308
25825685,1787582320
25825686,1787582332
25825687,1787582344
25825688,1787582356
25825689,1787582368
25825690,1787582380
25825691,1787582392
25825692,1787582404
25825693,1787582416
25825694,1787582428
25825695,1787582440
25825696,1787582452
25825697,1787582464
25825698,1787582476
25825699,1787582488
25825700,1787582500
25825701,1787582512
25825702,1787582524
25825703,1787582536
25825704,1787582548
25825705,1787582560
25825706,1787582572
25825707,1787582584
25825708,1787582596
25825709,1787582608
25825710,1787582620
25825711,1787582633
25825712,1787582645
25825713,1787582657
25825714,1787582669
25825715,1787582681
25825716,1787582693
25825717,1787582705
25825718,1787582717
25825719,1787582729
25825720,1787582741
25825721,1787582753
25825722,1787582765
25825723,1787582777
25825724,1787582789
25825725,1787582801
25825726,1787582813
25825727,1787582825
25825728,1787582837
25825729,1787582849
25825730,1787582861
25825731,1787582873
25825732,1787582885
25825733,1787582897
25825734,1787582909
25825735,1787582921
25825736,1787582933
25825737,1787582945
25825738,1787582958
25825739,1787582970
25825740,1787582982
25825741,1787582994
25825742,1787583006
25825743,1787583018
25825744,1787583030
25825745,1787583042
25825746,1787583054
25825747,1787583066
25825748,1787583078
25825749,1787583090
25825750,1787583102
25825751,1787583114
25825752,1787583126
25825753,1787583138
25825754,1787583150
25825755,1787583162
25825756,1787583174
25825757,1787583186
25825758,1787583198
25825759,1787583210
25825760,1787583222
25825761,1787583234
25825762,1787583246
25825763,1787583258
25825764,1787583270
25825765,1787583282
25825766,1787583295
25825767,1787583307
25825768,1787583319
25825769,1787583331
25825770,1787583343
25825771,1787583355
25825772,1787583367
25825773,1787583379
25825774,1787583391
25825775,1787583403
25825776,1787583415
25825777,1787583427
25825778,1787583439
25825779,1787583451
25825780,1787583463
25825781,1787583475
25825782,1787583487
25825783,1787583499
25825784,1787583511
25825785,1787583523
25825786,1787583535
25825787,1787583547
25825788,1787583559
25825789,1787583571
25825790,1787583583
25825791,1787583595
25825792,1787583607
25825793,1787583620
25825794,1787583632
25825795,1787583644
25825796,1787583656
25825797,1787583668
25825798,1787583680
25825799,1787583692
25825800,1787583704
25825801,1787583716
25825802,1787583728
25825803,1787583740
25825804,1787583752
25825805,1787583764
25825806,1787583776
25825807,1787583788
25825808,1787583800
25825809,1787583812
25825810,1787583824
25825811,1787583836
25825812,1787583848
25825813,1787583860
25825814,1787583872
25825815,1787583884
25825816,1787583896
25825817,1787583908
25825818,1787583920
25825819,1787583932
25825820,1787583945
25825821,1787583957
25825822,1787583969
25825823,1787583981
25825824,1787583993
25825825,1787584005
25825826,1787584017
25825827,1787584029
25825828,1787584041
25825829,1787584053
25825830,1787584065
25825831,1787584077
25825832,1787584089
25825833,1787584101
25825834,1787584113
25825835,1787584125
25825836,1787584137
25825837,1787584149
25825838,1787584161
25825839,1787584173
25825840,1787584185
25825841,1787584197
25825842,1787584209
25825843,1787584221
25825844,1787584233
25825845,1787584245
25825846,1787584257
25825847,1787584270
25825848,1787584282
25825849,1787584294
25825850,1787584306
25825851,1787584318
25825852,1787584330
25825853,1787584342
25825854,1787584354
25825855,1787584366
25825856,1787584378
25825857,1787584390
25825858,1787584402
25825859,1787584414
25825860,1787584426
25825861,1787584438
25825862,1787584450
25825863,1787584462
25825864,1787584474
25825865,1787584486
25825866,1787584498
25825867,1787584510
25825868,1787584522
25825869,1787584534
25825870,1787584546
25825871,1787584558
25825872,1787584570
25825873,1787584582
25825874,1787584595
25825875,1787584607
25825876,1787584619
25825877,1787584631
25825878,1787584643
25825879,1787584655
25825880,1787584667
25825881,1787584679
25825882,1787584691
25825883,1787584703
25825884,1787584715
25825885,1787584727
25825886,1787584739
25825887,1787584751
25825888,1787584763
25825889,1787584775
25825890,1787584787
25825891,1787584799
25825892,1787584811
25825893,1787584823
25825894,1787584835
25825895,1787584847
25825896,1787584859
25825897,1787584871
25825898,1787584883
25825899,1787584895
25825900,1787584907
25825901,1787584919
25825902,1787584932
25825903,1787584944
25825904,1787584956
25825905,1787584968
25825906,1787584980
25825907,1787584992
25825908,1787585004
25825909,1787585016
25825910,1787585028
25825911,1787585040
25825912,1787585052
25825913,1787585064
25825914,1787585076
25825915,1787585088
25825916,1787585100
25825917,1787585112
25825918,1787585124
25825919,1787585136
25825920,1787585148
25825921,1787585160
25825922,1787585172
25825923,1787585184
25825924,1787585196
25825925,1787585208
25825926,1787585220
25825927,1787585232
25825928,1787585244
25825929,1787585257
25825930,1787585269
25825931,1787585281
25825932,1787585293
25825933,1787585305
25825934,1787585317
25825935,1787585329
25825936,1787585341
25825937,1787585353
25825938,1787585365
25825939,1787585377
25825940,1787585389
25825941,1787585401
25825942,1787585413
25825943,1787585425
25825944,1787585437
25825945,1787585449
25825946,1787585461
25825947,1787585473
25825948,1787585485
25825949,1787585497
25825950,1787585509
25825951,1787585521
25825952,1787585533
25825953,1787585545
25825954,1787585557
25825955,1787585569
25825956,1787585582
25825957,1787585594
25825958,1787585606
25825959,1787585618
25825960,1787585630
25825961,1787585642
25825962,1787585654
25825963,1787585666
25825964,1787585678
25825965,1787585690
25825966,1787585702
25825967,1787585714
25825968,1787585726
25825969,1787585738
25825970,1787585750
25825971,1787585762
25825972,1787585774
25825973,1787585786
25825974,1787585798
25825975,1787585810
25825976,1787585822
25825977,1787585834
25825978,1787585846
25825979,1787585858
25825980,1787585870
25825981,1787585882
25825982,1787585894
25825983,1787585907
25825984,1787585919
25825985,1787585931
25825986,1787585943
25825987,1787585955
25825988,1787585967
25825989,1787585979
25825990,1787585991
25825991,1787586003
25825992,1787586015
25825993,1787586027
25825994,1787586039
25825995,1787586051
25825996,1787586063
25825997,1787586075
25825998,1787586087
25825999,1787586099
25826000,1787586111
25826001,1787586123
25826002,1787586135
25826003,1787586147
25826004,1787586159
25826005,1787586171
25826006,1787586183
25826007,1787586195
25826008,1787586207
25826009,1787586219
25826010,1787586232
25826011,1787586244
25826012,1787586256
25826013,1787586268
25826014,1787586280
25826015,1787586292
25826016,1787586304
25826017,1787586316
25826018,1787586328
25826019,1787586340
25826020,1787586352
25826021,1787586364
25826022,1787586376
25826023,1787586388
25826024,1787586400
25826025,1787586412
25826026,1787586424
25826027,1787586436
25826028,1787586448
25826029,1787586460
25826030,1787586472
25826031,1787586484
25826032,1787586496
25826033,1787586508
25826034,1787586520
25826035,1787586532
25826036,1787586544
25826037,1787586557
25826038,1787586569
25826039,1787586581
25826040,1787586593
25826041,1787586605
25826042,1787586617
25826043,1787586629
25826044,1787586641
25826045,1787586653
25826046,1787586665
25826047,1787586677
25826048,1787586689
25826049,1787586701
25826050,1787586713
25826051,1787586725
25826052,1787586737
25826053,1787586749
25826054,1787586761
25826055,1787586773
25826056,1787586785
25826057,1787586797
25826058,1787586809
25826059,1787586821
25826060,1787586833
25826061,1787586845
25826062,1787586857
25826063,1787586869
25826064,1787586881
25826065,1787586894
25826066,1787586906
25826067,1787586918
25826068,1787586930
25826069,1787586942
25826070,1787586954
25826071,1787586966
25826072,1787586978
25826073,1787586990
25826074,1787587002
25826075,1787587014
25826076,1787587026
25826077,1787587038
25826078,1787587050
25826079,1787587062
25826080,1787587074
25826081,1787587086
25826082,1787587098
25826083,1787587110
25826084,1787587122
25826085,1787587134
25826086,1787587146
25826087,1787587158
25826088,1787587170
25826089,1787587182
25826090,1787587194
25826091,1787587206
25826092,1787587219
25826093,1787587231
25826094,1787587243
25826095,1787587255
25826096,1787587267
25826097,1787587279
25826098,1787587291
25826099,1787587303
25826100,1787587315
25826101,1787587327
25826102,1787587339
25826103,1787587351
25826104,1787587363
25826105,1787587375
25826106,1787587387
25826107,1787587399
25826108,1787587411
25826109,1787587423
25826110,1787587435
25826111,1787587447
25826112,1787587459
25826113,1787587471
25826114,1787587483
25826115,1787587495
25826116,1787587507
25826117,1787587519
25826118,1787587531
25826119,1787587544
25826120,1787587556
25826121,1787587568
25826122,1787587580
25826123,1787587592
25826124,1787587604
25826125,1787587616
25826126,1787587628
25826127,1787587640
25826128,1787587652
25826129,1787587664
25826130,1787587676
25826131,1787587688
25826132,1787587700
25826133,1787587712
25826134,1787587724
25826135,1787587736
25826136,1787587748
25826137,1787587760
25826138,1787587772
25826139,1787587784
25826140,1787587796
25826141,1787587808
25826142,1787587820
25826143,1787587832
25826144,1787587844
25826145,1787587856
25826146,1787587869
25826147,1787587881
25826148,1787587893
25826149,1787587905
25826150,1787587917
25826151,1787587929
25826152,1787587941
25826153,1787587953
25826154,1787587965
25826155,1787587977
25826156,1787587989
25826157,1787588001
25826158,1787588013
25826159,1787588025
25826160,1787588037
25826161,1787588049
25826162,1787588061
25826163,1787588073
25826164,1787588085
25826165,1787588097
25826166,1787588109
25826167,1787588121
25826168,1787588133
25826169,1787588145
25826170,1787588157
25826171,1787588169
25826172,1787588181
25826173,1787588194
25826174,1787588206
25826175,1787588218
25826176,1787588230
25826177,1787588242
25826178,1787588254
25826179,1787588266
25826180,1787588278
25826181,1787588290
25826182,1787588302
25826183,1787588314
25826184,1787588326
25826185,1787588338
25826186,1787588350
25826187,1787588362
25826188,1787588374
25826189,1787588386
25826190,1787588398
25826191,1787588410
25826192,1787588422
25826193,1787588434
25826194,1787588446
25826195,1787588458
25826196,1787588470
25826197,1787588482
25826198,1787588494
25826199,1787588506
25826200,1787588518
25826201,1787588531
25826202,1787588543
25826203,1787588555
25826204,1787588567
25826205,1787588579
25826206,1787588591
25826207,1787588603
25826208,1787588615
25826209,1787588627
25826210,1787588639
25826211,1787588651
25826212,1787588663
25826213,1787588675
25826214,1787588687
25826215,1787588699
25826216,1787588711
25826217,1787588723
25826218,1787588735
25826219,1787588747
25826220,1787588759
25826221,1787588771
25826222,1787588783
25826223,1787588795
25826224,1787588807
25826225,1787588819
25826226,1787588831
25826227,1787588843
25826228,1787588856
25826229,1787588868
25826230,1787588880
25826231,1787588892
25826232,1787588904
25826233,1787588916
25826234,1787588928
25826235,1787588940
25826236,1787588952
25826237,1787588964
25826238,1787588976
25826239,1787588988
25826240,1787589000
25826241,1787589012
25826242,1787589024
25826243,1787589036
25826244,1787589048
25826245,1787589060
25826246,1787589072
25826247,1787589084
25826248,1787589096
25826249,1787589108
25826250,1787589120
25826251,1787589132
25826252,1787589144
25826253,1787589156
25826254,1787589168
25826255,1787589181
25826256,1787589193
25826257,1787589205
25826258,1787589217
25826259,1787589229
25826260,1787589241
25826261,1787589253
25826262,1787589265
25826263,1787589277
25826264,1787589289
25826265,1787589301
25826266,1787589313
25826267,1787589325
25826268,1787589337
25826269,1787589349
25826270,1787589361
25826271,1787589373
25826272,1787589385
25826273,1787589397
25826274,1787589409
25826275,1787589421
25826276,1787589433
25826277,1787589445
25826278,1787589457
25826279,1787589469
25826280,1787589481
25826281,1787589493
25826282,1787589506
25826283,1787589518
25826284,1787589530
25826285,1787589542
25826286,1787589554
25826287,1787589566
25826288,1787589578
25826289,1787589590
25826290,1787589602
25826291,1787589614
25826292,1787589626
25826293,1787589638
25826294,1787589650
25826295,1787589662
25826296,1787589674
25826297,1787589686
25826298,1787589698
25826299,1787589710
25826300,1787589722
25826301,1787589734
25826302,1787589746
25826303,1787589758
25826304,1787589770
25826305,1787589782
25826306,1787589794
25826307,1787589806
25826308,1787589818
25826309,1787589831
25826310,1787589843
25826311,1787589855
25826312,1787589867
25826313,1787589879
25826314,1787589891
25826315,1787589903
25826316,1787589915
25826317,1787589927
25826318,1787589939
25826319,1787589951
25826320,1787589963
25826321,1787589975
25826322,1787589987
25826323,1787589999
25826324,1787590011
25826325,1787590023
25826326,1787590035
25826327,1787590047
25826328,1787590059
25826329,1787590071
25826330,1787590083
25826331,1787590095
25826332,1787590107
25826333,1787590119
25826334,1787590131
25826335,1787590143
25826336,1787590155
25826337,1787590168
25826338,1787590180
25826339,1787590192
25826340,1787590204
25826341,1787590216
25826342,1787590228
25826343,1787590240
25826344,1787590252
25826345,1787590264
25826346,1787590276
25826347,1787590288
25826348,1787590300
25826349,1787590312
25826350,1787590324
25826351,1787590336
25826352,1787590348
25826353,1787590360
25826354,1787590372
25826355,1787590384
25826356,1787590396
25826357,1787590408
25826358,1787590420
25826359,1787590432
25826360,1787590444
25826361,1787590456
25826362,1787590468
25826363,1787590480
25826364,1787590493
25826365,1787590505
25826366,1787590517
25826367,1787590529
25826368,1787590541
25826369,1787590553
25826370,1787590565
25826371,1787590577
25826372,1787590589
25826373,1787590601
25826374,1787590613
25826375,1787590625
25826376,1787590637
25826377,1787590649
25826378,1787590661
25826379,1787590673
25826380,1787590685
25826381,1787590697
25826382,1787590709
25826383,1787590721
25826384,1787590733
25826385,1787590745
25826386,1787590757
25826387,1787590769
25826388,1787590781
25826389,1787590793
25826390,1787590805
25826391,1787590818
25826392,1787590830
25826393,1787590842
25826394,1787590854
25826395,1787590866
25826396,1787590878
25826397,1787590890
25826398,1787590902
25826399,1787590914
25826400,1787590926
25826401,1787590938
25826402,1787590950
25826403,1787590962
25826404,1787590974
25826405,1787590986
25826406,1787590998
25826407,1787591010
25826408,1787591022
25826409,1787591034
25826410,1787591046
25826411,1787591058
25826412,1787591070
25826413,1787591082
25826414,1787591094
25826415,1787591106
25826416,1787591118
25826417,1787591130
25826418,1787591143
25826419,1787591155
25826420,1787591167
25826421,1787591179
25826422,1787591191
25826423,1787591203
25826424,1787591215
25826425,1787591227
25826426,1787591239
25826427,1787591251
25826428,1787591263
25826429,1787591275
25826430,1787591287
25826431,1787591299
25826432,1787591311
25826433,1787591323
25826434,1787591335
25826435,1787591347
25826436,1787591359
25826437,1787591371
25826438,1787591383
25826439,1787591395
25826440,1787591407
25826441,1787591419
25826442,1787591431
25826443,1787591443
25826444,1787591455
25826445,1787591468
25826446,1787591480
25826447,1787591492
25826448,1787591504
25826449,1787591516
25826450,1787591528
25826451,1787591540
25826452,1787591552
25826453,1787591564
25826454,1787591576
25826455,1787591588
25826456,1787591600
25826457,1787591612
25826458,1787591624
25826459,1787591636
25826460,1787591648
25826461,1787591660
25826462,1787591672
25826463,1787591684
25826464,1787591696
25826465,1787591708
25826466,1787591720
25826467,1787591732
25826468,1787591744
25826469,1787591756
25826470,1787591768
25826471,1787591780
25826472,1787591793
25826473,1787591805
25826474,1787591817
25826475,1787591829
25826476,1787591841
25826477,1787591853
25826478,1787591865
25826479,1787591877
25826480,1787591889
25826481,1787591901
25826482,1787591913
25826483,1787591925
25826484,1787591937
25826485,1787591949
25826486,1787591961
25826487,1787591973
25826488,1787591985
25826489,1787591997
25826490,1787592009
25826491,1787592021
25826492,1787592033
25826493,1787592045
25826494,1787592057
25826495,1787592069
25826496,1787592081
25826497,1787592093
25826498,1787592105
25826499,1787592117
25826500,1787592130
25826501,1787592142
25826502,1787592154
25826503,1787592166
25826504,1787592178
25826505,1787592190
25826506,1787592202
25826507,1787592214
25826508,1787592226
25826509,1787592238
25826510,1787592250
25826511,1787592262
25826512,1787592274
25826513,1787592286
25826514,1787592298
25826515,1787592310
25826516,1787592322
25826517,1787592334
25826518,1787592346
25826519,1787592358
25826520,1787592370
25826521,1787592382
25826522,1787592394
25826523,1787592406
25826524,1787592418
25826525,1787592430
25826526,1787592442
25826527,1787592455
25826528,1787592467
25826529,1787592479
25826530,1787592491
25826531,1787592503
25826532,1787592515
25826533,1787592527
25826534,1787592539
25826535,1787592551
25826536,1787592563
25826537,1787592575
25826538,1787592587
25826539,1787592599
25826540,1787592611
25826541,1787592623
25826542,1787592635
25826543,1787592647
25826544,1787592659
25826545,1787592671
25826546,1787592683
25826547,1787592695
25826548,1787592707
25826549,1787592719
25826550,1787592731
25826551,1787592743
25826552,1787592755
25826553,1787592767
25826554,1787592780
25826555,1787592792
25826556,1787592804
25826557,1787592816
25826558,1787592828
25826559,1787592840
25826560,1787592852
25826561,1787592864
25826562,1787592876
25826563,1787592888
25826564,1787592900
25826565,1787592912
25826566,1787592924
25826567,1787592936
25826568,1787592948
25826569,1787592960
25826570,1787592972
25826571,1787592984
25826572,1787592996
25826573,1787593008
25826574,1787593020
25826575,1787593032
25826576,1787593044
25826577,1787593056
25826578,1787593068
25826579,1787593080
25826580,1787593092
25826581,1787593105
25826582,1787593117
25826583,1787593129
25826584,1787593141
25826585,1787593153
25826586,1787593165
25826587,1787593177
25826588,1787593189
25826589,1787593201
25826590,1787593213
25826591,1787593225
25826592,1787593237
25826593,1787593249
25826594,1787593261
25826595,1787593273
25826596,1787593285
25826597,1787593297
25826598,1787593309
25826599,1787593321
25826600,1787593333
25826601,1787593345
25826602,1787593357
25826603,1787593369
25826604,1787593381
25826605,1787593393
25826606,1787593405
25826607,1787593417
25826608,1787593430
25826609,1787593442
25826610,1787593454
25826611,1787593466
25826612,1787593478
25826613,1787593490
25826614,1787593502
25826615,1787593514
25826616,1787593526
25826617,1787593538
25826618,1787593550
25826619,1787593562
25826620,1787593574
25826621,1787593586
25826622,1787593598
25826623,1787593610
25826624,1787593622
25826625,1787593634
25826626,1787593646
25826627,1787593658
25826628,1787593670
25826629,1787593682
25826630,1787593694
25826631,1787593706
25826632,1787593718
25826633,1787593730
25826634,1787593742
25826635,1787593754
25826636,1787593767
25826637,1787593779
25826638,1787593791
25826639,1787593803
25826640,1787593815
25826641,1787593827
25826642,1787593839
25826643,1787593851
25826644,1787593863
25826645,1787593875
25826646,1787593887
25826647,1787593899
25826648,1787593911
25826649,1787593923
25826650,1787593935
25826651,1787593947
25826652,1787593959
25826653,1787593971
25826654,1787593983
25826655,1787593995
25826656,1787594007
25826657,1787594019
25826658,1787594031
25826659,1787594043
25826660,1787594055
25826661,1787594067
25826662,1787594079
25826663,1787594092
25826664,1787594104
25826665,1787594116
25826666,1787594128
25826667,1787594140
25826668,1787594152
25826669,1787594164
25826670,1787594176
25826671,1787594188
25826672,1787594200
25826673,1787594212
25826674,1787594224
25826675,1787594236
25826676,1787594248
25826677,1787594260
25826678,1787594272
25826679,1787594284
25826680,1787594296
25826681,1787594308
25826682,1787594320
25826683,1787594332
25826684,1787594344
25826685,1787594356
25826686,1787594368
25826687,1787594380
25826688,1787594392
25826689,1787594404
25826690,1787594417
25826691,1787594429
25826692,1787594441
25826693,1787594453
25826694,1787594465
25826695,1787594477
25826696,1787594489
25826697,1787594501
25826698,1787594513
25826699,1787594525
25826700,1787594537
25826701,1787594549
25826702,1787594561
25826703,1787594573
25826704,1787594585
25826705,1787594597
25826706,1787594609
25826707,1787594621
25826708,1787594633
25826709,1787594645
25826710,1787594657
25826711,1787594669
25826712,1787594681
25826713,1787594693
25826714,1787594705
25826715,1787594717
25826716,1787594729
25826717,1787594742
25826718,1787594754
25826719,1787594766
25826720,1787594778
25826721,1787594790
25826722,1787594802
25826723,1787594814
25826724,1787594826
25826725,1787594838
25826726,1787594850
25826727,1787594862
25826728,1787594874
25826729,1787594886
25826730,1787594898
25826731,1787594910
25826732,1787594922
25826733,1787594934
25826734,1787594946
25826735,1787594958
25826736,1787594970
25826737,1787594982
25826738,1787594994
25826739,1787595006
25826740,1787595018
25826741,1787595030
25826742,1787595042
25826743,1787595054
25826744,1787595067
25826745,1787595079
25826746,1787595091
25826747,1787595103
25826748,1787595115
25826749,1787595127
25826750,1787595139
25826751,1787595151
25826752,1787595163
25826753,1787595175
25826754,1787595187
25826755,1787595199
25826756,1787595211
25826757,1787595223
25826758,1787595235
25826759,1787595247
25826760,1787595259
25826761,1787595271
25826762,1787595283
25826763,1787595295
25826764,1787595307
25826765,1787595319
25826766,1787595331
25826767,1787595343
25826768,1787595355
25826769,1787595367
25826770,1787595379
25826771,1787595391
25826772,1787595404
25826773,1787595416
25826774,1787595428
25826775,1787595440
25826776,1787595452
25826777,1787595464
25826778,1787595476
25826779,1787595488
25826780,1787595500
25826781,1787595512
25826782,1787595524
25826783,1787595536
25826784,1787595548
25826785,1787595560
25826786,1787595572
25826787,1787595584
25826788,1787595596
25826789,1787595608
25826790,1787595620
25826791,1787595632
25826792,1787595644
25826793,1787595656
25826794,1787595668
25826795,1787595680
25826796,1787595692
25826797,1787595704
25826798,1787595716
25826799,1787595729
25826800,1787595741
25826801,1787595753
25826802,1787595765
25826803,1787595777
25826804,1787595789
25826805,1787595801
25826806,1787595813
25826807,1787595825
25826808,1787595837
25826809,1787595849
25826810,1787595861
25826811,1787595873
25826812,1787595885
25826813,1787595897
25826814,1787595909
25826815,1787595921
25826816,1787595933
25826817,1787595945
25826818,1787595957
25826819,1787595969
25826820,1787595981
25826821,1787595993
25826822,1787596005
25826823,1787596017
25826824,1787596029
25826825,1787596041
25826826,1787596054
25826827,1787596066
25826828,1787596078
25826829,1787596090
25826830,1787596102
25826831,1787596114
25826832,1787596126
25826833,1787596138
25826834,1787596150
25826835,1787596162
25826836,1787596174
25826837,1787596186
25826838,1787596198
25826839,1787596210
25826840,1787596222
25826841,1787596234
25826842,1787596246
25826843,1787596258
25826844,1787596270
25826845,1787596282
25826846,1787596294
25826847,1787596306
25826848,1787596318
25826849,1787596330
25826850,1787596342
25826851,1787596354
25826852,1787596366
25826853,1787596379
25826854,1787596391
25826855,1787596403
25826856,1787596415
25826857,1787596427
25826858,1787596439
25826859,1787596451
25826860,1787596463
25826861,1787596475
25826862,1787596487
25826863,1787596499
25826864,1787596511
25826865,1787596523
25826866,1787596535
25826867,1787596547
25826868,1787596559
25826869,1787596571
25826870,1787596583
25826871,1787596595
25826872,1787596607
25826873,1787596619
25826874,1787596631
25826875,1787596643
25826876,1787596655
25826877,1787596667
25826878,1787596679
25826879,1787596691
25826880,1787596704
25826881,1787596716
25826882,1787596728
25826883,1787596740
25826884,1787596752
25826885,1787596764
25826886,1787596776
25826887,1787596788
25826888,1787596800
25826889,1787596812
25826890,1787596824
25826891,1787596836
25826892,1787596848
25826893,1787596860
25826894,1787596872
25826895,1787596884
25826896,1787596896
25826897,1787596908
25826898,1787596920
25826899,1787596932
25826900,1787596944
25826901,1787596956
25826902,1787596968
25826903,1787596980
25826904,1787596992
25826905,1787597004
25826906,1787597016
25826907,1787597028
25826908,1787597041
25826909,1787597053
25826910,1787597065
25826911,1787597077
25826912,1787597089
25826913,1787597101
25826914,1787597113
25826915,1787597125
25826916,1787597137
25826917,1787597149
25826918,1787597161
25826919,1787597173
25826920,1787597185
25826921,1787597197
25826922,1787597209
25826923,1787597221
25826924,1787597233
25826925,1787597245
25826926,1787597257
25826927,1787597269
25826928,1787597281
25826929,1787597293
25826930,1787597305
25826931,1787597317
25826932,1787597329
25826933,1787597341
25826934,1787597353
25826935,1787597366
25826936,1787597378
25826937,1787597390
25826938,1787597402
25826939,1787597414
25826940,1787597426
25826941,1787597438
25826942,1787597450
25826943,1787597462
25826944,1787597474
25826945,1787597486
25826946,1787597498
25826947,1787597510
25826948,1787597522
25826949,1787597534
25826950,1787597546
25826951,1787597558
25826952,1787597570
25826953,1787597582
25826954,1787597594
25826955,1787597606
25826956,1787597618
25826957,1787597630
25826958,1787597642
25826959,1787597654
25826960,1787597666
25826961,1787597678
25826962,1787597691
25826963,1787597703
25826964,1787597715
25826965,1787597727
25826966,1787597739
25826967,1787597751
25826968,1787597763
25826969,1787597775
25826970,1787597787
25826971,1787597799
25826972,1787597811
25826973,1787597823
25826974,1787597835
25826975,1787597847
25826976,1787597859
25826977,1787597871
25826978,1787597883
25826979,1787597895
25826980,1787597907
25826981,1787597919
25826982,1787597931
25826983,1787597943
25826984,1787597955
25826985,1787597967
25826986,1787597979
25826987,1787597991
25826988,1787598003
25826989,1787598016
25826990,1787598028
25826991,1787598040
25826992,1787598052
25826993,1787598064
25826994,1787598076
25826995,1787598088
25826996,1787598100
25826997,1787598112
25826998,1787598124
25826999,1787598136
25827000,1787598148
25827001,1787598160
25827002,1787598172
25827003,1787598184
25827004,1787598196
25827005,1787598208
25827006,1787598220
25827007,1787598232
25827008,1787598244
25827009,1787598256
25827010,1787598268
25827011,1787598280
25827012,1787598292
25827013,1787598304
25827014,1787598316
25827015,1787598328
25827016,1787598341
25827017,1787598353
25827018,1787598365
25827019,1787598377
25827020,1787598389
25827021,1787598401
25827022,1787598413
25827023,1787598425
25827024,1787598437
25827025,1787598449
25827026,1787598461
25827027,1787598473
25827028,1787598485
25827029,1787598497
25827030,1787598509
25827031,1787598521
25827032,1787598533
25827033,1787598545
25827034,1787598557
25827035,1787598569
25827036,1787598581
25827037,1787598593
25827038,1787598605
25827039,1787598617
25827040,1787598629
25827041,1787598641
25827042,1787598653
25827043,1787598666
25827044,1787598678
25827045,1787598690
25827046,1787598702
25827047,1787598714
25827048,1787598726
25827049,1787598738
25827050,1787598750
25827051,1787598762
25827052,1787598774
25827053,1787598786
25827054,1787598798
25827055,1787598810
25827056,1787598822
25827057,1787598834
25827058,1787598846
25827059,1787598858
25827060,1787598870
25827061,1787598882
25827062,1787598894
25827063,1787598906
25827064,1787598918
25827065,1787598930
25827066,1787598942
25827067,1787598954
25827068,1787598966
25827069,1787598978
25827070,1787598990
25827071,1787599003
25827072,1787599015
25827073,1787599027
25827074,1787599039
25827075,1787599051
25827076,1787599063
25827077,1787599075
25827078,1787599087
25827079,1787599099
25827080,1787599111
25827081,1787599123
25827082,1787599135
25827083,1787599147
25827084,1787599159
25827085,1787599171
25827086,1787599183
25827087,1787599195
25827088,1787599207
25827089,1787599219
25827090,1787599231
25827091,1787599243
25827092,1787599255
25827093,1787599267
25827094,1787599279
25827095,1787599291
25827096,1787599303
25827097,1787599315
25827098,1787599328
25827099,1787599340
25827100,1787599352
25827101,1787599364
25827102,1787599376
25827103,1787599388
25827104,1787599400
25827105,1787599412
25827106,1787599424
25827107,1787599436
25827108,1787599448
25827109,1787599460
25827110,1787599472
25827111,1787599484
25827112,1787599496
25827113,1787599508
25827114,1787599520
25827115,1787599532
25827116,1787599544
25827117,1787599556
25827118,1787599568
25827119,1787599580
25827120,1787599592
25827121,1787599604
25827122,1787599616
25827123,1787599628
25827124,1787599640
25827125,1787599653
25827126,1787599665
25827127,1787599677
25827128,1787599689
25827129,1787599701
25827130,1787599713
25827131,1787599725
25827132,1787599737
25827133,1787599749
25827134,1787599761
25827135,1787599773
25827136,1787599785
25827137,1787599797
25827138,1787599809
25827139,1787599821
25827140,1787599833
25827141,1787599845
25827142,1787599857
25827143,1787599869
25827144,1787599881
25827145,1787599893
25827146,1787599905
25827147,1787599917
25827148,1787599929
25827149,1787599941
25827150,1787599953
25827151,1787599965
25827152,1787599978
25827153,1787599990
25827154,1787600002
25827155,1787600014
25827156,1787600026
25827157,1787600038
25827158,1787600050
25827159,1787600062
25827160,1787600074
25827161,1787600086
25827162,1787600098
25827163,1787600110
25827164,1787600122
25827165,1787600134
25827166,1787600146
25827167,1787600158
25827168,1787600170
25827169,1787600182
25827170,1787600194
25827171,1787600206
25827172,1787600218
25827173,1787600230
25827174,1787600242
25827175,1787600254
25827176,1787600266
25827177,1787600278
25827178,1787600290
25827179,1787600303
25827180,1787600315
25827181,1787600327
25827182,1787600339
25827183,1787600351
25827184,1787600363
25827185,1787600375
25827186,1787600387
25827187,1787600399
25827188,1787600411
25827189,1787600423
25827190,1787600435
25827191,1787600447
25827192,1787600459
25827193,1787600471
25827194,1787600483
25827195,1787600495
25827196,1787600507
25827197,1787600519
25827198,1787600531
25827199,1787600543
25827200,1787600555
25827201,1787600567
25827202,1787600579
25827203,1787600591
25827204,1787600603
25827205,1787600615
25827206,1787600627
25827207,1787600640
25827208,1787600652
25827209,1787600664
25827210,1787600676
25827211,1787600688
25827212,1787600700
25827213,1787600712
25827214,1787600724
25827215,1787600736
25827216,1787600748
25827217,1787600760
25827218,1787600772
25827219,1787600784
25827220,1787600796
25827221,1787600808
25827222,1787600820
25827223,1787600832
25827224,1787600844
25827225,1787600856
25827226,1787600868
25827227,1787600880
25827228,1787600892
25827229,1787600904
25827230,1787600916
25827231,1787600928
25827232,1787600940
25827233,1787600952
25827234,1787600965
25827235,1787600977
25827236,1787600989
25827237,1787601001
25827238,1787601013
25827239,1787601025
25827240,1787601037
25827241,1787601049
25827242,1787601061
25827243,1787601073
25827244,1787601085
25827245,1787601097
25827246,1787601109
25827247,1787601121
25827248,1787601133
25827249,1787601145
25827250,1787601157
25827251,1787601169
25827252,1787601181
25827253,1787601193
25827254,1787601205
25827255,1787601217
25827256,1787601229
25827257,1787601241
25827258,1787601253
25827259,1787601265
25827260,1787601277
25827261,1787601290
25827262,1787601302
25827263,1787601314
25827264,1787601326
25827265,1787601338
25827266,1787601350
25827267,1787601362
25827268,1787601374
25827269,1787601386
25827270,1787601398
25827271,1787601410
25827272,1787601422
25827273,1787601434
25827274,1787601446
25827275,1787601458
25827276,1787601470
25827277,1787601482
25827278,1787601494
25827279,1787601506
25827280,1787601518
25827281,1787601530
25827282,1787601542
25827283,1787601554
25827284,1787601566
25827285,1787601578
25827286,1787601590
25827287,1787601602
25827288,1787601615
25827289,1787601627
25827290,1787601639
25827291,1787601651
25827292,1787601663
25827293,1787601675
25827294,1787601687
25827295,1787601699
25827296,1787601711
25827297,1787601723
25827298,1787601735
25827299,1787601747
25827300,1787601759
25827301,1787601771
25827302,1787601783
25827303,1787601795
25827304,1787601807
25827305,1787601819
25827306,1787601831
25827307,1787601843
25827308,1787601855
25827309,1787601867
25827310,1787601879
25827311,1787601891
25827312,1787601903
25827313,1787601915
25827314,1787601927
25827315,1787601940
25827316,1787601952
25827317,1787601964
25827318,1787601976
25827319,1787601988
25827320,1787602000
25827321,1787602012
25827322,1787602024
25827323,1787602036
25827324,1787602048
25827325,1787602060
25827326,1787602072
25827327,1787602084
25827328,1787602096
25827329,1787602108
25827330,1787602120
25827331,1787602132
25827332,1787602144
25827333,1787602156
25827334,1787602168
25827335,1787602180
25827336,1787602192
25827337,1787602204
25827338,1787602216
25827339,1787602228
25827340,1787602240
25827341,1787602252
25827342,1787602264
25827343,1787602277
25827344,1787602289
25827345,1787602301
25827346,1787602313
25827347,1787602325
25827348,1787602337
25827349,1787602349
25827350,1787602361
25827351,1787602373
25827352,1787602385
25827353,1787602397
25827354,1787602409
25827355,1787602421
25827356,1787602433
25827357,1787602445
25827358,1787602457
25827359,1787602469
25827360,1787602481
25827361,1787602493
25827362,1787602505
25827363,1787602517
25827364,1787602529
25827365,1787602541
25827366,1787602553
25827367,1787602565
25827368,1787602577
25827369,1787602589
25827370,1787602602
25827371,1787602614
25827372,1787602626
25827373,1787602638
25827374,1787602650
25827375,1787602662
25827376,1787602674
25827377,1787602686
25827378,1787602698
25827379,1787602710
25827380,1787602722
25827381,1787602734
25827382,1787602746
25827383,1787602758
25827384,1787602770
25827385,1787602782
25827386,1787602794
25827387,1787602806
25827388,1787602818
25827389,1787602830
25827390,1787602842
25827391,1787602854
25827392,1787602866
25827393,1787602878
25827394,1787602890
25827395,1787602902
25827396,1787602914
25827397,1787602927
25827398,1787602939
25827399,1787602951
25827400,1787602963
25827401,1787602975
25827402,1787602987
25827403,1787602999
25827404,1787603011
25827405,1787603023
25827406,1787603035
25827407,1787603047
25827408,1787603059
25827409,1787603071
25827410,1787603083
25827411,1787603095
25827412,1787603107
25827413,1787603119
25827414,1787603131
25827415,1787603143
25827416,1787603155
25827417,1787603167
25827418,1787603179
25827419,1787603191
25827420,1787603203
25827421,1787603215
25827422,1787603227
25827423,1787603239
25827424,1787603252
25827425,1787603264
25827426,1787603276
25827427,1787603288
25827428,1787603300
25827429,1787603312
25827430,1787603324
25827431,1787603336
25827432,1787603348
25827433,1787603360
25827434,1787603372
25827435,1787603384
25827436,1787603396
25827437,1787603408
25827438,1787603420
25827439,1787603432
25827440,1787603444
25827441,1787603456
25827442,1787603468
25827443,1787603480
25827444,1787603492
25827445,1787603504
25827446,1787603516
25827447,1787603528
25827448,1787603540
25827449,1787603552
25827450,1787603564
25827451,1787603577
25827452,1787603589
25827453,1787603601
25827454,1787603613
25827455,1787603625
25827456,1787603637
25827457,1787603649
25827458,1787603661
25827459,1787603673
25827460,1787603685
25827461,1787603697
25827462,1787603709
25827463,1787603721
25827464,1787603733
25827465,1787603745
25827466,1787603757
25827467,1787603769
25827468,1787603781
25827469,1787603793
25827470,1787603805
25827471,1787603817
25827472,1787603829
25827473,1787603841
25827474,1787603853
25827475,1787603865
25827476,1787603877
25827477,1787603889
25827478,1787603902
25827479,1787603914
25827480,1787603926
25827481,1787603938
25827482,1787603950
25827483,1787603962
25827484,1787603974
25827485,1787603986
25827486,1787603998
25827487,1787604010
25827488,1787604022
25827489,1787604034
25827490,1787604046
25827491,1787604058
25827492,1787604070
25827493,1787604082
25827494,1787604094
25827495,1787604106
25827496,1787604118
25827497,1787604130
25827498,1787604142
25827499,1787604154
25827500,1787604166
25827501,1787604178
25827502,1787604190
25827503,1787604202
25827504,1787604214
25827505,1787604226
25827506,1787604239
25827507,1787604251
25827508,1787604263
25827509,1787604275
25827510,1787604287
25827511,1787604299
25827512,1787604311
25827513,1787604323
25827514,1787604335
25827515,1787604347
25827516,1787604359
25827517,1787604371
25827518,1787604383
25827519,1787604395
25827520,1787604407
25827521,1787604419
25827522,1787604431
25827523,1787604443
25827524,1787604455
25827525,1787604467
25827526,1787604479
25827527,1787604491
25827528,1787604503
25827529,1787604515
25827530,1787604527
25827531,1787604539
25827532,1787604551
25827533,1787604564
25827534,1787604576
25827535,1787604588
25827536,1787604600
25827537,1787604612
25827538,1787604624
25827539,1787604636
25827540,1787604648
25827541,1787604660
25827542,1787604672
25827543,1787604684
25827544,1787604696
25827545,1787604708
25827546,1787604720
25827547,1787604732
25827548,1787604744
25827549,1787604756
25827550,1787604768
25827551,1787604780
25827552,1787604792
25827553,1787604804
25827554,1787604816
25827555,1787604828
25827556,1787604840
25827557,1787604852
25827558,1787604864
25827559,1787604876
25827560,1787604889
25827561,1787604901
25827562,1787604913
25827563,1787604925
25827564,1787604937
25827565,1787604949
25827566,1787604961
25827567,1787604973
25827568,1787604985
25827569,1787604997
25827570,1787605009
25827571,1787605021
25827572,1787605033
25827573,1787605045
25827574,1787605057
25827575,1787605069
25827576,1787605081
25827577,1787605093
25827578,1787605105
25827579,1787605117
25827580,1787605129
25827581,1787605141
25827582,1787605153
25827583,1787605165
25827584,1787605177
25827585,1787605189
25827586,1787605201
25827587,1787605214
25827588,1787605226
25827589,1787605238
25827590,1787605250
25827591,1787605262
25827592,1787605274
25827593,1787605286
25827594,1787605298
25827595,1787605310
25827596,1787605322
25827597,1787605334
25827598,1787605346
25827599,1787605358
25827600,1787605370
25827601,1787605382
25827602,1787605394
25827603,1787605406
25827604,1787605418
25827605,1787605430
25827606,1787605442
25827607,1787605454
25827608,1787605466
25827609,1787605478
25827610,1787605490
25827611,1787605502
25827612,1787605514
25827613,1787605526
25827614,1787605539
25827615,1787605551
25827616,1787605563
25827617,1787605575
25827618,1787605587
25827619,1787605599
25827620,1787605611
25827621,1787605623
25827622,1787605635
25827623,1787605647
25827624,1787605659
25827625,1787605671
25827626,1787605683
25827627,1787605695
25827628,1787605707
25827629,1787605719
25827630,1787605731
25827631,1787605743
25827632,1787605755
25827633,1787605767
25827634,1787605779
25827635,1787605791
25827636,1787605803
25827637,1787605815
25827638,1787605827
25827639,1787605839
25827640,1787605851
25827641,1787605863
25827642,1787605876
25827643,1787605888
25827644,1787605900
25827645,1787605912
25827646,1787605924
25827647,1787605936
25827648,1787605948
25827649,1787605960
25827650,1787605972
25827651,1787605984
25827652,1787605996
25827653,1787606008
25827654,1787606020
25827655,1787606032
25827656,1787606044
25827657,1787606056
25827658,1787606068
25827659,1787606080
25827660,1787606092
25827661,1787606104
25827662,1787606116
25827663,1787606128
25827664,1787606140
25827665,1787606152
25827666,1787606164
25827667,1787606176
25827668,1787606188
25827669,1787606201
25827670,1787606213
25827671,1787606225
25827672,1787606237
25827673,1787606249
25827674,1787606261
25827675,1787606273
25827676,1787606285
25827677,1787606297
25827678,1787606309
25827679,1787606321
25827680,1787606333
25827681,1787606345
25827682,1787606357
25827683,1787606369
25827684,1787606381
25827685,1787606393
25827686,1787606405
25827687,1787606417
25827688,1787606429
25827689,1787606441
25827690,1787606453
25827691,1787606465
25827692,1787606477
25827693,1787606489
25827694,1787606501
25827695,1787606513
25827696,1787606526
25827697,1787606538
25827698,1787606550
25827699,1787606562
25827700,1787606574
25827701,1787606586
25827702,1787606598
25827703,1787606610
25827704,1787606622
25827705,1787606634
25827706,1787606646
25827707,1787606658
25827708,1787606670
25827709,1787606682
25827710,1787606694
25827711,1787606706
25827712,1787606718
25827713,1787606730
25827714,1787606742
25827715,1787606754
25827716,1787606766
25827717,1787606778
25827718,1787606790
25827719,1787606802
25827720,1787606814
25827721,1787606826
25827722,1787606838
25827723,1787606851
25827724,1787606863
25827725,1787606875
25827726,1787606887
25827727,1787606899
25827728,1787606911
25827729,1787606923
25827730,1787606935
25827731,1787606947
25827732,1787606959
25827733,1787606971
25827734,1787606983
25827735,1787606995
25827736,1787607007
25827737,1787607019
25827738,1787607031
25827739,1787607043
25827740,1787607055
25827741,1787607067
25827742,1787607079
25827743,1787607091
25827744,1787607103
25827745,1787607115
25827746,1787607127
25827747,1787607139
25827748,1787607151
25827749,1787607163
25827750,1787607176
25827751,1787607188
25827752,1787607200
25827753,1787607212
25827754,1787607224
25827755,1787607236
25827756,1787607248
25827757,1787607260
25827758,1787607272
25827759,1787607284
25827760,1787607296
25827761,1787607308
25827762,1787607320
25827763,1787607332
25827764,1787607344
25827765,1787607356
25827766,1787607368
25827767,1787607380
25827768,1787607392
25827769,1787607404
25827770,1787607416
25827771,1787607428
25827772,1787607440
25827773,1787607452
25827774,1787607464
25827775,1787607476
25827776,1787607488
25827777,1787607500
25827778,1787607513
25827779,1787607525
25827780,1787607537
25827781,1787607549
25827782,1787607561
25827783,1787607573
25827784,1787607585
25827785,1787607597
25827786,1787607609
25827787,1787607621
25827788,1787607633
25827789,1787607645
25827790,1787607657
25827791,1787607669
25827792,1787607681
25827793,1787607693
25827794,1787607705
25827795,1787607717
25827796,1787607729
25827797,1787607741
25827798,1787607753
25827799,1787607765
25827800,1787607777
25827801,1787607789
25827802,1787607801
25827803,1787607813
25827804,1787607825
25827805,1787607838
25827806,1787607850
25827807,1787607862
25827808,1787607874
25827809,1787607886
25827810,1787607898
25827811,1787607910
25827812,1787607922
25827813,1787607934
25827814,1787607946
25827815,1787607958
25827816,1787607970
25827817,1787607982
25827818,1787607994
25827819,1787608006
25827820,1787608018
25827821,1787608030
25827822,1787608042
25827823,1787608054
25827824,1787608066
25827825,1787608078
25827826,1787608090
25827827,1787608102
25827828,1787608114
25827829,1787608126
25827830,1787608138
25827831,1787608150
25827832,1787608163
25827833,1787608175
25827834,1787608187
25827835,1787608199
25827836,1787608211
25827837,1787608223
25827838,1787608235
25827839,1787608247
25827840,1787608259
25827841,1787608271
25827842,1787608283
25827843,1787608295
25827844,1787608307
25827845,1787608319
25827846,1787608331
25827847,1787608343
25827848,1787608355
25827849,1787608367
25827850,1787608379
25827851,1787608391
25827852,1787608403
25827853,1787608415
25827854,1787608427
25827855,1787608439
25827856,1787608451
25827857,1787608463
25827858,1787608475
25827859,1787608488
25827860,1787608500
25827861,1787608512
25827862,1787608524
25827863,1787608536
25827864,1787608548
25827865,1787608560
25827866,1787608572
25827867,1787608584
25827868,1787608596
25827869,1787608608
25827870,1787608620
25827871,1787608632
25827872,1787608644
25827873,1787608656
25827874,1787608668
25827875,1787608680
25827876,1787608692
25827877,1787608704
25827878,1787608716
25827879,1787608728
25827880,1787608740
25827881,1787608752
25827882,1787608764
25827883,1787608776
25827884,1787608788
25827885,1787608800
25827886,1787608813
25827887,1787608825
25827888,1787608837
25827889,1787608849
25827890,1787608861
25827891,1787608873
25827892,1787608885
25827893,1787608897
25827894,1787608909
25827895,1787608921
25827896,1787608933
25827897,1787608945
25827898,1787608957
25827899,1787608969
25827900,1787608981
25827901,1787608993
25827902,1787609005
25827903,1787609017
25827904,1787609029
25827905,1787609041
25827906,1787609053
25827907,1787609065
25827908,1787609077
25827909,1787609089
25827910,1787609101
25827911,1787609113
25827912,1787609125
25827913,1787609137
25827914,1787609150
25827915,1787609162
25827916,1787609174
25827917,1787609186
25827918,1787609198
25827919,1787609210
25827920,1787609222
25827921,1787609234
25827922,1787609246
25827923,1787609258
25827924,1787609270
25827925,1787609282
25827926,1787609294
25827927,1787609306
25827928,1787609318
25827929,1787609330
25827930,1787609342
25827931,1787609354
25827932,1787609366
25827933,1787609378
25827934,1787609390
25827935,1787609402
25827936,1787609414
25827937,1787609426
25827938,1787609438
25827939,1787609450
25827940,1787609462
25827941,1787609475
25827942,1787609487
25827943,1787609499
25827944,1787609511
25827945,1787609523
25827946,1787609535
25827947,1787609547
25827948,1787609559
25827949,1787609571
25827950,1787609583
25827951,1787609595
25827952,1787609607
25827953,1787609619
25827954,1787609631
25827955,1787609643
25827956,1787609655
25827957,1787609667
25827958,1787609679
25827959,1787609691
25827960,1787609703
25827961,1787609715
25827962,1787609727
25827963,1787609739
25827964,1787609751
25827965,1787609763
25827966,1787609775
25827967,1787609787
25827968,1787609800
25827969,1787609812
25827970,1787609824
25827971,1787609836
25827972,1787609848
25827973,1787609860
25827974,1787609872
25827975,1787609884
25827976,1787609896
25827977,1787609908
25827978,1787609920
25827979,1787609932
25827980,1787609944
25827981,1787609956
25827982,1787609968
25827983,1787609980
25827984,1787609992
25827985,1787610004
25827986,1787610016
25827987,1787610028
25827988,1787610040
25827989,1787610052
25827990,1787610064
25827991,1787610076
25827992,1787610088
25827993,1787610100
25827994,1787610112
25827995,1787610125
25827996,1787610137
25827997,1787610149
25827998,1787610161
25827999,1787610173
25828000,1787610185
25828001,1787610197
25828002,1787610209
25828003,1787610221
25828004,1787610233
25828005,1787610245
25828006,1787610257
25828007,1787610269
25828008,1787610281
25828009,1787610293
25828010,1787610305
25828011,1787610317
25828012,1787610329
25828013,1787610341
25828014,1787610353
25828015,1787610365
25828016,1787610377
25828017,1787610389
25828018,1787610401
25828019,1787610413
25828020,1787610425
25828021,1787610437
25828022,1787610450
25828023,1787610462
25828024,1787610474
25828025,1787610486
25828026,1787610498
25828027,1787610510
25828028,1787610522
25828029,1787610534
25828030,1787610546
25828031,1787610558
25828032,1787610570
25828033,1787610582
25828034,1787610594
25828035,1787610606
25828036,1787610618
25828037,1787610630
25828038,1787610642
25828039,1787610654
25828040,1787610666
25828041,1787610678
25828042,1787610690
25828043,1787610702
25828044,1787610714
25828045,1787610726
25828046,1787610738
25828047,1787610750
25828048,1787610762
25828049,1787610775
25828050,1787610787
25828051,1787610799
25828052,1787610811
25828053,1787610823
25828054,1787610835
25828055,1787610847
25828056,1787610859
25828057,1787610871
25828058,1787610883
25828059,1787610895
25828060,1787610907
25828061,1787610919
25828062,1787610931
25828063,1787610943
25828064,1787610955
25828065,1787610967
25828066,1787610979
25828067,1787610991
25828068,1787611003
25828069,1787611015
25828070,1787611027
25828071,1787611039
25828072,1787611051
25828073,1787611063
25828074,1787611075
25828075,1787611087
25828076,1787611099
25828077,1787611112
25828078,1787611124
25828079,1787611136
25828080,1787611148
25828081,1787611160
25828082,1787611172
25828083,1787611184
25828084,1787611196
25828085,1787611208
25828086,1787611220
25828087,1787611232
25828088,1787611244
25828089,1787611256
25828090,1787611268
25828091,1787611280
25828092,1787611292
25828093,1787611304
25828094,1787611316
25828095,1787611328
25828096,1787611340
25828097,1787611352
25828098,1787611364
25828099,1787611376
25828100,1787611388
25828101,1787611400
25828102,1787611412
25828103,1787611424
25828104,1787611437
25828105,1787611449
25828106,1787611461
25828107,1787611473
25828108,1787611485
25828109,1787611497
25828110,1787611509
25828111,1787611521
25828112,1787611533
25828113,1787611545
25828114,1787611557
25828115,1787611569
25828116,1787611581
25828117,1787611593
25828118,1787611605
25828119,1787611617
25828120,1787611629
25828121,1787611641
25828122,1787611653
25828123,1787611665
25828124,1787611677
25828125,1787611689
25828126,1787611701
25828127,1787611713
25828128,1787611725
25828129,1787611737
25828130,1787611749
25828131,1787611762
25828132,1787611774
25828133,1787611786
25828134,1787611798
25828135,1787611810
25828136,1787611822
25828137,1787611834
25828138,1787611846
25828139,1787611858
25828140,1787611870
25828141,1787611882
25828142,1787611894
25828143,1787611906
25828144,1787611918
25828145,1787611930
25828146,1787611942
25828147,1787611954
25828148,1787611966
25828149,1787611978
25828150,1787611990
25828151,1787612002
25828152,1787612014
25828153,1787612026
25828154,1787612038
25828155,1787612050
25828156,1787612062
25828157,1787612074
25828158,1787612087
25828159,1787612099
25828160,1787612111
25828161,1787612123
25828162,1787612135
25828163,1787612147
25828164,1787612159
25828165,1787612171
25828166,1787612183
25828167,1787612195
25828168,1787612207
25828169,1787612219
25828170,1787612231
25828171,1787612243
25828172,1787612255
25828173,1787612267
25828174,1787612279
25828175,1787612291
25828176,1787612303
25828177,1787612315
25828178,1787612327
25828179,1787612339
25828180,1787612351
25828181,1787612363
25828182,1787612375
25828183,1787612387
25828184,1787612399
25828185,1787612412
25828186,1787612424
25828187,1787612436
25828188,1787612448
25828189,1787612460
25828190,1787612472
25828191,1787612484
25828192,1787612496
25828193,1787612508
25828194,1787612520
25828195,1787612532
25828196,1787612544
25828197,1787612556
25828198,1787612568
25828199,1787612580
25828200,1787612592
25828201,1787612604
25828202,1787612616
25828203,1787612628
25828204,1787612640
25828205,1787612652
25828206,1787612664
25828207,1787612676
25828208,1787612688
25828209,1787612700
25828210,1787612712
25828211,1787612724
25828212,1787612736
25828213,1787612749
25828214,1787612761
25828215,1787612773
25828216,1787612785
25828217,1787612797
25828218,1787612809
25828219,1787612821
25828220,1787612833
25828221,1787612845
25828222,1787612857
25828223,1787612869
25828224,1787612881
25828225,1787612893
25828226,1787612905
25828227,1787612917
25828228,1787612929
25828229,1787612941
25828230,1787612953
25828231,1787612965
25828232,1787612977
25828233,1787612989
25828234,1787613001
25828235,1787613013
25828236,1787613025
25828237,1787613037
25828238,1787613049
25828239,1787613061
25828240,1787613074
25828241,1787613086
25828242,1787613098
25828243,1787613110
25828244,1787613122
25828245,1787613134
25828246,1787613146
25828247,1787613158
25828248,1787613170
25828249,1787613182
25828250,1787613194
25828251,1787613206
25828252,1787613218
25828253,1787613230
25828254,1787613242
25828255,1787613254
25828256,1787613266
25828257,1787613278
25828258,1787613290
25828259,1787613302
25828260,1787613314
25828261,1787613326
25828262,1787613338
25828263,1787613350
25828264,1787613362
25828265,1787613374
25828266,1787613386
25828267,1787613399
25828268,1787613411
25828269,1787613423
25828270,1787613435
25828271,1787613447
25828272,1787613459
25828273,1787613471
25828274,1787613483
25828275,1787613495
25828276,1787613507
25828277,1787613519
25828278,1787613531
25828279,1787613543
25828280,1787613555
25828281,1787613567
25828282,1787613579
25828283,1787613591
25828284,1787613603
25828285,1787613615
25828286,1787613627
25828287,1787613639
25828288,1787613651
25828289,1787613663
25828290,1787613675
25828291,1787613687
25828292,1787613699
25828293,1787613711
25828294,1787613724
25828295,1787613736
25828296,1787613748
25828297,1787613760
25828298,1787613772
25828299,1787613784
25828300,1787613796
25828301,1787613808
25828302,1787613820
25828303,1787613832
25828304,1787613844
25828305,1787613856
25828306,1787613868
25828307,1787613880
25828308,1787613892
25828309,1787613904
25828310,1787613916
25828311,1787613928
25828312,1787613940
25828313,1787613952
25828314,1787613964
25828315,1787613976
25828316,1787613988
25828317,1787614000
25828318,1787614012
25828319,1787614024
25828320,1787614036
25828321,1787614049
25828322,1787614061
25828323,1787614073
25828324,1787614085
25828325,1787614097
25828326,1787614109
25828327,1787614121
25828328,1787614133
25828329,1787614145
25828330,1787614157
25828331,1787614169
25828332,1787614181
25828333,1787614193
25828334,1787614205
25828335,1787614217
25828336,1787614229
25828337,1787614241
25828338,1787614253
25828339,1787614265
25828340,1787614277
25828341,1787614289
25828342,1787614301
25828343,1787614313
25828344,1787614325
25828345,1787614337
25828346,1787614349
25828347,1787614361
25828348,1787614373
25828349,1787614386
25828350,1787614398
25828351,1787614410
25828352,1787614422
25828353,1787614434
25828354,1787614446
25828355,1787614458
25828356,1787614470
25828357,1787614482
25828358,1787614494
25828359,1787614506
25828360,1787614518
25828361,1787614530
25828362,1787614542
25828363,1787614554
25828364,1787614566
25828365,1787614578
25828366,1787614590
25828367,1787614602
25828368,1787614614
25828369,1787614626
25828370,1787614638
25828371,1787614650
25828372,1787614662
25828373,1787614674
25828374,1787614686
25828375,1787614698
25828376,1787614711
25828377,1787614723
25828378,1787614735
25828379,1787614747
25828380,1787614759
25828381,1787614771
25828382,1787614783
25828383,1787614795
25828384,1787614807
25828385,1787614819
25828386,1787614831
25828387,1787614843
25828388,1787614855
25828389,1787614867
25828390,1787614879
25828391,1787614891
25828392,1787614903
25828393,1787614915
25828394,1787614927
25828395,1787614939
25828396,1787614951
25828397,1787614963
25828398,1787614975
25828399,1787614987
25828400,1787614999
25828401,1787615011
25828402,1787615023
25828403,1787615036
25828404,1787615048
25828405,1787615060
25828406,1787615072
25828407,1787615084
25828408,1787615096
25828409,1787615108
25828410,1787615120
25828411,1787615132
25828412,1787615144
25828413,1787615156
25828414,1787615168
25828415,1787615180
25828416,1787615192
25828417,1787615204
25828418,1787615216
25828419,1787615228
25828420,1787615240
25828421,1787615252
25828422,1787615264
25828423,1787615276
25828424,1787615288
25828425,1787615300
25828426,1787615312
25828427,1787615324
25828428,1787615336
25828429,1787615348
25828430,1787615361
25828431,1787615373
25828432,1787615385
25828433,1787615397
25828434,1787615409
25828435,1787615421
25828436,1787615433
25828437,1787615445
25828438,1787615457
25828439,1787615469
25828440,1787615481
25828441,1787615493
25828442,1787615505
25828443,1787615517
25828444,1787615529
25828445,1787615541
25828446,1787615553
25828447,1787615565
25828448,1787615577
25828449,1787615589
25828450,1787615601
25828451,1787615613
25828452,1787615625
25828453,1787615637
25828454,1787615649
25828455,1787615661
25828456,1787615673
25828457,1787615686
25828458,1787615698
25828459,1787615710
25828460,1787615722
25828461,1787615734
25828462,1787615746
25828463,1787615758
25828464,1787615770
25828465,1787615782
25828466,1787615794
25828467,1787615806
25828468,1787615818
25828469,1787615830
25828470,1787615842
25828471,1787615854
25828472,1787615866
25828473,1787615878
25828474,1787615890
25828475,1787615902
25828476,1787615914
25828477,1787615926
25828478,1787615938
25828479,1787615950
25828480,1787615962
25828481,1787615974
25828482,1787615986
25828483,1787615998
25828484,1787616011
