block,timestamp
25527155,1783987211
25527156,1783987223
25527157,1783987235
25527158,1783987247
25527159,1783987259
25527160,1783987271
25527161,1783987283
25527162,1783987295
25527163,1783987307
25527164,1783987319
25527165,1783987331
25527166,1783987343
25527167,1783987355
25527168,1783987367
25527169,1783987379
25527170,1783987391
25527171,1783987403
25527172,1783987415
25527173,1783987427
25527174,1783987439
25527175,1783987452
25527176,1783987464
25527177,1783987476
25527178,1783987488
25527179,1783987500
25527180,1783987512
25527181,1783987524
25527182,1783987536
25527183,1783987548
25527184,1783987560
25527185,1783987572
25527186,1783987584
25527187,1783987596
25527188,1783987608
25527189,1783987620
25527190,1783987632
25527191,1783987644
25527192,1783987656
25527193,1783987668
25527194,1783987680
25527195,1783987693
25527196,1783987705
25527197,1783987717
25527198,1783987729
25527199,1783987741
25527200,1783987753
25527201,1783987765
25527202,1783987777
25527203,1783987789
25527204,1783987801
25527205,1783987813
25527206,1783987825
25527207,1783987837
25527208,1783987849
25527209,1783987861
25527210,1783987873
25527211,1783987885
25527212,1783987897
25527213,1783987909
25527214,1783987921
25527215,1783987934
25527216,1783987946
25527217,1783987958
25527218,1783987970
25527219,1783987982
25527220,1783987994
25527221,1783988006
25527222,1783988018
25527223,1783988030
25527224,1783988042
25527225,1783988054
25527226,1783988066
25527227,1783988078
25527228,1783988090
25527229,1783988102
25527230,1783988114
25527231,1783988126
25527232,1783988138
25527233,1783988150
25527234,1783988162
25527235,1783988175
25527236,1783988187
25527237,1783988199
25527238,1783988211
25527239,1783988223
25527240,1783988235
25527241,1783988247
25527242,1783988259
25527243,1783988271
25527244,1783988283
25527245,1783988295
25527246,1783988307
25527247,1783988319
25527248,1783988331
25527249,1783988343
25527250,1783988355
25527251,1783988367
25527252,1783988379
25527253,1783988391
25527254,1783988403
25527255,1783988416
25527256,1783988428
25527257,1783988440
25527258,1783988452
25527259,1783988464
25527260,1783988476
25527261,1783988488
25527262,1783988500
25527263,1783988512
25527264,1783988524
25527265,1783988536
25527266,1783988548
25527267,1783988560
25527268,1783988572
25527269,1783988584
25527270,1783988596
25527271,1783988608
25527272,1783988620
25527273,1783988632
25527274,1783988644
25527275,1783988657
25527276,1783988669
25527277,1783988681
25527278,1783988693
25527279,1783988705
25527280,1783988717
25527281,1783988729
25527282,1783988741
25527283,1783988753
25527284,1783988765
25527285,1783988777
25527286,1783988789
25527287,1783988801
25527288,1783988813
25527289,1783988825
25527290,1783988837
25527291,1783988849
25527292,1783988861
25527293,1783988873
25527294,1783988885
25527295,1783988898
25527296,1783988910
25527297,1783988922
25527298,1783988934
25527299,1783988946
25527300,1783988958
25527301,1783988970
25527302,1783988982
25527303,1783988994
25527304,1783989006
25527305,1783989018
25527306,1783989030
25527307,1783989042
25527308,1783989054
25527309,1783989066
25527310,1783989078
25527311,1783989090
25527312,1783989102
25527313,1783989114
25527314,1783989126
25527315,1783989139
25527316,1783989151
25527317,1783989163
25527318,1783989175
25527319,1783989187
25527320,1783989199
25527321,1783989211
25527322,1783989223
25527323,1783989235
25527324,1783989247
25527325,1783989259
25527326,1783989271
25527327,1783989283
25527328,1783989295
25527329,1783989307
25527330,1783989319
25527331,1783989331
25527332,1783989343
25527333,1783989355
25527334,1783989367
25527335,1783989380
25527336,1783989392
25527337,1783989404
25527338,1783989416
25527339,1783989428
25527340,1783989440
25527341,1783989452
25527342,1783989464
25527343,1783989476
25527344,1783989488
25527345,1783989500
25527346,1783989512
25527347,1783989524
25527348,1783989536
25527349,1783989548
25527350,1783989560
25527351,1783989572
25527352,1783989584
25527353,1783989596
25527354,1783989608
25527355,1783989621
25527356,1783989633
25527357,1783989645
25527358,1783989657
25527359,1783989669
25527360,1783989681
25527361,1783989693
25527362,1783989705
25527363,1783989717
25527364,1783989729
25527365,1783989741
25527366,1783989753
25527367,1783989765
25527368,1783989777
25527369,1783989789
25527370,1783989801
25527371,1783989813
25527372,1783989825
25527373,1783989837
25527374,1783989849
25527375,1783989862
25527376,1783989874
25527377,1783989886
25527378,1783989898
25527379,1783989910
25527380,1783989922
25527381,1783989934
25527382,1783989946
25527383,1783989958
25527384,1783989970
25527385,1783989982
25527386,1783989994
25527387,1783990006
25527388,1783990018
25527389,1783990030
25527390,1783990042
25527391,1783990054
25527392,1783990066
25527393,1783990078
25527394,1783990091
25527395,1783990103
25527396,1783990115
25527397,1783990127
25527398,1783990139
25527399,1783990151
25527400,1783990163
25527401,1783990175
25527402,1783990187
25527403,1783990199
25527404,1783990211
25527405,1783990223
25527406,1783990235
25527407,1783990247
25527408,1783990259
25527409,1783990271
25527410,1783990283
25527411,1783990295
25527412,1783990307
25527413,1783990319
25527414,1783990332
25527415,1783990344
25527416,1783990356
25527417,1783990368
25527418,1783990380
25527419,1783990392
25527420,1783990404
25527421,1783990416
25527422,1783990428
25527423,1783990440
25527424,1783990452
25527425,1783990464
25527426,1783990476
25527427,1783990488
25527428,1783990500
25527429,1783990512
25527430,1783990524
25527431,1783990536
25527432,1783990548
25527433,1783990560
25527434,1783990573
25527435,1783990585
25527436,1783990597
25527437,1783990609
25527438,1783990621
25527439,1783990633
25527440,1783990645
25527441,1783990657
25527442,1783990669
25527443,1783990681
25527444,1783990693
25527445,1783990705
25527446,1783990717
25527447,1783990729
25527448,1783990741
25527449,1783990753
25527450,1783990765
25527451,1783990777
25527452,1783990789
25527453,1783990801
25527454,1783990814
25527455,1783990826
25527456,1783990838
25527457,1783990850
25527458,1783990862
25527459,1783990874
25527460,1783990886
25527461,1783990898
25527462,1783990910
25527463,1783990922
25527464,1783990934
25527465,1783990946
25527466,1783990958
25527467,1783990970
25527468,1783990982
25527469,1783990994
25527470,1783991006
25527471,1783991018
25527472,1783991030
25527473,1783991042
25527474,1783991055
25527475,1783991067
25527476,1783991079
25527477,1783991091
25527478,1783991103
25527479,1783991115
25527480,1783991127
25527481,1783991139
25527482,1783991151
25527483,1783991163
25527484,1783991175
25527485,1783991187
25527486,1783991199
25527487,1783991211
25527488,1783991223
25527489,1783991235
25527490,1783991247
25527491,1783991259
25527492,1783991271
25527493,1783991283
25527494,1783991296
25527495,1783991308
25527496,1783991320
25527497,1783991332
25527498,1783991344
25527499,1783991356
25527500,1783991368
25527501,1783991380
25527502,1783991392
25527503,1783991404
25527504,1783991416
25527505,1783991428
25527506,1783991440
25527507,1783991452
25527508,1783991464
25527509,1783991476
25527510,1783991488
25527511,1783991500
25527512,1783991512
25527513,1783991524
25527514,1783991537
25527515,1783991549
25527516,1783991561
25527517,1783991573
25527518,1783991585
25527519,1783991597
25527520,1783991609
25527521,1783991621
25527522,1783991633
25527523,1783991645
25527524,1783991657
25527525,1783991669
25527526,1783991681
25527527,1783991693
25527528,1783991705
25527529,1783991717
25527530,1783991729
25527531,1783991741
25527532,1783991753
25527533,1783991765
25527534,1783991778
25527535,1783991790
25527536,1783991802
25527537,1783991814
25527538,1783991826
25527539,1783991838
25527540,1783991850
25527541,1783991862
25527542,1783991874
25527543,1783991886
25527544,1783991898
25527545,1783991910
25527546,1783991922
25527547,1783991934
25527548,1783991946
25527549,1783991958
25527550,1783991970
25527551,1783991982
25527552,1783991994
25527553,1783992006
25527554,1783992019
25527555,1783992031
25527556,1783992043
25527557,1783992055
25527558,1783992067
25527559,1783992079
25527560,1783992091
25527561,1783992103
25527562,1783992115
25527563,1783992127
25527564,1783992139
25527565,1783992151
25527566,1783992163
25527567,1783992175
25527568,1783992187
25527569,1783992199
25527570,1783992211
25527571,1783992223
25527572,1783992235
25527573,1783992247
25527574,1783992260
25527575,1783992272
25527576,1783992284
25527577,1783992296
25527578,1783992308
25527579,1783992320
25527580,1783992332
25527581,1783992344
25527582,1783992356
25527583,1783992368
25527584,1783992380
25527585,1783992392
25527586,1783992404
25527587,1783992416
25527588,1783992428
25527589,1783992440
25527590,1783992452
25527591,1783992464
25527592,1783992476
25527593,1783992488
25527594,1783992501
25527595,1783992513
25527596,1783992525
25527597,1783992537
25527598,1783992549
25527599,1783992561
25527600,1783992573
25527601,1783992585
25527602,1783992597
25527603,1783992609
25527604,1783992621
25527605,1783992633
25527606,1783992645
25527607,1783992657
25527608,1783992669
25527609,1783992681
25527610,1783992693
25527611,1783992705
25527612,1783992717
25527613,1783992729
25527614,1783992742
25527615,1783992754
25527616,1783992766
25527617,1783992778
25527618,1783992790
25527619,1783992802
25527620,1783992814
25527621,1783992826
25527622,1783992838
25527623,1783992850
25527624,1783992862
25527625,1783992874
25527626,1783992886
25527627,1783992898
25527628,1783992910
25527629,1783992922
25527630,1783992934
25527631,1783992946
25527632,1783992958
25527633,1783992971
25527634,1783992983
25527635,1783992995
25527636,1783993007
25527637,1783993019
25527638,1783993031
25527639,1783993043
25527640,1783993055
25527641,1783993067
25527642,1783993079
25527643,1783993091
25527644,1783993103
25527645,1783993115
25527646,1783993127
25527647,1783993139
25527648,1783993151
25527649,1783993163
25527650,1783993175
25527651,1783993187
25527652,1783993199
25527653,1783993212
25527654,1783993224
25527655,1783993236
25527656,1783993248
25527657,1783993260
25527658,1783993272
25527659,1783993284
25527660,1783993296
25527661,1783993308
25527662,1783993320
25527663,1783993332
25527664,1783993344
25527665,1783993356
25527666,1783993368
25527667,1783993380
25527668,1783993392
25527669,1783993404
25527670,1783993416
25527671,1783993428
25527672,1783993440
25527673,1783993453
25527674,1783993465
25527675,1783993477
25527676,1783993489
25527677,1783993501
25527678,1783993513
25527679,1783993525
25527680,1783993537
25527681,1783993549
25527682,1783993561
25527683,1783993573
25527684,1783993585
25527685,1783993597
25527686,1783993609
25527687,1783993621
25527688,1783993633
25527689,1783993645
25527690,1783993657
25527691,1783993669
25527692,1783993681
25527693,1783993694
25527694,1783993706
25527695,1783993718
25527696,1783993730
25527697,1783993742
25527698,1783993754
25527699,1783993766
25527700,1783993778
25527701,1783993790
25527702,1783993802
25527703,1783993814
25527704,1783993826
25527705,1783993838
25527706,1783993850
25527707,1783993862
25527708,1783993874
25527709,1783993886
25527710,1783993898
25527711,1783993910
25527712,1783993922
25527713,1783993935
25527714,1783993947
25527715,1783993959
25527716,1783993971
25527717,1783993983
25527718,1783993995
25527719,1783994007
25527720,1783994019
25527721,1783994031
25527722,1783994043
25527723,1783994055
25527724,1783994067
25527725,1783994079
25527726,1783994091
25527727,1783994103
25527728,1783994115
25527729,1783994127
25527730,1783994139
25527731,1783994151
25527732,1783994163
25527733,1783994176
25527734,1783994188
25527735,1783994200
25527736,1783994212
25527737,1783994224
25527738,1783994236
25527739,1783994248
25527740,1783994260
25527741,1783994272
25527742,1783994284
25527743,1783994296
25527744,1783994308
25527745,1783994320
25527746,1783994332
25527747,1783994344
25527748,1783994356
25527749,1783994368
25527750,1783994380
25527751,1783994392
25527752,1783994404
25527753,1783994417
25527754,1783994429
25527755,1783994441
25527756,1783994453
25527757,1783994465
25527758,1783994477
25527759,1783994489
25527760,1783994501
25527761,1783994513
25527762,1783994525
25527763,1783994537
25527764,1783994549
25527765,1783994561
25527766,1783994573
25527767,1783994585
25527768,1783994597
25527769,1783994609
25527770,1783994621
25527771,1783994633
25527772,1783994645
25527773,1783994658
25527774,1783994670
25527775,1783994682
25527776,1783994694
25527777,1783994706
25527778,1783994718
25527779,1783994730
25527780,1783994742
25527781,1783994754
25527782,1783994766
25527783,1783994778
25527784,1783994790
25527785,1783994802
25527786,1783994814
25527787,1783994826
25527788,1783994838
25527789,1783994850
25527790,1783994862
25527791,1783994874
25527792,1783994886
25527793,1783994899
25527794,1783994911
25527795,1783994923
25527796,1783994935
25527797,1783994947
25527798,1783994959
25527799,1783994971
25527800,1783994983
25527801,1783994995
25527802,1783995007
25527803,1783995019
25527804,1783995031
25527805,1783995043
25527806,1783995055
25527807,1783995067
25527808,1783995079
25527809,1783995091
25527810,1783995103
25527811,1783995115
25527812,1783995127
25527813,1783995140
25527814,1783995152
25527815,1783995164
25527816,1783995176
25527817,1783995188
25527818,1783995200
25527819,1783995212
25527820,1783995224
25527821,1783995236
25527822,1783995248
25527823,1783995260
25527824,1783995272
25527825,1783995284
25527826,1783995296
25527827,1783995308
25527828,1783995320
25527829,1783995332
25527830,1783995344
25527831,1783995356
25527832,1783995368
25527833,1783995381
25527834,1783995393
25527835,1783995405
25527836,1783995417
25527837,1783995429
25527838,1783995441
25527839,1783995453
25527840,1783995465
25527841,1783995477
25527842,1783995489
25527843,1783995501
25527844,1783995513
25527845,1783995525
25527846,1783995537
25527847,1783995549
25527848,1783995561
25527849,1783995573
25527850,1783995585
25527851,1783995597
25527852,1783995609
25527853,1783995622
25527854,1783995634
25527855,1783995646
25527856,1783995658
25527857,1783995670
25527858,1783995682
25527859,1783995694
25527860,1783995706
25527861,1783995718
25527862,1783995730
25527863,1783995742
25527864,1783995754
25527865,1783995766
25527866,1783995778
25527867,1783995790
25527868,1783995802
25527869,1783995814
25527870,1783995826
25527871,1783995838
25527872,1783995851
25527873,1783995863
25527874,1783995875
25527875,1783995887
25527876,1783995899
25527877,1783995911
25527878,1783995923
25527879,1783995935
25527880,1783995947
25527881,1783995959
25527882,1783995971
25527883,1783995983
25527884,1783995995
25527885,1783996007
25527886,1783996019
25527887,1783996031
25527888,1783996043
25527889,1783996055
25527890,1783996067
25527891,1783996079
25527892,1783996092
25527893,1783996104
25527894,1783996116
25527895,1783996128
25527896,1783996140
25527897,1783996152
25527898,1783996164
25527899,1783996176
25527900,1783996188
25527901,1783996200
25527902,1783996212
25527903,1783996224
25527904,1783996236
25527905,1783996248
25527906,1783996260
25527907,1783996272
25527908,1783996284
25527909,1783996296
25527910,1783996308
25527911,1783996320
25527912,1783996333
25527913,1783996345
25527914,1783996357
25527915,1783996369
25527916,1783996381
25527917,1783996393
25527918,1783996405
25527919,1783996417
25527920,1783996429
25527921,1783996441
25527922,1783996453
25527923,1783996465
25527924,1783996477
25527925,1783996489
25527926,1783996501
25527927,1783996513
25527928,1783996525
25527929,1783996537
25527930,1783996549
25527931,1783996561
25527932,1783996574
25527933,1783996586
25527934,1783996598
25527935,1783996610
25527936,1783996622
25527937,1783996634
25527938,1783996646
25527939,1783996658
25527940,1783996670
25527941,1783996682
25527942,1783996694
25527943,1783996706
25527944,1783996718
25527945,1783996730
25527946,1783996742
25527947,1783996754
25527948,1783996766
25527949,1783996778
25527950,1783996790
25527951,1783996802
25527952,1783996815
25527953,1783996827
25527954,1783996839
25527955,1783996851
25527956,1783996863
25527957,1783996875
25527958,1783996887
25527959,1783996899
25527960,1783996911
25527961,1783996923
25527962,1783996935
25527963,1783996947
25527964,1783996959
25527965,1783996971
25527966,1783996983
25527967,1783996995
25527968,1783997007
25527969,1783997019
25527970,1783997031
25527971,1783997043
25527972,1783997056
25527973,1783997068
25527974,1783997080
25527975,1783997092
25527976,1783997104
25527977,1783997116
25527978,1783997128
25527979,1783997140
25527980,1783997152
25527981,1783997164
25527982,1783997176
25527983,1783997188
25527984,1783997200
25527985,1783997212
25527986,1783997224
25527987,1783997236
25527988,1783997248
25527989,1783997260
25527990,1783997272
25527991,1783997284
25527992,1783997297
25527993,1783997309
25527994,1783997321
25527995,1783997333
25527996,1783997345
25527997,1783997357
25527998,1783997369
25527999,1783997381
25528000,1783997393
25528001,1783997405
25528002,1783997417
25528003,1783997429
25528004,1783997441
25528005,1783997453
25528006,1783997465
25528007,1783997477
25528008,1783997489
25528009,1783997501
25528010,1783997513
25528011,1783997525
25528012,1783997538
25528013,1783997550
25528014,1783997562
25528015,1783997574
25528016,1783997586
25528017,1783997598
25528018,1783997610
25528019,1783997622
25528020,1783997634
25528021,1783997646
25528022,1783997658
25528023,1783997670
25528024,1783997682
25528025,1783997694
25528026,1783997706
25528027,1783997718
25528028,1783997730
25528029,1783997742
25528030,1783997754
25528031,1783997766
25528032,1783997779
25528033,1783997791
25528034,1783997803
25528035,1783997815
25528036,1783997827
25528037,1783997839
25528038,1783997851
25528039,1783997863
25528040,1783997875
25528041,1783997887
25528042,1783997899
25528043,1783997911
25528044,1783997923
25528045,1783997935
25528046,1783997947
25528047,1783997959
25528048,1783997971
25528049,1783997983
25528050,1783997995
25528051,1783998007
25528052,1783998020
25528053,1783998032
25528054,1783998044
25528055,1783998056
25528056,1783998068
25528057,1783998080
25528058,1783998092
25528059,1783998104
25528060,1783998116
25528061,1783998128
25528062,1783998140
25528063,1783998152
25528064,1783998164
25528065,1783998176
25528066,1783998188
25528067,1783998200
25528068,1783998212
25528069,1783998224
25528070,1783998236
25528071,1783998248
25528072,1783998261
25528073,1783998273
25528074,1783998285
25528075,1783998297
25528076,1783998309
25528077,1783998321
25528078,1783998333
25528079,1783998345
25528080,1783998357
25528081,1783998369
25528082,1783998381
25528083,1783998393
25528084,1783998405
25528085,1783998417
25528086,1783998429
25528087,1783998441
25528088,1783998453
25528089,1783998465
25528090,1783998477
25528091,1783998489
25528092,1783998502
25528093,1783998514
25528094,1783998526
25528095,1783998538
25528096,1783998550
25528097,1783998562
25528098,1783998574
25528099,1783998586
25528100,1783998598
25528101,1783998610
25528102,1783998622
25528103,1783998634
25528104,1783998646
25528105,1783998658
25528106,1783998670
25528107,1783998682
25528108,1783998694
25528109,1783998706
25528110,1783998718
25528111,1783998731
25528112,1783998743
25528113,1783998755
25528114,1783998767
25528115,1783998779
25528116,1783998791
25528117,1783998803
25528118,1783998815
25528119,1783998827
25528120,1783998839
25528121,1783998851
25528122,1783998863
25528123,1783998875
25528124,1783998887
25528125,1783998899
25528126,1783998911
25528127,1783998923
25528128,1783998935
25528129,1783998947
25528130,1783998959
25528131,1783998972
25528132,1783998984
25528133,1783998996
25528134,1783999008
25528135,1783999020
25528136,1783999032
25528137,1783999044
25528138,1783999056
25528139,1783999068
25528140,1783999080
25528141,1783999092
25528142,1783999104
25528143,1783999116
25528144,1783999128
25528145,1783999140
25528146,1783999152
25528147,1783999164
25528148,1783999176
25528149,1783999188
25528150,1783999200
25528151,1783999213
25528152,1783999225
25528153,1783999237
25528154,1783999249
25528155,1783999261
25528156,1783999273
25528157,1783999285
25528158,1783999297
25528159,1783999309
25528160,1783999321
25528161,1783999333
25528162,1783999345
25528163,1783999357
25528164,1783999369
25528165,1783999381
25528166,1783999393
25528167,1783999405
25528168,1783999417
25528169,1783999429
25528170,1783999441
25528171,1783999454
25528172,1783999466
25528173,1783999478
25528174,1783999490
25528175,1783999502
25528176,1783999514
25528177,1783999526
25528178,1783999538
25528179,1783999550
25528180,1783999562
25528181,1783999574
25528182,1783999586
25528183,1783999598
25528184,1783999610
25528185,1783999622
25528186,1783999634
25528187,1783999646
25528188,1783999658
25528189,1783999670
25528190,1783999682
25528191,1783999695
25528192,1783999707
25528193,1783999719
25528194,1783999731
25528195,1783999743
25528196,1783999755
25528197,1783999767
25528198,1783999779
25528199,1783999791
25528200,1783999803
25528201,1783999815
25528202,1783999827
25528203,1783999839
25528204,1783999851
25528205,1783999863
25528206,1783999875
25528207,1783999887
25528208,1783999899
25528209,1783999911
25528210,1783999923
25528211,1783999936
25528212,1783999948
25528213,1783999960
25528214,1783999972
25528215,1783999984
25528216,1783999996
25528217,1784000008
25528218,1784000020
25528219,1784000032
25528220,1784000044
25528221,1784000056
25528222,1784000068
25528223,1784000080
25528224,1784000092
25528225,1784000104
25528226,1784000116
25528227,1784000128
25528228,1784000140
25528229,1784000152
25528230,1784000164
25528231,1784000177
25528232,1784000189
25528233,1784000201
25528234,1784000213
25528235,1784000225
25528236,1784000237
25528237,1784000249
25528238,1784000261
25528239,1784000273
25528240,1784000285
25528241,1784000297
25528242,1784000309
25528243,1784000321
25528244,1784000333
25528245,1784000345
25528246,1784000357
25528247,1784000369
25528248,1784000381
25528249,1784000393
25528250,1784000405
25528251,1784000418
25528252,1784000430
25528253,1784000442
25528254,1784000454
25528255,1784000466
25528256,1784000478
25528257,1784000490
25528258,1784000502
25528259,1784000514
25528260,1784000526
25528261,1784000538
25528262,1784000550
25528263,1784000562
25528264,1784000574
25528265,1784000586
25528266,1784000598
25528267,1784000610
25528268,1784000622
25528269,1784000634
25528270,1784000646
25528271,1784000659
25528272,1784000671
25528273,1784000683
25528274,1784000695
25528275,1784000707
25528276,1784000719
25528277,1784000731
25528278,1784000743
25528279,1784000755
25528280,1784000767
25528281,1784000779
25528282,1784000791
25528283,1784000803
25528284,1784000815
25528285,1784000827
25528286,1784000839
25528287,1784000851
25528288,1784000863
25528289,1784000875
25528290,1784000887
25528291,1784000900
25528292,1784000912
25528293,1784000924
25528294,1784000936
25528295,1784000948
25528296,1784000960
25528297,1784000972
25528298,1784000984
25528299,1784000996
25528300,1784001008
25528301,1784001020
25528302,1784001032
25528303,1784001044
25528304,1784001056
25528305,1784001068
25528306,1784001080
25528307,1784001092
25528308,1784001104
25528309,1784001116
25528310,1784001128
25528311,1784001141
25528312,1784001153
25528313,1784001165
25528314,1784001177
25528315,1784001189
25528316,1784001201
25528317,1784001213
25528318,1784001225
25528319,1784001237
25528320,1784001249
25528321,1784001261
25528322,1784001273
25528323,1784001285
25528324,1784001297
25528325,1784001309
25528326,1784001321
25528327,1784001333
25528328,1784001345
25528329,1784001357
25528330,1784001369
25528331,1784001382
25528332,1784001394
25528333,1784001406
25528334,1784001418
25528335,1784001430
25528336,1784001442
25528337,1784001454
25528338,1784001466
25528339,1784001478
25528340,1784001490
25528341,1784001502
25528342,1784001514
25528343,1784001526
25528344,1784001538
25528345,1784001550
25528346,1784001562
25528347,1784001574
25528348,1784001586
25528349,1784001598
25528350,1784001611
25528351,1784001623
25528352,1784001635
25528353,1784001647
25528354,1784001659
25528355,1784001671
25528356,1784001683
25528357,1784001695
25528358,1784001707
25528359,1784001719
25528360,1784001731
25528361,1784001743
25528362,1784001755
25528363,1784001767
25528364,1784001779
25528365,1784001791
25528366,1784001803
25528367,1784001815
25528368,1784001827
25528369,1784001839
25528370,1784001852
25528371,1784001864
25528372,1784001876
25528373,1784001888
25528374,1784001900
25528375,1784001912
25528376,1784001924
25528377,1784001936
25528378,1784001948
25528379,1784001960
25528380,1784001972
25528381,1784001984
25528382,1784001996
25528383,1784002008
25528384,1784002020
25528385,1784002032
25528386,1784002044
25528387,1784002056
25528388,1784002068
25528389,1784002080
25528390,1784002093
25528391,1784002105
25528392,1784002117
25528393,1784002129
25528394,1784002141
25528395,1784002153
25528396,1784002165
25528397,1784002177
25528398,1784002189
25528399,1784002201
25528400,1784002213
25528401,1784002225
25528402,1784002237
25528403,1784002249
25528404,1784002261
25528405,1784002273
25528406,1784002285
25528407,1784002297
25528408,1784002309
25528409,1784002321
25528410,1784002334
25528411,1784002346
25528412,1784002358
25528413,1784002370
25528414,1784002382
25528415,1784002394
25528416,1784002406
25528417,1784002418
25528418,1784002430
25528419,1784002442
25528420,1784002454
25528421,1784002466
25528422,1784002478
25528423,1784002490
25528424,1784002502
25528425,1784002514
25528426,1784002526
25528427,1784002538
25528428,1784002550
25528429,1784002562
25528430,1784002575
25528431,1784002587
25528432,1784002599
25528433,1784002611
25528434,1784002623
25528435,1784002635
25528436,1784002647
25528437,1784002659
25528438,1784002671
25528439,1784002683
25528440,1784002695
25528441,1784002707
25528442,1784002719
25528443,1784002731
25528444,1784002743
25528445,1784002755
25528446,1784002767
25528447,1784002779
25528448,1784002791
25528449,1784002803
25528450,1784002816
25528451,1784002828
25528452,1784002840
25528453,1784002852
25528454,1784002864
25528455,1784002876
25528456,1784002888
25528457,1784002900
25528458,1784002912
25528459,1784002924
25528460,1784002936
25528461,1784002948
25528462,1784002960
25528463,1784002972
25528464,1784002984
25528465,1784002996
25528466,1784003008
25528467,1784003020
25528468,1784003032
25528469,1784003044
25528470,1784003057
25528471,1784003069
25528472,1784003081
25528473,1784003093
25528474,1784003105
25528475,1784003117
25528476,1784003129
25528477,1784003141
25528478,1784003153
25528479,1784003165
25528480,1784003177
25528481,1784003189
25528482,1784003201
25528483,1784003213
25528484,1784003225
25528485,1784003237
25528486,1784003249
25528487,1784003261
25528488,1784003273
25528489,1784003285
25528490,1784003298
25528491,1784003310
25528492,1784003322
25528493,1784003334
25528494,1784003346
25528495,1784003358
25528496,1784003370
25528497,1784003382
25528498,1784003394
25528499,1784003406
25528500,1784003418
25528501,1784003430
25528502,1784003442
25528503,1784003454
25528504,1784003466
25528505,1784003478
25528506,1784003490
25528507,1784003502
25528508,1784003514
25528509,1784003526
25528510,1784003539
25528511,1784003551
25528512,1784003563
25528513,1784003575
25528514,1784003587
25528515,1784003599
25528516,1784003611
25528517,1784003623
25528518,1784003635
25528519,1784003647
25528520,1784003659
25528521,1784003671
25528522,1784003683
25528523,1784003695
25528524,1784003707
25528525,1784003719
25528526,1784003731
25528527,1784003743
25528528,1784003755
25528529,1784003767
25528530,1784003780
25528531,1784003792
25528532,1784003804
25528533,1784003816
25528534,1784003828
25528535,1784003840
25528536,1784003852
25528537,1784003864
25528538,1784003876
25528539,1784003888
25528540,1784003900
25528541,1784003912
25528542,1784003924
25528543,1784003936
25528544,1784003948
25528545,1784003960
25528546,1784003972
25528547,1784003984
25528548,1784003996
25528549,1784004008
25528550,1784004021
25528551,1784004033
25528552,1784004045
25528553,1784004057
25528554,1784004069
25528555,1784004081
25528556,1784004093
25528557,1784004105
25528558,1784004117
25528559,1784004129
25528560,1784004141
25528561,1784004153
25528562,1784004165
25528563,1784004177
25528564,1784004189
25528565,1784004201
25528566,1784004213
25528567,1784004225
25528568,1784004237
25528569,1784004249
25528570,1784004262
25528571,1784004274
25528572,1784004286
25528573,1784004298
25528574,1784004310
25528575,1784004322
25528576,1784004334
25528577,1784004346
25528578,1784004358
25528579,1784004370
25528580,1784004382
25528581,1784004394
25528582,1784004406
25528583,1784004418
25528584,1784004430
25528585,1784004442
25528586,1784004454
25528587,1784004466
25528588,1784004478
25528589,1784004491
25528590,1784004503
25528591,1784004515
25528592,1784004527
25528593,1784004539
25528594,1784004551
25528595,1784004563
25528596,1784004575
25528597,1784004587
25528598,1784004599
25528599,1784004611
25528600,1784004623
25528601,1784004635
25528602,1784004647
25528603,1784004659
25528604,1784004671
25528605,1784004683
25528606,1784004695
25528607,1784004707
25528608,1784004719
25528609,1784004732
25528610,1784004744
25528611,1784004756
25528612,1784004768
25528613,1784004780
25528614,1784004792
25528615,1784004804
25528616,1784004816
25528617,1784004828
25528618,1784004840
25528619,1784004852
25528620,1784004864
25528621,1784004876
25528622,1784004888
25528623,1784004900
25528624,1784004912
25528625,1784004924
25528626,1784004936
25528627,1784004948
25528628,1784004960
25528629,1784004973
25528630,1784004985
25528631,1784004997
25528632,1784005009
25528633,1784005021
25528634,1784005033
25528635,1784005045
25528636,1784005057
25528637,1784005069
25528638,1784005081
25528639,1784005093
25528640,1784005105
25528641,1784005117
25528642,1784005129
25528643,1784005141
25528644,1784005153
25528645,1784005165
25528646,1784005177
25528647,1784005189
25528648,1784005201
25528649,1784005214
25528650,1784005226
25528651,1784005238
25528652,1784005250
25528653,1784005262
25528654,1784005274
25528655,1784005286
25528656,1784005298
25528657,1784005310
25528658,1784005322
25528659,1784005334
25528660,1784005346
25528661,1784005358
25528662,1784005370
25528663,1784005382
25528664,1784005394
25528665,1784005406
25528666,1784005418
25528667,1784005430
25528668,1784005442
25528669,1784005455
25528670,1784005467
25528671,1784005479
25528672,1784005491
25528673,1784005503
25528674,1784005515
25528675,1784005527
25528676,1784005539
25528677,1784005551
25528678,1784005563
25528679,1784005575
25528680,1784005587
25528681,1784005599
25528682,1784005611
25528683,1784005623
25528684,1784005635
25528685,1784005647
25528686,1784005659
25528687,1784005671
25528688,1784005683
25528689,1784005696
25528690,1784005708
25528691,1784005720
25528692,1784005732
25528693,1784005744
25528694,1784005756
25528695,1784005768
25528696,1784005780
25528697,1784005792
25528698,1784005804
25528699,1784005816
25528700,1784005828
25528701,1784005840
25528702,1784005852
25528703,1784005864
25528704,1784005876
25528705,1784005888
25528706,1784005900
25528707,1784005912
25528708,1784005924
25528709,1784005937
25528710,1784005949
25528711,1784005961
25528712,1784005973
25528713,1784005985
25528714,1784005997
25528715,1784006009
25528716,1784006021
25528717,1784006033
25528718,1784006045
25528719,1784006057
25528720,1784006069
25528721,1784006081
25528722,1784006093
25528723,1784006105
25528724,1784006117
25528725,1784006129
25528726,1784006141
25528727,1784006153
25528728,1784006165
25528729,1784006178
25528730,1784006190
25528731,1784006202
25528732,1784006214
25528733,1784006226
25528734,1784006238
25528735,1784006250
25528736,1784006262
25528737,1784006274
25528738,1784006286
25528739,1784006298
25528740,1784006310
25528741,1784006322
25528742,1784006334
25528743,1784006346
25528744,1784006358
25528745,1784006370
25528746,1784006382
25528747,1784006394
25528748,1784006406
25528749,1784006419
25528750,1784006431
25528751,1784006443
25528752,1784006455
25528753,1784006467
25528754,1784006479
25528755,1784006491
25528756,1784006503
25528757,1784006515
25528758,1784006527
25528759,1784006539
25528760,1784006551
25528761,1784006563
25528762,1784006575
25528763,1784006587
25528764,1784006599
25528765,1784006611
25528766,1784006623
25528767,1784006635
25528768,1784006647
25528769,1784006660
25528770,1784006672
25528771,1784006684
25528772,1784006696
25528773,1784006708
25528774,1784006720
25528775,1784006732
25528776,1784006744
25528777,1784006756
25528778,1784006768
25528779,1784006780
25528780,1784006792
25528781,1784006804
25528782,1784006816
25528783,1784006828
25528784,1784006840
25528785,1784006852
25528786,1784006864
25528787,1784006876
25528788,1784006888
25528789,1784006901
25528790,1784006913
25528791,1784006925
25528792,1784006937
25528793,1784006949
25528794,1784006961
25528795,1784006973
25528796,1784006985
25528797,1784006997
25528798,1784007009
25528799,1784007021
25528800,1784007033
25528801,1784007045
25528802,1784007057
25528803,1784007069
25528804,1784007081
25528805,1784007093
25528806,1784007105
25528807,1784007117
25528808,1784007129
25528809,1784007142
25528810,1784007154
25528811,1784007166
25528812,1784007178
25528813,1784007190
25528814,1784007202
25528815,1784007214
25528816,1784007226
25528817,1784007238
25528818,1784007250
25528819,1784007262
25528820,1784007274
25528821,1784007286
25528822,1784007298
25528823,1784007310
25528824,1784007322
25528825,1784007334
25528826,1784007346
25528827,1784007358
25528828,1784007371
25528829,1784007383
25528830,1784007395
25528831,1784007407
25528832,1784007419
25528833,1784007431
25528834,1784007443
25528835,1784007455
25528836,1784007467
25528837,1784007479
25528838,1784007491
25528839,1784007503
25528840,1784007515
25528841,1784007527
25528842,1784007539
25528843,1784007551
25528844,1784007563
25528845,1784007575
25528846,1784007587
25528847,1784007599
25528848,1784007612
25528849,1784007624
25528850,1784007636
25528851,1784007648
25528852,1784007660
25528853,1784007672
25528854,1784007684
25528855,1784007696
25528856,1784007708
25528857,1784007720
25528858,1784007732
25528859,1784007744
25528860,1784007756
25528861,1784007768
25528862,1784007780
25528863,1784007792
25528864,1784007804
25528865,1784007816
25528866,1784007828
25528867,1784007840
25528868,1784007853
25528869,1784007865
25528870,1784007877
25528871,1784007889
25528872,1784007901
25528873,1784007913
25528874,1784007925
25528875,1784007937
25528876,1784007949
25528877,1784007961
25528878,1784007973
25528879,1784007985
25528880,1784007997
25528881,1784008009
25528882,1784008021
25528883,1784008033
25528884,1784008045
25528885,1784008057
25528886,1784008069
25528887,1784008081
25528888,1784008094
25528889,1784008106
25528890,1784008118
25528891,1784008130
25528892,1784008142
25528893,1784008154
25528894,1784008166
25528895,1784008178
25528896,1784008190
25528897,1784008202
25528898,1784008214
25528899,1784008226
25528900,1784008238
25528901,1784008250
25528902,1784008262
25528903,1784008274
25528904,1784008286
25528905,1784008298
25528906,1784008310
25528907,1784008322
25528908,1784008335
25528909,1784008347
25528910,1784008359
25528911,1784008371
25528912,1784008383
25528913,1784008395
25528914,1784008407
25528915,1784008419
25528916,1784008431
25528917,1784008443
25528918,1784008455
25528919,1784008467
25528920,1784008479
25528921,1784008491
25528922,1784008503
25528923,1784008515
25528924,1784008527
25528925,1784008539
25528926,1784008551
25528927,1784008563
25528928,1784008576
25528929,1784008588
25528930,1784008600
25528931,1784008612
25528932,1784008624
25528933,1784008636
25528934,1784008648
25528935,1784008660
25528936,1784008672
25528937,1784008684
25528938,1784008696
25528939,1784008708
25528940,1784008720
25528941,1784008732
25528942,1784008744
25528943,1784008756
25528944,1784008768
25528945,1784008780
25528946,1784008792
25528947,1784008804
25528948,1784008817
25528949,1784008829
25528950,1784008841
25528951,1784008853
25528952,1784008865
25528953,1784008877
25528954,1784008889
25528955,1784008901
25528956,1784008913
25528957,1784008925
25528958,1784008937
25528959,1784008949
25528960,1784008961
25528961,1784008973
25528962,1784008985
25528963,1784008997
25528964,1784009009
25528965,1784009021
25528966,1784009033
25528967,1784009045
25528968,1784009058
25528969,1784009070
25528970,1784009082
25528971,1784009094
25528972,1784009106
25528973,1784009118
25528974,1784009130
25528975,1784009142
25528976,1784009154
25528977,1784009166
25528978,1784009178
25528979,1784009190
25528980,1784009202
25528981,1784009214
25528982,1784009226
25528983,1784009238
25528984,1784009250
25528985,1784009262
25528986,1784009274
25528987,1784009286
25528988,1784009299
25528989,1784009311
25528990,1784009323
25528991,1784009335
25528992,1784009347
25528993,1784009359
25528994,1784009371
25528995,1784009383
25528996,1784009395
25528997,1784009407
25528998,1784009419
25528999,1784009431
25529000,1784009443
25529001,1784009455
25529002,1784009467
25529003,1784009479
25529004,1784009491
25529005,1784009503
25529006,1784009515
25529007,1784009527
25529008,1784009540
25529009,1784009552
25529010,1784009564
25529011,1784009576
25529012,1784009588
25529013,1784009600
25529014,1784009612
25529015,1784009624
25529016,1784009636
25529017,1784009648
25529018,1784009660
25529019,1784009672
25529020,1784009684
25529021,1784009696
25529022,1784009708
25529023,1784009720
25529024,1784009732
25529025,1784009744
25529026,1784009756
25529027,1784009768
25529028,1784009781
25529029,1784009793
25529030,1784009805
25529031,1784009817
25529032,1784009829
25529033,1784009841
25529034,1784009853
25529035,1784009865
25529036,1784009877
25529037,1784009889
25529038,1784009901
25529039,1784009913
25529040,1784009925
25529041,1784009937
25529042,1784009949
25529043,1784009961
25529044,1784009973
25529045,1784009985
25529046,1784009997
25529047,1784010009
25529048,1784010022
25529049,1784010034
25529050,1784010046
25529051,1784010058
25529052,1784010070
25529053,1784010082
25529054,1784010094
25529055,1784010106
25529056,1784010118
25529057,1784010130
25529058,1784010142
25529059,1784010154
25529060,1784010166
25529061,1784010178
25529062,1784010190
25529063,1784010202
25529064,1784010214
25529065,1784010226
25529066,1784010238
25529067,1784010251
25529068,1784010263
25529069,1784010275
25529070,1784010287
25529071,1784010299
25529072,1784010311
25529073,1784010323
25529074,1784010335
25529075,1784010347
25529076,1784010359
25529077,1784010371
25529078,1784010383
25529079,1784010395
25529080,1784010407
25529081,1784010419
25529082,1784010431
25529083,1784010443
25529084,1784010455
25529085,1784010467
25529086,1784010479
25529087,1784010492
25529088,1784010504
25529089,1784010516
25529090,1784010528
25529091,1784010540
25529092,1784010552
25529093,1784010564
25529094,1784010576
25529095,1784010588
25529096,1784010600
25529097,1784010612
25529098,1784010624
25529099,1784010636
25529100,1784010648
25529101,1784010660
25529102,1784010672
25529103,1784010684
25529104,1784010696
25529105,1784010708
25529106,1784010720
25529107,1784010733
25529108,1784010745
25529109,1784010757
25529110,1784010769
25529111,1784010781
25529112,1784010793
25529113,1784010805
25529114,1784010817
25529115,1784010829
25529116,1784010841
25529117,1784010853
25529118,1784010865
25529119,1784010877
25529120,1784010889
25529121,1784010901
25529122,1784010913
25529123,1784010925
25529124,1784010937
25529125,1784010949
25529126,1784010961
25529127,1784010974
25529128,1784010986
25529129,1784010998
25529130,1784011010
25529131,1784011022
25529132,1784011034
25529133,1784011046
25529134,1784011058
25529135,1784011070
25529136,1784011082
25529137,1784011094
25529138,1784011106
25529139,1784011118
25529140,1784011130
25529141,1784011142
25529142,1784011154
25529143,1784011166
25529144,1784011178
25529145,1784011190
25529146,1784011202
25529147,1784011215
25529148,1784011227
25529149,1784011239
25529150,1784011251
25529151,1784011263
25529152,1784011275
25529153,1784011287
25529154,1784011299
25529155,1784011311
25529156,1784011323
25529157,1784011335
25529158,1784011347
25529159,1784011359
25529160,1784011371
25529161,1784011383
25529162,1784011395
25529163,1784011407
25529164,1784011419
25529165,1784011431
25529166,1784011443
25529167,1784011456
25529168,1784011468
25529169,1784011480
25529170,1784011492
25529171,1784011504
25529172,1784011516
25529173,1784011528
25529174,1784011540
25529175,1784011552
25529176,1784011564
25529177,1784011576
25529178,1784011588
25529179,1784011600
25529180,1784011612
25529181,1784011624
25529182,1784011636
25529183,1784011648
25529184,1784011660
25529185,1784011672
25529186,1784011684
25529187,1784011697
25529188,1784011709
25529189,1784011721
25529190,1784011733
25529191,1784011745
25529192,1784011757
25529193,1784011769
25529194,1784011781
25529195,1784011793
25529196,1784011805
25529197,1784011817
25529198,1784011829
25529199,1784011841
25529200,1784011853
25529201,1784011865
25529202,1784011877
25529203,1784011889
25529204,1784011901
25529205,1784011913
25529206,1784011925
25529207,1784011938
25529208,1784011950
25529209,1784011962
25529210,1784011974
25529211,1784011986
25529212,1784011998
25529213,1784012010
25529214,1784012022
25529215,1784012034
25529216,1784012046
25529217,1784012058
25529218,1784012070
25529219,1784012082
25529220,1784012094
25529221,1784012106
25529222,1784012118
25529223,1784012130
25529224,1784012142
25529225,1784012154
25529226,1784012166
25529227,1784012179
25529228,1784012191
25529229,1784012203
25529230,1784012215
25529231,1784012227
25529232,1784012239
25529233,1784012251
25529234,1784012263
25529235,1784012275
25529236,1784012287
25529237,1784012299
25529238,1784012311
25529239,1784012323
25529240,1784012335
25529241,1784012347
25529242,1784012359
25529243,1784012371
25529244,1784012383
25529245,1784012395
25529246,1784012407
25529247,1784012420
25529248,1784012432
25529249,1784012444
25529250,1784012456
25529251,1784012468
25529252,1784012480
25529253,1784012492
25529254,1784012504
25529255,1784012516
25529256,1784012528
25529257,1784012540
25529258,1784012552
25529259,1784012564
25529260,1784012576
25529261,1784012588
25529262,1784012600
25529263,1784012612
25529264,1784012624
25529265,1784012636
25529266,1784012648
25529267,1784012661
25529268,1784012673
25529269,1784012685
25529270,1784012697
25529271,1784012709
25529272,1784012721
25529273,1784012733
25529274,1784012745
25529275,1784012757
25529276,1784012769
25529277,1784012781
25529278,1784012793
25529279,1784012805
25529280,1784012817
25529281,1784012829
25529282,1784012841
25529283,1784012853
25529284,1784012865
25529285,1784012877
25529286,1784012889
25529287,1784012902
25529288,1784012914
25529289,1784012926
25529290,1784012938
25529291,1784012950
25529292,1784012962
25529293,1784012974
25529294,1784012986
25529295,1784012998
25529296,1784013010
25529297,1784013022
25529298,1784013034
25529299,1784013046
25529300,1784013058
25529301,1784013070
25529302,1784013082
25529303,1784013094
25529304,1784013106
25529305,1784013118
25529306,1784013131
25529307,1784013143
25529308,1784013155
25529309,1784013167
25529310,1784013179
25529311,1784013191
25529312,1784013203
25529313,1784013215
25529314,1784013227
25529315,1784013239
25529316,1784013251
25529317,1784013263
25529318,1784013275
25529319,1784013287
25529320,1784013299
25529321,1784013311
25529322,1784013323
25529323,1784013335
25529324,1784013347
25529325,1784013359
25529326,1784013372
25529327,1784013384
25529328,1784013396
25529329,1784013408
25529330,1784013420
25529331,1784013432
25529332,1784013444
25529333,1784013456
25529334,1784013468
25529335,1784013480
25529336,1784013492
25529337,1784013504
25529338,1784013516
25529339,1784013528
25529340,1784013540
25529341,1784013552
25529342,1784013564
25529343,1784013576
25529344,1784013588
25529345,1784013600
25529346,1784013613
25529347,1784013625
25529348,1784013637
25529349,1784013649
25529350,1784013661
25529351,1784013673
25529352,1784013685
25529353,1784013697
25529354,1784013709
25529355,1784013721
25529356,1784013733
25529357,1784013745
25529358,1784013757
25529359,1784013769
25529360,1784013781
25529361,1784013793
25529362,1784013805
25529363,1784013817
25529364,1784013829
25529365,1784013841
25529366,1784013854
25529367,1784013866
25529368,1784013878
25529369,1784013890
25529370,1784013902
25529371,1784013914
25529372,1784013926
25529373,1784013938
25529374,1784013950
25529375,1784013962
25529376,1784013974
25529377,1784013986
25529378,1784013998
25529379,1784014010
25529380,1784014022
25529381,1784014034
25529382,1784014046
25529383,1784014058
25529384,1784014070
25529385,1784014082
25529386,1784014095
25529387,1784014107
25529388,1784014119
25529389,1784014131
25529390,1784014143
25529391,1784014155
25529392,1784014167
25529393,1784014179
25529394,1784014191
25529395,1784014203
25529396,1784014215
25529397,1784014227
25529398,1784014239
25529399,1784014251
25529400,1784014263
25529401,1784014275
25529402,1784014287
25529403,1784014299
25529404,1784014311
25529405,1784014323
25529406,1784014336
25529407,1784014348
25529408,1784014360
25529409,1784014372
25529410,1784014384
25529411,1784014396
25529412,1784014408
25529413,1784014420
25529414,1784014432
25529415,1784014444
25529416,1784014456
25529417,1784014468
25529418,1784014480
25529419,1784014492
25529420,1784014504
25529421,1784014516
25529422,1784014528
25529423,1784014540
25529424,1784014552
25529425,1784014564
25529426,1784014577
25529427,1784014589
25529428,1784014601
25529429,1784014613
25529430,1784014625
25529431,1784014637
25529432,1784014649
25529433,1784014661
25529434,1784014673
25529435,1784014685
25529436,1784014697
25529437,1784014709
25529438,1784014721
25529439,1784014733
25529440,1784014745
25529441,1784014757
25529442,1784014769
25529443,1784014781
25529444,1784014793
25529445,1784014805
25529446,1784014818
25529447,1784014830
25529448,1784014842
25529449,1784014854
25529450,1784014866
25529451,1784014878
25529452,1784014890
25529453,1784014902
25529454,1784014914
25529455,1784014926
25529456,1784014938
25529457,1784014950
25529458,1784014962
25529459,1784014974
25529460,1784014986
25529461,1784014998
25529462,1784015010
25529463,1784015022
25529464,1784015034
25529465,1784015046
25529466,1784015059
25529467,1784015071
25529468,1784015083
25529469,1784015095
25529470,1784015107
25529471,1784015119
25529472,1784015131
25529473,1784015143
25529474,1784015155
25529475,1784015167
25529476,1784015179
25529477,1784015191
25529478,1784015203
25529479,1784015215
25529480,1784015227
25529481,1784015239
25529482,1784015251
25529483,1784015263
25529484,1784015275
25529485,1784015287
25529486,1784015300
25529487,1784015312
25529488,1784015324
25529489,1784015336
25529490,1784015348
25529491,1784015360
25529492,1784015372
25529493,1784015384
25529494,1784015396
25529495,1784015408
25529496,1784015420
25529497,1784015432
25529498,1784015444
25529499,1784015456
25529500,1784015468
25529501,1784015480
25529502,1784015492
25529503,1784015504
25529504,1784015516
25529505,1784015528
25529506,1784015541
25529507,1784015553
25529508,1784015565
25529509,1784015577
25529510,1784015589
25529511,1784015601
25529512,1784015613
25529513,1784015625
25529514,1784015637
25529515,1784015649
25529516,1784015661
25529517,1784015673
25529518,1784015685
25529519,1784015697
25529520,1784015709
25529521,1784015721
25529522,1784015733
25529523,1784015745
25529524,1784015757
25529525,1784015769
25529526,1784015782
25529527,1784015794
25529528,1784015806
25529529,1784015818
25529530,1784015830
25529531,1784015842
25529532,1784015854
25529533,1784015866
25529534,1784015878
25529535,1784015890
25529536,1784015902
25529537,1784015914
25529538,1784015926
25529539,1784015938
25529540,1784015950
25529541,1784015962
25529542,1784015974
25529543,1784015986
25529544,1784015998
25529545,1784016011
25529546,1784016023
25529547,1784016035
25529548,1784016047
25529549,1784016059
25529550,1784016071
25529551,1784016083
25529552,1784016095
25529553,1784016107
25529554,1784016119
25529555,1784016131
25529556,1784016143
25529557,1784016155
25529558,1784016167
25529559,1784016179
25529560,1784016191
25529561,1784016203
25529562,1784016215
25529563,1784016227
25529564,1784016239
25529565,1784016252
25529566,1784016264
25529567,1784016276
25529568,1784016288
25529569,1784016300
25529570,1784016312
25529571,1784016324
25529572,1784016336
25529573,1784016348
25529574,1784016360
25529575,1784016372
25529576,1784016384
25529577,1784016396
25529578,1784016408
25529579,1784016420
25529580,1784016432
25529581,1784016444
25529582,1784016456
25529583,1784016468
25529584,1784016480
25529585,1784016493
25529586,1784016505
25529587,1784016517
25529588,1784016529
25529589,1784016541
25529590,1784016553
25529591,1784016565
25529592,1784016577
25529593,1784016589
25529594,1784016601
25529595,1784016613
25529596,1784016625
25529597,1784016637
25529598,1784016649
25529599,1784016661
25529600,1784016673
25529601,1784016685
25529602,1784016697
25529603,1784016709
25529604,1784016721
25529605,1784016734
25529606,1784016746
25529607,1784016758
25529608,1784016770
25529609,1784016782
25529610,1784016794
25529611,1784016806
25529612,1784016818
25529613,1784016830
25529614,1784016842
25529615,1784016854
25529616,1784016866
25529617,1784016878
25529618,1784016890
25529619,1784016902
25529620,1784016914
25529621,1784016926
25529622,1784016938
25529623,1784016950
25529624,1784016962
25529625,1784016975
25529626,1784016987
25529627,1784016999
25529628,1784017011
25529629,1784017023
25529630,1784017035
25529631,1784017047
25529632,1784017059
25529633,1784017071
25529634,1784017083
25529635,1784017095
25529636,1784017107
25529637,1784017119
25529638,1784017131
25529639,1784017143
25529640,1784017155
25529641,1784017167
25529642,1784017179
25529643,1784017191
25529644,1784017203
25529645,1784017216
25529646,1784017228
25529647,1784017240
25529648,1784017252
25529649,1784017264
25529650,1784017276
25529651,1784017288
25529652,1784017300
25529653,1784017312
25529654,1784017324
25529655,1784017336
25529656,1784017348
25529657,1784017360
25529658,1784017372
25529659,1784017384
25529660,1784017396
25529661,1784017408
25529662,1784017420
25529663,1784017432
25529664,1784017444
25529665,1784017457
25529666,1784017469
25529667,1784017481
25529668,1784017493
25529669,1784017505
25529670,1784017517
25529671,1784017529
25529672,1784017541
25529673,1784017553
25529674,1784017565
25529675,1784017577
25529676,1784017589
25529677,1784017601
25529678,1784017613
25529679,1784017625
25529680,1784017637
25529681,1784017649
25529682,1784017661
25529683,1784017673
25529684,1784017685
25529685,1784017698
25529686,1784017710
25529687,1784017722
25529688,1784017734
25529689,1784017746
25529690,1784017758
25529691,1784017770
25529692,1784017782
25529693,1784017794
25529694,1784017806
25529695,1784017818
25529696,1784017830
25529697,1784017842
25529698,1784017854
25529699,1784017866
25529700,1784017878
25529701,1784017890
25529702,1784017902
25529703,1784017914
25529704,1784017926
25529705,1784017939
25529706,1784017951
25529707,1784017963
25529708,1784017975
25529709,1784017987
25529710,1784017999
25529711,1784018011
25529712,1784018023
25529713,1784018035
25529714,1784018047
25529715,1784018059
25529716,1784018071
25529717,1784018083
25529718,1784018095
25529719,1784018107
25529720,1784018119
25529721,1784018131
25529722,1784018143
25529723,1784018155
25529724,1784018167
25529725,1784018180
25529726,1784018192
25529727,1784018204
25529728,1784018216
25529729,1784018228
25529730,1784018240
25529731,1784018252
25529732,1784018264
25529733,1784018276
25529734,1784018288
25529735,1784018300
25529736,1784018312
25529737,1784018324
25529738,1784018336
25529739,1784018348
25529740,1784018360
25529741,1784018372
25529742,1784018384
25529743,1784018396
25529744,1784018408
25529745,1784018421
25529746,1784018433
25529747,1784018445
25529748,1784018457
25529749,1784018469
25529750,1784018481
25529751,1784018493
25529752,1784018505
25529753,1784018517
25529754,1784018529
25529755,1784018541
25529756,1784018553
25529757,1784018565
25529758,1784018577
25529759,1784018589
25529760,1784018601
25529761,1784018613
25529762,1784018625
25529763,1784018637
25529764,1784018649
25529765,1784018662
25529766,1784018674
25529767,1784018686
25529768,1784018698
25529769,1784018710
25529770,1784018722
25529771,1784018734
25529772,1784018746
25529773,1784018758
25529774,1784018770
25529775,1784018782
25529776,1784018794
25529777,1784018806
25529778,1784018818
25529779,1784018830
25529780,1784018842
25529781,1784018854
25529782,1784018866
25529783,1784018878
25529784,1784018891
25529785,1784018903
25529786,1784018915
25529787,1784018927
25529788,1784018939
25529789,1784018951
25529790,1784018963
25529791,1784018975
25529792,1784018987
25529793,1784018999
25529794,1784019011
25529795,1784019023
25529796,1784019035
25529797,1784019047
25529798,1784019059
25529799,1784019071
25529800,1784019083
25529801,1784019095
25529802,1784019107
25529803,1784019119
25529804,1784019132
25529805,1784019144
25529806,1784019156
25529807,1784019168
25529808,1784019180
25529809,1784019192
25529810,1784019204
25529811,1784019216
25529812,1784019228
25529813,1784019240
25529814,1784019252
25529815,1784019264
25529816,1784019276
25529817,1784019288
25529818,1784019300
25529819,1784019312
25529820,1784019324
25529821,1784019336
25529822,1784019348
25529823,1784019360
25529824,1784019373
25529825,1784019385
25529826,1784019397
25529827,1784019409
25529828,1784019421
25529829,1784019433
25529830,1784019445
25529831,1784019457
25529832,1784019469
25529833,1784019481
25529834,1784019493
25529835,1784019505
25529836,1784019517
25529837,1784019529
25529838,1784019541
25529839,1784019553
25529840,1784019565
25529841,1784019577
25529842,1784019589
25529843,1784019601
25529844,1784019614
25529845,1784019626
25529846,1784019638
25529847,1784019650
25529848,1784019662
25529849,1784019674
25529850,1784019686
25529851,1784019698
25529852,1784019710
25529853,1784019722
25529854,1784019734
25529855,1784019746
25529856,1784019758
25529857,1784019770
25529858,1784019782
25529859,1784019794
25529860,1784019806
25529861,1784019818
25529862,1784019830
25529863,1784019842
25529864,1784019855
25529865,1784019867
25529866,1784019879
25529867,1784019891
25529868,1784019903
25529869,1784019915
25529870,1784019927
25529871,1784019939
25529872,1784019951
25529873,1784019963
25529874,1784019975
25529875,1784019987
25529876,1784019999
25529877,1784020011
25529878,1784020023
25529879,1784020035
25529880,1784020047
25529881,1784020059
25529882,1784020071
25529883,1784020083
25529884,1784020096
25529885,1784020108
25529886,1784020120
25529887,1784020132
25529888,1784020144
25529889,1784020156
25529890,1784020168
25529891,1784020180
25529892,1784020192
25529893,1784020204
25529894,1784020216
25529895,1784020228
25529896,1784020240
25529897,1784020252
25529898,1784020264
25529899,1784020276
25529900,1784020288
25529901,1784020300
25529902,1784020312
25529903,1784020324
25529904,1784020337
25529905,1784020349
25529906,1784020361
25529907,1784020373
25529908,1784020385
25529909,1784020397
25529910,1784020409
25529911,1784020421
25529912,1784020433
25529913,1784020445
25529914,1784020457
25529915,1784020469
25529916,1784020481
25529917,1784020493
25529918,1784020505
25529919,1784020517
25529920,1784020529
25529921,1784020541
25529922,1784020553
25529923,1784020565
25529924,1784020578
25529925,1784020590
25529926,1784020602
25529927,1784020614
25529928,1784020626
25529929,1784020638
25529930,1784020650
25529931,1784020662
25529932,1784020674
25529933,1784020686
25529934,1784020698
25529935,1784020710
25529936,1784020722
25529937,1784020734
25529938,1784020746
25529939,1784020758
25529940,1784020770
25529941,1784020782
25529942,1784020794
25529943,1784020806
25529944,1784020819
25529945,1784020831
25529946,1784020843
25529947,1784020855
25529948,1784020867
25529949,1784020879
25529950,1784020891
25529951,1784020903
25529952,1784020915
25529953,1784020927
25529954,1784020939
25529955,1784020951
25529956,1784020963
25529957,1784020975
25529958,1784020987
25529959,1784020999
25529960,1784021011
25529961,1784021023
25529962,1784021035
25529963,1784021047
25529964,1784021060
25529965,1784021072
25529966,1784021084
25529967,1784021096
25529968,1784021108
25529969,1784021120
25529970,1784021132
25529971,1784021144
25529972,1784021156
25529973,1784021168
25529974,1784021180
25529975,1784021192
25529976,1784021204
25529977,1784021216
25529978,1784021228
25529979,1784021240
25529980,1784021252
25529981,1784021264
25529982,1784021276
25529983,1784021288
25529984,1784021301
25529985,1784021313
25529986,1784021325
25529987,1784021337
25529988,1784021349
25529989,1784021361
25529990,1784021373
25529991,1784021385
25529992,1784021397
25529993,1784021409
25529994,1784021421
25529995,1784021433
25529996,1784021445
25529997,1784021457
25529998,1784021469
25529999,1784021481
25530000,1784021493
25530001,1784021505
25530002,1784021517
25530003,1784021529
25530004,1784021542
25530005,1784021554
25530006,1784021566
25530007,1784021578
25530008,1784021590
25530009,1784021602
25530010,1784021614
25530011,1784021626
25530012,1784021638
25530013,1784021650
25530014,1784021662
25530015,1784021674
25530016,1784021686
25530017,1784021698
25530018,1784021710
25530019,1784021722
25530020,1784021734
25530021,1784021746
25530022,1784021758
25530023,1784021771
25530024,1784021783
25530025,1784021795
25530026,1784021807
25530027,1784021819
25530028,1784021831
25530029,1784021843
25530030,1784021855
25530031,1784021867
25530032,1784021879
25530033,1784021891
25530034,1784021903
25530035,1784021915
25530036,1784021927
25530037,1784021939
25530038,1784021951
25530039,1784021963
25530040,1784021975
25530041,1784021987
25530042,1784021999
25530043,1784022012
25530044,1784022024
25530045,1784022036
25530046,1784022048
25530047,1784022060
25530048,1784022072
25530049,1784022084
25530050,1784022096
25530051,1784022108
25530052,1784022120
25530053,1784022132
25530054,1784022144
25530055,1784022156
25530056,1784022168
25530057,1784022180
25530058,1784022192
25530059,1784022204
25530060,1784022216
25530061,1784022228
25530062,1784022240
25530063,1784022253
25530064,1784022265
25530065,1784022277
25530066,1784022289
25530067,1784022301
25530068,1784022313
25530069,1784022325
25530070,1784022337
25530071,1784022349
25530072,1784022361
25530073,1784022373
25530074,1784022385
25530075,1784022397
25530076,1784022409
25530077,1784022421
25530078,1784022433
25530079,1784022445
25530080,1784022457
25530081,1784022469
25530082,1784022481
25530083,1784022494
25530084,1784022506
25530085,1784022518
25530086,1784022530
25530087,1784022542
25530088,1784022554
25530089,1784022566
25530090,1784022578
25530091,1784022590
25530092,1784022602
25530093,1784022614
25530094,1784022626
25530095,1784022638
25530096,1784022650
25530097,1784022662
25530098,1784022674
25530099,1784022686
25530100,1784022698
25530101,1784022710
25530102,1784022722
25530103,1784022735
25530104,1784022747
25530105,1784022759
25530106,1784022771
25530107,1784022783
25530108,1784022795
25530109,1784022807
25530110,1784022819
25530111,1784022831
25530112,1784022843
25530113,1784022855
25530114,1784022867
25530115,1784022879
25530116,1784022891
25530117,1784022903
25530118,1784022915
25530119,1784022927
25530120,1784022939
25530121,1784022951
25530122,1784022963
25530123,1784022976
25530124,1784022988
25530125,1784023000
25530126,1784023012
25530127,1784023024
25530128,1784023036
25530129,1784023048
25530130,1784023060
25530131,1784023072
25530132,1784023084
25530133,1784023096
25530134,1784023108
25530135,1784023120
25530136,1784023132
25530137,1784023144
25530138,1784023156
25530139,1784023168
25530140,1784023180
25530141,1784023192
25530142,1784023204
25530143,1784023217
25530144,1784023229
25530145,1784023241
25530146,1784023253
25530147,1784023265
25530148,1784023277
25530149,1784023289
25530150,1784023301
25530151,1784023313
25530152,1784023325
25530153,1784023337
25530154,1784023349
25530155,1784023361
25530156,1784023373
25530157,1784023385
25530158,1784023397
25530159,1784023409
25530160,1784023421
25530161,1784023433
25530162,1784023445
25530163,1784023458
25530164,1784023470
25530165,1784023482
25530166,1784023494
25530167,1784023506
25530168,1784023518
25530169,1784023530
25530170,1784023542
25530171,1784023554
25530172,1784023566
25530173,1784023578
25530174,1784023590
25530175,1784023602
25530176,1784023614
25530177,1784023626
25530178,1784023638
25530179,1784023650
25530180,1784023662
25530181,1784023674
25530182,1784023686
25530183,1784023699
25530184,1784023711
25530185,1784023723
25530186,1784023735
25530187,1784023747
25530188,1784023759
25530189,1784023771
25530190,1784023783
25530191,1784023795
25530192,1784023807
25530193,1784023819
25530194,1784023831
25530195,1784023843
25530196,1784023855
25530197,1784023867
25530198,1784023879
25530199,1784023891
25530200,1784023903
25530201,1784023915
25530202,1784023927
25530203,1784023940
25530204,1784023952
25530205,1784023964
25530206,1784023976
25530207,1784023988
25530208,1784024000
25530209,1784024012
25530210,1784024024
25530211,1784024036
25530212,1784024048
25530213,1784024060
25530214,1784024072
25530215,1784024084
25530216,1784024096
25530217,1784024108
25530218,1784024120
25530219,1784024132
25530220,1784024144
25530221,1784024156
25530222,1784024168
25530223,1784024181
25530224,1784024193
25530225,1784024205
25530226,1784024217
25530227,1784024229
25530228,1784024241
25530229,1784024253
25530230,1784024265
25530231,1784024277
25530232,1784024289
25530233,1784024301
25530234,1784024313
25530235,1784024325
25530236,1784024337
25530237,1784024349
25530238,1784024361
25530239,1784024373
25530240,1784024385
25530241,1784024397
25530242,1784024409
25530243,1784024422
25530244,1784024434
25530245,1784024446
25530246,1784024458
25530247,1784024470
25530248,1784024482
25530249,1784024494
25530250,1784024506
25530251,1784024518
25530252,1784024530
25530253,1784024542
25530254,1784024554
25530255,1784024566
25530256,1784024578
25530257,1784024590
25530258,1784024602
25530259,1784024614
25530260,1784024626
25530261,1784024638
25530262,1784024651
25530263,1784024663
25530264,1784024675
25530265,1784024687
25530266,1784024699
25530267,1784024711
25530268,1784024723
25530269,1784024735
25530270,1784024747
25530271,1784024759
25530272,1784024771
25530273,1784024783
25530274,1784024795
25530275,1784024807
25530276,1784024819
25530277,1784024831
25530278,1784024843
25530279,1784024855
25530280,1784024867
25530281,1784024879
25530282,1784024892
25530283,1784024904
25530284,1784024916
25530285,1784024928
25530286,1784024940
25530287,1784024952
25530288,1784024964
25530289,1784024976
25530290,1784024988
25530291,1784025000
25530292,1784025012
25530293,1784025024
25530294,1784025036
25530295,1784025048
25530296,1784025060
25530297,1784025072
25530298,1784025084
25530299,1784025096
25530300,1784025108
25530301,1784025120
25530302,1784025133
25530303,1784025145
25530304,1784025157
25530305,1784025169
25530306,1784025181
25530307,1784025193
25530308,1784025205
25530309,1784025217
25530310,1784025229
25530311,1784025241
25530312,1784025253
25530313,1784025265
25530314,1784025277
25530315,1784025289
25530316,1784025301
25530317,1784025313
25530318,1784025325
25530319,1784025337
25530320,1784025349
25530321,1784025361
25530322,1784025374
25530323,1784025386
25530324,1784025398
25530325,1784025410
25530326,1784025422
25530327,1784025434
25530328,1784025446
25530329,1784025458
25530330,1784025470
25530331,1784025482
25530332,1784025494
25530333,1784025506
25530334,1784025518
25530335,1784025530
25530336,1784025542
25530337,1784025554
25530338,1784025566
25530339,1784025578
25530340,1784025590
25530341,1784025602
25530342,1784025615
25530343,1784025627
25530344,1784025639
25530345,1784025651
25530346,1784025663
25530347,1784025675
25530348,1784025687
25530349,1784025699
25530350,1784025711
25530351,1784025723
25530352,1784025735
25530353,1784025747
25530354,1784025759
25530355,1784025771
25530356,1784025783
25530357,1784025795
25530358,1784025807
25530359,1784025819
25530360,1784025831
25530361,1784025843
25530362,1784025856
25530363,1784025868
25530364,1784025880
25530365,1784025892
25530366,1784025904
25530367,1784025916
25530368,1784025928
25530369,1784025940
25530370,1784025952
25530371,1784025964
25530372,1784025976
25530373,1784025988
25530374,1784026000
25530375,1784026012
25530376,1784026024
25530377,1784026036
25530378,1784026048
25530379,1784026060
25530380,1784026072
25530381,1784026084
25530382,1784026097
25530383,1784026109
25530384,1784026121
25530385,1784026133
25530386,1784026145
25530387,1784026157
25530388,1784026169
25530389,1784026181
25530390,1784026193
25530391,1784026205
25530392,1784026217
25530393,1784026229
25530394,1784026241
25530395,1784026253
25530396,1784026265
25530397,1784026277
25530398,1784026289
25530399,1784026301
25530400,1784026313
25530401,1784026325
25530402,1784026338
25530403,1784026350
25530404,1784026362
25530405,1784026374
25530406,1784026386
25530407,1784026398
25530408,1784026410
25530409,1784026422
25530410,1784026434
25530411,1784026446
25530412,1784026458
25530413,1784026470
25530414,1784026482
25530415,1784026494
25530416,1784026506
25530417,1784026518
25530418,1784026530
25530419,1784026542
25530420,1784026554
25530421,1784026566
25530422,1784026579
25530423,1784026591
25530424,1784026603
25530425,1784026615
25530426,1784026627
25530427,1784026639
25530428,1784026651
25530429,1784026663
25530430,1784026675
25530431,1784026687
25530432,1784026699
25530433,1784026711
25530434,1784026723
25530435,1784026735
25530436,1784026747
25530437,1784026759
25530438,1784026771
25530439,1784026783
25530440,1784026795
25530441,1784026807
25530442,1784026820
25530443,1784026832
25530444,1784026844
25530445,1784026856
25530446,1784026868
25530447,1784026880
25530448,1784026892
25530449,1784026904
25530450,1784026916
25530451,1784026928
25530452,1784026940
25530453,1784026952
25530454,1784026964
25530455,1784026976
25530456,1784026988
25530457,1784027000
25530458,1784027012
25530459,1784027024
25530460,1784027036
25530461,1784027048
25530462,1784027061
25530463,1784027073
25530464,1784027085
25530465,1784027097
25530466,1784027109
25530467,1784027121
25530468,1784027133
25530469,1784027145
25530470,1784027157
25530471,1784027169
25530472,1784027181
25530473,1784027193
25530474,1784027205
25530475,1784027217
25530476,1784027229
25530477,1784027241
25530478,1784027253
25530479,1784027265
25530480,1784027277
25530481,1784027289
25530482,1784027302
25530483,1784027314
25530484,1784027326
25530485,1784027338
25530486,1784027350
25530487,1784027362
25530488,1784027374
25530489,1784027386
25530490,1784027398
25530491,1784027410
25530492,1784027422
25530493,1784027434
25530494,1784027446
25530495,1784027458
25530496,1784027470
25530497,1784027482
25530498,1784027494
25530499,1784027506
25530500,1784027518
25530501,1784027531
25530502,1784027543
25530503,1784027555
25530504,1784027567
25530505,1784027579
25530506,1784027591
25530507,1784027603
25530508,1784027615
25530509,1784027627
25530510,1784027639
25530511,1784027651
25530512,1784027663
25530513,1784027675
25530514,1784027687
25530515,1784027699
25530516,1784027711
25530517,1784027723
25530518,1784027735
25530519,1784027747
25530520,1784027759
25530521,1784027772
25530522,1784027784
25530523,1784027796
25530524,1784027808
25530525,1784027820
25530526,1784027832
25530527,1784027844
25530528,1784027856
25530529,1784027868
25530530,1784027880
25530531,1784027892
25530532,1784027904
25530533,1784027916
25530534,1784027928
25530535,1784027940
25530536,1784027952
25530537,1784027964
25530538,1784027976
25530539,1784027988
25530540,1784028000
25530541,1784028013
25530542,1784028025
25530543,1784028037
25530544,1784028049
25530545,1784028061
25530546,1784028073
25530547,1784028085
25530548,1784028097
25530549,1784028109
25530550,1784028121
25530551,1784028133
25530552,1784028145
25530553,1784028157
25530554,1784028169
25530555,1784028181
25530556,1784028193
25530557,1784028205
25530558,1784028217
25530559,1784028229
25530560,1784028241
25530561,1784028254
25530562,1784028266
25530563,1784028278
25530564,1784028290
25530565,1784028302
25530566,1784028314
25530567,1784028326
25530568,1784028338
25530569,1784028350
25530570,1784028362
25530571,1784028374
25530572,1784028386
25530573,1784028398
25530574,1784028410
25530575,1784028422
25530576,1784028434
25530577,1784028446
25530578,1784028458
25530579,1784028470
25530580,1784028482
25530581,1784028495
25530582,1784028507
25530583,1784028519
25530584,1784028531
25530585,1784028543
25530586,1784028555
25530587,1784028567
25530588,1784028579
25530589,1784028591
25530590,1784028603
25530591,1784028615
25530592,1784028627
25530593,1784028639
25530594,1784028651
25530595,1784028663
25530596,1784028675
25530597,1784028687
25530598,1784028699
25530599,1784028711
25530600,1784028723
25530601,1784028736
25530602,1784028748
25530603,1784028760
25530604,1784028772
25530605,1784028784
25530606,1784028796
25530607,1784028808
25530608,1784028820
25530609,1784028832
25530610,1784028844
25530611,1784028856
25530612,1784028868
25530613,1784028880
25530614,1784028892
25530615,1784028904
25530616,1784028916
25530617,1784028928
25530618,1784028940
25530619,1784028952
25530620,1784028964
25530621,1784028977
25530622,1784028989
25530623,1784029001
25530624,1784029013
25530625,1784029025
25530626,1784029037
25530627,1784029049
25530628,1784029061
25530629,1784029073
25530630,1784029085
25530631,1784029097
25530632,1784029109
25530633,1784029121
25530634,1784029133
25530635,1784029145
25530636,1784029157
25530637,1784029169
25530638,1784029181
25530639,1784029193
25530640,1784029205
25530641,1784029218
25530642,1784029230
25530643,1784029242
25530644,1784029254
25530645,1784029266
25530646,1784029278
25530647,1784029290
25530648,1784029302
25530649,1784029314
25530650,1784029326
25530651,1784029338
25530652,1784029350
25530653,1784029362
25530654,1784029374
25530655,1784029386
25530656,1784029398
25530657,1784029410
25530658,1784029422
25530659,1784029434
25530660,1784029446
25530661,1784029459
25530662,1784029471
25530663,1784029483
25530664,1784029495
25530665,1784029507
25530666,1784029519
25530667,1784029531
25530668,1784029543
25530669,1784029555
25530670,1784029567
25530671,1784029579
25530672,1784029591
25530673,1784029603
25530674,1784029615
25530675,1784029627
25530676,1784029639
25530677,1784029651
25530678,1784029663
25530679,1784029675
25530680,1784029687
25530681,1784029700
25530682,1784029712
25530683,1784029724
25530684,1784029736
25530685,1784029748
25530686,1784029760
25530687,1784029772
25530688,1784029784
25530689,1784029796
25530690,1784029808
25530691,1784029820
25530692,1784029832
25530693,1784029844
25530694,1784029856
25530695,1784029868
25530696,1784029880
25530697,1784029892
25530698,1784029904
25530699,1784029916
25530700,1784029928
25530701,1784029941
25530702,1784029953
25530703,1784029965
25530704,1784029977
25530705,1784029989
25530706,1784030001
25530707,1784030013
25530708,1784030025
25530709,1784030037
25530710,1784030049
25530711,1784030061
25530712,1784030073
25530713,1784030085
25530714,1784030097
25530715,1784030109
25530716,1784030121
25530717,1784030133
25530718,1784030145
25530719,1784030157
25530720,1784030169
25530721,1784030182
25530722,1784030194
25530723,1784030206
25530724,1784030218
25530725,1784030230
25530726,1784030242
25530727,1784030254
25530728,1784030266
25530729,1784030278
25530730,1784030290
25530731,1784030302
25530732,1784030314
25530733,1784030326
25530734,1784030338
25530735,1784030350
25530736,1784030362
25530737,1784030374
25530738,1784030386
25530739,1784030398
25530740,1784030411
25530741,1784030423
25530742,1784030435
25530743,1784030447
25530744,1784030459
25530745,1784030471
25530746,1784030483
25530747,1784030495
25530748,1784030507
25530749,1784030519
25530750,1784030531
25530751,1784030543
25530752,1784030555
25530753,1784030567
25530754,1784030579
25530755,1784030591
25530756,1784030603
25530757,1784030615
25530758,1784030627
25530759,1784030639
25530760,1784030652
25530761,1784030664
25530762,1784030676
25530763,1784030688
25530764,1784030700
25530765,1784030712
25530766,1784030724
25530767,1784030736
25530768,1784030748
25530769,1784030760
25530770,1784030772
25530771,1784030784
25530772,1784030796
25530773,1784030808
25530774,1784030820
25530775,1784030832
25530776,1784030844
25530777,1784030856
25530778,1784030868
25530779,1784030880
25530780,1784030893
25530781,1784030905
25530782,1784030917
25530783,1784030929
25530784,1784030941
25530785,1784030953
25530786,1784030965
25530787,1784030977
25530788,1784030989
25530789,1784031001
25530790,1784031013
25530791,1784031025
25530792,1784031037
25530793,1784031049
25530794,1784031061
25530795,1784031073
25530796,1784031085
25530797,1784031097
25530798,1784031109
25530799,1784031121
25530800,1784031134
25530801,1784031146
25530802,1784031158
25530803,1784031170
25530804,1784031182
25530805,1784031194
25530806,1784031206
25530807,1784031218
25530808,1784031230
25530809,1784031242
25530810,1784031254
25530811,1784031266
25530812,1784031278
25530813,1784031290
25530814,1784031302
25530815,1784031314
25530816,1784031326
25530817,1784031338
25530818,1784031350
25530819,1784031362
25530820,1784031375
25530821,1784031387
25530822,1784031399
25530823,1784031411
25530824,1784031423
25530825,1784031435
25530826,1784031447
25530827,1784031459
25530828,1784031471
25530829,1784031483
25530830,1784031495
25530831,1784031507
25530832,1784031519
25530833,1784031531
25530834,1784031543
25530835,1784031555
25530836,1784031567
25530837,1784031579
25530838,1784031591
25530839,1784031603
25530840,1784031616
25530841,1784031628
25530842,1784031640
25530843,1784031652
25530844,1784031664
25530845,1784031676
25530846,1784031688
25530847,1784031700
25530848,1784031712
25530849,1784031724
25530850,1784031736
25530851,1784031748
25530852,1784031760
25530853,1784031772
25530854,1784031784
25530855,1784031796
25530856,1784031808
25530857,1784031820
25530858,1784031832
25530859,1784031844
25530860,1784031857
25530861,1784031869
25530862,1784031881
25530863,1784031893
25530864,1784031905
25530865,1784031917
25530866,1784031929
25530867,1784031941
25530868,1784031953
25530869,1784031965
25530870,1784031977
25530871,1784031989
25530872,1784032001
25530873,1784032013
25530874,1784032025
25530875,1784032037
25530876,1784032049
25530877,1784032061
25530878,1784032073
25530879,1784032085
25530880,1784032098
25530881,1784032110
25530882,1784032122
25530883,1784032134
25530884,1784032146
25530885,1784032158
25530886,1784032170
25530887,1784032182
25530888,1784032194
25530889,1784032206
25530890,1784032218
25530891,1784032230
25530892,1784032242
25530893,1784032254
25530894,1784032266
25530895,1784032278
25530896,1784032290
25530897,1784032302
25530898,1784032314
25530899,1784032326
25530900,1784032339
25530901,1784032351
25530902,1784032363
25530903,1784032375
25530904,1784032387
25530905,1784032399
25530906,1784032411
25530907,1784032423
25530908,1784032435
25530909,1784032447
25530910,1784032459
25530911,1784032471
25530912,1784032483
25530913,1784032495
25530914,1784032507
25530915,1784032519
25530916,1784032531
25530917,1784032543
25530918,1784032555
25530919,1784032567
25530920,1784032580
25530921,1784032592
25530922,1784032604
25530923,1784032616
25530924,1784032628
25530925,1784032640
25530926,1784032652
25530927,1784032664
25530928,1784032676
25530929,1784032688
25530930,1784032700
25530931,1784032712
25530932,1784032724
25530933,1784032736
25530934,1784032748
25530935,1784032760
25530936,1784032772
25530937,1784032784
25530938,1784032796
25530939,1784032808
25530940,1784032821
25530941,1784032833
25530942,1784032845
25530943,1784032857
25530944,1784032869
25530945,1784032881
25530946,1784032893
25530947,1784032905
25530948,1784032917
25530949,1784032929
25530950,1784032941
25530951,1784032953
25530952,1784032965
25530953,1784032977
25530954,1784032989
25530955,1784033001
25530956,1784033013
25530957,1784033025
25530958,1784033037
25530959,1784033049
25530960,1784033062
25530961,1784033074
25530962,1784033086
25530963,1784033098
25530964,1784033110
25530965,1784033122
25530966,1784033134
25530967,1784033146
25530968,1784033158
25530969,1784033170
25530970,1784033182
25530971,1784033194
25530972,1784033206
25530973,1784033218
25530974,1784033230
25530975,1784033242
25530976,1784033254
25530977,1784033266
25530978,1784033278
25530979,1784033291
25530980,1784033303
25530981,1784033315
25530982,1784033327
25530983,1784033339
25530984,1784033351
25530985,1784033363
25530986,1784033375
25530987,1784033387
25530988,1784033399
25530989,1784033411
25530990,1784033423
25530991,1784033435
25530992,1784033447
25530993,1784033459
25530994,1784033471
25530995,1784033483
25530996,1784033495
25530997,1784033507
25530998,1784033519
25530999,1784033532
25531000,1784033544
25531001,1784033556
25531002,1784033568
25531003,1784033580
25531004,1784033592
25531005,1784033604
25531006,1784033616
25531007,1784033628
25531008,1784033640
25531009,1784033652
25531010,1784033664
25531011,1784033676
25531012,1784033688
25531013,1784033700
25531014,1784033712
25531015,1784033724
25531016,1784033736
25531017,1784033748
25531018,1784033760
25531019,1784033773
25531020,1784033785
25531021,1784033797
25531022,1784033809
25531023,1784033821
25531024,1784033833
25531025,1784033845
25531026,1784033857
25531027,1784033869
25531028,1784033881
25531029,1784033893
25531030,1784033905
25531031,1784033917
25531032,1784033929
25531033,1784033941
25531034,1784033953
25531035,1784033965
25531036,1784033977
25531037,1784033989
25531038,1784034001
25531039,1784034014
25531040,1784034026
25531041,1784034038
25531042,1784034050
25531043,1784034062
25531044,1784034074
25531045,1784034086
25531046,1784034098
25531047,1784034110
25531048,1784034122
25531049,1784034134
25531050,1784034146
25531051,1784034158
25531052,1784034170
25531053,1784034182
25531054,1784034194
25531055,1784034206
25531056,1784034218
25531057,1784034230
25531058,1784034242
25531059,1784034255
25531060,1784034267
25531061,1784034279
25531062,1784034291
25531063,1784034303
25531064,1784034315
25531065,1784034327
25531066,1784034339
25531067,1784034351
25531068,1784034363
25531069,1784034375
25531070,1784034387
25531071,1784034399
25531072,1784034411
25531073,1784034423
25531074,1784034435
25531075,1784034447
25531076,1784034459
25531077,1784034471
25531078,1784034483
25531079,1784034496
25531080,1784034508
25531081,1784034520
25531082,1784034532
25531083,1784034544
25531084,1784034556
25531085,1784034568
25531086,1784034580
25531087,1784034592
25531088,1784034604
25531089,1784034616
25531090,1784034628
25531091,1784034640
25531092,1784034652
25531093,1784034664
25531094,1784034676
25531095,1784034688
25531096,1784034700
25531097,1784034712
25531098,1784034724
25531099,1784034737
25531100,1784034749
25531101,1784034761
25531102,1784034773
25531103,1784034785
25531104,1784034797
25531105,1784034809
25531106,1784034821
25531107,1784034833
25531108,1784034845
25531109,1784034857
25531110,1784034869
25531111,1784034881
25531112,1784034893
25531113,1784034905
25531114,1784034917
25531115,1784034929
25531116,1784034941
25531117,1784034953
25531118,1784034965
25531119,1784034978
25531120,1784034990
25531121,1784035002
25531122,1784035014
25531123,1784035026
25531124,1784035038
25531125,1784035050
25531126,1784035062
25531127,1784035074
25531128,1784035086
25531129,1784035098
25531130,1784035110
25531131,1784035122
25531132,1784035134
25531133,1784035146
25531134,1784035158
25531135,1784035170
25531136,1784035182
25531137,1784035194
25531138,1784035206
25531139,1784035219
25531140,1784035231
25531141,1784035243
25531142,1784035255
25531143,1784035267
25531144,1784035279
25531145,1784035291
25531146,1784035303
25531147,1784035315
25531148,1784035327
25531149,1784035339
25531150,1784035351
25531151,1784035363
25531152,1784035375
25531153,1784035387
25531154,1784035399
25531155,1784035411
25531156,1784035423
25531157,1784035435
25531158,1784035447
25531159,1784035460
25531160,1784035472
25531161,1784035484
25531162,1784035496
25531163,1784035508
25531164,1784035520
25531165,1784035532
25531166,1784035544
25531167,1784035556
25531168,1784035568
25531169,1784035580
25531170,1784035592
25531171,1784035604
25531172,1784035616
25531173,1784035628
25531174,1784035640
25531175,1784035652
25531176,1784035664
25531177,1784035676
25531178,1784035688
25531179,1784035701
25531180,1784035713
25531181,1784035725
25531182,1784035737
25531183,1784035749
25531184,1784035761
25531185,1784035773
25531186,1784035785
25531187,1784035797
25531188,1784035809
25531189,1784035821
25531190,1784035833
25531191,1784035845
25531192,1784035857
25531193,1784035869
25531194,1784035881
25531195,1784035893
25531196,1784035905
25531197,1784035917
25531198,1784035929
25531199,1784035942
25531200,1784035954
25531201,1784035966
25531202,1784035978
25531203,1784035990
25531204,1784036002
25531205,1784036014
25531206,1784036026
25531207,1784036038
25531208,1784036050
25531209,1784036062
25531210,1784036074
25531211,1784036086
25531212,1784036098
25531213,1784036110
25531214,1784036122
25531215,1784036134
25531216,1784036146
25531217,1784036158
25531218,1784036171
25531219,1784036183
25531220,1784036195
25531221,1784036207
25531222,1784036219
25531223,1784036231
25531224,1784036243
25531225,1784036255
25531226,1784036267
25531227,1784036279
25531228,1784036291
25531229,1784036303
25531230,1784036315
25531231,1784036327
25531232,1784036339
25531233,1784036351
25531234,1784036363
25531235,1784036375
25531236,1784036387
25531237,1784036399
25531238,1784036412
25531239,1784036424
25531240,1784036436
25531241,1784036448
25531242,1784036460
25531243,1784036472
25531244,1784036484
25531245,1784036496
25531246,1784036508
25531247,1784036520
25531248,1784036532
25531249,1784036544
25531250,1784036556
25531251,1784036568
25531252,1784036580
25531253,1784036592
25531254,1784036604
25531255,1784036616
25531256,1784036628
25531257,1784036640
25531258,1784036653
25531259,1784036665
25531260,1784036677
25531261,1784036689
25531262,1784036701
25531263,1784036713
25531264,1784036725
25531265,1784036737
25531266,1784036749
25531267,1784036761
25531268,1784036773
25531269,1784036785
25531270,1784036797
25531271,1784036809
25531272,1784036821
25531273,1784036833
25531274,1784036845
25531275,1784036857
25531276,1784036869
25531277,1784036881
25531278,1784036894
25531279,1784036906
25531280,1784036918
25531281,1784036930
25531282,1784036942
25531283,1784036954
25531284,1784036966
25531285,1784036978
25531286,1784036990
25531287,1784037002
25531288,1784037014
25531289,1784037026
25531290,1784037038
25531291,1784037050
25531292,1784037062
25531293,1784037074
25531294,1784037086
25531295,1784037098
25531296,1784037110
25531297,1784037122
25531298,1784037135
25531299,1784037147
25531300,1784037159
25531301,1784037171
25531302,1784037183
25531303,1784037195
25531304,1784037207
25531305,1784037219
25531306,1784037231
25531307,1784037243
25531308,1784037255
25531309,1784037267
25531310,1784037279
25531311,1784037291
25531312,1784037303
25531313,1784037315
25531314,1784037327
25531315,1784037339
25531316,1784037351
25531317,1784037363
25531318,1784037376
25531319,1784037388
25531320,1784037400
25531321,1784037412
25531322,1784037424
25531323,1784037436
25531324,1784037448
25531325,1784037460
25531326,1784037472
25531327,1784037484
25531328,1784037496
25531329,1784037508
25531330,1784037520
25531331,1784037532
25531332,1784037544
25531333,1784037556
25531334,1784037568
25531335,1784037580
25531336,1784037592
25531337,1784037604
25531338,1784037617
25531339,1784037629
25531340,1784037641
25531341,1784037653
25531342,1784037665
25531343,1784037677
25531344,1784037689
25531345,1784037701
25531346,1784037713
25531347,1784037725
25531348,1784037737
25531349,1784037749
25531350,1784037761
25531351,1784037773
25531352,1784037785
25531353,1784037797
25531354,1784037809
25531355,1784037821
25531356,1784037833
25531357,1784037845
25531358,1784037858
25531359,1784037870
25531360,1784037882
25531361,1784037894
25531362,1784037906
25531363,1784037918
25531364,1784037930
25531365,1784037942
25531366,1784037954
25531367,1784037966
25531368,1784037978
25531369,1784037990
25531370,1784038002
25531371,1784038014
25531372,1784038026
25531373,1784038038
25531374,1784038050
25531375,1784038062
25531376,1784038074
25531377,1784038086
25531378,1784038099
25531379,1784038111
25531380,1784038123
25531381,1784038135
25531382,1784038147
25531383,1784038159
25531384,1784038171
25531385,1784038183
25531386,1784038195
25531387,1784038207
25531388,1784038219
25531389,1784038231
25531390,1784038243
25531391,1784038255
25531392,1784038267
25531393,1784038279
25531394,1784038291
25531395,1784038303
25531396,1784038315
25531397,1784038327
25531398,1784038340
25531399,1784038352
25531400,1784038364
25531401,1784038376
25531402,1784038388
25531403,1784038400
25531404,1784038412
25531405,1784038424
25531406,1784038436
25531407,1784038448
25531408,1784038460
25531409,1784038472
25531410,1784038484
25531411,1784038496
25531412,1784038508
25531413,1784038520
25531414,1784038532
25531415,1784038544
25531416,1784038556
25531417,1784038568
25531418,1784038581
25531419,1784038593
25531420,1784038605
25531421,1784038617
25531422,1784038629
25531423,1784038641
25531424,1784038653
25531425,1784038665
25531426,1784038677
25531427,1784038689
25531428,1784038701
25531429,1784038713
25531430,1784038725
25531431,1784038737
25531432,1784038749
25531433,1784038761
25531434,1784038773
25531435,1784038785
25531436,1784038797
25531437,1784038809
25531438,1784038822
25531439,1784038834
25531440,1784038846
25531441,1784038858
25531442,1784038870
25531443,1784038882
25531444,1784038894
25531445,1784038906
25531446,1784038918
25531447,1784038930
25531448,1784038942
25531449,1784038954
25531450,1784038966
25531451,1784038978
25531452,1784038990
25531453,1784039002
25531454,1784039014
25531455,1784039026
25531456,1784039038
25531457,1784039051
25531458,1784039063
25531459,1784039075
25531460,1784039087
25531461,1784039099
25531462,1784039111
25531463,1784039123
25531464,1784039135
25531465,1784039147
25531466,1784039159
25531467,1784039171
25531468,1784039183
25531469,1784039195
25531470,1784039207
25531471,1784039219
25531472,1784039231
25531473,1784039243
25531474,1784039255
25531475,1784039267
25531476,1784039279
25531477,1784039292
25531478,1784039304
25531479,1784039316
25531480,1784039328
25531481,1784039340
25531482,1784039352
25531483,1784039364
25531484,1784039376
25531485,1784039388
25531486,1784039400
25531487,1784039412
25531488,1784039424
25531489,1784039436
25531490,1784039448
25531491,1784039460
25531492,1784039472
25531493,1784039484
25531494,1784039496
25531495,1784039508
25531496,1784039520
25531497,1784039533
25531498,1784039545
25531499,1784039557
25531500,1784039569
25531501,1784039581
25531502,1784039593
25531503,1784039605
25531504,1784039617
25531505,1784039629
25531506,1784039641
25531507,1784039653
25531508,1784039665
25531509,1784039677
25531510,1784039689
25531511,1784039701
25531512,1784039713
25531513,1784039725
25531514,1784039737
25531515,1784039749
25531516,1784039761
25531517,1784039774
25531518,1784039786
25531519,1784039798
25531520,1784039810
25531521,1784039822
25531522,1784039834
25531523,1784039846
25531524,1784039858
25531525,1784039870
25531526,1784039882
25531527,1784039894
25531528,1784039906
25531529,1784039918
25531530,1784039930
25531531,1784039942
25531532,1784039954
25531533,1784039966
25531534,1784039978
25531535,1784039990
25531536,1784040002
25531537,1784040015
25531538,1784040027
25531539,1784040039
25531540,1784040051
25531541,1784040063
25531542,1784040075
25531543,1784040087
25531544,1784040099
25531545,1784040111
25531546,1784040123
25531547,1784040135
25531548,1784040147
25531549,1784040159
25531550,1784040171
25531551,1784040183
25531552,1784040195
25531553,1784040207
25531554,1784040219
25531555,1784040231
25531556,1784040243
25531557,1784040256
25531558,1784040268
25531559,1784040280
25531560,1784040292
25531561,1784040304
25531562,1784040316
25531563,1784040328
25531564,1784040340
25531565,1784040352
25531566,1784040364
25531567,1784040376
25531568,1784040388
25531569,1784040400
25531570,1784040412
25531571,1784040424
25531572,1784040436
25531573,1784040448
25531574,1784040460
25531575,1784040472
25531576,1784040484
25531577,1784040497
25531578,1784040509
25531579,1784040521
25531580,1784040533
25531581,1784040545
25531582,1784040557
25531583,1784040569
25531584,1784040581
25531585,1784040593
25531586,1784040605
25531587,1784040617
25531588,1784040629
25531589,1784040641
25531590,1784040653
25531591,1784040665
25531592,1784040677
25531593,1784040689
25531594,1784040701
25531595,1784040713
25531596,1784040725
25531597,1784040738
25531598,1784040750
25531599,1784040762
25531600,1784040774
25531601,1784040786
25531602,1784040798
25531603,1784040810
25531604,1784040822
25531605,1784040834
25531606,1784040846
25531607,1784040858
25531608,1784040870
25531609,1784040882
25531610,1784040894
25531611,1784040906
25531612,1784040918
25531613,1784040930
25531614,1784040942
25531615,1784040954
25531616,1784040966
25531617,1784040979
25531618,1784040991
25531619,1784041003
25531620,1784041015
25531621,1784041027
25531622,1784041039
25531623,1784041051
25531624,1784041063
25531625,1784041075
25531626,1784041087
25531627,1784041099
25531628,1784041111
25531629,1784041123
25531630,1784041135
25531631,1784041147
25531632,1784041159
25531633,1784041171
25531634,1784041183
25531635,1784041195
25531636,1784041207
25531637,1784041220
25531638,1784041232
25531639,1784041244
25531640,1784041256
25531641,1784041268
25531642,1784041280
25531643,1784041292
25531644,1784041304
25531645,1784041316
25531646,1784041328
25531647,1784041340
25531648,1784041352
25531649,1784041364
25531650,1784041376
25531651,1784041388
25531652,1784041400
25531653,1784041412
25531654,1784041424
25531655,1784041436
25531656,1784041448
25531657,1784041461
25531658,1784041473
25531659,1784041485
25531660,1784041497
25531661,1784041509
25531662,1784041521
25531663,1784041533
25531664,1784041545
25531665,1784041557
25531666,1784041569
25531667,1784041581
25531668,1784041593
25531669,1784041605
25531670,1784041617
25531671,1784041629
25531672,1784041641
25531673,1784041653
25531674,1784041665
25531675,1784041677
25531676,1784041689
25531677,1784041702
25531678,1784041714
25531679,1784041726
25531680,1784041738
25531681,1784041750
25531682,1784041762
25531683,1784041774
25531684,1784041786
25531685,1784041798
25531686,1784041810
25531687,1784041822
25531688,1784041834
25531689,1784041846
25531690,1784041858
25531691,1784041870
25531692,1784041882
25531693,1784041894
25531694,1784041906
25531695,1784041918
25531696,1784041931
25531697,1784041943
25531698,1784041955
25531699,1784041967
25531700,1784041979
25531701,1784041991
25531702,1784042003
25531703,1784042015
25531704,1784042027
25531705,1784042039
25531706,1784042051
25531707,1784042063
25531708,1784042075
25531709,1784042087
25531710,1784042099
25531711,1784042111
25531712,1784042123
25531713,1784042135
25531714,1784042147
25531715,1784042159
25531716,1784042172
25531717,1784042184
25531718,1784042196
25531719,1784042208
25531720,1784042220
25531721,1784042232
25531722,1784042244
25531723,1784042256
25531724,1784042268
25531725,1784042280
25531726,1784042292
25531727,1784042304
25531728,1784042316
25531729,1784042328
25531730,1784042340
25531731,1784042352
25531732,1784042364
25531733,1784042376
25531734,1784042388
25531735,1784042400
25531736,1784042413
25531737,1784042425
25531738,1784042437
25531739,1784042449
25531740,1784042461
25531741,1784042473
25531742,1784042485
25531743,1784042497
25531744,1784042509
25531745,1784042521
25531746,1784042533
25531747,1784042545
25531748,1784042557
25531749,1784042569
25531750,1784042581
25531751,1784042593
25531752,1784042605
25531753,1784042617
25531754,1784042629
25531755,1784042641
25531756,1784042654
25531757,1784042666
25531758,1784042678
25531759,1784042690
25531760,1784042702
25531761,1784042714
25531762,1784042726
25531763,1784042738
25531764,1784042750
25531765,1784042762
25531766,1784042774
25531767,1784042786
25531768,1784042798
25531769,1784042810
25531770,1784042822
25531771,1784042834
25531772,1784042846
25531773,1784042858
25531774,1784042870
25531775,1784042882
25531776,1784042895
25531777,1784042907
25531778,1784042919
25531779,1784042931
25531780,1784042943
25531781,1784042955
25531782,1784042967
25531783,1784042979
25531784,1784042991
25531785,1784043003
25531786,1784043015
25531787,1784043027
25531788,1784043039
25531789,1784043051
25531790,1784043063
25531791,1784043075
25531792,1784043087
25531793,1784043099
25531794,1784043111
25531795,1784043123
25531796,1784043136
25531797,1784043148
25531798,1784043160
25531799,1784043172
25531800,1784043184
25531801,1784043196
25531802,1784043208
25531803,1784043220
25531804,1784043232
25531805,1784043244
25531806,1784043256
25531807,1784043268
25531808,1784043280
25531809,1784043292
25531810,1784043304
25531811,1784043316
25531812,1784043328
25531813,1784043340
25531814,1784043352
25531815,1784043364
25531816,1784043377
25531817,1784043389
25531818,1784043401
25531819,1784043413
25531820,1784043425
25531821,1784043437
25531822,1784043449
25531823,1784043461
25531824,1784043473
25531825,1784043485
25531826,1784043497
25531827,1784043509
25531828,1784043521
25531829,1784043533
25531830,1784043545
25531831,1784043557
25531832,1784043569
25531833,1784043581
25531834,1784043593
25531835,1784043605
25531836,1784043618
25531837,1784043630
25531838,1784043642
25531839,1784043654
25531840,1784043666
25531841,1784043678
25531842,1784043690
25531843,1784043702
25531844,1784043714
25531845,1784043726
25531846,1784043738
25531847,1784043750
25531848,1784043762
25531849,1784043774
25531850,1784043786
25531851,1784043798
25531852,1784043810
25531853,1784043822
25531854,1784043834
25531855,1784043846
25531856,1784043859
25531857,1784043871
25531858,1784043883
25531859,1784043895
25531860,1784043907
25531861,1784043919
25531862,1784043931
25531863,1784043943
25531864,1784043955
25531865,1784043967
25531866,1784043979
25531867,1784043991
25531868,1784044003
25531869,1784044015
25531870,1784044027
25531871,1784044039
25531872,1784044051
25531873,1784044063
25531874,1784044075
25531875,1784044087
25531876,1784044100
25531877,1784044112
25531878,1784044124
25531879,1784044136
25531880,1784044148
25531881,1784044160
25531882,1784044172
25531883,1784044184
25531884,1784044196
25531885,1784044208
25531886,1784044220
25531887,1784044232
25531888,1784044244
25531889,1784044256
25531890,1784044268
25531891,1784044280
25531892,1784044292
25531893,1784044304
25531894,1784044316
25531895,1784044328
25531896,1784044341
25531897,1784044353
25531898,1784044365
25531899,1784044377
25531900,1784044389
25531901,1784044401
25531902,1784044413
25531903,1784044425
25531904,1784044437
25531905,1784044449
25531906,1784044461
25531907,1784044473
25531908,1784044485
25531909,1784044497
25531910,1784044509
25531911,1784044521
25531912,1784044533
25531913,1784044545
25531914,1784044557
25531915,1784044569
25531916,1784044582
25531917,1784044594
25531918,1784044606
25531919,1784044618
25531920,1784044630
25531921,1784044642
25531922,1784044654
25531923,1784044666
25531924,1784044678
25531925,1784044690
25531926,1784044702
25531927,1784044714
25531928,1784044726
25531929,1784044738
25531930,1784044750
25531931,1784044762
25531932,1784044774
25531933,1784044786
25531934,1784044798
25531935,1784044811
25531936,1784044823
25531937,1784044835
25531938,1784044847
25531939,1784044859
25531940,1784044871
25531941,1784044883
25531942,1784044895
25531943,1784044907
25531944,1784044919
25531945,1784044931
25531946,1784044943
25531947,1784044955
25531948,1784044967
25531949,1784044979
25531950,1784044991
25531951,1784045003
25531952,1784045015
25531953,1784045027
25531954,1784045039
25531955,1784045052
25531956,1784045064
25531957,1784045076
25531958,1784045088
25531959,1784045100
25531960,1784045112
25531961,1784045124
25531962,1784045136
25531963,1784045148
25531964,1784045160
25531965,1784045172
25531966,1784045184
25531967,1784045196
25531968,1784045208
25531969,1784045220
25531970,1784045232
25531971,1784045244
25531972,1784045256
25531973,1784045268
25531974,1784045280
25531975,1784045293
25531976,1784045305
25531977,1784045317
25531978,1784045329
25531979,1784045341
25531980,1784045353
25531981,1784045365
25531982,1784045377
25531983,1784045389
25531984,1784045401
25531985,1784045413
25531986,1784045425
25531987,1784045437
25531988,1784045449
25531989,1784045461
25531990,1784045473
25531991,1784045485
25531992,1784045497
25531993,1784045509
25531994,1784045521
25531995,1784045534
25531996,1784045546
25531997,1784045558
25531998,1784045570
25531999,1784045582
25532000,1784045594
25532001,1784045606
25532002,1784045618
25532003,1784045630
25532004,1784045642
25532005,1784045654
25532006,1784045666
25532007,1784045678
25532008,1784045690
25532009,1784045702
25532010,1784045714
25532011,1784045726
25532012,1784045738
25532013,1784045750
25532014,1784045762
25532015,1784045775
25532016,1784045787
25532017,1784045799
25532018,1784045811
25532019,1784045823
25532020,1784045835
25532021,1784045847
25532022,1784045859
25532023,1784045871
25532024,1784045883
25532025,1784045895
25532026,1784045907
25532027,1784045919
25532028,1784045931
25532029,1784045943
25532030,1784045955
25532031,1784045967
25532032,1784045979
25532033,1784045991
25532034,1784046003
25532035,1784046016
25532036,1784046028
25532037,1784046040
25532038,1784046052
25532039,1784046064
25532040,1784046076
25532041,1784046088
25532042,1784046100
25532043,1784046112
25532044,1784046124
25532045,1784046136
25532046,1784046148
25532047,1784046160
25532048,1784046172
25532049,1784046184
25532050,1784046196
25532051,1784046208
25532052,1784046220
25532053,1784046232
25532054,1784046244
25532055,1784046257
25532056,1784046269
25532057,1784046281
25532058,1784046293
25532059,1784046305
25532060,1784046317
25532061,1784046329
25532062,1784046341
25532063,1784046353
25532064,1784046365
25532065,1784046377
25532066,1784046389
25532067,1784046401
25532068,1784046413
25532069,1784046425
25532070,1784046437
25532071,1784046449
25532072,1784046461
25532073,1784046473
25532074,1784046485
25532075,1784046498
25532076,1784046510
25532077,1784046522
25532078,1784046534
25532079,1784046546
25532080,1784046558
25532081,1784046570
25532082,1784046582
25532083,1784046594
25532084,1784046606
25532085,1784046618
25532086,1784046630
25532087,1784046642
25532088,1784046654
25532089,1784046666
25532090,1784046678
25532091,1784046690
25532092,1784046702
25532093,1784046714
25532094,1784046726
25532095,1784046739
25532096,1784046751
25532097,1784046763
25532098,1784046775
25532099,1784046787
25532100,1784046799
25532101,1784046811
25532102,1784046823
25532103,1784046835
25532104,1784046847
25532105,1784046859
25532106,1784046871
25532107,1784046883
25532108,1784046895
25532109,1784046907
25532110,1784046919
25532111,1784046931
25532112,1784046943
25532113,1784046955
25532114,1784046967
25532115,1784046980
25532116,1784046992
25532117,1784047004
25532118,1784047016
25532119,1784047028
25532120,1784047040
25532121,1784047052
25532122,1784047064
25532123,1784047076
25532124,1784047088
25532125,1784047100
25532126,1784047112
25532127,1784047124
25532128,1784047136
25532129,1784047148
25532130,1784047160
25532131,1784047172
25532132,1784047184
25532133,1784047196
25532134,1784047208
25532135,1784047221
25532136,1784047233
25532137,1784047245
25532138,1784047257
25532139,1784047269
25532140,1784047281
25532141,1784047293
25532142,1784047305
25532143,1784047317
25532144,1784047329
25532145,1784047341
25532146,1784047353
25532147,1784047365
25532148,1784047377
25532149,1784047389
25532150,1784047401
25532151,1784047413
25532152,1784047425
25532153,1784047437
25532154,1784047449
25532155,1784047462
25532156,1784047474
25532157,1784047486
25532158,1784047498
25532159,1784047510
25532160,1784047522
25532161,1784047534
25532162,1784047546
25532163,1784047558
25532164,1784047570
25532165,1784047582
25532166,1784047594
25532167,1784047606
25532168,1784047618
25532169,1784047630
25532170,1784047642
25532171,1784047654
25532172,1784047666
25532173,1784047678
25532174,1784047691
25532175,1784047703
25532176,1784047715
25532177,1784047727
25532178,1784047739
25532179,1784047751
25532180,1784047763
25532181,1784047775
25532182,1784047787
25532183,1784047799
25532184,1784047811
25532185,1784047823
25532186,1784047835
25532187,1784047847
25532188,1784047859
25532189,1784047871
25532190,1784047883
25532191,1784047895
25532192,1784047907
25532193,1784047919
25532194,1784047932
25532195,1784047944
25532196,1784047956
25532197,1784047968
25532198,1784047980
25532199,1784047992
25532200,1784048004
25532201,1784048016
25532202,1784048028
25532203,1784048040
25532204,1784048052
25532205,1784048064
25532206,1784048076
25532207,1784048088
25532208,1784048100
25532209,1784048112
25532210,1784048124
25532211,1784048136
25532212,1784048148
25532213,1784048160
25532214,1784048173
25532215,1784048185
25532216,1784048197
25532217,1784048209
25532218,1784048221
25532219,1784048233
25532220,1784048245
25532221,1784048257
25532222,1784048269
25532223,1784048281
25532224,1784048293
25532225,1784048305
25532226,1784048317
25532227,1784048329
25532228,1784048341
25532229,1784048353
25532230,1784048365
25532231,1784048377
25532232,1784048389
25532233,1784048401
25532234,1784048414
25532235,1784048426
25532236,1784048438
25532237,1784048450
25532238,1784048462
25532239,1784048474
25532240,1784048486
25532241,1784048498
25532242,1784048510
25532243,1784048522
25532244,1784048534
25532245,1784048546
25532246,1784048558
25532247,1784048570
25532248,1784048582
25532249,1784048594
25532250,1784048606
25532251,1784048618
25532252,1784048630
25532253,1784048642
25532254,1784048655
25532255,1784048667
25532256,1784048679
25532257,1784048691
25532258,1784048703
25532259,1784048715
25532260,1784048727
25532261,1784048739
25532262,1784048751
25532263,1784048763
25532264,1784048775
25532265,1784048787
25532266,1784048799
25532267,1784048811
25532268,1784048823
25532269,1784048835
25532270,1784048847
25532271,1784048859
25532272,1784048871
25532273,1784048883
25532274,1784048896
25532275,1784048908
25532276,1784048920
25532277,1784048932
25532278,1784048944
25532279,1784048956
25532280,1784048968
25532281,1784048980
25532282,1784048992
25532283,1784049004
25532284,1784049016
25532285,1784049028
25532286,1784049040
25532287,1784049052
25532288,1784049064
25532289,1784049076
25532290,1784049088
25532291,1784049100
25532292,1784049112
25532293,1784049124
25532294,1784049137
25532295,1784049149
25532296,1784049161
25532297,1784049173
25532298,1784049185
25532299,1784049197
25532300,1784049209
25532301,1784049221
25532302,1784049233
25532303,1784049245
25532304,1784049257
25532305,1784049269
25532306,1784049281
25532307,1784049293
25532308,1784049305
25532309,1784049317
25532310,1784049329
25532311,1784049341
25532312,1784049353
25532313,1784049365
25532314,1784049378
25532315,1784049390
25532316,1784049402
25532317,1784049414
25532318,1784049426
25532319,1784049438
25532320,1784049450
25532321,1784049462
25532322,1784049474
25532323,1784049486
25532324,1784049498
25532325,1784049510
25532326,1784049522
25532327,1784049534
25532328,1784049546
25532329,1784049558
25532330,1784049570
25532331,1784049582
25532332,1784049594
25532333,1784049606
25532334,1784049619
25532335,1784049631
25532336,1784049643
25532337,1784049655
25532338,1784049667
25532339,1784049679
25532340,1784049691
25532341,1784049703
25532342,1784049715
25532343,1784049727
25532344,1784049739
25532345,1784049751
25532346,1784049763
25532347,1784049775
25532348,1784049787
25532349,1784049799
25532350,1784049811
25532351,1784049823
25532352,1784049835
25532353,1784049847
25532354,1784049860
25532355,1784049872
25532356,1784049884
25532357,1784049896
25532358,1784049908
25532359,1784049920
25532360,1784049932
25532361,1784049944
25532362,1784049956
25532363,1784049968
25532364,1784049980
25532365,1784049992
25532366,1784050004
25532367,1784050016
25532368,1784050028
25532369,1784050040
25532370,1784050052
25532371,1784050064
25532372,1784050076
25532373,1784050088
25532374,1784050101
25532375,1784050113
25532376,1784050125
25532377,1784050137
25532378,1784050149
25532379,1784050161
25532380,1784050173
25532381,1784050185
25532382,1784050197
25532383,1784050209
25532384,1784050221
25532385,1784050233
25532386,1784050245
25532387,1784050257
25532388,1784050269
25532389,1784050281
25532390,1784050293
25532391,1784050305
25532392,1784050317
25532393,1784050329
25532394,1784050342
25532395,1784050354
25532396,1784050366
25532397,1784050378
25532398,1784050390
25532399,1784050402
25532400,1784050414
25532401,1784050426
25532402,1784050438
25532403,1784050450
25532404,1784050462
25532405,1784050474
25532406,1784050486
25532407,1784050498
25532408,1784050510
25532409,1784050522
25532410,1784050534
25532411,1784050546
25532412,1784050558
25532413,1784050571
25532414,1784050583
25532415,1784050595
25532416,1784050607
25532417,1784050619
25532418,1784050631
25532419,1784050643
25532420,1784050655
25532421,1784050667
25532422,1784050679
25532423,1784050691
25532424,1784050703
25532425,1784050715
25532426,1784050727
25532427,1784050739
25532428,1784050751
25532429,1784050763
25532430,1784050775
25532431,1784050787
25532432,1784050799
25532433,1784050812
25532434,1784050824
25532435,1784050836
25532436,1784050848
25532437,1784050860
25532438,1784050872
25532439,1784050884
25532440,1784050896
25532441,1784050908
25532442,1784050920
25532443,1784050932
25532444,1784050944
25532445,1784050956
25532446,1784050968
25532447,1784050980
25532448,1784050992
25532449,1784051004
25532450,1784051016
25532451,1784051028
25532452,1784051040
25532453,1784051053
25532454,1784051065
25532455,1784051077
25532456,1784051089
25532457,1784051101
25532458,1784051113
25532459,1784051125
25532460,1784051137
25532461,1784051149
25532462,1784051161
25532463,1784051173
25532464,1784051185
25532465,1784051197
25532466,1784051209
25532467,1784051221
25532468,1784051233
25532469,1784051245
25532470,1784051257
25532471,1784051269
25532472,1784051281
25532473,1784051294
25532474,1784051306
25532475,1784051318
25532476,1784051330
25532477,1784051342
25532478,1784051354
25532479,1784051366
25532480,1784051378
25532481,1784051390
25532482,1784051402
25532483,1784051414
25532484,1784051426
25532485,1784051438
25532486,1784051450
25532487,1784051462
25532488,1784051474
25532489,1784051486
25532490,1784051498
25532491,1784051510
25532492,1784051522
25532493,1784051535
25532494,1784051547
25532495,1784051559
25532496,1784051571
25532497,1784051583
25532498,1784051595
25532499,1784051607
25532500,1784051619
25532501,1784051631
25532502,1784051643
25532503,1784051655
25532504,1784051667
25532505,1784051679
25532506,1784051691
25532507,1784051703
25532508,1784051715
25532509,1784051727
25532510,1784051739
25532511,1784051751
25532512,1784051763
25532513,1784051776
25532514,1784051788
25532515,1784051800
25532516,1784051812
25532517,1784051824
25532518,1784051836
25532519,1784051848
25532520,1784051860
25532521,1784051872
25532522,1784051884
25532523,1784051896
25532524,1784051908
25532525,1784051920
25532526,1784051932
25532527,1784051944
25532528,1784051956
25532529,1784051968
25532530,1784051980
25532531,1784051992
25532532,1784052004
25532533,1784052017
25532534,1784052029
25532535,1784052041
25532536,1784052053
25532537,1784052065
25532538,1784052077
25532539,1784052089
25532540,1784052101
25532541,1784052113
25532542,1784052125
25532543,1784052137
25532544,1784052149
25532545,1784052161
25532546,1784052173
25532547,1784052185
25532548,1784052197
25532549,1784052209
25532550,1784052221
25532551,1784052233
25532552,1784052245
25532553,1784052258
25532554,1784052270
25532555,1784052282
25532556,1784052294
25532557,1784052306
25532558,1784052318
25532559,1784052330
25532560,1784052342
25532561,1784052354
25532562,1784052366
25532563,1784052378
25532564,1784052390
25532565,1784052402
25532566,1784052414
25532567,1784052426
25532568,1784052438
25532569,1784052450
25532570,1784052462
25532571,1784052474
25532572,1784052486
25532573,1784052499
25532574,1784052511
25532575,1784052523
25532576,1784052535
25532577,1784052547
25532578,1784052559
25532579,1784052571
25532580,1784052583
25532581,1784052595
25532582,1784052607
25532583,1784052619
25532584,1784052631
25532585,1784052643
25532586,1784052655
25532587,1784052667
25532588,1784052679
25532589,1784052691
25532590,1784052703
25532591,1784052715
25532592,1784052727
25532593,1784052740
25532594,1784052752
25532595,1784052764
25532596,1784052776
25532597,1784052788
25532598,1784052800
25532599,1784052812
25532600,1784052824
25532601,1784052836
25532602,1784052848
25532603,1784052860
25532604,1784052872
25532605,1784052884
25532606,1784052896
25532607,1784052908
25532608,1784052920
25532609,1784052932
25532610,1784052944
25532611,1784052956
25532612,1784052968
25532613,1784052981
25532614,1784052993
25532615,1784053005
25532616,1784053017
25532617,1784053029
25532618,1784053041
25532619,1784053053
25532620,1784053065
25532621,1784053077
25532622,1784053089
25532623,1784053101
25532624,1784053113
25532625,1784053125
25532626,1784053137
25532627,1784053149
25532628,1784053161
25532629,1784053173
25532630,1784053185
25532631,1784053197
25532632,1784053209
25532633,1784053222
25532634,1784053234
25532635,1784053246
25532636,1784053258
25532637,1784053270
25532638,1784053282
25532639,1784053294
25532640,1784053306
25532641,1784053318
25532642,1784053330
25532643,1784053342
25532644,1784053354
25532645,1784053366
25532646,1784053378
25532647,1784053390
25532648,1784053402
25532649,1784053414
25532650,1784053426
25532651,1784053438
25532652,1784053451
25532653,1784053463
25532654,1784053475
25532655,1784053487
25532656,1784053499
25532657,1784053511
25532658,1784053523
25532659,1784053535
25532660,1784053547
25532661,1784053559
25532662,1784053571
25532663,1784053583
25532664,1784053595
25532665,1784053607
25532666,1784053619
25532667,1784053631
25532668,1784053643
25532669,1784053655
25532670,1784053667
25532671,1784053679
25532672,1784053692
25532673,1784053704
25532674,1784053716
25532675,1784053728
25532676,1784053740
25532677,1784053752
25532678,1784053764
25532679,1784053776
25532680,1784053788
25532681,1784053800
25532682,1784053812
25532683,1784053824
25532684,1784053836
25532685,1784053848
25532686,1784053860
25532687,1784053872
25532688,1784053884
25532689,1784053896
25532690,1784053908
25532691,1784053920
25532692,1784053933
25532693,1784053945
25532694,1784053957
25532695,1784053969
25532696,1784053981
25532697,1784053993
25532698,1784054005
25532699,1784054017
25532700,1784054029
25532701,1784054041
25532702,1784054053
25532703,1784054065
25532704,1784054077
25532705,1784054089
25532706,1784054101
25532707,1784054113
25532708,1784054125
25532709,1784054137
25532710,1784054149
25532711,1784054161
25532712,1784054174
25532713,1784054186
25532714,1784054198
25532715,1784054210
25532716,1784054222
25532717,1784054234
25532718,1784054246
25532719,1784054258
25532720,1784054270
25532721,1784054282
25532722,1784054294
25532723,1784054306
25532724,1784054318
25532725,1784054330
25532726,1784054342
25532727,1784054354
25532728,1784054366
25532729,1784054378
25532730,1784054390
25532731,1784054402
25532732,1784054415
25532733,1784054427
25532734,1784054439
25532735,1784054451
25532736,1784054463
25532737,1784054475
25532738,1784054487
25532739,1784054499
25532740,1784054511
25532741,1784054523
25532742,1784054535
25532743,1784054547
25532744,1784054559
25532745,1784054571
25532746,1784054583
25532747,1784054595
25532748,1784054607
25532749,1784054619
25532750,1784054631
25532751,1784054643
25532752,1784054656
25532753,1784054668
25532754,1784054680
25532755,1784054692
25532756,1784054704
25532757,1784054716
25532758,1784054728
25532759,1784054740
25532760,1784054752
25532761,1784054764
25532762,1784054776
25532763,1784054788
25532764,1784054800
25532765,1784054812
25532766,1784054824
25532767,1784054836
25532768,1784054848
25532769,1784054860
25532770,1784054872
25532771,1784054884
25532772,1784054897
25532773,1784054909
25532774,1784054921
25532775,1784054933
25532776,1784054945
25532777,1784054957
25532778,1784054969
25532779,1784054981
25532780,1784054993
25532781,1784055005
25532782,1784055017
25532783,1784055029
25532784,1784055041
25532785,1784055053
25532786,1784055065
25532787,1784055077
25532788,1784055089
25532789,1784055101
25532790,1784055113
25532791,1784055125
25532792,1784055138
25532793,1784055150
25532794,1784055162
25532795,1784055174
25532796,1784055186
25532797,1784055198
25532798,1784055210
25532799,1784055222
25532800,1784055234
25532801,1784055246
25532802,1784055258
25532803,1784055270
25532804,1784055282
25532805,1784055294
25532806,1784055306
25532807,1784055318
25532808,1784055330
25532809,1784055342
25532810,1784055354
25532811,1784055366
25532812,1784055379
25532813,1784055391
25532814,1784055403
25532815,1784055415
25532816,1784055427
25532817,1784055439
25532818,1784055451
25532819,1784055463
25532820,1784055475
25532821,1784055487
25532822,1784055499
25532823,1784055511
25532824,1784055523
25532825,1784055535
25532826,1784055547
25532827,1784055559
25532828,1784055571
25532829,1784055583
25532830,1784055595
25532831,1784055607
25532832,1784055620
25532833,1784055632
25532834,1784055644
25532835,1784055656
25532836,1784055668
25532837,1784055680
25532838,1784055692
25532839,1784055704
25532840,1784055716
25532841,1784055728
25532842,1784055740
25532843,1784055752
25532844,1784055764
25532845,1784055776
25532846,1784055788
25532847,1784055800
25532848,1784055812
25532849,1784055824
25532850,1784055836
25532851,1784055848
25532852,1784055861
25532853,1784055873
25532854,1784055885
25532855,1784055897
25532856,1784055909
25532857,1784055921
25532858,1784055933
25532859,1784055945
25532860,1784055957
25532861,1784055969
25532862,1784055981
25532863,1784055993
25532864,1784056005
25532865,1784056017
25532866,1784056029
25532867,1784056041
25532868,1784056053
25532869,1784056065
25532870,1784056077
25532871,1784056089
25532872,1784056102
25532873,1784056114
25532874,1784056126
25532875,1784056138
25532876,1784056150
25532877,1784056162
25532878,1784056174
25532879,1784056186
25532880,1784056198
25532881,1784056210
25532882,1784056222
25532883,1784056234
25532884,1784056246
25532885,1784056258
25532886,1784056270
25532887,1784056282
25532888,1784056294
25532889,1784056306
25532890,1784056318
25532891,1784056331
25532892,1784056343
25532893,1784056355
25532894,1784056367
25532895,1784056379
25532896,1784056391
25532897,1784056403
25532898,1784056415
25532899,1784056427
25532900,1784056439
25532901,1784056451
25532902,1784056463
25532903,1784056475
25532904,1784056487
25532905,1784056499
25532906,1784056511
25532907,1784056523
25532908,1784056535
25532909,1784056547
25532910,1784056559
25532911,1784056572
25532912,1784056584
25532913,1784056596
25532914,1784056608
25532915,1784056620
25532916,1784056632
25532917,1784056644
25532918,1784056656
25532919,1784056668
25532920,1784056680
25532921,1784056692
25532922,1784056704
25532923,1784056716
25532924,1784056728
25532925,1784056740
25532926,1784056752
25532927,1784056764
25532928,1784056776
25532929,1784056788
25532930,1784056800
25532931,1784056813
25532932,1784056825
25532933,1784056837
25532934,1784056849
25532935,1784056861
25532936,1784056873
25532937,1784056885
25532938,1784056897
25532939,1784056909
25532940,1784056921
25532941,1784056933
25532942,1784056945
25532943,1784056957
25532944,1784056969
25532945,1784056981
25532946,1784056993
25532947,1784057005
25532948,1784057017
25532949,1784057029
25532950,1784057041
25532951,1784057054
25532952,1784057066
25532953,1784057078
25532954,1784057090
25532955,1784057102
25532956,1784057114
25532957,1784057126
25532958,1784057138
25532959,1784057150
25532960,1784057162
25532961,1784057174
25532962,1784057186
25532963,1784057198
25532964,1784057210
25532965,1784057222
25532966,1784057234
25532967,1784057246
25532968,1784057258
25532969,1784057270
25532970,1784057282
25532971,1784057295
25532972,1784057307
25532973,1784057319
25532974,1784057331
25532975,1784057343
25532976,1784057355
25532977,1784057367
25532978,1784057379
25532979,1784057391
25532980,1784057403
25532981,1784057415
25532982,1784057427
25532983,1784057439
25532984,1784057451
25532985,1784057463
25532986,1784057475
25532987,1784057487
25532988,1784057499
25532989,1784057511
25532990,1784057523
25532991,1784057536
25532992,1784057548
25532993,1784057560
25532994,1784057572
25532995,1784057584
25532996,1784057596
25532997,1784057608
25532998,1784057620
25532999,1784057632
25533000,1784057644
25533001,1784057656
25533002,1784057668
25533003,1784057680
25533004,1784057692
25533005,1784057704
25533006,1784057716
25533007,1784057728
25533008,1784057740
25533009,1784057752
25533010,1784057764
25533011,1784057777
25533012,1784057789
25533013,1784057801
25533014,1784057813
25533015,1784057825
25533016,1784057837
25533017,1784057849
25533018,1784057861
25533019,1784057873
25533020,1784057885
25533021,1784057897
25533022,1784057909
25533023,1784057921
25533024,1784057933
25533025,1784057945
25533026,1784057957
25533027,1784057969
25533028,1784057981
25533029,1784057993
25533030,1784058005
25533031,1784058018
25533032,1784058030
25533033,1784058042
25533034,1784058054
25533035,1784058066
25533036,1784058078
25533037,1784058090
25533038,1784058102
25533039,1784058114
25533040,1784058126
25533041,1784058138
25533042,1784058150
25533043,1784058162
25533044,1784058174
25533045,1784058186
25533046,1784058198
25533047,1784058210
25533048,1784058222
25533049,1784058234
25533050,1784058246
25533051,1784058259
25533052,1784058271
25533053,1784058283
25533054,1784058295
25533055,1784058307
25533056,1784058319
25533057,1784058331
25533058,1784058343
25533059,1784058355
25533060,1784058367
25533061,1784058379
25533062,1784058391
25533063,1784058403
25533064,1784058415
25533065,1784058427
25533066,1784058439
25533067,1784058451
25533068,1784058463
25533069,1784058475
25533070,1784058487
25533071,1784058500
25533072,1784058512
25533073,1784058524
25533074,1784058536
25533075,1784058548
25533076,1784058560
25533077,1784058572
25533078,1784058584
25533079,1784058596
25533080,1784058608
25533081,1784058620
25533082,1784058632
25533083,1784058644
25533084,1784058656
25533085,1784058668
25533086,1784058680
25533087,1784058692
25533088,1784058704
25533089,1784058716
25533090,1784058728
25533091,1784058741
25533092,1784058753
25533093,1784058765
25533094,1784058777
25533095,1784058789
25533096,1784058801
25533097,1784058813
25533098,1784058825
25533099,1784058837
25533100,1784058849
25533101,1784058861
25533102,1784058873
25533103,1784058885
25533104,1784058897
25533105,1784058909
25533106,1784058921
25533107,1784058933
25533108,1784058945
25533109,1784058957
25533110,1784058969
25533111,1784058982
25533112,1784058994
25533113,1784059006
25533114,1784059018
25533115,1784059030
25533116,1784059042
25533117,1784059054
25533118,1784059066
25533119,1784059078
25533120,1784059090
25533121,1784059102
25533122,1784059114
25533123,1784059126
25533124,1784059138
25533125,1784059150
25533126,1784059162
25533127,1784059174
25533128,1784059186
25533129,1784059198
25533130,1784059211
25533131,1784059223
25533132,1784059235
25533133,1784059247
25533134,1784059259
25533135,1784059271
25533136,1784059283
25533137,1784059295
25533138,1784059307
25533139,1784059319
25533140,1784059331
25533141,1784059343
25533142,1784059355
25533143,1784059367
25533144,1784059379
25533145,1784059391
25533146,1784059403
25533147,1784059415
25533148,1784059427
25533149,1784059439
25533150,1784059452
25533151,1784059464
25533152,1784059476
25533153,1784059488
25533154,1784059500
25533155,1784059512
25533156,1784059524
25533157,1784059536
25533158,1784059548
25533159,1784059560
25533160,1784059572
25533161,1784059584
25533162,1784059596
25533163,1784059608
25533164,1784059620
25533165,1784059632
25533166,1784059644
25533167,1784059656
25533168,1784059668
25533169,1784059680
25533170,1784059693
25533171,1784059705
25533172,1784059717
25533173,1784059729
25533174,1784059741
25533175,1784059753
25533176,1784059765
25533177,1784059777
25533178,1784059789
25533179,1784059801
25533180,1784059813
25533181,1784059825
25533182,1784059837
25533183,1784059849
25533184,1784059861
25533185,1784059873
25533186,1784059885
25533187,1784059897
25533188,1784059909
25533189,1784059921
25533190,1784059934
25533191,1784059946
25533192,1784059958
25533193,1784059970
25533194,1784059982
25533195,1784059994
25533196,1784060006
25533197,1784060018
25533198,1784060030
25533199,1784060042
25533200,1784060054
25533201,1784060066
25533202,1784060078
25533203,1784060090
25533204,1784060102
25533205,1784060114
25533206,1784060126
25533207,1784060138
25533208,1784060150
25533209,1784060162
25533210,1784060175
25533211,1784060187
25533212,1784060199
25533213,1784060211
25533214,1784060223
25533215,1784060235
25533216,1784060247
25533217,1784060259
25533218,1784060271
25533219,1784060283
25533220,1784060295
25533221,1784060307
25533222,1784060319
25533223,1784060331
25533224,1784060343
25533225,1784060355
25533226,1784060367
25533227,1784060379
25533228,1784060391
25533229,1784060403
25533230,1784060416
25533231,1784060428
25533232,1784060440
25533233,1784060452
25533234,1784060464
25533235,1784060476
25533236,1784060488
25533237,1784060500
25533238,1784060512
25533239,1784060524
25533240,1784060536
25533241,1784060548
25533242,1784060560
25533243,1784060572
25533244,1784060584
25533245,1784060596
25533246,1784060608
25533247,1784060620
25533248,1784060632
25533249,1784060644
25533250,1784060657
25533251,1784060669
25533252,1784060681
25533253,1784060693
25533254,1784060705
25533255,1784060717
25533256,1784060729
25533257,1784060741
25533258,1784060753
25533259,1784060765
25533260,1784060777
25533261,1784060789
25533262,1784060801
25533263,1784060813
25533264,1784060825
25533265,1784060837
25533266,1784060849
25533267,1784060861
25533268,1784060873
25533269,1784060885
25533270,1784060898
25533271,1784060910
25533272,1784060922
25533273,1784060934
25533274,1784060946
25533275,1784060958
25533276,1784060970
25533277,1784060982
25533278,1784060994
25533279,1784061006
25533280,1784061018
25533281,1784061030
25533282,1784061042
25533283,1784061054
25533284,1784061066
25533285,1784061078
25533286,1784061090
25533287,1784061102
25533288,1784061114
25533289,1784061126
25533290,1784061139
25533291,1784061151
25533292,1784061163
25533293,1784061175
25533294,1784061187
25533295,1784061199
25533296,1784061211
25533297,1784061223
25533298,1784061235
25533299,1784061247
25533300,1784061259
25533301,1784061271
25533302,1784061283
25533303,1784061295
25533304,1784061307
25533305,1784061319
25533306,1784061331
25533307,1784061343
25533308,1784061355
25533309,1784061367
25533310,1784061380
25533311,1784061392
25533312,1784061404
25533313,1784061416
25533314,1784061428
25533315,1784061440
25533316,1784061452
25533317,1784061464
25533318,1784061476
25533319,1784061488
25533320,1784061500
25533321,1784061512
25533322,1784061524
25533323,1784061536
25533324,1784061548
25533325,1784061560
25533326,1784061572
25533327,1784061584
25533328,1784061596
25533329,1784061608
25533330,1784061621
25533331,1784061633
25533332,1784061645
25533333,1784061657
25533334,1784061669
25533335,1784061681
25533336,1784061693
25533337,1784061705
25533338,1784061717
25533339,1784061729
25533340,1784061741
25533341,1784061753
25533342,1784061765
25533343,1784061777
25533344,1784061789
25533345,1784061801
25533346,1784061813
25533347,1784061825
25533348,1784061837
25533349,1784061849
25533350,1784061862
25533351,1784061874
25533352,1784061886
25533353,1784061898
25533354,1784061910
25533355,1784061922
25533356,1784061934
25533357,1784061946
25533358,1784061958
25533359,1784061970
25533360,1784061982
25533361,1784061994
25533362,1784062006
25533363,1784062018
25533364,1784062030
25533365,1784062042
25533366,1784062054
25533367,1784062066
25533368,1784062078
25533369,1784062091
25533370,1784062103
25533371,1784062115
25533372,1784062127
25533373,1784062139
25533374,1784062151
25533375,1784062163
25533376,1784062175
25533377,1784062187
25533378,1784062199
25533379,1784062211
25533380,1784062223
25533381,1784062235
25533382,1784062247
25533383,1784062259
25533384,1784062271
25533385,1784062283
25533386,1784062295
25533387,1784062307
25533388,1784062319
25533389,1784062332
25533390,1784062344
25533391,1784062356
25533392,1784062368
25533393,1784062380
25533394,1784062392
25533395,1784062404
25533396,1784062416
25533397,1784062428
25533398,1784062440
25533399,1784062452
25533400,1784062464
25533401,1784062476
25533402,1784062488
25533403,1784062500
25533404,1784062512
25533405,1784062524
25533406,1784062536
25533407,1784062548
25533408,1784062560
25533409,1784062573
25533410,1784062585
25533411,1784062597
25533412,1784062609
25533413,1784062621
25533414,1784062633
25533415,1784062645
25533416,1784062657
25533417,1784062669
25533418,1784062681
25533419,1784062693
25533420,1784062705
25533421,1784062717
25533422,1784062729
25533423,1784062741
25533424,1784062753
25533425,1784062765
25533426,1784062777
25533427,1784062789
25533428,1784062801
25533429,1784062814
25533430,1784062826
25533431,1784062838
25533432,1784062850
25533433,1784062862
25533434,1784062874
25533435,1784062886
25533436,1784062898
25533437,1784062910
25533438,1784062922
25533439,1784062934
25533440,1784062946
25533441,1784062958
25533442,1784062970
25533443,1784062982
25533444,1784062994
25533445,1784063006
25533446,1784063018
25533447,1784063030
25533448,1784063042
25533449,1784063055
25533450,1784063067
25533451,1784063079
25533452,1784063091
25533453,1784063103
25533454,1784063115
25533455,1784063127
25533456,1784063139
25533457,1784063151
25533458,1784063163
25533459,1784063175
25533460,1784063187
25533461,1784063199
25533462,1784063211
25533463,1784063223
25533464,1784063235
25533465,1784063247
25533466,1784063259
25533467,1784063271
25533468,1784063283
25533469,1784063296
25533470,1784063308
25533471,1784063320
25533472,1784063332
25533473,1784063344
25533474,1784063356
25533475,1784063368
25533476,1784063380
25533477,1784063392
25533478,1784063404
25533479,1784063416
25533480,1784063428
25533481,1784063440
25533482,1784063452
25533483,1784063464
25533484,1784063476
25533485,1784063488
25533486,1784063500
25533487,1784063512
25533488,1784063524
25533489,1784063537
25533490,1784063549
25533491,1784063561
25533492,1784063573
25533493,1784063585
25533494,1784063597
25533495,1784063609
25533496,1784063621
25533497,1784063633
25533498,1784063645
25533499,1784063657
25533500,1784063669
25533501,1784063681
25533502,1784063693
25533503,1784063705
25533504,1784063717
25533505,1784063729
25533506,1784063741
25533507,1784063753
25533508,1784063765
25533509,1784063778
25533510,1784063790
25533511,1784063802
25533512,1784063814
25533513,1784063826
25533514,1784063838
25533515,1784063850
25533516,1784063862
25533517,1784063874
25533518,1784063886
25533519,1784063898
25533520,1784063910
25533521,1784063922
25533522,1784063934
25533523,1784063946
25533524,1784063958
25533525,1784063970
25533526,1784063982
25533527,1784063994
25533528,1784064006
25533529,1784064019
25533530,1784064031
25533531,1784064043
25533532,1784064055
25533533,1784064067
25533534,1784064079
25533535,1784064091
25533536,1784064103
25533537,1784064115
25533538,1784064127
25533539,1784064139
25533540,1784064151
25533541,1784064163
25533542,1784064175
25533543,1784064187
25533544,1784064199
25533545,1784064211
25533546,1784064223
25533547,1784064235
25533548,1784064247
25533549,1784064260
25533550,1784064272
25533551,1784064284
25533552,1784064296
25533553,1784064308
25533554,1784064320
25533555,1784064332
25533556,1784064344
25533557,1784064356
25533558,1784064368
25533559,1784064380
25533560,1784064392
25533561,1784064404
25533562,1784064416
25533563,1784064428
25533564,1784064440
25533565,1784064452
25533566,1784064464
25533567,1784064476
25533568,1784064488
25533569,1784064501
25533570,1784064513
25533571,1784064525
25533572,1784064537
25533573,1784064549
25533574,1784064561
25533575,1784064573
25533576,1784064585
25533577,1784064597
25533578,1784064609
25533579,1784064621
25533580,1784064633
25533581,1784064645
25533582,1784064657
25533583,1784064669
25533584,1784064681
25533585,1784064693
25533586,1784064705
25533587,1784064717
25533588,1784064729
25533589,1784064742
25533590,1784064754
25533591,1784064766
25533592,1784064778
25533593,1784064790
25533594,1784064802
25533595,1784064814
25533596,1784064826
25533597,1784064838
25533598,1784064850
25533599,1784064862
25533600,1784064874
25533601,1784064886
25533602,1784064898
25533603,1784064910
25533604,1784064922
25533605,1784064934
25533606,1784064946
25533607,1784064958
25533608,1784064971
25533609,1784064983
25533610,1784064995
25533611,1784065007
25533612,1784065019
25533613,1784065031
25533614,1784065043
25533615,1784065055
25533616,1784065067
25533617,1784065079
25533618,1784065091
25533619,1784065103
25533620,1784065115
25533621,1784065127
25533622,1784065139
25533623,1784065151
25533624,1784065163
25533625,1784065175
25533626,1784065187
25533627,1784065199
25533628,1784065212
25533629,1784065224
25533630,1784065236
25533631,1784065248
25533632,1784065260
25533633,1784065272
25533634,1784065284
25533635,1784065296
25533636,1784065308
25533637,1784065320
25533638,1784065332
25533639,1784065344
25533640,1784065356
25533641,1784065368
25533642,1784065380
25533643,1784065392
25533644,1784065404
25533645,1784065416
25533646,1784065428
25533647,1784065440
25533648,1784065453
25533649,1784065465
25533650,1784065477
25533651,1784065489
25533652,1784065501
25533653,1784065513
25533654,1784065525
25533655,1784065537
25533656,1784065549
25533657,1784065561
25533658,1784065573
25533659,1784065585
25533660,1784065597
25533661,1784065609
25533662,1784065621
25533663,1784065633
25533664,1784065645
25533665,1784065657
25533666,1784065669
25533667,1784065681
25533668,1784065694
25533669,1784065706
25533670,1784065718
25533671,1784065730
25533672,1784065742
25533673,1784065754
25533674,1784065766
25533675,1784065778
25533676,1784065790
25533677,1784065802
25533678,1784065814
25533679,1784065826
25533680,1784065838
25533681,1784065850
25533682,1784065862
25533683,1784065874
25533684,1784065886
25533685,1784065898
25533686,1784065910
25533687,1784065922
25533688,1784065935
25533689,1784065947
25533690,1784065959
25533691,1784065971
25533692,1784065983
25533693,1784065995
25533694,1784066007
25533695,1784066019
25533696,1784066031
25533697,1784066043
25533698,1784066055
25533699,1784066067
25533700,1784066079
25533701,1784066091
25533702,1784066103
25533703,1784066115
25533704,1784066127
25533705,1784066139
25533706,1784066151
25533707,1784066163
25533708,1784066176
25533709,1784066188
25533710,1784066200
25533711,1784066212
25533712,1784066224
25533713,1784066236
25533714,1784066248
25533715,1784066260
25533716,1784066272
25533717,1784066284
25533718,1784066296
25533719,1784066308
25533720,1784066320
25533721,1784066332
25533722,1784066344
25533723,1784066356
25533724,1784066368
25533725,1784066380
25533726,1784066392
25533727,1784066404
25533728,1784066417
25533729,1784066429
25533730,1784066441
25533731,1784066453
25533732,1784066465
25533733,1784066477
25533734,1784066489
25533735,1784066501
25533736,1784066513
25533737,1784066525
25533738,1784066537
25533739,1784066549
25533740,1784066561
25533741,1784066573
25533742,1784066585
25533743,1784066597
25533744,1784066609
25533745,1784066621
25533746,1784066633
25533747,1784066645
25533748,1784066658
25533749,1784066670
25533750,1784066682
25533751,1784066694
25533752,1784066706
25533753,1784066718
25533754,1784066730
25533755,1784066742
25533756,1784066754
25533757,1784066766
25533758,1784066778
25533759,1784066790
25533760,1784066802
25533761,1784066814
25533762,1784066826
25533763,1784066838
25533764,1784066850
25533765,1784066862
25533766,1784066874
25533767,1784066886
25533768,1784066899
25533769,1784066911
25533770,1784066923
25533771,1784066935
25533772,1784066947
25533773,1784066959
25533774,1784066971
25533775,1784066983
25533776,1784066995
25533777,1784067007
25533778,1784067019
25533779,1784067031
25533780,1784067043
25533781,1784067055
25533782,1784067067
25533783,1784067079
25533784,1784067091
25533785,1784067103
25533786,1784067115
25533787,1784067127
25533788,1784067140
25533789,1784067152
25533790,1784067164
25533791,1784067176
25533792,1784067188
25533793,1784067200
25533794,1784067212
25533795,1784067224
25533796,1784067236
25533797,1784067248
25533798,1784067260
25533799,1784067272
25533800,1784067284
25533801,1784067296
25533802,1784067308
25533803,1784067320
25533804,1784067332
25533805,1784067344
25533806,1784067356
25533807,1784067368
25533808,1784067381
25533809,1784067393
25533810,1784067405
25533811,1784067417
25533812,1784067429
25533813,1784067441
25533814,1784067453
25533815,1784067465
25533816,1784067477
25533817,1784067489
25533818,1784067501
25533819,1784067513
25533820,1784067525
25533821,1784067537
25533822,1784067549
25533823,1784067561
25533824,1784067573
25533825,1784067585
25533826,1784067597
25533827,1784067609
25533828,1784067622
25533829,1784067634
25533830,1784067646
25533831,1784067658
25533832,1784067670
25533833,1784067682
25533834,1784067694
25533835,1784067706
25533836,1784067718
25533837,1784067730
25533838,1784067742
25533839,1784067754
25533840,1784067766
25533841,1784067778
25533842,1784067790
25533843,1784067802
25533844,1784067814
25533845,1784067826
25533846,1784067838
25533847,1784067851
25533848,1784067863
25533849,1784067875
25533850,1784067887
25533851,1784067899
25533852,1784067911
25533853,1784067923
25533854,1784067935
25533855,1784067947
25533856,1784067959
25533857,1784067971
25533858,1784067983
25533859,1784067995
25533860,1784068007
25533861,1784068019
25533862,1784068031
25533863,1784068043
25533864,1784068055
25533865,1784068067
25533866,1784068079
25533867,1784068092
25533868,1784068104
25533869,1784068116
25533870,1784068128
25533871,1784068140
25533872,1784068152
25533873,1784068164
25533874,1784068176
25533875,1784068188
25533876,1784068200
25533877,1784068212
25533878,1784068224
25533879,1784068236
25533880,1784068248
25533881,1784068260
25533882,1784068272
25533883,1784068284
25533884,1784068296
25533885,1784068308
25533886,1784068320
25533887,1784068333
25533888,1784068345
25533889,1784068357
25533890,1784068369
25533891,1784068381
25533892,1784068393
25533893,1784068405
25533894,1784068417
25533895,1784068429
25533896,1784068441
25533897,1784068453
25533898,1784068465
25533899,1784068477
25533900,1784068489
25533901,1784068501
25533902,1784068513
25533903,1784068525
25533904,1784068537
25533905,1784068549
25533906,1784068561
25533907,1784068574
25533908,1784068586
25533909,1784068598
25533910,1784068610
25533911,1784068622
25533912,1784068634
25533913,1784068646
25533914,1784068658
25533915,1784068670
25533916,1784068682
25533917,1784068694
25533918,1784068706
25533919,1784068718
25533920,1784068730
25533921,1784068742
25533922,1784068754
25533923,1784068766
25533924,1784068778
25533925,1784068790
25533926,1784068802
25533927,1784068815
25533928,1784068827
25533929,1784068839
25533930,1784068851
25533931,1784068863
25533932,1784068875
25533933,1784068887
25533934,1784068899
25533935,1784068911
25533936,1784068923
25533937,1784068935
25533938,1784068947
25533939,1784068959
25533940,1784068971
25533941,1784068983
25533942,1784068995
25533943,1784069007
25533944,1784069019
25533945,1784069031
25533946,1784069043
25533947,1784069056
25533948,1784069068
25533949,1784069080
25533950,1784069092
25533951,1784069104
25533952,1784069116
25533953,1784069128
25533954,1784069140
25533955,1784069152
25533956,1784069164
25533957,1784069176
25533958,1784069188
25533959,1784069200
25533960,1784069212
25533961,1784069224
25533962,1784069236
25533963,1784069248
25533964,1784069260
25533965,1784069272
25533966,1784069284
25533967,1784069297
25533968,1784069309
25533969,1784069321
25533970,1784069333
25533971,1784069345
25533972,1784069357
25533973,1784069369
25533974,1784069381
25533975,1784069393
25533976,1784069405
25533977,1784069417
25533978,1784069429
25533979,1784069441
25533980,1784069453
25533981,1784069465
25533982,1784069477
25533983,1784069489
25533984,1784069501
25533985,1784069513
25533986,1784069525
25533987,1784069538
25533988,1784069550
25533989,1784069562
25533990,1784069574
25533991,1784069586
25533992,1784069598
25533993,1784069610
25533994,1784069622
25533995,1784069634
25533996,1784069646
25533997,1784069658
25533998,1784069670
25533999,1784069682
25534000,1784069694
25534001,1784069706
25534002,1784069718
25534003,1784069730
25534004,1784069742
25534005,1784069754
25534006,1784069766
25534007,1784069779
25534008,1784069791
25534009,1784069803
25534010,1784069815
25534011,1784069827
25534012,1784069839
25534013,1784069851
25534014,1784069863
25534015,1784069875
25534016,1784069887
25534017,1784069899
25534018,1784069911
25534019,1784069923
25534020,1784069935
25534021,1784069947
25534022,1784069959
25534023,1784069971
25534024,1784069983
25534025,1784069995
25534026,1784070007
25534027,1784070020
25534028,1784070032
25534029,1784070044
25534030,1784070056
25534031,1784070068
25534032,1784070080
25534033,1784070092
25534034,1784070104
25534035,1784070116
25534036,1784070128
25534037,1784070140
25534038,1784070152
25534039,1784070164
25534040,1784070176
25534041,1784070188
25534042,1784070200
25534043,1784070212
25534044,1784070224
25534045,1784070236
25534046,1784070248
25534047,1784070261
25534048,1784070273
25534049,1784070285
25534050,1784070297
25534051,1784070309
25534052,1784070321
25534053,1784070333
25534054,1784070345
25534055,1784070357
25534056,1784070369
25534057,1784070381
25534058,1784070393
25534059,1784070405
25534060,1784070417
25534061,1784070429
25534062,1784070441
25534063,1784070453
25534064,1784070465
25534065,1784070477
25534066,1784070489
25534067,1784070502
25534068,1784070514
25534069,1784070526
25534070,1784070538
25534071,1784070550
25534072,1784070562
25534073,1784070574
25534074,1784070586
25534075,1784070598
25534076,1784070610
25534077,1784070622
25534078,1784070634
25534079,1784070646
25534080,1784070658
25534081,1784070670
25534082,1784070682
25534083,1784070694
25534084,1784070706
25534085,1784070718
25534086,1784070731
25534087,1784070743
25534088,1784070755
25534089,1784070767
25534090,1784070779
25534091,1784070791
25534092,1784070803
25534093,1784070815
25534094,1784070827
25534095,1784070839
25534096,1784070851
25534097,1784070863
25534098,1784070875
25534099,1784070887
25534100,1784070899
25534101,1784070911
25534102,1784070923
25534103,1784070935
25534104,1784070947
25534105,1784070959
25534106,1784070972
25534107,1784070984
25534108,1784070996
25534109,1784071008
25534110,1784071020
25534111,1784071032
25534112,1784071044
25534113,1784071056
25534114,1784071068
25534115,1784071080
25534116,1784071092
25534117,1784071104
25534118,1784071116
25534119,1784071128
25534120,1784071140
25534121,1784071152
25534122,1784071164
25534123,1784071176
25534124,1784071188
25534125,1784071200
25534126,1784071213
25534127,1784071225
25534128,1784071237
25534129,1784071249
25534130,1784071261
25534131,1784071273
25534132,1784071285
25534133,1784071297
25534134,1784071309
25534135,1784071321
25534136,1784071333
25534137,1784071345
25534138,1784071357
25534139,1784071369
25534140,1784071381
25534141,1784071393
25534142,1784071405
25534143,1784071417
25534144,1784071429
25534145,1784071441
25534146,1784071454
25534147,1784071466
25534148,1784071478
25534149,1784071490
25534150,1784071502
25534151,1784071514
25534152,1784071526
25534153,1784071538
25534154,1784071550
25534155,1784071562
25534156,1784071574
25534157,1784071586
25534158,1784071598
25534159,1784071610
25534160,1784071622
25534161,1784071634
25534162,1784071646
25534163,1784071658
25534164,1784071670
25534165,1784071682
25534166,1784071695
25534167,1784071707
25534168,1784071719
25534169,1784071731
25534170,1784071743
25534171,1784071755
25534172,1784071767
25534173,1784071779
25534174,1784071791
25534175,1784071803
25534176,1784071815
25534177,1784071827
25534178,1784071839
25534179,1784071851
25534180,1784071863
25534181,1784071875
25534182,1784071887
25534183,1784071899
25534184,1784071911
25534185,1784071923
25534186,1784071936
25534187,1784071948
25534188,1784071960
25534189,1784071972
25534190,1784071984
25534191,1784071996
25534192,1784072008
25534193,1784072020
25534194,1784072032
25534195,1784072044
25534196,1784072056
25534197,1784072068
25534198,1784072080
25534199,1784072092
25534200,1784072104
25534201,1784072116
25534202,1784072128
25534203,1784072140
25534204,1784072152
25534205,1784072164
25534206,1784072177
25534207,1784072189
25534208,1784072201
25534209,1784072213
25534210,1784072225
25534211,1784072237
25534212,1784072249
25534213,1784072261
25534214,1784072273
25534215,1784072285
25534216,1784072297
25534217,1784072309
25534218,1784072321
25534219,1784072333
25534220,1784072345
25534221,1784072357
25534222,1784072369
25534223,1784072381
25534224,1784072393
25534225,1784072405
25534226,1784072418
25534227,1784072430
25534228,1784072442
25534229,1784072454
25534230,1784072466
25534231,1784072478
25534232,1784072490
25534233,1784072502
25534234,1784072514
25534235,1784072526
25534236,1784072538
25534237,1784072550
25534238,1784072562
25534239,1784072574
25534240,1784072586
25534241,1784072598
25534242,1784072610
25534243,1784072622
25534244,1784072634
25534245,1784072646
25534246,1784072659
25534247,1784072671
25534248,1784072683
25534249,1784072695
25534250,1784072707
25534251,1784072719
25534252,1784072731
25534253,1784072743
25534254,1784072755
25534255,1784072767
25534256,1784072779
25534257,1784072791
25534258,1784072803
25534259,1784072815
25534260,1784072827
25534261,1784072839
25534262,1784072851
25534263,1784072863
25534264,1784072875
25534265,1784072887
25534266,1784072900
25534267,1784072912
25534268,1784072924
25534269,1784072936
25534270,1784072948
25534271,1784072960
25534272,1784072972
25534273,1784072984
25534274,1784072996
25534275,1784073008
25534276,1784073020
25534277,1784073032
25534278,1784073044
25534279,1784073056
25534280,1784073068
25534281,1784073080
25534282,1784073092
25534283,1784073104
25534284,1784073116
25534285,1784073128
25534286,1784073141
25534287,1784073153
25534288,1784073165
25534289,1784073177
25534290,1784073189
25534291,1784073201
25534292,1784073213
25534293,1784073225
25534294,1784073237
25534295,1784073249
25534296,1784073261
25534297,1784073273
25534298,1784073285
25534299,1784073297
25534300,1784073309
25534301,1784073321
25534302,1784073333
25534303,1784073345
25534304,1784073357
25534305,1784073369
25534306,1784073382
25534307,1784073394
25534308,1784073406
25534309,1784073418
25534310,1784073430
25534311,1784073442
25534312,1784073454
25534313,1784073466
25534314,1784073478
25534315,1784073490
25534316,1784073502
25534317,1784073514
25534318,1784073526
25534319,1784073538
25534320,1784073550
25534321,1784073562
25534322,1784073574
25534323,1784073586
25534324,1784073598
25534325,1784073611
