block,timestamp
25785425,1787097611
25785426,1787097623
25785427,1787097635
25785428,1787097647
25785429,1787097659
25785430,1787097671
25785431,1787097683
25785432,1787097695
25785433,1787097707
25785434,1787097719
25785435,1787097731
25785436,1787097743
25785437,1787097755
25785438,1787097767
25785439,1787097779
25785440,1787097791
25785441,1787097803
25785442,1787097815
25785443,1787097827
25785444,1787097839
25785445,1787097851
25785446,1787097863
25785447,1787097875
25785448,1787097887
25785449,1787097899
25785450,1787097911
25785451,1787097923
25785452,1787097936
25785453,1787097948
25785454,1787097960
25785455,1787097972
25785456,1787097984
25785457,1787097996
25785458,1787098008
25785459,1787098020
25785460,1787098032
25785461,1787098044
25785462,1787098056
25785463,1787098068
25785464,1787098080
25785465,1787098092
25785466,1787098104
25785467,1787098116
25785468,1787098128
25785469,1787098140
25785470,1787098152
25785471,1787098164
25785472,1787098176
25785473,1787098188
25785474,1787098200
25785475,1787098212
25785476,1787098224
25785477,1787098236
25785478,1787098248
25785479,1787098261
25785480,1787098273
25785481,1787098285
25785482,1787098297
25785483,1787098309
25785484,1787098321
25785485,1787098333
25785486,1787098345
25785487,1787098357
25785488,1787098369
25785489,1787098381
25785490,1787098393
25785491,1787098405
25785492,1787098417
25785493,1787098429
25785494,1787098441
25785495,1787098453
25785496,1787098465
25785497,1787098477
25785498,1787098489
25785499,1787098501
25785500,1787098513
25785501,1787098525
25785502,1787098537
25785503,1787098549
25785504,1787098561
25785505,1787098574
25785506,1787098586
25785507,1787098598
25785508,1787098610
25785509,1787098622
25785510,1787098634
25785511,1787098646
25785512,1787098658
25785513,1787098670
25785514,1787098682
25785515,1787098694
25785516,1787098706
25785517,1787098718
25785518,1787098730
25785519,1787098742
25785520,1787098754
25785521,1787098766
25785522,1787098778
25785523,1787098790
25785524,1787098802
25785525,1787098814
25785526,1787098826
25785527,1787098838
25785528,1787098850
25785529,1787098862
25785530,1787098874
25785531,1787098886
25785532,1787098899
25785533,1787098911
25785534,1787098923
25785535,1787098935
25785536,1787098947
25785537,1787098959
25785538,1787098971
25785539,1787098983
25785540,1787098995
25785541,1787099007
25785542,1787099019
25785543,1787099031
25785544,1787099043
25785545,1787099055
25785546,1787099067
25785547,1787099079
25785548,1787099091
25785549,1787099103
25785550,1787099115
25785551,1787099127
25785552,1787099139
25785553,1787099151
25785554,1787099163
25785555,1787099175
25785556,1787099187
25785557,1787099199
25785558,1787099212
25785559,1787099224
25785560,1787099236
25785561,1787099248
25785562,1787099260
25785563,1787099272
25785564,1787099284
25785565,1787099296
25785566,1787099308
25785567,1787099320
25785568,1787099332
25785569,1787099344
25785570,1787099356
25785571,1787099368
25785572,1787099380
25785573,1787099392
25785574,1787099404
25785575,1787099416
25785576,1787099428
25785577,1787099440
25785578,1787099452
25785579,1787099464
25785580,1787099476
25785581,1787099488
25785582,1787099500
25785583,1787099512
25785584,1787099524
25785585,1787099537
25785586,1787099549
25785587,1787099561
25785588,1787099573
25785589,1787099585
25785590,1787099597
25785591,1787099609
25785592,1787099621
25785593,1787099633
25785594,1787099645
25785595,1787099657
25785596,1787099669
25785597,1787099681
25785598,1787099693
25785599,1787099705
25785600,1787099717
25785601,1787099729
25785602,1787099741
25785603,1787099753
25785604,1787099765
25785605,1787099777
25785606,1787099789
25785607,1787099801
25785608,1787099813
25785609,1787099825
25785610,1787099837
25785611,1787099849
25785612,1787099862
25785613,1787099874
25785614,1787099886
25785615,1787099898
25785616,1787099910
25785617,1787099922
25785618,1787099934
25785619,1787099946
25785620,1787099958
25785621,1787099970
25785622,1787099982
25785623,1787099994
25785624,1787100006
25785625,1787100018
25785626,1787100030
25785627,1787100042
25785628,1787100054
25785629,1787100066
25785630,1787100078
25785631,1787100090
25785632,1787100102
25785633,1787100114
25785634,1787100126
25785635,1787100138
25785636,1787100150
25785637,1787100162
25785638,1787100175
25785639,1787100187
25785640,1787100199
25785641,1787100211
25785642,1787100223
25785643,1787100235
25785644,1787100247
25785645,1787100259
25785646,1787100271
25785647,1787100283
25785648,1787100295
25785649,1787100307
25785650,1787100319
25785651,1787100331
25785652,1787100343
25785653,1787100355
25785654,1787100367
25785655,1787100379
25785656,1787100391
25785657,1787100403
25785658,1787100415
25785659,1787100427
25785660,1787100439
25785661,1787100451
25785662,1787100463
25785663,1787100475
25785664,1787100487
25785665,1787100500
25785666,1787100512
25785667,1787100524
25785668,1787100536
25785669,1787100548
25785670,1787100560
25785671,1787100572
25785672,1787100584
25785673,1787100596
25785674,1787100608
25785675,1787100620
25785676,1787100632
25785677,1787100644
25785678,1787100656
25785679,1787100668
25785680,1787100680
25785681,1787100692
25785682,1787100704
25785683,1787100716
25785684,1787100728
25785685,1787100740
25785686,1787100752
25785687,1787100764
25785688,1787100776
25785689,1787100788
25785690,1787100800
25785691,1787100813
25785692,1787100825
25785693,1787100837
25785694,1787100849
25785695,1787100861
25785696,1787100873
25785697,1787100885
25785698,1787100897
25785699,1787100909
25785700,1787100921
25785701,1787100933
25785702,1787100945
25785703,1787100957
25785704,1787100969
25785705,1787100981
25785706,1787100993
25785707,1787101005
25785708,1787101017
25785709,1787101029
25785710,1787101041
25785711,1787101053
25785712,1787101065
25785713,1787101077
25785714,1787101089
25785715,1787101101
25785716,1787101113
25785717,1787101125
25785718,1787101138
25785719,1787101150
25785720,1787101162
25785721,1787101174
25785722,1787101186
25785723,1787101198
25785724,1787101210
25785725,1787101222
25785726,1787101234
25785727,1787101246
25785728,1787101258
25785729,1787101270
25785730,1787101282
25785731,1787101294
25785732,1787101306
25785733,1787101318
25785734,1787101330
25785735,1787101342
25785736,1787101354
25785737,1787101366
25785738,1787101378
25785739,1787101390
25785740,1787101402
25785741,1787101414
25785742,1787101426
25785743,1787101438
25785744,1787101451
25785745,1787101463
25785746,1787101475
25785747,1787101487
25785748,1787101499
25785749,1787101511
25785750,1787101523
25785751,1787101535
25785752,1787101547
25785753,1787101559
25785754,1787101571
25785755,1787101583
25785756,1787101595
25785757,1787101607
25785758,1787101619
25785759,1787101631
25785760,1787101643
25785761,1787101655
25785762,1787101667
25785763,1787101679
25785764,1787101691
25785765,1787101703
25785766,1787101715
25785767,1787101727
25785768,1787101739
25785769,1787101751
25785770,1787101763
25785771,1787101776
25785772,1787101788
25785773,1787101800
25785774,1787101812
25785775,1787101824
25785776,1787101836
25785777,1787101848
25785778,1787101860
25785779,1787101872
25785780,1787101884
25785781,1787101896
25785782,1787101908
25785783,1787101920
25785784,1787101932
25785785,1787101944
25785786,1787101956
25785787,1787101968
25785788,1787101980
25785789,1787101992
25785790,1787102004
25785791,1787102016
25785792,1787102028
25785793,1787102040
25785794,1787102052
25785795,1787102064
25785796,1787102076
25785797,1787102088
25785798,1787102101
25785799,1787102113
25785800,1787102125
25785801,1787102137
25785802,1787102149
25785803,1787102161
25785804,1787102173
25785805,1787102185
25785806,1787102197
25785807,1787102209
25785808,1787102221
25785809,1787102233
25785810,1787102245
25785811,1787102257
25785812,1787102269
25785813,1787102281
25785814,1787102293
25785815,1787102305
25785816,1787102317
25785817,1787102329
25785818,1787102341
25785819,1787102353
25785820,1787102365
25785821,1787102377
25785822,1787102389
25785823,1787102401
25785824,1787102414
25785825,1787102426
25785826,1787102438
25785827,1787102450
25785828,1787102462
25785829,1787102474
25785830,1787102486
25785831,1787102498
25785832,1787102510
25785833,1787102522
25785834,1787102534
25785835,1787102546
25785836,1787102558
25785837,1787102570
25785838,1787102582
25785839,1787102594
25785840,1787102606
25785841,1787102618
25785842,1787102630
25785843,1787102642
25785844,1787102654
25785845,1787102666
25785846,1787102678
25785847,1787102690
25785848,1787102702
25785849,1787102714
25785850,1787102726
25785851,1787102739
25785852,1787102751
25785853,1787102763
25785854,1787102775
25785855,1787102787
25785856,1787102799
25785857,1787102811
25785858,1787102823
25785859,1787102835
25785860,1787102847
25785861,1787102859
25785862,1787102871
25785863,1787102883
25785864,1787102895
25785865,1787102907
25785866,1787102919
25785867,1787102931
25785868,1787102943
25785869,1787102955
25785870,1787102967
25785871,1787102979
25785872,1787102991
25785873,1787103003
25785874,1787103015
25785875,1787103027
25785876,1787103039
25785877,1787103052
25785878,1787103064
25785879,1787103076
25785880,1787103088
25785881,1787103100
25785882,1787103112
25785883,1787103124
25785884,1787103136
25785885,1787103148
25785886,1787103160
25785887,1787103172
25785888,1787103184
25785889,1787103196
25785890,1787103208
25785891,1787103220
25785892,1787103232
25785893,1787103244
25785894,1787103256
25785895,1787103268
25785896,1787103280
25785897,1787103292
25785898,1787103304
25785899,1787103316
25785900,1787103328
25785901,1787103340
25785902,1787103352
25785903,1787103364
25785904,1787103377
25785905,1787103389
25785906,1787103401
25785907,1787103413
25785908,1787103425
25785909,1787103437
25785910,1787103449
25785911,1787103461
25785912,1787103473
25785913,1787103485
25785914,1787103497
25785915,1787103509
25785916,1787103521
25785917,1787103533
25785918,1787103545
25785919,1787103557
25785920,1787103569
25785921,1787103581
25785922,1787103593
25785923,1787103605
25785924,1787103617
25785925,1787103629
25785926,1787103641
25785927,1787103653
25785928,1787103665
25785929,1787103677
25785930,1787103689
25785931,1787103702
25785932,1787103714
25785933,1787103726
25785934,1787103738
25785935,1787103750
25785936,1787103762
25785937,1787103774
25785938,1787103786
25785939,1787103798
25785940,1787103810
25785941,1787103822
25785942,1787103834
25785943,1787103846
25785944,1787103858
25785945,1787103870
25785946,1787103882
25785947,1787103894
25785948,1787103906
25785949,1787103918
25785950,1787103930
25785951,1787103942
25785952,1787103954
25785953,1787103966
25785954,1787103978
25785955,1787103990
25785956,1787104002
25785957,1787104015
25785958,1787104027
25785959,1787104039
25785960,1787104051
25785961,1787104063
25785962,1787104075
25785963,1787104087
25785964,1787104099
25785965,1787104111
25785966,1787104123
25785967,1787104135
25785968,1787104147
25785969,1787104159
25785970,1787104171
25785971,1787104183
25785972,1787104195
25785973,1787104207
25785974,1787104219
25785975,1787104231
25785976,1787104243
25785977,1787104255
25785978,1787104267
25785979,1787104279
25785980,1787104291
25785981,1787104303
25785982,1787104315
25785983,1787104327
25785984,1787104340
25785985,1787104352
25785986,1787104364
25785987,1787104376
25785988,1787104388
25785989,1787104400
25785990,1787104412
25785991,1787104424
25785992,1787104436
25785993,1787104448
25785994,1787104460
25785995,1787104472
25785996,1787104484
25785997,1787104496
25785998,1787104508
25785999,1787104520
25786000,1787104532
25786001,1787104544
25786002,1787104556
25786003,1787104568
25786004,1787104580
25786005,1787104592
25786006,1787104604
25786007,1787104616
25786008,1787104628
25786009,1787104640
25786010,1787104653
25786011,1787104665
25786012,1787104677
25786013,1787104689
25786014,1787104701
25786015,1787104713
25786016,1787104725
25786017,1787104737
25786018,1787104749
25786019,1787104761
25786020,1787104773
25786021,1787104785
25786022,1787104797
25786023,1787104809
25786024,1787104821
25786025,1787104833
25786026,1787104845
25786027,1787104857
25786028,1787104869
25786029,1787104881
25786030,1787104893
25786031,1787104905
25786032,1787104917
25786033,1787104929
25786034,1787104941
25786035,1787104953
25786036,1787104965
25786037,1787104978
25786038,1787104990
25786039,1787105002
25786040,1787105014
25786041,1787105026
25786042,1787105038
25786043,1787105050
25786044,1787105062
25786045,1787105074
25786046,1787105086
25786047,1787105098
25786048,1787105110
25786049,1787105122
25786050,1787105134
25786051,1787105146
25786052,1787105158
25786053,1787105170
25786054,1787105182
25786055,1787105194
25786056,1787105206
25786057,1787105218
25786058,1787105230
25786059,1787105242
25786060,1787105254
25786061,1787105266
25786062,1787105278
25786063,1787105291
25786064,1787105303
25786065,1787105315
25786066,1787105327
25786067,1787105339
25786068,1787105351
25786069,1787105363
25786070,1787105375
25786071,1787105387
25786072,1787105399
25786073,1787105411
25786074,1787105423
25786075,1787105435
25786076,1787105447
25786077,1787105459
25786078,1787105471
25786079,1787105483
25786080,1787105495
25786081,1787105507
25786082,1787105519
25786083,1787105531
25786084,1787105543
25786085,1787105555
25786086,1787105567
25786087,1787105579
25786088,1787105591
25786089,1787105603
25786090,1787105616
25786091,1787105628
25786092,1787105640
25786093,1787105652
25786094,1787105664
25786095,1787105676
25786096,1787105688
25786097,1787105700
25786098,1787105712
25786099,1787105724
25786100,1787105736
25786101,1787105748
25786102,1787105760
25786103,1787105772
25786104,1787105784
25786105,1787105796
25786106,1787105808
25786107,1787105820
25786108,1787105832
25786109,1787105844
25786110,1787105856
25786111,1787105868
25786112,1787105880
25786113,1787105892
25786114,1787105904
25786115,1787105916
25786116,1787105928
25786117,1787105941
25786118,1787105953
25786119,1787105965
25786120,1787105977
25786121,1787105989
25786122,1787106001
25786123,1787106013
25786124,1787106025
25786125,1787106037
25786126,1787106049
25786127,1787106061
25786128,1787106073
25786129,1787106085
25786130,1787106097
25786131,1787106109
25786132,1787106121
25786133,1787106133
25786134,1787106145
25786135,1787106157
25786136,1787106169
25786137,1787106181
25786138,1787106193
25786139,1787106205
25786140,1787106217
25786141,1787106229
25786142,1787106241
25786143,1787106254
25786144,1787106266
25786145,1787106278
25786146,1787106290
25786147,1787106302
25786148,1787106314
25786149,1787106326
25786150,1787106338
25786151,1787106350
25786152,1787106362
25786153,1787106374
25786154,1787106386
25786155,1787106398
25786156,1787106410
25786157,1787106422
25786158,1787106434
25786159,1787106446
25786160,1787106458
25786161,1787106470
25786162,1787106482
25786163,1787106494
25786164,1787106506
25786165,1787106518
25786166,1787106530
25786167,1787106542
25786168,1787106554
25786169,1787106566
25786170,1787106579
25786171,1787106591
25786172,1787106603
25786173,1787106615
25786174,1787106627
25786175,1787106639
25786176,1787106651
25786177,1787106663
25786178,1787106675
25786179,1787106687
25786180,1787106699
25786181,1787106711
25786182,1787106723
25786183,1787106735
25786184,1787106747
25786185,1787106759
25786186,1787106771
25786187,1787106783
25786188,1787106795
25786189,1787106807
25786190,1787106819
25786191,1787106831
25786192,1787106843
25786193,1787106855
25786194,1787106867
25786195,1787106879
25786196,1787106892
25786197,1787106904
25786198,1787106916
25786199,1787106928
25786200,1787106940
25786201,1787106952
25786202,1787106964
25786203,1787106976
25786204,1787106988
25786205,1787107000
25786206,1787107012
25786207,1787107024
25786208,1787107036
25786209,1787107048
25786210,1787107060
25786211,1787107072
25786212,1787107084
25786213,1787107096
25786214,1787107108
25786215,1787107120
25786216,1787107132
25786217,1787107144
25786218,1787107156
25786219,1787107168
25786220,1787107180
25786221,1787107192
25786222,1787107204
25786223,1787107217
25786224,1787107229
25786225,1787107241
25786226,1787107253
25786227,1787107265
25786228,1787107277
25786229,1787107289
25786230,1787107301
25786231,1787107313
25786232,1787107325
25786233,1787107337
25786234,1787107349
25786235,1787107361
25786236,1787107373
25786237,1787107385
25786238,1787107397
25786239,1787107409
25786240,1787107421
25786241,1787107433
25786242,1787107445
25786243,1787107457
25786244,1787107469
25786245,1787107481
25786246,1787107493
25786247,1787107505
25786248,1787107517
25786249,1787107529
25786250,1787107542
25786251,1787107554
25786252,1787107566
25786253,1787107578
25786254,1787107590
25786255,1787107602
25786256,1787107614
25786257,1787107626
25786258,1787107638
25786259,1787107650
25786260,1787107662
25786261,1787107674
25786262,1787107686
25786263,1787107698
25786264,1787107710
25786265,1787107722
25786266,1787107734
25786267,1787107746
25786268,1787107758
25786269,1787107770
25786270,1787107782
25786271,1787107794
25786272,1787107806
25786273,1787107818
25786274,1787107830
25786275,1787107842
25786276,1787107855
25786277,1787107867
25786278,1787107879
25786279,1787107891
25786280,1787107903
25786281,1787107915
25786282,1787107927
25786283,1787107939
25786284,1787107951
25786285,1787107963
25786286,1787107975
25786287,1787107987
25786288,1787107999
25786289,1787108011
25786290,1787108023
25786291,1787108035
25786292,1787108047
25786293,1787108059
25786294,1787108071
25786295,1787108083
25786296,1787108095
25786297,1787108107
25786298,1787108119
25786299,1787108131
25786300,1787108143
25786301,1787108155
25786302,1787108167
25786303,1787108180
25786304,1787108192
25786305,1787108204
25786306,1787108216
25786307,1787108228
25786308,1787108240
25786309,1787108252
25786310,1787108264
25786311,1787108276
25786312,1787108288
25786313,1787108300
25786314,1787108312
25786315,1787108324
25786316,1787108336
25786317,1787108348
25786318,1787108360
25786319,1787108372
25786320,1787108384
25786321,1787108396
25786322,1787108408
25786323,1787108420
25786324,1787108432
25786325,1787108444
25786326,1787108456
25786327,1787108468
25786328,1787108480
25786329,1787108493
25786330,1787108505
25786331,1787108517
25786332,1787108529
25786333,1787108541
25786334,1787108553
25786335,1787108565
25786336,1787108577
25786337,1787108589
25786338,1787108601
25786339,1787108613
25786340,1787108625
25786341,1787108637
25786342,1787108649
25786343,1787108661
25786344,1787108673
25786345,1787108685
25786346,1787108697
25786347,1787108709
25786348,1787108721
25786349,1787108733
25786350,1787108745
25786351,1787108757
25786352,1787108769
25786353,1787108781
25786354,1787108793
25786355,1787108805
25786356,1787108818
25786357,1787108830
25786358,1787108842
25786359,1787108854
25786360,1787108866
25786361,1787108878
25786362,1787108890
25786363,1787108902
25786364,1787108914
25786365,1787108926
25786366,1787108938
25786367,1787108950
25786368,1787108962
25786369,1787108974
25786370,1787108986
25786371,1787108998
25786372,1787109010
25786373,1787109022
25786374,1787109034
25786375,1787109046
25786376,1787109058
25786377,1787109070
25786378,1787109082
25786379,1787109094
25786380,1787109106
25786381,1787109118
25786382,1787109131
25786383,1787109143
25786384,1787109155
25786385,1787109167
25786386,1787109179
25786387,1787109191
25786388,1787109203
25786389,1787109215
25786390,1787109227
25786391,1787109239
25786392,1787109251
25786393,1787109263
25786394,1787109275
25786395,1787109287
25786396,1787109299
25786397,1787109311
25786398,1787109323
25786399,1787109335
25786400,1787109347
25786401,1787109359
25786402,1787109371
25786403,1787109383
25786404,1787109395
25786405,1787109407
25786406,1787109419
25786407,1787109431
25786408,1787109443
25786409,1787109456
25786410,1787109468
25786411,1787109480
25786412,1787109492
25786413,1787109504
25786414,1787109516
25786415,1787109528
25786416,1787109540
25786417,1787109552
25786418,1787109564
25786419,1787109576
25786420,1787109588
25786421,1787109600
25786422,1787109612
25786423,1787109624
25786424,1787109636
25786425,1787109648
25786426,1787109660
25786427,1787109672
25786428,1787109684
25786429,1787109696
25786430,1787109708
25786431,1787109720
25786432,1787109732
25786433,1787109744
25786434,1787109756
25786435,1787109768
25786436,1787109781
25786437,1787109793
25786438,1787109805
25786439,1787109817
25786440,1787109829
25786441,1787109841
25786442,1787109853
25786443,1787109865
25786444,1787109877
25786445,1787109889
25786446,1787109901
25786447,1787109913
25786448,1787109925
25786449,1787109937
25786450,1787109949
25786451,1787109961
25786452,1787109973
25786453,1787109985
25786454,1787109997
25786455,1787110009
25786456,1787110021
25786457,1787110033
25786458,1787110045
25786459,1787110057
25786460,1787110069
25786461,1787110081
25786462,1787110094
25786463,1787110106
25786464,1787110118
25786465,1787110130
25786466,1787110142
25786467,1787110154
25786468,1787110166
25786469,1787110178
25786470,1787110190
25786471,1787110202
25786472,1787110214
25786473,1787110226
25786474,1787110238
25786475,1787110250
25786476,1787110262
25786477,1787110274
25786478,1787110286
25786479,1787110298
25786480,1787110310
25786481,1787110322
25786482,1787110334
25786483,1787110346
25786484,1787110358
25786485,1787110370
25786486,1787110382
25786487,1787110394
25786488,1787110406
25786489,1787110419
25786490,1787110431
25786491,1787110443
25786492,1787110455
25786493,1787110467
25786494,1787110479
25786495,1787110491
25786496,1787110503
25786497,1787110515
25786498,1787110527
25786499,1787110539
25786500,1787110551
25786501,1787110563
25786502,1787110575
25786503,1787110587
25786504,1787110599
25786505,1787110611
25786506,1787110623
25786507,1787110635
25786508,1787110647
25786509,1787110659
25786510,1787110671
25786511,1787110683
25786512,1787110695
25786513,1787110707
25786514,1787110719
25786515,1787110732
25786516,1787110744
25786517,1787110756
25786518,1787110768
25786519,1787110780
25786520,1787110792
25786521,1787110804
25786522,1787110816
25786523,1787110828
25786524,1787110840
25786525,1787110852
25786526,1787110864
25786527,1787110876
25786528,1787110888
25786529,1787110900
25786530,1787110912
25786531,1787110924
25786532,1787110936
25786533,1787110948
25786534,1787110960
25786535,1787110972
25786536,1787110984
25786537,1787110996
25786538,1787111008
25786539,1787111020
25786540,1787111032
25786541,1787111044
25786542,1787111057
25786543,1787111069
25786544,1787111081
25786545,1787111093
25786546,1787111105
25786547,1787111117
25786548,1787111129
25786549,1787111141
25786550,1787111153
25786551,1787111165
25786552,1787111177
25786553,1787111189
25786554,1787111201
25786555,1787111213
25786556,1787111225
25786557,1787111237
25786558,1787111249
25786559,1787111261
25786560,1787111273
25786561,1787111285
25786562,1787111297
25786563,1787111309
25786564,1787111321
25786565,1787111333
25786566,1787111345
25786567,1787111357
25786568,1787111369
25786569,1787111382
25786570,1787111394
25786571,1787111406
25786572,1787111418
25786573,1787111430
25786574,1787111442
25786575,1787111454
25786576,1787111466
25786577,1787111478
25786578,1787111490
25786579,1787111502
25786580,1787111514
25786581,1787111526
25786582,1787111538
25786583,1787111550
25786584,1787111562
25786585,1787111574
25786586,1787111586
25786587,1787111598
25786588,1787111610
25786589,1787111622
25786590,1787111634
25786591,1787111646
25786592,1787111658
25786593,1787111670
25786594,1787111682
25786595,1787111695
25786596,1787111707
25786597,1787111719
25786598,1787111731
25786599,1787111743
25786600,1787111755
25786601,1787111767
25786602,1787111779
25786603,1787111791
25786604,1787111803
25786605,1787111815
25786606,1787111827
25786607,1787111839
25786608,1787111851
25786609,1787111863
25786610,1787111875
25786611,1787111887
25786612,1787111899
25786613,1787111911
25786614,1787111923
25786615,1787111935
25786616,1787111947
25786617,1787111959
25786618,1787111971
25786619,1787111983
25786620,1787111995
25786621,1787112007
25786622,1787112020
25786623,1787112032
25786624,1787112044
25786625,1787112056
25786626,1787112068
25786627,1787112080
25786628,1787112092
25786629,1787112104
25786630,1787112116
25786631,1787112128
25786632,1787112140
25786633,1787112152
25786634,1787112164
25786635,1787112176
25786636,1787112188
25786637,1787112200
25786638,1787112212
25786639,1787112224
25786640,1787112236
25786641,1787112248
25786642,1787112260
25786643,1787112272
25786644,1787112284
25786645,1787112296
25786646,1787112308
25786647,1787112320
25786648,1787112333
25786649,1787112345
25786650,1787112357
25786651,1787112369
25786652,1787112381
25786653,1787112393
25786654,1787112405
25786655,1787112417
25786656,1787112429
25786657,1787112441
25786658,1787112453
25786659,1787112465
25786660,1787112477
25786661,1787112489
25786662,1787112501
25786663,1787112513
25786664,1787112525
25786665,1787112537
25786666,1787112549
25786667,1787112561
25786668,1787112573
25786669,1787112585
25786670,1787112597
25786671,1787112609
25786672,1787112621
25786673,1787112633
25786674,1787112645
25786675,1787112658
25786676,1787112670
25786677,1787112682
25786678,1787112694
25786679,1787112706
25786680,1787112718
25786681,1787112730
25786682,1787112742
25786683,1787112754
25786684,1787112766
25786685,1787112778
25786686,1787112790
25786687,1787112802
25786688,1787112814
25786689,1787112826
25786690,1787112838
25786691,1787112850
25786692,1787112862
25786693,1787112874
25786694,1787112886
25786695,1787112898
25786696,1787112910
25786697,1787112922
25786698,1787112934
25786699,1787112946
25786700,1787112958
25786701,1787112971
25786702,1787112983
25786703,1787112995
25786704,1787113007
25786705,1787113019
25786706,1787113031
25786707,1787113043
25786708,1787113055
25786709,1787113067
25786710,1787113079
25786711,1787113091
25786712,1787113103
25786713,1787113115
25786714,1787113127
25786715,1787113139
25786716,1787113151
25786717,1787113163
25786718,1787113175
25786719,1787113187
25786720,1787113199
25786721,1787113211
25786722,1787113223
25786723,1787113235
25786724,1787113247
25786725,1787113259
25786726,1787113271
25786727,1787113283
25786728,1787113296
25786729,1787113308
25786730,1787113320
25786731,1787113332
25786732,1787113344
25786733,1787113356
25786734,1787113368
25786735,1787113380
25786736,1787113392
25786737,1787113404
25786738,1787113416
25786739,1787113428
25786740,1787113440
25786741,1787113452
25786742,1787113464
25786743,1787113476
25786744,1787113488
25786745,1787113500
25786746,1787113512
25786747,1787113524
25786748,1787113536
25786749,1787113548
25786750,1787113560
25786751,1787113572
25786752,1787113584
25786753,1787113596
25786754,1787113608
25786755,1787113621
25786756,1787113633
25786757,1787113645
25786758,1787113657
25786759,1787113669
25786760,1787113681
25786761,1787113693
25786762,1787113705
25786763,1787113717
25786764,1787113729
25786765,1787113741
25786766,1787113753
25786767,1787113765
25786768,1787113777
25786769,1787113789
25786770,1787113801
25786771,1787113813
25786772,1787113825
25786773,1787113837
25786774,1787113849
25786775,1787113861
25786776,1787113873
25786777,1787113885
25786778,1787113897
25786779,1787113909
25786780,1787113921
25786781,1787113934
25786782,1787113946
25786783,1787113958
25786784,1787113970
25786785,1787113982
25786786,1787113994
25786787,1787114006
25786788,1787114018
25786789,1787114030
25786790,1787114042
25786791,1787114054
25786792,1787114066
25786793,1787114078
25786794,1787114090
25786795,1787114102
25786796,1787114114
25786797,1787114126
25786798,1787114138
25786799,1787114150
25786800,1787114162
25786801,1787114174
25786802,1787114186
25786803,1787114198
25786804,1787114210
25786805,1787114222
25786806,1787114234
25786807,1787114246
25786808,1787114259
25786809,1787114271
25786810,1787114283
25786811,1787114295
25786812,1787114307
25786813,1787114319
25786814,1787114331
25786815,1787114343
25786816,1787114355
25786817,1787114367
25786818,1787114379
25786819,1787114391
25786820,1787114403
25786821,1787114415
25786822,1787114427
25786823,1787114439
25786824,1787114451
25786825,1787114463
25786826,1787114475
25786827,1787114487
25786828,1787114499
25786829,1787114511
25786830,1787114523
25786831,1787114535
25786832,1787114547
25786833,1787114559
25786834,1787114572
25786835,1787114584
25786836,1787114596
25786837,1787114608
25786838,1787114620
25786839,1787114632
25786840,1787114644
25786841,1787114656
25786842,1787114668
25786843,1787114680
25786844,1787114692
25786845,1787114704
25786846,1787114716
25786847,1787114728
25786848,1787114740
25786849,1787114752
25786850,1787114764
25786851,1787114776
25786852,1787114788
25786853,1787114800
25786854,1787114812
25786855,1787114824
25786856,1787114836
25786857,1787114848
25786858,1787114860
25786859,1787114872
25786860,1787114884
25786861,1787114897
25786862,1787114909
25786863,1787114921
25786864,1787114933
25786865,1787114945
25786866,1787114957
25786867,1787114969
25786868,1787114981
25786869,1787114993
25786870,1787115005
25786871,1787115017
25786872,1787115029
25786873,1787115041
25786874,1787115053
25786875,1787115065
25786876,1787115077
25786877,1787115089
25786878,1787115101
25786879,1787115113
25786880,1787115125
25786881,1787115137
25786882,1787115149
25786883,1787115161
25786884,1787115173
25786885,1787115185
25786886,1787115197
25786887,1787115209
25786888,1787115222
25786889,1787115234
25786890,1787115246
25786891,1787115258
25786892,1787115270
25786893,1787115282
25786894,1787115294
25786895,1787115306
25786896,1787115318
25786897,1787115330
25786898,1787115342
25786899,1787115354
25786900,1787115366
25786901,1787115378
25786902,1787115390
25786903,1787115402
25786904,1787115414
25786905,1787115426
25786906,1787115438
25786907,1787115450
25786908,1787115462
25786909,1787115474
25786910,1787115486
25786911,1787115498
25786912,1787115510
25786913,1787115522
25786914,1787115535
25786915,1787115547
25786916,1787115559
25786917,1787115571
25786918,1787115583
25786919,1787115595
25786920,1787115607
25786921,1787115619
25786922,1787115631
25786923,1787115643
25786924,1787115655
25786925,1787115667
25786926,1787115679
25786927,1787115691
25786928,1787115703
25786929,1787115715
25786930,1787115727
25786931,1787115739
25786932,1787115751
25786933,1787115763
25786934,1787115775
25786935,1787115787
25786936,1787115799
25786937,1787115811
25786938,1787115823
25786939,1787115835
25786940,1787115847
25786941,1787115860
25786942,1787115872
25786943,1787115884
25786944,1787115896
25786945,1787115908
25786946,1787115920
25786947,1787115932
25786948,1787115944
25786949,1787115956
25786950,1787115968
25786951,1787115980
25786952,1787115992
25786953,1787116004
25786954,1787116016
25786955,1787116028
25786956,1787116040
25786957,1787116052
25786958,1787116064
25786959,1787116076
25786960,1787116088
25786961,1787116100
25786962,1787116112
25786963,1787116124
25786964,1787116136
25786965,1787116148
25786966,1787116160
25786967,1787116173
25786968,1787116185
25786969,1787116197
25786970,1787116209
25786971,1787116221
25786972,1787116233
25786973,1787116245
25786974,1787116257
25786975,1787116269
25786976,1787116281
25786977,1787116293
25786978,1787116305
25786979,1787116317
25786980,1787116329
25786981,1787116341
25786982,1787116353
25786983,1787116365
25786984,1787116377
25786985,1787116389
25786986,1787116401
25786987,1787116413
25786988,1787116425
25786989,1787116437
25786990,1787116449
25786991,1787116461
25786992,1787116473
25786993,1787116485
25786994,1787116498
25786995,1787116510
25786996,1787116522
25786997,1787116534
25786998,1787116546
25786999,1787116558
25787000,1787116570
25787001,1787116582
25787002,1787116594
25787003,1787116606
25787004,1787116618
25787005,1787116630
25787006,1787116642
25787007,1787116654
25787008,1787116666
25787009,1787116678
25787010,1787116690
25787011,1787116702
25787012,1787116714
25787013,1787116726
25787014,1787116738
25787015,1787116750
25787016,1787116762
25787017,1787116774
25787018,1787116786
25787019,1787116798
25787020,1787116811
25787021,1787116823
25787022,1787116835
25787023,1787116847
25787024,1787116859
25787025,1787116871
25787026,1787116883
25787027,1787116895
25787028,1787116907
25787029,1787116919
25787030,1787116931
25787031,1787116943
25787032,1787116955
25787033,1787116967
25787034,1787116979
25787035,1787116991
25787036,1787117003
25787037,1787117015
25787038,1787117027
25787039,1787117039
25787040,1787117051
25787041,1787117063
25787042,1787117075
25787043,1787117087
25787044,1787117099
25787045,1787117111
25787046,1787117123
25787047,1787117136
25787048,1787117148
25787049,1787117160
25787050,1787117172
25787051,1787117184
25787052,1787117196
25787053,1787117208
25787054,1787117220
25787055,1787117232
25787056,1787117244
25787057,1787117256
25787058,1787117268
25787059,1787117280
25787060,1787117292
25787061,1787117304
25787062,1787117316
25787063,1787117328
25787064,1787117340
25787065,1787117352
25787066,1787117364
25787067,1787117376
25787068,1787117388
25787069,1787117400
25787070,1787117412
25787071,1787117424
25787072,1787117436
25787073,1787117448
25787074,1787117461
25787075,1787117473
25787076,1787117485
25787077,1787117497
25787078,1787117509
25787079,1787117521
25787080,1787117533
25787081,1787117545
25787082,1787117557
25787083,1787117569
25787084,1787117581
25787085,1787117593
25787086,1787117605
25787087,1787117617
25787088,1787117629
25787089,1787117641
25787090,1787117653
25787091,1787117665
25787092,1787117677
25787093,1787117689
25787094,1787117701
25787095,1787117713
25787096,1787117725
25787097,1787117737
25787098,1787117749
25787099,1787117761
25787100,1787117774
25787101,1787117786
25787102,1787117798
25787103,1787117810
25787104,1787117822
25787105,1787117834
25787106,1787117846
25787107,1787117858
25787108,1787117870
25787109,1787117882
25787110,1787117894
25787111,1787117906
25787112,1787117918
25787113,1787117930
25787114,1787117942
25787115,1787117954
25787116,1787117966
25787117,1787117978
25787118,1787117990
25787119,1787118002
25787120,1787118014
25787121,1787118026
25787122,1787118038
25787123,1787118050
25787124,1787118062
25787125,1787118074
25787126,1787118086
25787127,1787118099
25787128,1787118111
25787129,1787118123
25787130,1787118135
25787131,1787118147
25787132,1787118159
25787133,1787118171
25787134,1787118183
25787135,1787118195
25787136,1787118207
25787137,1787118219
25787138,1787118231
25787139,1787118243
25787140,1787118255
25787141,1787118267
25787142,1787118279
25787143,1787118291
25787144,1787118303
25787145,1787118315
25787146,1787118327
25787147,1787118339
25787148,1787118351
25787149,1787118363
25787150,1787118375
25787151,1787118387
25787152,1787118399
25787153,1787118412
25787154,1787118424
25787155,1787118436
25787156,1787118448
25787157,1787118460
25787158,1787118472
25787159,1787118484
25787160,1787118496
25787161,1787118508
25787162,1787118520
25787163,1787118532
25787164,1787118544
25787165,1787118556
25787166,1787118568
25787167,1787118580
25787168,1787118592
25787169,1787118604
25787170,1787118616
25787171,1787118628
25787172,1787118640
25787173,1787118652
25787174,1787118664
25787175,1787118676
25787176,1787118688
25787177,1787118700
25787178,1787118712
25787179,1787118724
25787180,1787118737
25787181,1787118749
25787182,1787118761
25787183,1787118773
25787184,1787118785
25787185,1787118797
25787186,1787118809
25787187,1787118821
25787188,1787118833
25787189,1787118845
25787190,1787118857
25787191,1787118869
25787192,1787118881
25787193,1787118893
25787194,1787118905
25787195,1787118917
25787196,1787118929
25787197,1787118941
25787198,1787118953
25787199,1787118965
25787200,1787118977
25787201,1787118989
25787202,1787119001
25787203,1787119013
25787204,1787119025
25787205,1787119037
25787206,1787119049
25787207,1787119062
25787208,1787119074
25787209,1787119086
25787210,1787119098
25787211,1787119110
25787212,1787119122
25787213,1787119134
25787214,1787119146
25787215,1787119158
25787216,1787119170
25787217,1787119182
25787218,1787119194
25787219,1787119206
25787220,1787119218
25787221,1787119230
25787222,1787119242
25787223,1787119254
25787224,1787119266
25787225,1787119278
25787226,1787119290
25787227,1787119302
25787228,1787119314
25787229,1787119326
25787230,1787119338
25787231,1787119350
25787232,1787119362
25787233,1787119375
25787234,1787119387
25787235,1787119399
25787236,1787119411
25787237,1787119423
25787238,1787119435
25787239,1787119447
25787240,1787119459
25787241,1787119471
25787242,1787119483
25787243,1787119495
25787244,1787119507
25787245,1787119519
25787246,1787119531
25787247,1787119543
25787248,1787119555
25787249,1787119567
25787250,1787119579
25787251,1787119591
25787252,1787119603
25787253,1787119615
25787254,1787119627
25787255,1787119639
25787256,1787119651
25787257,1787119663
25787258,1787119675
25787259,1787119687
25787260,1787119700
25787261,1787119712
25787262,1787119724
25787263,1787119736
25787264,1787119748
25787265,1787119760
25787266,1787119772
25787267,1787119784
25787268,1787119796
25787269,1787119808
25787270,1787119820
25787271,1787119832
25787272,1787119844
25787273,1787119856
25787274,1787119868
25787275,1787119880
25787276,1787119892
25787277,1787119904
25787278,1787119916
25787279,1787119928
25787280,1787119940
25787281,1787119952
25787282,1787119964
25787283,1787119976
25787284,1787119988
25787285,1787120000
25787286,1787120013
25787287,1787120025
25787288,1787120037
25787289,1787120049
25787290,1787120061
25787291,1787120073
25787292,1787120085
25787293,1787120097
25787294,1787120109
25787295,1787120121
25787296,1787120133
25787297,1787120145
25787298,1787120157
25787299,1787120169
25787300,1787120181
25787301,1787120193
25787302,1787120205
25787303,1787120217
25787304,1787120229
25787305,1787120241
25787306,1787120253
25787307,1787120265
25787308,1787120277
25787309,1787120289
25787310,1787120301
25787311,1787120313
25787312,1787120325
25787313,1787120338
25787314,1787120350
25787315,1787120362
25787316,1787120374
25787317,1787120386
25787318,1787120398
25787319,1787120410
25787320,1787120422
25787321,1787120434
25787322,1787120446
25787323,1787120458
25787324,1787120470
25787325,1787120482
25787326,1787120494
25787327,1787120506
25787328,1787120518
25787329,1787120530
25787330,1787120542
25787331,1787120554
25787332,1787120566
25787333,1787120578
25787334,1787120590
25787335,1787120602
25787336,1787120614
25787337,1787120626
25787338,1787120638
25787339,1787120651
25787340,1787120663
25787341,1787120675
25787342,1787120687
25787343,1787120699
25787344,1787120711
25787345,1787120723
25787346,1787120735
25787347,1787120747
25787348,1787120759
25787349,1787120771
25787350,1787120783
25787351,1787120795
25787352,1787120807
25787353,1787120819
25787354,1787120831
25787355,1787120843
25787356,1787120855
25787357,1787120867
25787358,1787120879
25787359,1787120891
25787360,1787120903
25787361,1787120915
25787362,1787120927
25787363,1787120939
25787364,1787120951
25787365,1787120963
25787366,1787120976
25787367,1787120988
25787368,1787121000
25787369,1787121012
25787370,1787121024
25787371,1787121036
25787372,1787121048
25787373,1787121060
25787374,1787121072
25787375,1787121084
25787376,1787121096
25787377,1787121108
25787378,1787121120
25787379,1787121132
25787380,1787121144
25787381,1787121156
25787382,1787121168
25787383,1787121180
25787384,1787121192
25787385,1787121204
25787386,1787121216
25787387,1787121228
25787388,1787121240
25787389,1787121252
25787390,1787121264
25787391,1787121276
25787392,1787121288
25787393,1787121301
25787394,1787121313
25787395,1787121325
25787396,1787121337
25787397,1787121349
25787398,1787121361
25787399,1787121373
25787400,1787121385
25787401,1787121397
25787402,1787121409
25787403,1787121421
25787404,1787121433
25787405,1787121445
25787406,1787121457
25787407,1787121469
25787408,1787121481
25787409,1787121493
25787410,1787121505
25787411,1787121517
25787412,1787121529
25787413,1787121541
25787414,1787121553
25787415,1787121565
25787416,1787121577
25787417,1787121589
25787418,1787121601
25787419,1787121614
25787420,1787121626
25787421,1787121638
25787422,1787121650
25787423,1787121662
25787424,1787121674
25787425,1787121686
25787426,1787121698
25787427,1787121710
25787428,1787121722
25787429,1787121734
25787430,1787121746
25787431,1787121758
25787432,1787121770
25787433,1787121782
25787434,1787121794
25787435,1787121806
25787436,1787121818
25787437,1787121830
25787438,1787121842
25787439,1787121854
25787440,1787121866
25787441,1787121878
25787442,1787121890
25787443,1787121902
25787444,1787121914
25787445,1787121926
25787446,1787121939
25787447,1787121951
25787448,1787121963
25787449,1787121975
25787450,1787121987
25787451,1787121999
25787452,1787122011
25787453,1787122023
25787454,1787122035
25787455,1787122047
25787456,1787122059
25787457,1787122071
25787458,1787122083
25787459,1787122095
25787460,1787122107
25787461,1787122119
25787462,1787122131
25787463,1787122143
25787464,1787122155
25787465,1787122167
25787466,1787122179
25787467,1787122191
25787468,1787122203
25787469,1787122215
25787470,1787122227
25787471,1787122239
25787472,1787122252
25787473,1787122264
25787474,1787122276
25787475,1787122288
25787476,1787122300
25787477,1787122312
25787478,1787122324
25787479,1787122336
25787480,1787122348
25787481,1787122360
25787482,1787122372
25787483,1787122384
25787484,1787122396
25787485,1787122408
25787486,1787122420
25787487,1787122432
25787488,1787122444
25787489,1787122456
25787490,1787122468
25787491,1787122480
25787492,1787122492
25787493,1787122504
25787494,1787122516
25787495,1787122528
25787496,1787122540
25787497,1787122552
25787498,1787122564
25787499,1787122577
25787500,1787122589
25787501,1787122601
25787502,1787122613
25787503,1787122625
25787504,1787122637
25787505,1787122649
25787506,1787122661
25787507,1787122673
25787508,1787122685
25787509,1787122697
25787510,1787122709
25787511,1787122721
25787512,1787122733
25787513,1787122745
25787514,1787122757
25787515,1787122769
25787516,1787122781
25787517,1787122793
25787518,1787122805
25787519,1787122817
25787520,1787122829
25787521,1787122841
25787522,1787122853
25787523,1787122865
25787524,1787122877
25787525,1787122889
25787526,1787122902
25787527,1787122914
25787528,1787122926
25787529,1787122938
25787530,1787122950
25787531,1787122962
25787532,1787122974
25787533,1787122986
25787534,1787122998
25787535,1787123010
25787536,1787123022
25787537,1787123034
25787538,1787123046
25787539,1787123058
25787540,1787123070
25787541,1787123082
25787542,1787123094
25787543,1787123106
25787544,1787123118
25787545,1787123130
25787546,1787123142
25787547,1787123154
25787548,1787123166
25787549,1787123178
25787550,1787123190
25787551,1787123202
25787552,1787123215
25787553,1787123227
25787554,1787123239
25787555,1787123251
25787556,1787123263
25787557,1787123275
25787558,1787123287
25787559,1787123299
25787560,1787123311
25787561,1787123323
25787562,1787123335
25787563,1787123347
25787564,1787123359
25787565,1787123371
25787566,1787123383
25787567,1787123395
25787568,1787123407
25787569,1787123419
25787570,1787123431
25787571,1787123443
25787572,1787123455
25787573,1787123467
25787574,1787123479
25787575,1787123491
25787576,1787123503
25787577,1787123515
25787578,1787123527
25787579,1787123540
25787580,1787123552
25787581,1787123564
25787582,1787123576
25787583,1787123588
25787584,1787123600
25787585,1787123612
25787586,1787123624
25787587,1787123636
25787588,1787123648
25787589,1787123660
25787590,1787123672
25787591,1787123684
25787592,1787123696
25787593,1787123708
25787594,1787123720
25787595,1787123732
25787596,1787123744
25787597,1787123756
25787598,1787123768
25787599,1787123780
25787600,1787123792
25787601,1787123804
25787602,1787123816
25787603,1787123828
25787604,1787123840
25787605,1787123853
25787606,1787123865
25787607,1787123877
25787608,1787123889
25787609,1787123901
25787610,1787123913
25787611,1787123925
25787612,1787123937
25787613,1787123949
25787614,1787123961
25787615,1787123973
25787616,1787123985
25787617,1787123997
25787618,1787124009
25787619,1787124021
25787620,1787124033
25787621,1787124045
25787622,1787124057
25787623,1787124069
25787624,1787124081
25787625,1787124093
25787626,1787124105
25787627,1787124117
25787628,1787124129
25787629,1787124141
25787630,1787124153
25787631,1787124165
25787632,1787124178
25787633,1787124190
25787634,1787124202
25787635,1787124214
25787636,1787124226
25787637,1787124238
25787638,1787124250
25787639,1787124262
25787640,1787124274
25787641,1787124286
25787642,1787124298
25787643,1787124310
25787644,1787124322
25787645,1787124334
25787646,1787124346
25787647,1787124358
25787648,1787124370
25787649,1787124382
25787650,1787124394
25787651,1787124406
25787652,1787124418
25787653,1787124430
25787654,1787124442
25787655,1787124454
25787656,1787124466
25787657,1787124478
25787658,1787124491
25787659,1787124503
25787660,1787124515
25787661,1787124527
25787662,1787124539
25787663,1787124551
25787664,1787124563
25787665,1787124575
25787666,1787124587
25787667,1787124599
25787668,1787124611
25787669,1787124623
25787670,1787124635
25787671,1787124647
25787672,1787124659
25787673,1787124671
25787674,1787124683
25787675,1787124695
25787676,1787124707
25787677,1787124719
25787678,1787124731
25787679,1787124743
25787680,1787124755
25787681,1787124767
25787682,1787124779
25787683,1787124791
25787684,1787124803
25787685,1787124816
25787686,1787124828
25787687,1787124840
25787688,1787124852
25787689,1787124864
25787690,1787124876
25787691,1787124888
25787692,1787124900
25787693,1787124912
25787694,1787124924
25787695,1787124936
25787696,1787124948
25787697,1787124960
25787698,1787124972
25787699,1787124984
25787700,1787124996
25787701,1787125008
25787702,1787125020
25787703,1787125032
25787704,1787125044
25787705,1787125056
25787706,1787125068
25787707,1787125080
25787708,1787125092
25787709,1787125104
25787710,1787125116
25787711,1787125128
25787712,1787125141
25787713,1787125153
25787714,1787125165
25787715,1787125177
25787716,1787125189
25787717,1787125201
25787718,1787125213
25787719,1787125225
25787720,1787125237
25787721,1787125249
25787722,1787125261
25787723,1787125273
25787724,1787125285
25787725,1787125297
25787726,1787125309
25787727,1787125321
25787728,1787125333
25787729,1787125345
25787730,1787125357
25787731,1787125369
25787732,1787125381
25787733,1787125393
25787734,1787125405
25787735,1787125417
25787736,1787125429
25787737,1787125441
25787738,1787125454
25787739,1787125466
25787740,1787125478
25787741,1787125490
25787742,1787125502
25787743,1787125514
25787744,1787125526
25787745,1787125538
25787746,1787125550
25787747,1787125562
25787748,1787125574
25787749,1787125586
25787750,1787125598
25787751,1787125610
25787752,1787125622
25787753,1787125634
25787754,1787125646
25787755,1787125658
25787756,1787125670
25787757,1787125682
25787758,1787125694
25787759,1787125706
25787760,1787125718
25787761,1787125730
25787762,1787125742
25787763,1787125754
25787764,1787125766
25787765,1787125779
25787766,1787125791
25787767,1787125803
25787768,1787125815
25787769,1787125827
25787770,1787125839
25787771,1787125851
25787772,1787125863
25787773,1787125875
25787774,1787125887
25787775,1787125899
25787776,1787125911
25787777,1787125923
25787778,1787125935
25787779,1787125947
25787780,1787125959
25787781,1787125971
25787782,1787125983
25787783,1787125995
25787784,1787126007
25787785,1787126019
25787786,1787126031
25787787,1787126043
25787788,1787126055
25787789,1787126067
25787790,1787126079
25787791,1787126092
25787792,1787126104
25787793,1787126116
25787794,1787126128
25787795,1787126140
25787796,1787126152
25787797,1787126164
25787798,1787126176
25787799,1787126188
25787800,1787126200
25787801,1787126212
25787802,1787126224
25787803,1787126236
25787804,1787126248
25787805,1787126260
25787806,1787126272
25787807,1787126284
25787808,1787126296
25787809,1787126308
25787810,1787126320
25787811,1787126332
25787812,1787126344
25787813,1787126356
25787814,1787126368
25787815,1787126380
25787816,1787126392
25787817,1787126404
25787818,1787126417
25787819,1787126429
25787820,1787126441
25787821,1787126453
25787822,1787126465
25787823,1787126477
25787824,1787126489
25787825,1787126501
25787826,1787126513
25787827,1787126525
25787828,1787126537
25787829,1787126549
25787830,1787126561
25787831,1787126573
25787832,1787126585
25787833,1787126597
25787834,1787126609
25787835,1787126621
25787836,1787126633
25787837,1787126645
25787838,1787126657
25787839,1787126669
25787840,1787126681
25787841,1787126693
25787842,1787126705
25787843,1787126717
25787844,1787126729
25787845,1787126742
25787846,1787126754
25787847,1787126766
25787848,1787126778
25787849,1787126790
25787850,1787126802
25787851,1787126814
25787852,1787126826
25787853,1787126838
25787854,1787126850
25787855,1787126862
25787856,1787126874
25787857,1787126886
25787858,1787126898
25787859,1787126910
25787860,1787126922
25787861,1787126934
25787862,1787126946
25787863,1787126958
25787864,1787126970
25787865,1787126982
25787866,1787126994
25787867,1787127006
25787868,1787127018
25787869,1787127030
25787870,1787127042
25787871,1787127055
25787872,1787127067
25787873,1787127079
25787874,1787127091
25787875,1787127103
25787876,1787127115
25787877,1787127127
25787878,1787127139
25787879,1787127151
25787880,1787127163
25787881,1787127175
25787882,1787127187
25787883,1787127199
25787884,1787127211
25787885,1787127223
25787886,1787127235
25787887,1787127247
25787888,1787127259
25787889,1787127271
25787890,1787127283
25787891,1787127295
25787892,1787127307
25787893,1787127319
25787894,1787127331
25787895,1787127343
25787896,1787127355
25787897,1787127367
25787898,1787127380
25787899,1787127392
25787900,1787127404
25787901,1787127416
25787902,1787127428
25787903,1787127440
25787904,1787127452
25787905,1787127464
25787906,1787127476
25787907,1787127488
25787908,1787127500
25787909,1787127512
25787910,1787127524
25787911,1787127536
25787912,1787127548
25787913,1787127560
25787914,1787127572
25787915,1787127584
25787916,1787127596
25787917,1787127608
25787918,1787127620
25787919,1787127632
25787920,1787127644
25787921,1787127656
25787922,1787127668
25787923,1787127680
25787924,1787127693
25787925,1787127705
25787926,1787127717
25787927,1787127729
25787928,1787127741
25787929,1787127753
25787930,1787127765
25787931,1787127777
25787932,1787127789
25787933,1787127801
25787934,1787127813
25787935,1787127825
25787936,1787127837
25787937,1787127849
25787938,1787127861
25787939,1787127873
25787940,1787127885
25787941,1787127897
25787942,1787127909
25787943,1787127921
25787944,1787127933
25787945,1787127945
25787946,1787127957
25787947,1787127969
25787948,1787127981
25787949,1787127993
25787950,1787128005
25787951,1787128018
25787952,1787128030
25787953,1787128042
25787954,1787128054
25787955,1787128066
25787956,1787128078
25787957,1787128090
25787958,1787128102
25787959,1787128114
25787960,1787128126
25787961,1787128138
25787962,1787128150
25787963,1787128162
25787964,1787128174
25787965,1787128186
25787966,1787128198
25787967,1787128210
25787968,1787128222
25787969,1787128234
25787970,1787128246
25787971,1787128258
25787972,1787128270
25787973,1787128282
25787974,1787128294
25787975,1787128306
25787976,1787128318
25787977,1787128331
25787978,1787128343
25787979,1787128355
25787980,1787128367
25787981,1787128379
25787982,1787128391
25787983,1787128403
25787984,1787128415
25787985,1787128427
25787986,1787128439
25787987,1787128451
25787988,1787128463
25787989,1787128475
25787990,1787128487
25787991,1787128499
25787992,1787128511
25787993,1787128523
25787994,1787128535
25787995,1787128547
25787996,1787128559
25787997,1787128571
25787998,1787128583
25787999,1787128595
25788000,1787128607
25788001,1787128619
25788002,1787128631
25788003,1787128643
25788004,1787128656
25788005,1787128668
25788006,1787128680
25788007,1787128692
25788008,1787128704
25788009,1787128716
25788010,1787128728
25788011,1787128740
25788012,1787128752
25788013,1787128764
25788014,1787128776
25788015,1787128788
25788016,1787128800
25788017,1787128812
25788018,1787128824
25788019,1787128836
25788020,1787128848
25788021,1787128860
25788022,1787128872
25788023,1787128884
25788024,1787128896
25788025,1787128908
25788026,1787128920
25788027,1787128932
25788028,1787128944
25788029,1787128956
25788030,1787128968
25788031,1787128981
25788032,1787128993
25788033,1787129005
25788034,1787129017
25788035,1787129029
25788036,1787129041
25788037,1787129053
25788038,1787129065
25788039,1787129077
25788040,1787129089
25788041,1787129101
25788042,1787129113
25788043,1787129125
25788044,1787129137
25788045,1787129149
25788046,1787129161
25788047,1787129173
25788048,1787129185
25788049,1787129197
25788050,1787129209
25788051,1787129221
25788052,1787129233
25788053,1787129245
25788054,1787129257
25788055,1787129269
25788056,1787129281
25788057,1787129294
25788058,1787129306
25788059,1787129318
25788060,1787129330
25788061,1787129342
25788062,1787129354
25788063,1787129366
25788064,1787129378
25788065,1787129390
25788066,1787129402
25788067,1787129414
25788068,1787129426
25788069,1787129438
25788070,1787129450
25788071,1787129462
25788072,1787129474
25788073,1787129486
25788074,1787129498
25788075,1787129510
25788076,1787129522
25788077,1787129534
25788078,1787129546
25788079,1787129558
25788080,1787129570
25788081,1787129582
25788082,1787129594
25788083,1787129606
25788084,1787129619
25788085,1787129631
25788086,1787129643
25788087,1787129655
25788088,1787129667
25788089,1787129679
25788090,1787129691
25788091,1787129703
25788092,1787129715
25788093,1787129727
25788094,1787129739
25788095,1787129751
25788096,1787129763
25788097,1787129775
25788098,1787129787
25788099,1787129799
25788100,1787129811
25788101,1787129823
25788102,1787129835
25788103,1787129847
25788104,1787129859
25788105,1787129871
25788106,1787129883
25788107,1787129895
25788108,1787129907
25788109,1787129919
25788110,1787129932
25788111,1787129944
25788112,1787129956
25788113,1787129968
25788114,1787129980
25788115,1787129992
25788116,1787130004
25788117,1787130016
25788118,1787130028
25788119,1787130040
25788120,1787130052
25788121,1787130064
25788122,1787130076
25788123,1787130088
25788124,1787130100
25788125,1787130112
25788126,1787130124
25788127,1787130136
25788128,1787130148
25788129,1787130160
25788130,1787130172
25788131,1787130184
25788132,1787130196
25788133,1787130208
25788134,1787130220
25788135,1787130232
25788136,1787130244
25788137,1787130257
25788138,1787130269
25788139,1787130281
25788140,1787130293
25788141,1787130305
25788142,1787130317
25788143,1787130329
25788144,1787130341
25788145,1787130353
25788146,1787130365
25788147,1787130377
25788148,1787130389
25788149,1787130401
25788150,1787130413
25788151,1787130425
25788152,1787130437
25788153,1787130449
25788154,1787130461
25788155,1787130473
25788156,1787130485
25788157,1787130497
25788158,1787130509
25788159,1787130521
25788160,1787130533
25788161,1787130545
25788162,1787130557
25788163,1787130569
25788164,1787130582
25788165,1787130594
25788166,1787130606
25788167,1787130618
25788168,1787130630
25788169,1787130642
25788170,1787130654
25788171,1787130666
25788172,1787130678
25788173,1787130690
25788174,1787130702
25788175,1787130714
25788176,1787130726
25788177,1787130738
25788178,1787130750
25788179,1787130762
25788180,1787130774
25788181,1787130786
25788182,1787130798
25788183,1787130810
25788184,1787130822
25788185,1787130834
25788186,1787130846
25788187,1787130858
25788188,1787130870
25788189,1787130882
25788190,1787130895
25788191,1787130907
25788192,1787130919
25788193,1787130931
25788194,1787130943
25788195,1787130955
25788196,1787130967
25788197,1787130979
25788198,1787130991
25788199,1787131003
25788200,1787131015
25788201,1787131027
25788202,1787131039
25788203,1787131051
25788204,1787131063
25788205,1787131075
25788206,1787131087
25788207,1787131099
25788208,1787131111
25788209,1787131123
25788210,1787131135
25788211,1787131147
25788212,1787131159
25788213,1787131171
25788214,1787131183
25788215,1787131195
25788216,1787131207
25788217,1787131220
25788218,1787131232
25788219,1787131244
25788220,1787131256
25788221,1787131268
25788222,1787131280
25788223,1787131292
25788224,1787131304
25788225,1787131316
25788226,1787131328
25788227,1787131340
25788228,1787131352
25788229,1787131364
25788230,1787131376
25788231,1787131388
25788232,1787131400
25788233,1787131412
25788234,1787131424
25788235,1787131436
25788236,1787131448
25788237,1787131460
25788238,1787131472
25788239,1787131484
25788240,1787131496
25788241,1787131508
25788242,1787131520
25788243,1787131533
25788244,1787131545
25788245,1787131557
25788246,1787131569
25788247,1787131581
25788248,1787131593
25788249,1787131605
25788250,1787131617
25788251,1787131629
25788252,1787131641
25788253,1787131653
25788254,1787131665
25788255,1787131677
25788256,1787131689
25788257,1787131701
25788258,1787131713
25788259,1787131725
25788260,1787131737
25788261,1787131749
25788262,1787131761
25788263,1787131773
25788264,1787131785
25788265,1787131797
25788266,1787131809
25788267,1787131821
25788268,1787131833
25788269,1787131845
25788270,1787131858
25788271,1787131870
25788272,1787131882
25788273,1787131894
25788274,1787131906
25788275,1787131918
25788276,1787131930
25788277,1787131942
25788278,1787131954
25788279,1787131966
25788280,1787131978
25788281,1787131990
25788282,1787132002
25788283,1787132014
25788284,1787132026
25788285,1787132038
25788286,1787132050
25788287,1787132062
25788288,1787132074
25788289,1787132086
25788290,1787132098
25788291,1787132110
25788292,1787132122
25788293,1787132134
25788294,1787132146
25788295,1787132158
25788296,1787132171
25788297,1787132183
25788298,1787132195
25788299,1787132207
25788300,1787132219
25788301,1787132231
25788302,1787132243
25788303,1787132255
25788304,1787132267
25788305,1787132279
25788306,1787132291
25788307,1787132303
25788308,1787132315
25788309,1787132327
25788310,1787132339
25788311,1787132351
25788312,1787132363
25788313,1787132375
25788314,1787132387
25788315,1787132399
25788316,1787132411
25788317,1787132423
25788318,1787132435
25788319,1787132447
25788320,1787132459
25788321,1787132471
25788322,1787132483
25788323,1787132496
25788324,1787132508
25788325,1787132520
25788326,1787132532
25788327,1787132544
25788328,1787132556
25788329,1787132568
25788330,1787132580
25788331,1787132592
25788332,1787132604
25788333,1787132616
25788334,1787132628
25788335,1787132640
25788336,1787132652
25788337,1787132664
25788338,1787132676
25788339,1787132688
25788340,1787132700
25788341,1787132712
25788342,1787132724
25788343,1787132736
25788344,1787132748
25788345,1787132760
25788346,1787132772
25788347,1787132784
25788348,1787132796
25788349,1787132808
25788350,1787132821
25788351,1787132833
25788352,1787132845
25788353,1787132857
25788354,1787132869
25788355,1787132881
25788356,1787132893
25788357,1787132905
25788358,1787132917
25788359,1787132929
25788360,1787132941
25788361,1787132953
25788362,1787132965
25788363,1787132977
25788364,1787132989
25788365,1787133001
25788366,1787133013
25788367,1787133025
25788368,1787133037
25788369,1787133049
25788370,1787133061
25788371,1787133073
25788372,1787133085
25788373,1787133097
25788374,1787133109
25788375,1787133121
25788376,1787133134
25788377,1787133146
25788378,1787133158
25788379,1787133170
25788380,1787133182
25788381,1787133194
25788382,1787133206
25788383,1787133218
25788384,1787133230
25788385,1787133242
25788386,1787133254
25788387,1787133266
25788388,1787133278
25788389,1787133290
25788390,1787133302
25788391,1787133314
25788392,1787133326
25788393,1787133338
25788394,1787133350
25788395,1787133362
25788396,1787133374
25788397,1787133386
25788398,1787133398
25788399,1787133410
25788400,1787133422
25788401,1787133434
25788402,1787133446
25788403,1787133459
25788404,1787133471
25788405,1787133483
25788406,1787133495
25788407,1787133507
25788408,1787133519
25788409,1787133531
25788410,1787133543
25788411,1787133555
25788412,1787133567
25788413,1787133579
25788414,1787133591
25788415,1787133603
25788416,1787133615
25788417,1787133627
25788418,1787133639
25788419,1787133651
25788420,1787133663
25788421,1787133675
25788422,1787133687
25788423,1787133699
25788424,1787133711
25788425,1787133723
25788426,1787133735
25788427,1787133747
25788428,1787133759
25788429,1787133772
25788430,1787133784
25788431,1787133796
25788432,1787133808
25788433,1787133820
25788434,1787133832
25788435,1787133844
25788436,1787133856
25788437,1787133868
25788438,1787133880
25788439,1787133892
25788440,1787133904
25788441,1787133916
25788442,1787133928
25788443,1787133940
25788444,1787133952
25788445,1787133964
25788446,1787133976
25788447,1787133988
25788448,1787134000
25788449,1787134012
25788450,1787134024
25788451,1787134036
25788452,1787134048
25788453,1787134060
25788454,1787134072
25788455,1787134084
25788456,1787134097
25788457,1787134109
25788458,1787134121
25788459,1787134133
25788460,1787134145
25788461,1787134157
25788462,1787134169
25788463,1787134181
25788464,1787134193
25788465,1787134205
25788466,1787134217
25788467,1787134229
25788468,1787134241
25788469,1787134253
25788470,1787134265
25788471,1787134277
25788472,1787134289
25788473,1787134301
25788474,1787134313
25788475,1787134325
25788476,1787134337
25788477,1787134349
25788478,1787134361
25788479,1787134373
25788480,1787134385
25788481,1787134397
25788482,1787134409
25788483,1787134422
25788484,1787134434
25788485,1787134446
25788486,1787134458
25788487,1787134470
25788488,1787134482
25788489,1787134494
25788490,1787134506
25788491,1787134518
25788492,1787134530
25788493,1787134542
25788494,1787134554
25788495,1787134566
25788496,1787134578
25788497,1787134590
25788498,1787134602
25788499,1787134614
25788500,1787134626
25788501,1787134638
25788502,1787134650
25788503,1787134662
25788504,1787134674
25788505,1787134686
25788506,1787134698
25788507,1787134710
25788508,1787134722
25788509,1787134735
25788510,1787134747
25788511,1787134759
25788512,1787134771
25788513,1787134783
25788514,1787134795
25788515,1787134807
25788516,1787134819
25788517,1787134831
25788518,1787134843
25788519,1787134855
25788520,1787134867
25788521,1787134879
25788522,1787134891
25788523,1787134903
25788524,1787134915
25788525,1787134927
25788526,1787134939
25788527,1787134951
25788528,1787134963
25788529,1787134975
25788530,1787134987
25788531,1787134999
25788532,1787135011
25788533,1787135023
25788534,1787135035
25788535,1787135047
25788536,1787135060
25788537,1787135072
25788538,1787135084
25788539,1787135096
25788540,1787135108
25788541,1787135120
25788542,1787135132
25788543,1787135144
25788544,1787135156
25788545,1787135168
25788546,1787135180
25788547,1787135192
25788548,1787135204
25788549,1787135216
25788550,1787135228
25788551,1787135240
25788552,1787135252
25788553,1787135264
25788554,1787135276
25788555,1787135288
25788556,1787135300
25788557,1787135312
25788558,1787135324
25788559,1787135336
25788560,1787135348
25788561,1787135360
25788562,1787135373
25788563,1787135385
25788564,1787135397
25788565,1787135409
25788566,1787135421
25788567,1787135433
25788568,1787135445
25788569,1787135457
25788570,1787135469
25788571,1787135481
25788572,1787135493
25788573,1787135505
25788574,1787135517
25788575,1787135529
25788576,1787135541
25788577,1787135553
25788578,1787135565
25788579,1787135577
25788580,1787135589
25788581,1787135601
25788582,1787135613
25788583,1787135625
25788584,1787135637
25788585,1787135649
25788586,1787135661
25788587,1787135673
25788588,1787135685
25788589,1787135698
25788590,1787135710
25788591,1787135722
25788592,1787135734
25788593,1787135746
25788594,1787135758
25788595,1787135770
25788596,1787135782
25788597,1787135794
25788598,1787135806
25788599,1787135818
25788600,1787135830
25788601,1787135842
25788602,1787135854
25788603,1787135866
25788604,1787135878
25788605,1787135890
25788606,1787135902
25788607,1787135914
25788608,1787135926
25788609,1787135938
25788610,1787135950
25788611,1787135962
25788612,1787135974
25788613,1787135986
25788614,1787135998
25788615,1787136011
25788616,1787136023
25788617,1787136035
25788618,1787136047
25788619,1787136059
25788620,1787136071
25788621,1787136083
25788622,1787136095
25788623,1787136107
25788624,1787136119
25788625,1787136131
25788626,1787136143
25788627,1787136155
25788628,1787136167
25788629,1787136179
25788630,1787136191
25788631,1787136203
25788632,1787136215
25788633,1787136227
25788634,1787136239
25788635,1787136251
25788636,1787136263
25788637,1787136275
25788638,1787136287
25788639,1787136299
25788640,1787136311
25788641,1787136323
25788642,1787136336
25788643,1787136348
25788644,1787136360
25788645,1787136372
25788646,1787136384
25788647,1787136396
25788648,1787136408
25788649,1787136420
25788650,1787136432
25788651,1787136444
25788652,1787136456
25788653,1787136468
25788654,1787136480
25788655,1787136492
25788656,1787136504
25788657,1787136516
25788658,1787136528
25788659,1787136540
25788660,1787136552
25788661,1787136564
25788662,1787136576
25788663,1787136588
25788664,1787136600
25788665,1787136612
25788666,1787136624
25788667,1787136636
25788668,1787136648
25788669,1787136661
25788670,1787136673
25788671,1787136685
25788672,1787136697
25788673,1787136709
25788674,1787136721
25788675,1787136733
25788676,1787136745
25788677,1787136757
25788678,1787136769
25788679,1787136781
25788680,1787136793
25788681,1787136805
25788682,1787136817
25788683,1787136829
25788684,1787136841
25788685,1787136853
25788686,1787136865
25788687,1787136877
25788688,1787136889
25788689,1787136901
25788690,1787136913
25788691,1787136925
25788692,1787136937
25788693,1787136949
25788694,1787136961
25788695,1787136974
25788696,1787136986
25788697,1787136998
25788698,1787137010
25788699,1787137022
25788700,1787137034
25788701,1787137046
25788702,1787137058
25788703,1787137070
25788704,1787137082
25788705,1787137094
25788706,1787137106
25788707,1787137118
25788708,1787137130
25788709,1787137142
25788710,1787137154
25788711,1787137166
25788712,1787137178
25788713,1787137190
25788714,1787137202
25788715,1787137214
25788716,1787137226
25788717,1787137238
25788718,1787137250
25788719,1787137262
25788720,1787137274
25788721,1787137286
25788722,1787137299
25788723,1787137311
25788724,1787137323
25788725,1787137335
25788726,1787137347
25788727,1787137359
25788728,1787137371
25788729,1787137383
25788730,1787137395
25788731,1787137407
25788732,1787137419
25788733,1787137431
25788734,1787137443
25788735,1787137455
25788736,1787137467
25788737,1787137479
25788738,1787137491
25788739,1787137503
25788740,1787137515
25788741,1787137527
25788742,1787137539
25788743,1787137551
25788744,1787137563
25788745,1787137575
25788746,1787137587
25788747,1787137599
25788748,1787137612
25788749,1787137624
25788750,1787137636
25788751,1787137648
25788752,1787137660
25788753,1787137672
25788754,1787137684
25788755,1787137696
25788756,1787137708
25788757,1787137720
25788758,1787137732
25788759,1787137744
25788760,1787137756
25788761,1787137768
25788762,1787137780
25788763,1787137792
25788764,1787137804
25788765,1787137816
25788766,1787137828
25788767,1787137840
25788768,1787137852
25788769,1787137864
25788770,1787137876
25788771,1787137888
25788772,1787137900
25788773,1787137912
25788774,1787137924
25788775,1787137937
25788776,1787137949
25788777,1787137961
25788778,1787137973
25788779,1787137985
25788780,1787137997
25788781,1787138009
25788782,1787138021
25788783,1787138033
25788784,1787138045
25788785,1787138057
25788786,1787138069
25788787,1787138081
25788788,1787138093
25788789,1787138105
25788790,1787138117
25788791,1787138129
25788792,1787138141
25788793,1787138153
25788794,1787138165
25788795,1787138177
25788796,1787138189
25788797,1787138201
25788798,1787138213
25788799,1787138225
25788800,1787138237
25788801,1787138249
25788802,1787138262
25788803,1787138274
25788804,1787138286
25788805,1787138298
25788806,1787138310
25788807,1787138322
25788808,1787138334
25788809,1787138346
25788810,1787138358
25788811,1787138370
25788812,1787138382
25788813,1787138394
25788814,1787138406
25788815,1787138418
25788816,1787138430
25788817,1787138442
25788818,1787138454
25788819,1787138466
25788820,1787138478
25788821,1787138490
25788822,1787138502
25788823,1787138514
25788824,1787138526
25788825,1787138538
25788826,1787138550
25788827,1787138562
25788828,1787138575
25788829,1787138587
25788830,1787138599
25788831,1787138611
25788832,1787138623
25788833,1787138635
25788834,1787138647
25788835,1787138659
25788836,1787138671
25788837,1787138683
25788838,1787138695
25788839,1787138707
25788840,1787138719
25788841,1787138731
25788842,1787138743
25788843,1787138755
25788844,1787138767
25788845,1787138779
25788846,1787138791
25788847,1787138803
25788848,1787138815
25788849,1787138827
25788850,1787138839
25788851,1787138851
25788852,1787138863
25788853,1787138875
25788854,1787138887
25788855,1787138900
25788856,1787138912
25788857,1787138924
25788858,1787138936
25788859,1787138948
25788860,1787138960
25788861,1787138972
25788862,1787138984
25788863,1787138996
25788864,1787139008
25788865,1787139020
25788866,1787139032
25788867,1787139044
25788868,1787139056
25788869,1787139068
25788870,1787139080
25788871,1787139092
25788872,1787139104
25788873,1787139116
25788874,1787139128
25788875,1787139140
25788876,1787139152
25788877,1787139164
25788878,1787139176
25788879,1787139188
25788880,1787139200
25788881,1787139213
25788882,1787139225
25788883,1787139237
25788884,1787139249
25788885,1787139261
25788886,1787139273
25788887,1787139285
25788888,1787139297
25788889,1787139309
25788890,1787139321
25788891,1787139333
25788892,1787139345
25788893,1787139357
25788894,1787139369
25788895,1787139381
25788896,1787139393
25788897,1787139405
25788898,1787139417
25788899,1787139429
25788900,1787139441
25788901,1787139453
25788902,1787139465
25788903,1787139477
25788904,1787139489
25788905,1787139501
25788906,1787139513
25788907,1787139525
25788908,1787139538
25788909,1787139550
25788910,1787139562
25788911,1787139574
25788912,1787139586
25788913,1787139598
25788914,1787139610
25788915,1787139622
25788916,1787139634
25788917,1787139646
25788918,1787139658
25788919,1787139670
25788920,1787139682
25788921,1787139694
25788922,1787139706
25788923,1787139718
25788924,1787139730
25788925,1787139742
25788926,1787139754
25788927,1787139766
25788928,1787139778
25788929,1787139790
25788930,1787139802
25788931,1787139814
25788932,1787139826
25788933,1787139838
25788934,1787139851
25788935,1787139863
25788936,1787139875
25788937,1787139887
25788938,1787139899
25788939,1787139911
25788940,1787139923
25788941,1787139935
25788942,1787139947
25788943,1787139959
25788944,1787139971
25788945,1787139983
25788946,1787139995
25788947,1787140007
25788948,1787140019
25788949,1787140031
25788950,1787140043
25788951,1787140055
25788952,1787140067
25788953,1787140079
25788954,1787140091
25788955,1787140103
25788956,1787140115
25788957,1787140127
25788958,1787140139
25788959,1787140151
25788960,1787140163
25788961,1787140176
25788962,1787140188
25788963,1787140200
25788964,1787140212
25788965,1787140224
25788966,1787140236
25788967,1787140248
25788968,1787140260
25788969,1787140272
25788970,1787140284
25788971,1787140296
25788972,1787140308
25788973,1787140320
25788974,1787140332
25788975,1787140344
25788976,1787140356
25788977,1787140368
25788978,1787140380
25788979,1787140392
25788980,1787140404
25788981,1787140416
25788982,1787140428
25788983,1787140440
25788984,1787140452
25788985,1787140464
25788986,1787140476
25788987,1787140488
25788988,1787140501
25788989,1787140513
25788990,1787140525
25788991,1787140537
25788992,1787140549
25788993,1787140561
25788994,1787140573
25788995,1787140585
25788996,1787140597
25788997,1787140609
25788998,1787140621
25788999,1787140633
25789000,1787140645
25789001,1787140657
25789002,1787140669
25789003,1787140681
25789004,1787140693
25789005,1787140705
25789006,1787140717
25789007,1787140729
25789008,1787140741
25789009,1787140753
25789010,1787140765
25789011,1787140777
25789012,1787140789
25789013,1787140801
25789014,1787140814
25789015,1787140826
25789016,1787140838
25789017,1787140850
25789018,1787140862
25789019,1787140874
25789020,1787140886
25789021,1787140898
25789022,1787140910
25789023,1787140922
25789024,1787140934
25789025,1787140946
25789026,1787140958
25789027,1787140970
25789028,1787140982
25789029,1787140994
25789030,1787141006
25789031,1787141018
25789032,1787141030
25789033,1787141042
25789034,1787141054
25789035,1787141066
25789036,1787141078
25789037,1787141090
25789038,1787141102
25789039,1787141114
25789040,1787141126
25789041,1787141139
25789042,1787141151
25789043,1787141163
25789044,1787141175
25789045,1787141187
25789046,1787141199
25789047,1787141211
25789048,1787141223
25789049,1787141235
25789050,1787141247
25789051,1787141259
25789052,1787141271
25789053,1787141283
25789054,1787141295
25789055,1787141307
25789056,1787141319
25789057,1787141331
25789058,1787141343
25789059,1787141355
25789060,1787141367
25789061,1787141379
25789062,1787141391
25789063,1787141403
25789064,1787141415
25789065,1787141427
25789066,1787141439
25789067,1787141452
25789068,1787141464
25789069,1787141476
25789070,1787141488
25789071,1787141500
25789072,1787141512
25789073,1787141524
25789074,1787141536
25789075,1787141548
25789076,1787141560
25789077,1787141572
25789078,1787141584
25789079,1787141596
25789080,1787141608
25789081,1787141620
25789082,1787141632
25789083,1787141644
25789084,1787141656
25789085,1787141668
25789086,1787141680
25789087,1787141692
25789088,1787141704
25789089,1787141716
25789090,1787141728
25789091,1787141740
25789092,1787141752
25789093,1787141764
25789094,1787141777
25789095,1787141789
25789096,1787141801
25789097,1787141813
25789098,1787141825
25789099,1787141837
25789100,1787141849
25789101,1787141861
25789102,1787141873
25789103,1787141885
25789104,1787141897
25789105,1787141909
25789106,1787141921
25789107,1787141933
25789108,1787141945
25789109,1787141957
25789110,1787141969
25789111,1787141981
25789112,1787141993
25789113,1787142005
25789114,1787142017
25789115,1787142029
25789116,1787142041
25789117,1787142053
25789118,1787142065
25789119,1787142077
25789120,1787142089
25789121,1787142102
25789122,1787142114
25789123,1787142126
25789124,1787142138
25789125,1787142150
25789126,1787142162
25789127,1787142174
25789128,1787142186
25789129,1787142198
25789130,1787142210
25789131,1787142222
25789132,1787142234
25789133,1787142246
25789134,1787142258
25789135,1787142270
25789136,1787142282
25789137,1787142294
25789138,1787142306
25789139,1787142318
25789140,1787142330
25789141,1787142342
25789142,1787142354
25789143,1787142366
25789144,1787142378
25789145,1787142390
25789146,1787142402
25789147,1787142415
25789148,1787142427
25789149,1787142439
25789150,1787142451
25789151,1787142463
25789152,1787142475
25789153,1787142487
25789154,1787142499
25789155,1787142511
25789156,1787142523
25789157,1787142535
25789158,1787142547
25789159,1787142559
25789160,1787142571
25789161,1787142583
25789162,1787142595
25789163,1787142607
25789164,1787142619
25789165,1787142631
25789166,1787142643
25789167,1787142655
25789168,1787142667
25789169,1787142679
25789170,1787142691
25789171,1787142703
25789172,1787142715
25789173,1787142727
25789174,1787142740
25789175,1787142752
25789176,1787142764
25789177,1787142776
25789178,1787142788
25789179,1787142800
25789180,1787142812
25789181,1787142824
25789182,1787142836
25789183,1787142848
25789184,1787142860
25789185,1787142872
25789186,1787142884
25789187,1787142896
25789188,1787142908
25789189,1787142920
25789190,1787142932
25789191,1787142944
25789192,1787142956
25789193,1787142968
25789194,1787142980
25789195,1787142992
25789196,1787143004
25789197,1787143016
25789198,1787143028
25789199,1787143040
25789200,1787143053
25789201,1787143065
25789202,1787143077
25789203,1787143089
25789204,1787143101
25789205,1787143113
25789206,1787143125
25789207,1787143137
25789208,1787143149
25789209,1787143161
25789210,1787143173
25789211,1787143185
25789212,1787143197
25789213,1787143209
25789214,1787143221
25789215,1787143233
25789216,1787143245
25789217,1787143257
25789218,1787143269
25789219,1787143281
25789220,1787143293
25789221,1787143305
25789222,1787143317
25789223,1787143329
25789224,1787143341
25789225,1787143353
25789226,1787143365
25789227,1787143378
25789228,1787143390
25789229,1787143402
25789230,1787143414
25789231,1787143426
25789232,1787143438
25789233,1787143450
25789234,1787143462
25789235,1787143474
25789236,1787143486
25789237,1787143498
25789238,1787143510
25789239,1787143522
25789240,1787143534
25789241,1787143546
25789242,1787143558
25789243,1787143570
25789244,1787143582
25789245,1787143594
25789246,1787143606
25789247,1787143618
25789248,1787143630
25789249,1787143642
25789250,1787143654
25789251,1787143666
25789252,1787143678
25789253,1787143691
25789254,1787143703
25789255,1787143715
25789256,1787143727
25789257,1787143739
25789258,1787143751
25789259,1787143763
25789260,1787143775
25789261,1787143787
25789262,1787143799
25789263,1787143811
25789264,1787143823
25789265,1787143835
25789266,1787143847
25789267,1787143859
25789268,1787143871
25789269,1787143883
25789270,1787143895
25789271,1787143907
25789272,1787143919
25789273,1787143931
25789274,1787143943
25789275,1787143955
25789276,1787143967
25789277,1787143979
25789278,1787143991
25789279,1787144003
25789280,1787144016
25789281,1787144028
25789282,1787144040
25789283,1787144052
25789284,1787144064
25789285,1787144076
25789286,1787144088
25789287,1787144100
25789288,1787144112
25789289,1787144124
25789290,1787144136
25789291,1787144148
25789292,1787144160
25789293,1787144172
25789294,1787144184
25789295,1787144196
25789296,1787144208
25789297,1787144220
25789298,1787144232
25789299,1787144244
25789300,1787144256
25789301,1787144268
25789302,1787144280
25789303,1787144292
25789304,1787144304
25789305,1787144316
25789306,1787144328
25789307,1787144341
25789308,1787144353
25789309,1787144365
25789310,1787144377
25789311,1787144389
25789312,1787144401
25789313,1787144413
25789314,1787144425
25789315,1787144437
25789316,1787144449
25789317,1787144461
25789318,1787144473
25789319,1787144485
25789320,1787144497
25789321,1787144509
25789322,1787144521
25789323,1787144533
25789324,1787144545
25789325,1787144557
25789326,1787144569
25789327,1787144581
25789328,1787144593
25789329,1787144605
25789330,1787144617
25789331,1787144629
25789332,1787144641
25789333,1787144654
25789334,1787144666
25789335,1787144678
25789336,1787144690
25789337,1787144702
25789338,1787144714
25789339,1787144726
25789340,1787144738
25789341,1787144750
25789342,1787144762
25789343,1787144774
25789344,1787144786
25789345,1787144798
25789346,1787144810
25789347,1787144822
25789348,1787144834
25789349,1787144846
25789350,1787144858
25789351,1787144870
25789352,1787144882
25789353,1787144894
25789354,1787144906
25789355,1787144918
25789356,1787144930
25789357,1787144942
25789358,1787144954
25789359,1787144966
25789360,1787144979
25789361,1787144991
25789362,1787145003
25789363,1787145015
25789364,1787145027
25789365,1787145039
25789366,1787145051
25789367,1787145063
25789368,1787145075
25789369,1787145087
25789370,1787145099
25789371,1787145111
25789372,1787145123
25789373,1787145135
25789374,1787145147
25789375,1787145159
25789376,1787145171
25789377,1787145183
25789378,1787145195
25789379,1787145207
25789380,1787145219
25789381,1787145231
25789382,1787145243
25789383,1787145255
25789384,1787145267
25789385,1787145279
25789386,1787145292
25789387,1787145304
25789388,1787145316
25789389,1787145328
25789390,1787145340
25789391,1787145352
25789392,1787145364
25789393,1787145376
25789394,1787145388
25789395,1787145400
25789396,1787145412
25789397,1787145424
25789398,1787145436
25789399,1787145448
25789400,1787145460
25789401,1787145472
25789402,1787145484
25789403,1787145496
25789404,1787145508
25789405,1787145520
25789406,1787145532
25789407,1787145544
25789408,1787145556
25789409,1787145568
25789410,1787145580
25789411,1787145592
25789412,1787145604
25789413,1787145617
25789414,1787145629
25789415,1787145641
25789416,1787145653
25789417,1787145665
25789418,1787145677
25789419,1787145689
25789420,1787145701
25789421,1787145713
25789422,1787145725
25789423,1787145737
25789424,1787145749
25789425,1787145761
25789426,1787145773
25789427,1787145785
25789428,1787145797
25789429,1787145809
25789430,1787145821
25789431,1787145833
25789432,1787145845
25789433,1787145857
25789434,1787145869
25789435,1787145881
25789436,1787145893
25789437,1787145905
25789438,1787145917
25789439,1787145929
25789440,1787145942
25789441,1787145954
25789442,1787145966
25789443,1787145978
25789444,1787145990
25789445,1787146002
25789446,1787146014
25789447,1787146026
25789448,1787146038
25789449,1787146050
25789450,1787146062
25789451,1787146074
25789452,1787146086
25789453,1787146098
25789454,1787146110
25789455,1787146122
25789456,1787146134
25789457,1787146146
25789458,1787146158
25789459,1787146170
25789460,1787146182
25789461,1787146194
25789462,1787146206
25789463,1787146218
25789464,1787146230
25789465,1787146242
25789466,1787146255
25789467,1787146267
25789468,1787146279
25789469,1787146291
25789470,1787146303
25789471,1787146315
25789472,1787146327
25789473,1787146339
25789474,1787146351
25789475,1787146363
25789476,1787146375
25789477,1787146387
25789478,1787146399
25789479,1787146411
25789480,1787146423
25789481,1787146435
25789482,1787146447
25789483,1787146459
25789484,1787146471
25789485,1787146483
25789486,1787146495
25789487,1787146507
25789488,1787146519
25789489,1787146531
25789490,1787146543
25789491,1787146555
25789492,1787146567
25789493,1787146580
25789494,1787146592
25789495,1787146604
25789496,1787146616
25789497,1787146628
25789498,1787146640
25789499,1787146652
25789500,1787146664
25789501,1787146676
25789502,1787146688
25789503,1787146700
25789504,1787146712
25789505,1787146724
25789506,1787146736
25789507,1787146748
25789508,1787146760
25789509,1787146772
25789510,1787146784
25789511,1787146796
25789512,1787146808
25789513,1787146820
25789514,1787146832
25789515,1787146844
25789516,1787146856
25789517,1787146868
25789518,1787146880
25789519,1787146893
25789520,1787146905
25789521,1787146917
25789522,1787146929
25789523,1787146941
25789524,1787146953
25789525,1787146965
25789526,1787146977
25789527,1787146989
25789528,1787147001
25789529,1787147013
25789530,1787147025
25789531,1787147037
25789532,1787147049
25789533,1787147061
25789534,1787147073
25789535,1787147085
25789536,1787147097
25789537,1787147109
25789538,1787147121
25789539,1787147133
25789540,1787147145
25789541,1787147157
25789542,1787147169
25789543,1787147181
25789544,1787147193
25789545,1787147205
25789546,1787147218
25789547,1787147230
25789548,1787147242
25789549,1787147254
25789550,1787147266
25789551,1787147278
25789552,1787147290
25789553,1787147302
25789554,1787147314
25789555,1787147326
25789556,1787147338
25789557,1787147350
25789558,1787147362
25789559,1787147374
25789560,1787147386
25789561,1787147398
25789562,1787147410
25789563,1787147422
25789564,1787147434
25789565,1787147446
25789566,1787147458
25789567,1787147470
25789568,1787147482
25789569,1787147494
25789570,1787147506
25789571,1787147518
25789572,1787147531
25789573,1787147543
25789574,1787147555
25789575,1787147567
25789576,1787147579
25789577,1787147591
25789578,1787147603
25789579,1787147615
25789580,1787147627
25789581,1787147639
25789582,1787147651
25789583,1787147663
25789584,1787147675
25789585,1787147687
25789586,1787147699
25789587,1787147711
25789588,1787147723
25789589,1787147735
25789590,1787147747
25789591,1787147759
25789592,1787147771
25789593,1787147783
25789594,1787147795
25789595,1787147807
25789596,1787147819
25789597,1787147831
25789598,1787147843
25789599,1787147856
25789600,1787147868
25789601,1787147880
25789602,1787147892
25789603,1787147904
25789604,1787147916
25789605,1787147928
25789606,1787147940
25789607,1787147952
25789608,1787147964
25789609,1787147976
25789610,1787147988
25789611,1787148000
25789612,1787148012
25789613,1787148024
25789614,1787148036
25789615,1787148048
25789616,1787148060
25789617,1787148072
25789618,1787148084
25789619,1787148096
25789620,1787148108
25789621,1787148120
25789622,1787148132
25789623,1787148144
25789624,1787148156
25789625,1787148168
25789626,1787148181
25789627,1787148193
25789628,1787148205
25789629,1787148217
25789630,1787148229
25789631,1787148241
25789632,1787148253
25789633,1787148265
25789634,1787148277
25789635,1787148289
25789636,1787148301
25789637,1787148313
25789638,1787148325
25789639,1787148337
25789640,1787148349
25789641,1787148361
25789642,1787148373
25789643,1787148385
25789644,1787148397
25789645,1787148409
25789646,1787148421
25789647,1787148433
25789648,1787148445
25789649,1787148457
25789650,1787148469
25789651,1787148481
25789652,1787148494
25789653,1787148506
25789654,1787148518
25789655,1787148530
25789656,1787148542
25789657,1787148554
25789658,1787148566
25789659,1787148578
25789660,1787148590
25789661,1787148602
25789662,1787148614
25789663,1787148626
25789664,1787148638
25789665,1787148650
25789666,1787148662
25789667,1787148674
25789668,1787148686
25789669,1787148698
25789670,1787148710
25789671,1787148722
25789672,1787148734
25789673,1787148746
25789674,1787148758
25789675,1787148770
25789676,1787148782
25789677,1787148794
25789678,1787148806
25789679,1787148819
25789680,1787148831
25789681,1787148843
25789682,1787148855
25789683,1787148867
25789684,1787148879
25789685,1787148891
25789686,1787148903
25789687,1787148915
25789688,1787148927
25789689,1787148939
25789690,1787148951
25789691,1787148963
25789692,1787148975
25789693,1787148987
25789694,1787148999
25789695,1787149011
25789696,1787149023
25789697,1787149035
25789698,1787149047
25789699,1787149059
25789700,1787149071
25789701,1787149083
25789702,1787149095
25789703,1787149107
25789704,1787149119
25789705,1787149132
25789706,1787149144
25789707,1787149156
25789708,1787149168
25789709,1787149180
25789710,1787149192
25789711,1787149204
25789712,1787149216
25789713,1787149228
25789714,1787149240
25789715,1787149252
25789716,1787149264
25789717,1787149276
25789718,1787149288
25789719,1787149300
25789720,1787149312
25789721,1787149324
25789722,1787149336
25789723,1787149348
25789724,1787149360
25789725,1787149372
25789726,1787149384
25789727,1787149396
25789728,1787149408
25789729,1787149420
25789730,1787149432
25789731,1787149444
25789732,1787149457
25789733,1787149469
25789734,1787149481
25789735,1787149493
25789736,1787149505
25789737,1787149517
25789738,1787149529
25789739,1787149541
25789740,1787149553
25789741,1787149565
25789742,1787149577
25789743,1787149589
25789744,1787149601
25789745,1787149613
25789746,1787149625
25789747,1787149637
25789748,1787149649
25789749,1787149661
25789750,1787149673
25789751,1787149685
25789752,1787149697
25789753,1787149709
25789754,1787149721
25789755,1787149733
25789756,1787149745
25789757,1787149757
25789758,1787149769
25789759,1787149782
25789760,1787149794
25789761,1787149806
25789762,1787149818
25789763,1787149830
25789764,1787149842
25789765,1787149854
25789766,1787149866
25789767,1787149878
25789768,1787149890
25789769,1787149902
25789770,1787149914
25789771,1787149926
25789772,1787149938
25789773,1787149950
25789774,1787149962
25789775,1787149974
25789776,1787149986
25789777,1787149998
25789778,1787150010
25789779,1787150022
25789780,1787150034
25789781,1787150046
25789782,1787150058
25789783,1787150070
25789784,1787150082
25789785,1787150095
25789786,1787150107
25789787,1787150119
25789788,1787150131
25789789,1787150143
25789790,1787150155
25789791,1787150167
25789792,1787150179
25789793,1787150191
25789794,1787150203
25789795,1787150215
25789796,1787150227
25789797,1787150239
25789798,1787150251
25789799,1787150263
25789800,1787150275
25789801,1787150287
25789802,1787150299
25789803,1787150311
25789804,1787150323
25789805,1787150335
25789806,1787150347
25789807,1787150359
25789808,1787150371
25789809,1787150383
25789810,1787150395
25789811,1787150407
25789812,1787150420
25789813,1787150432
25789814,1787150444
25789815,1787150456
25789816,1787150468
25789817,1787150480
25789818,1787150492
25789819,1787150504
25789820,1787150516
25789821,1787150528
25789822,1787150540
25789823,1787150552
25789824,1787150564
25789825,1787150576
25789826,1787150588
25789827,1787150600
25789828,1787150612
25789829,1787150624
25789830,1787150636
25789831,1787150648
25789832,1787150660
25789833,1787150672
25789834,1787150684
25789835,1787150696
25789836,1787150708
25789837,1787150720
25789838,1787150733
25789839,1787150745
25789840,1787150757
25789841,1787150769
25789842,1787150781
25789843,1787150793
25789844,1787150805
25789845,1787150817
25789846,1787150829
25789847,1787150841
25789848,1787150853
25789849,1787150865
25789850,1787150877
25789851,1787150889
25789852,1787150901
25789853,1787150913
25789854,1787150925
25789855,1787150937
25789856,1787150949
25789857,1787150961
25789858,1787150973
25789859,1787150985
25789860,1787150997
25789861,1787151009
25789862,1787151021
25789863,1787151033
25789864,1787151045
25789865,1787151058
25789866,1787151070
25789867,1787151082
25789868,1787151094
25789869,1787151106
25789870,1787151118
25789871,1787151130
25789872,1787151142
25789873,1787151154
25789874,1787151166
25789875,1787151178
25789876,1787151190
25789877,1787151202
25789878,1787151214
25789879,1787151226
25789880,1787151238
25789881,1787151250
25789882,1787151262
25789883,1787151274
25789884,1787151286
25789885,1787151298
25789886,1787151310
25789887,1787151322
25789888,1787151334
25789889,1787151346
25789890,1787151358
25789891,1787151371
25789892,1787151383
25789893,1787151395
25789894,1787151407
25789895,1787151419
25789896,1787151431
25789897,1787151443
25789898,1787151455
25789899,1787151467
25789900,1787151479
25789901,1787151491
25789902,1787151503
25789903,1787151515
25789904,1787151527
25789905,1787151539
25789906,1787151551
25789907,1787151563
25789908,1787151575
25789909,1787151587
25789910,1787151599
25789911,1787151611
25789912,1787151623
25789913,1787151635
25789914,1787151647
25789915,1787151659
25789916,1787151671
25789917,1787151683
25789918,1787151696
25789919,1787151708
25789920,1787151720
25789921,1787151732
25789922,1787151744
25789923,1787151756
25789924,1787151768
25789925,1787151780
25789926,1787151792
25789927,1787151804
25789928,1787151816
25789929,1787151828
25789930,1787151840
25789931,1787151852
25789932,1787151864
25789933,1787151876
25789934,1787151888
25789935,1787151900
25789936,1787151912
25789937,1787151924
25789938,1787151936
25789939,1787151948
25789940,1787151960
25789941,1787151972
25789942,1787151984
25789943,1787151996
25789944,1787152008
25789945,1787152021
25789946,1787152033
25789947,1787152045
25789948,1787152057
25789949,1787152069
25789950,1787152081
25789951,1787152093
25789952,1787152105
25789953,1787152117
25789954,1787152129
25789955,1787152141
25789956,1787152153
25789957,1787152165
25789958,1787152177
25789959,1787152189
25789960,1787152201
25789961,1787152213
25789962,1787152225
25789963,1787152237
25789964,1787152249
25789965,1787152261
25789966,1787152273
25789967,1787152285
25789968,1787152297
25789969,1787152309
25789970,1787152321
25789971,1787152334
25789972,1787152346
25789973,1787152358
25789974,1787152370
25789975,1787152382
25789976,1787152394
25789977,1787152406
25789978,1787152418
25789979,1787152430
25789980,1787152442
25789981,1787152454
25789982,1787152466
25789983,1787152478
25789984,1787152490
25789985,1787152502
25789986,1787152514
25789987,1787152526
25789988,1787152538
25789989,1787152550
25789990,1787152562
25789991,1787152574
25789992,1787152586
25789993,1787152598
25789994,1787152610
25789995,1787152622
25789996,1787152634
25789997,1787152646
25789998,1787152659
25789999,1787152671
25790000,1787152683
25790001,1787152695
25790002,1787152707
25790003,1787152719
25790004,1787152731
25790005,1787152743
25790006,1787152755
25790007,1787152767
25790008,1787152779
25790009,1787152791
25790010,1787152803
25790011,1787152815
25790012,1787152827
25790013,1787152839
25790014,1787152851
25790015,1787152863
25790016,1787152875
25790017,1787152887
25790018,1787152899
25790019,1787152911
25790020,1787152923
25790021,1787152935
25790022,1787152947
25790023,1787152959
25790024,1787152972
25790025,1787152984
25790026,1787152996
25790027,1787153008
25790028,1787153020
25790029,1787153032
25790030,1787153044
25790031,1787153056
25790032,1787153068
25790033,1787153080
25790034,1787153092
25790035,1787153104
25790036,1787153116
25790037,1787153128
25790038,1787153140
25790039,1787153152
25790040,1787153164
25790041,1787153176
25790042,1787153188
25790043,1787153200
25790044,1787153212
25790045,1787153224
25790046,1787153236
25790047,1787153248
25790048,1787153260
25790049,1787153272
25790050,1787153284
25790051,1787153297
25790052,1787153309
25790053,1787153321
25790054,1787153333
25790055,1787153345
25790056,1787153357
25790057,1787153369
25790058,1787153381
25790059,1787153393
25790060,1787153405
25790061,1787153417
25790062,1787153429
25790063,1787153441
25790064,1787153453
25790065,1787153465
25790066,1787153477
25790067,1787153489
25790068,1787153501
25790069,1787153513
25790070,1787153525
25790071,1787153537
25790072,1787153549
25790073,1787153561
25790074,1787153573
25790075,1787153585
25790076,1787153597
25790077,1787153609
25790078,1787153622
25790079,1787153634
25790080,1787153646
25790081,1787153658
25790082,1787153670
25790083,1787153682
25790084,1787153694
25790085,1787153706
25790086,1787153718
25790087,1787153730
25790088,1787153742
25790089,1787153754
25790090,1787153766
25790091,1787153778
25790092,1787153790
25790093,1787153802
25790094,1787153814
25790095,1787153826
25790096,1787153838
25790097,1787153850
25790098,1787153862
25790099,1787153874
25790100,1787153886
25790101,1787153898
25790102,1787153910
25790103,1787153922
25790104,1787153935
25790105,1787153947
25790106,1787153959
25790107,1787153971
25790108,1787153983
25790109,1787153995
25790110,1787154007
25790111,1787154019
25790112,1787154031
25790113,1787154043
25790114,1787154055
25790115,1787154067
25790116,1787154079
25790117,1787154091
25790118,1787154103
25790119,1787154115
25790120,1787154127
25790121,1787154139
25790122,1787154151
25790123,1787154163
25790124,1787154175
25790125,1787154187
25790126,1787154199
25790127,1787154211
25790128,1787154223
25790129,1787154235
25790130,1787154247
25790131,1787154260
25790132,1787154272
25790133,1787154284
25790134,1787154296
25790135,1787154308
25790136,1787154320
25790137,1787154332
25790138,1787154344
25790139,1787154356
25790140,1787154368
25790141,1787154380
25790142,1787154392
25790143,1787154404
25790144,1787154416
25790145,1787154428
25790146,1787154440
25790147,1787154452
25790148,1787154464
25790149,1787154476
25790150,1787154488
25790151,1787154500
25790152,1787154512
25790153,1787154524
25790154,1787154536
25790155,1787154548
25790156,1787154560
25790157,1787154573
25790158,1787154585
25790159,1787154597
25790160,1787154609
25790161,1787154621
25790162,1787154633
25790163,1787154645
25790164,1787154657
25790165,1787154669
25790166,1787154681
25790167,1787154693
25790168,1787154705
25790169,1787154717
25790170,1787154729
25790171,1787154741
25790172,1787154753
25790173,1787154765
25790174,1787154777
25790175,1787154789
25790176,1787154801
25790177,1787154813
25790178,1787154825
25790179,1787154837
25790180,1787154849
25790181,1787154861
25790182,1787154873
25790183,1787154885
25790184,1787154898
25790185,1787154910
25790186,1787154922
25790187,1787154934
25790188,1787154946
25790189,1787154958
25790190,1787154970
25790191,1787154982
25790192,1787154994
25790193,1787155006
25790194,1787155018
25790195,1787155030
25790196,1787155042
25790197,1787155054
25790198,1787155066
25790199,1787155078
25790200,1787155090
25790201,1787155102
25790202,1787155114
25790203,1787155126
25790204,1787155138
25790205,1787155150
25790206,1787155162
25790207,1787155174
25790208,1787155186
25790209,1787155198
25790210,1787155211
25790211,1787155223
25790212,1787155235
25790213,1787155247
25790214,1787155259
25790215,1787155271
25790216,1787155283
25790217,1787155295
25790218,1787155307
25790219,1787155319
25790220,1787155331
25790221,1787155343
25790222,1787155355
25790223,1787155367
25790224,1787155379
25790225,1787155391
25790226,1787155403
25790227,1787155415
25790228,1787155427
25790229,1787155439
25790230,1787155451
25790231,1787155463
25790232,1787155475
25790233,1787155487
25790234,1787155499
25790235,1787155511
25790236,1787155523
25790237,1787155536
25790238,1787155548
25790239,1787155560
25790240,1787155572
25790241,1787155584
25790242,1787155596
25790243,1787155608
25790244,1787155620
25790245,1787155632
25790246,1787155644
25790247,1787155656
25790248,1787155668
25790249,1787155680
25790250,1787155692
25790251,1787155704
25790252,1787155716
25790253,1787155728
25790254,1787155740
25790255,1787155752
25790256,1787155764
25790257,1787155776
25790258,1787155788
25790259,1787155800
25790260,1787155812
25790261,1787155824
25790262,1787155836
25790263,1787155848
25790264,1787155861
25790265,1787155873
25790266,1787155885
25790267,1787155897
25790268,1787155909
25790269,1787155921
25790270,1787155933
25790271,1787155945
25790272,1787155957
25790273,1787155969
25790274,1787155981
25790275,1787155993
25790276,1787156005
25790277,1787156017
25790278,1787156029
25790279,1787156041
25790280,1787156053
25790281,1787156065
25790282,1787156077
25790283,1787156089
25790284,1787156101
25790285,1787156113
25790286,1787156125
25790287,1787156137
25790288,1787156149
25790289,1787156161
25790290,1787156174
25790291,1787156186
25790292,1787156198
25790293,1787156210
25790294,1787156222
25790295,1787156234
25790296,1787156246
25790297,1787156258
25790298,1787156270
25790299,1787156282
25790300,1787156294
25790301,1787156306
25790302,1787156318
25790303,1787156330
25790304,1787156342
25790305,1787156354
25790306,1787156366
25790307,1787156378
25790308,1787156390
25790309,1787156402
25790310,1787156414
25790311,1787156426
25790312,1787156438
25790313,1787156450
25790314,1787156462
25790315,1787156474
25790316,1787156486
25790317,1787156499
25790318,1787156511
25790319,1787156523
25790320,1787156535
25790321,1787156547
25790322,1787156559
25790323,1787156571
25790324,1787156583
25790325,1787156595
25790326,1787156607
25790327,1787156619
25790328,1787156631
25790329,1787156643
25790330,1787156655
25790331,1787156667
25790332,1787156679
25790333,1787156691
25790334,1787156703
25790335,1787156715
25790336,1787156727
25790337,1787156739
25790338,1787156751
25790339,1787156763
25790340,1787156775
25790341,1787156787
25790342,1787156799
25790343,1787156812
25790344,1787156824
25790345,1787156836
25790346,1787156848
25790347,1787156860
25790348,1787156872
25790349,1787156884
25790350,1787156896
25790351,1787156908
25790352,1787156920
25790353,1787156932
25790354,1787156944
25790355,1787156956
25790356,1787156968
25790357,1787156980
25790358,1787156992
25790359,1787157004
25790360,1787157016
25790361,1787157028
25790362,1787157040
25790363,1787157052
25790364,1787157064
25790365,1787157076
25790366,1787157088
25790367,1787157100
25790368,1787157112
25790369,1787157124
25790370,1787157137
25790371,1787157149
25790372,1787157161
25790373,1787157173
25790374,1787157185
25790375,1787157197
25790376,1787157209
25790377,1787157221
25790378,1787157233
25790379,1787157245
25790380,1787157257
25790381,1787157269
25790382,1787157281
25790383,1787157293
25790384,1787157305
25790385,1787157317
25790386,1787157329
25790387,1787157341
25790388,1787157353
25790389,1787157365
25790390,1787157377
25790391,1787157389
25790392,1787157401
25790393,1787157413
25790394,1787157425
25790395,1787157437
25790396,1787157449
25790397,1787157462
25790398,1787157474
25790399,1787157486
25790400,1787157498
25790401,1787157510
25790402,1787157522
25790403,1787157534
25790404,1787157546
25790405,1787157558
25790406,1787157570
25790407,1787157582
25790408,1787157594
25790409,1787157606
25790410,1787157618
25790411,1787157630
25790412,1787157642
25790413,1787157654
25790414,1787157666
25790415,1787157678
25790416,1787157690
25790417,1787157702
25790418,1787157714
25790419,1787157726
25790420,1787157738
25790421,1787157750
25790422,1787157762
25790423,1787157775
25790424,1787157787
25790425,1787157799
25790426,1787157811
25790427,1787157823
25790428,1787157835
25790429,1787157847
25790430,1787157859
25790431,1787157871
25790432,1787157883
25790433,1787157895
25790434,1787157907
25790435,1787157919
25790436,1787157931
25790437,1787157943
25790438,1787157955
25790439,1787157967
25790440,1787157979
25790441,1787157991
25790442,1787158003
25790443,1787158015
25790444,1787158027
25790445,1787158039
25790446,1787158051
25790447,1787158063
25790448,1787158075
25790449,1787158087
25790450,1787158100
25790451,1787158112
25790452,1787158124
25790453,1787158136
25790454,1787158148
25790455,1787158160
25790456,1787158172
25790457,1787158184
25790458,1787158196
25790459,1787158208
25790460,1787158220
25790461,1787158232
25790462,1787158244
25790463,1787158256
25790464,1787158268
25790465,1787158280
25790466,1787158292
25790467,1787158304
25790468,1787158316
25790469,1787158328
25790470,1787158340
25790471,1787158352
25790472,1787158364
25790473,1787158376
25790474,1787158388
25790475,1787158400
25790476,1787158413
25790477,1787158425
25790478,1787158437
25790479,1787158449
25790480,1787158461
25790481,1787158473
25790482,1787158485
25790483,1787158497
25790484,1787158509
25790485,1787158521
25790486,1787158533
25790487,1787158545
25790488,1787158557
25790489,1787158569
25790490,1787158581
25790491,1787158593
25790492,1787158605
25790493,1787158617
25790494,1787158629
25790495,1787158641
25790496,1787158653
25790497,1787158665
25790498,1787158677
25790499,1787158689
25790500,1787158701
25790501,1787158713
25790502,1787158725
25790503,1787158738
25790504,1787158750
25790505,1787158762
25790506,1787158774
25790507,1787158786
25790508,1787158798
25790509,1787158810
25790510,1787158822
25790511,1787158834
25790512,1787158846
25790513,1787158858
25790514,1787158870
25790515,1787158882
25790516,1787158894
25790517,1787158906
25790518,1787158918
25790519,1787158930
25790520,1787158942
25790521,1787158954
25790522,1787158966
25790523,1787158978
25790524,1787158990
25790525,1787159002
25790526,1787159014
25790527,1787159026
25790528,1787159038
25790529,1787159051
25790530,1787159063
25790531,1787159075
25790532,1787159087
25790533,1787159099
25790534,1787159111
25790535,1787159123
25790536,1787159135
25790537,1787159147
25790538,1787159159
25790539,1787159171
25790540,1787159183
25790541,1787159195
25790542,1787159207
25790543,1787159219
25790544,1787159231
25790545,1787159243
25790546,1787159255
25790547,1787159267
25790548,1787159279
25790549,1787159291
25790550,1787159303
25790551,1787159315
25790552,1787159327
25790553,1787159339
25790554,1787159351
25790555,1787159363
25790556,1787159376
25790557,1787159388
25790558,1787159400
25790559,1787159412
25790560,1787159424
25790561,1787159436
25790562,1787159448
25790563,1787159460
25790564,1787159472
25790565,1787159484
25790566,1787159496
25790567,1787159508
25790568,1787159520
25790569,1787159532
25790570,1787159544
25790571,1787159556
25790572,1787159568
25790573,1787159580
25790574,1787159592
25790575,1787159604
25790576,1787159616
25790577,1787159628
25790578,1787159640
25790579,1787159652
25790580,1787159664
25790581,1787159676
25790582,1787159688
25790583,1787159701
25790584,1787159713
25790585,1787159725
25790586,1787159737
25790587,1787159749
25790588,1787159761
25790589,1787159773
25790590,1787159785
25790591,1787159797
25790592,1787159809
25790593,1787159821
25790594,1787159833
25790595,1787159845
25790596,1787159857
25790597,1787159869
25790598,1787159881
25790599,1787159893
25790600,1787159905
25790601,1787159917
25790602,1787159929
25790603,1787159941
25790604,1787159953
25790605,1787159965
25790606,1787159977
25790607,1787159989
25790608,1787160001
25790609,1787160014
25790610,1787160026
25790611,1787160038
25790612,1787160050
25790613,1787160062
25790614,1787160074
25790615,1787160086
25790616,1787160098
25790617,1787160110
25790618,1787160122
25790619,1787160134
25790620,1787160146
25790621,1787160158
25790622,1787160170
25790623,1787160182
25790624,1787160194
25790625,1787160206
25790626,1787160218
25790627,1787160230
25790628,1787160242
25790629,1787160254
25790630,1787160266
25790631,1787160278
25790632,1787160290
25790633,1787160302
25790634,1787160314
25790635,1787160326
25790636,1787160339
25790637,1787160351
25790638,1787160363
25790639,1787160375
25790640,1787160387
25790641,1787160399
25790642,1787160411
25790643,1787160423
25790644,1787160435
25790645,1787160447
25790646,1787160459
25790647,1787160471
25790648,1787160483
25790649,1787160495
25790650,1787160507
25790651,1787160519
25790652,1787160531
25790653,1787160543
25790654,1787160555
25790655,1787160567
25790656,1787160579
25790657,1787160591
25790658,1787160603
25790659,1787160615
25790660,1787160627
25790661,1787160639
25790662,1787160652
25790663,1787160664
25790664,1787160676
25790665,1787160688
25790666,1787160700
25790667,1787160712
25790668,1787160724
25790669,1787160736
25790670,1787160748
25790671,1787160760
25790672,1787160772
25790673,1787160784
25790674,1787160796
25790675,1787160808
25790676,1787160820
25790677,1787160832
25790678,1787160844
25790679,1787160856
25790680,1787160868
25790681,1787160880
25790682,1787160892
25790683,1787160904
25790684,1787160916
25790685,1787160928
25790686,1787160940
25790687,1787160952
25790688,1787160964
25790689,1787160977
25790690,1787160989
25790691,1787161001
25790692,1787161013
25790693,1787161025
25790694,1787161037
25790695,1787161049
25790696,1787161061
25790697,1787161073
25790698,1787161085
25790699,1787161097
25790700,1787161109
25790701,1787161121
25790702,1787161133
25790703,1787161145
25790704,1787161157
25790705,1787161169
25790706,1787161181
25790707,1787161193
25790708,1787161205
25790709,1787161217
25790710,1787161229
25790711,1787161241
25790712,1787161253
25790713,1787161265
25790714,1787161277
25790715,1787161289
25790716,1787161302
25790717,1787161314
25790718,1787161326
25790719,1787161338
25790720,1787161350
25790721,1787161362
25790722,1787161374
25790723,1787161386
25790724,1787161398
25790725,1787161410
25790726,1787161422
25790727,1787161434
25790728,1787161446
25790729,1787161458
25790730,1787161470
25790731,1787161482
25790732,1787161494
25790733,1787161506
25790734,1787161518
25790735,1787161530
25790736,1787161542
25790737,1787161554
25790738,1787161566
25790739,1787161578
25790740,1787161590
25790741,1787161602
25790742,1787161615
25790743,1787161627
25790744,1787161639
25790745,1787161651
25790746,1787161663
25790747,1787161675
25790748,1787161687
25790749,1787161699
25790750,1787161711
25790751,1787161723
25790752,1787161735
25790753,1787161747
25790754,1787161759
25790755,1787161771
25790756,1787161783
25790757,1787161795
25790758,1787161807
25790759,1787161819
25790760,1787161831
25790761,1787161843
25790762,1787161855
25790763,1787161867
25790764,1787161879
25790765,1787161891
25790766,1787161903
25790767,1787161915
25790768,1787161927
25790769,1787161940
25790770,1787161952
25790771,1787161964
25790772,1787161976
25790773,1787161988
25790774,1787162000
25790775,1787162012
25790776,1787162024
25790777,1787162036
25790778,1787162048
25790779,1787162060
25790780,1787162072
25790781,1787162084
25790782,1787162096
25790783,1787162108
25790784,1787162120
25790785,1787162132
25790786,1787162144
25790787,1787162156
25790788,1787162168
25790789,1787162180
25790790,1787162192
25790791,1787162204
25790792,1787162216
25790793,1787162228
25790794,1787162240
25790795,1787162253
25790796,1787162265
25790797,1787162277
25790798,1787162289
25790799,1787162301
25790800,1787162313
25790801,1787162325
25790802,1787162337
25790803,1787162349
25790804,1787162361
25790805,1787162373
25790806,1787162385
25790807,1787162397
25790808,1787162409
25790809,1787162421
25790810,1787162433
25790811,1787162445
25790812,1787162457
25790813,1787162469
25790814,1787162481
25790815,1787162493
25790816,1787162505
25790817,1787162517
25790818,1787162529
25790819,1787162541
25790820,1787162553
25790821,1787162565
25790822,1787162578
25790823,1787162590
25790824,1787162602
25790825,1787162614
25790826,1787162626
25790827,1787162638
25790828,1787162650
25790829,1787162662
25790830,1787162674
25790831,1787162686
25790832,1787162698
25790833,1787162710
25790834,1787162722
25790835,1787162734
25790836,1787162746
25790837,1787162758
25790838,1787162770
25790839,1787162782
25790840,1787162794
25790841,1787162806
25790842,1787162818
25790843,1787162830
25790844,1787162842
25790845,1787162854
25790846,1787162866
25790847,1787162878
25790848,1787162891
25790849,1787162903
25790850,1787162915
25790851,1787162927
25790852,1787162939
25790853,1787162951
25790854,1787162963
25790855,1787162975
25790856,1787162987
25790857,1787162999
25790858,1787163011
25790859,1787163023
25790860,1787163035
25790861,1787163047
25790862,1787163059
25790863,1787163071
25790864,1787163083
25790865,1787163095
25790866,1787163107
25790867,1787163119
25790868,1787163131
25790869,1787163143
25790870,1787163155
25790871,1787163167
25790872,1787163179
25790873,1787163191
25790874,1787163203
25790875,1787163216
25790876,1787163228
25790877,1787163240
25790878,1787163252
25790879,1787163264
25790880,1787163276
25790881,1787163288
25790882,1787163300
25790883,1787163312
25790884,1787163324
25790885,1787163336
25790886,1787163348
25790887,1787163360
25790888,1787163372
25790889,1787163384
25790890,1787163396
25790891,1787163408
25790892,1787163420
25790893,1787163432
25790894,1787163444
25790895,1787163456
25790896,1787163468
25790897,1787163480
25790898,1787163492
25790899,1787163504
25790900,1787163516
25790901,1787163528
25790902,1787163541
25790903,1787163553
25790904,1787163565
25790905,1787163577
25790906,1787163589
25790907,1787163601
25790908,1787163613
25790909,1787163625
25790910,1787163637
25790911,1787163649
25790912,1787163661
25790913,1787163673
25790914,1787163685
25790915,1787163697
25790916,1787163709
25790917,1787163721
25790918,1787163733
25790919,1787163745
25790920,1787163757
25790921,1787163769
25790922,1787163781
25790923,1787163793
25790924,1787163805
25790925,1787163817
25790926,1787163829
25790927,1787163841
25790928,1787163854
25790929,1787163866
25790930,1787163878
25790931,1787163890
25790932,1787163902
25790933,1787163914
25790934,1787163926
25790935,1787163938
25790936,1787163950
25790937,1787163962
25790938,1787163974
25790939,1787163986
25790940,1787163998
25790941,1787164010
25790942,1787164022
25790943,1787164034
25790944,1787164046
25790945,1787164058
25790946,1787164070
25790947,1787164082
25790948,1787164094
25790949,1787164106
25790950,1787164118
25790951,1787164130
25790952,1787164142
25790953,1787164154
25790954,1787164166
25790955,1787164179
25790956,1787164191
25790957,1787164203
25790958,1787164215
25790959,1787164227
25790960,1787164239
25790961,1787164251
25790962,1787164263
25790963,1787164275
25790964,1787164287
25790965,1787164299
25790966,1787164311
25790967,1787164323
25790968,1787164335
25790969,1787164347
25790970,1787164359
25790971,1787164371
25790972,1787164383
25790973,1787164395
25790974,1787164407
25790975,1787164419
25790976,1787164431
25790977,1787164443
25790978,1787164455
25790979,1787164467
25790980,1787164479
25790981,1787164492
25790982,1787164504
25790983,1787164516
25790984,1787164528
25790985,1787164540
25790986,1787164552
25790987,1787164564
25790988,1787164576
25790989,1787164588
25790990,1787164600
25790991,1787164612
25790992,1787164624
25790993,1787164636
25790994,1787164648
25790995,1787164660
25790996,1787164672
25790997,1787164684
25790998,1787164696
25790999,1787164708
25791000,1787164720
25791001,1787164732
25791002,1787164744
25791003,1787164756
25791004,1787164768
25791005,1787164780
25791006,1787164792
25791007,1787164804
25791008,1787164817
25791009,1787164829
25791010,1787164841
25791011,1787164853
25791012,1787164865
25791013,1787164877
25791014,1787164889
25791015,1787164901
25791016,1787164913
25791017,1787164925
25791018,1787164937
25791019,1787164949
25791020,1787164961
25791021,1787164973
25791022,1787164985
25791023,1787164997
25791024,1787165009
25791025,1787165021
25791026,1787165033
25791027,1787165045
25791028,1787165057
25791029,1787165069
25791030,1787165081
25791031,1787165093
25791032,1787165105
25791033,1787165117
25791034,1787165129
25791035,1787165142
25791036,1787165154
25791037,1787165166
25791038,1787165178
25791039,1787165190
25791040,1787165202
25791041,1787165214
25791042,1787165226
25791043,1787165238
25791044,1787165250
25791045,1787165262
25791046,1787165274
25791047,1787165286
25791048,1787165298
25791049,1787165310
25791050,1787165322
25791051,1787165334
25791052,1787165346
25791053,1787165358
25791054,1787165370
25791055,1787165382
25791056,1787165394
25791057,1787165406
25791058,1787165418
25791059,1787165430
25791060,1787165442
25791061,1787165455
25791062,1787165467
25791063,1787165479
25791064,1787165491
25791065,1787165503
25791066,1787165515
25791067,1787165527
25791068,1787165539
25791069,1787165551
25791070,1787165563
25791071,1787165575
25791072,1787165587
25791073,1787165599
25791074,1787165611
25791075,1787165623
25791076,1787165635
25791077,1787165647
25791078,1787165659
25791079,1787165671
25791080,1787165683
25791081,1787165695
25791082,1787165707
25791083,1787165719
25791084,1787165731
25791085,1787165743
25791086,1787165755
25791087,1787165767
25791088,1787165780
25791089,1787165792
25791090,1787165804
25791091,1787165816
25791092,1787165828
25791093,1787165840
25791094,1787165852
25791095,1787165864
25791096,1787165876
25791097,1787165888
25791098,1787165900
25791099,1787165912
25791100,1787165924
25791101,1787165936
25791102,1787165948
25791103,1787165960
25791104,1787165972
25791105,1787165984
25791106,1787165996
25791107,1787166008
25791108,1787166020
25791109,1787166032
25791110,1787166044
25791111,1787166056
25791112,1787166068
25791113,1787166080
25791114,1787166093
25791115,1787166105
25791116,1787166117
25791117,1787166129
25791118,1787166141
25791119,1787166153
25791120,1787166165
25791121,1787166177
25791122,1787166189
25791123,1787166201
25791124,1787166213
25791125,1787166225
25791126,1787166237
25791127,1787166249
25791128,1787166261
25791129,1787166273
25791130,1787166285
25791131,1787166297
25791132,1787166309
25791133,1787166321
25791134,1787166333
25791135,1787166345
25791136,1787166357
25791137,1787166369
25791138,1787166381
25791139,1787166393
25791140,1787166405
25791141,1787166418
25791142,1787166430
25791143,1787166442
25791144,1787166454
25791145,1787166466
25791146,1787166478
25791147,1787166490
25791148,1787166502
25791149,1787166514
25791150,1787166526
25791151,1787166538
25791152,1787166550
25791153,1787166562
25791154,1787166574
25791155,1787166586
25791156,1787166598
25791157,1787166610
25791158,1787166622
25791159,1787166634
25791160,1787166646
25791161,1787166658
25791162,1787166670
25791163,1787166682
25791164,1787166694
25791165,1787166706
25791166,1787166718
25791167,1787166731
25791168,1787166743
25791169,1787166755
25791170,1787166767
25791171,1787166779
25791172,1787166791
25791173,1787166803
25791174,1787166815
25791175,1787166827
25791176,1787166839
25791177,1787166851
25791178,1787166863
25791179,1787166875
25791180,1787166887
25791181,1787166899
25791182,1787166911
25791183,1787166923
25791184,1787166935
25791185,1787166947
25791186,1787166959
25791187,1787166971
25791188,1787166983
25791189,1787166995
25791190,1787167007
25791191,1787167019
25791192,1787167031
25791193,1787167043
25791194,1787167056
25791195,1787167068
25791196,1787167080
25791197,1787167092
25791198,1787167104
25791199,1787167116
25791200,1787167128
25791201,1787167140
25791202,1787167152
25791203,1787167164
25791204,1787167176
25791205,1787167188
25791206,1787167200
25791207,1787167212
25791208,1787167224
25791209,1787167236
25791210,1787167248
25791211,1787167260
25791212,1787167272
25791213,1787167284
25791214,1787167296
25791215,1787167308
25791216,1787167320
25791217,1787167332
25791218,1787167344
25791219,1787167356
25791220,1787167368
25791221,1787167381
25791222,1787167393
25791223,1787167405
25791224,1787167417
25791225,1787167429
25791226,1787167441
25791227,1787167453
25791228,1787167465
25791229,1787167477
25791230,1787167489
25791231,1787167501
25791232,1787167513
25791233,1787167525
25791234,1787167537
25791235,1787167549
25791236,1787167561
25791237,1787167573
25791238,1787167585
25791239,1787167597
25791240,1787167609
25791241,1787167621
25791242,1787167633
25791243,1787167645
25791244,1787167657
25791245,1787167669
25791246,1787167681
25791247,1787167694
25791248,1787167706
25791249,1787167718
25791250,1787167730
25791251,1787167742
25791252,1787167754
25791253,1787167766
25791254,1787167778
25791255,1787167790
25791256,1787167802
25791257,1787167814
25791258,1787167826
25791259,1787167838
25791260,1787167850
25791261,1787167862
25791262,1787167874
25791263,1787167886
25791264,1787167898
25791265,1787167910
25791266,1787167922
25791267,1787167934
25791268,1787167946
25791269,1787167958
25791270,1787167970
25791271,1787167982
25791272,1787167994
25791273,1787168006
25791274,1787168019
25791275,1787168031
25791276,1787168043
25791277,1787168055
25791278,1787168067
25791279,1787168079
25791280,1787168091
25791281,1787168103
25791282,1787168115
25791283,1787168127
25791284,1787168139
25791285,1787168151
25791286,1787168163
25791287,1787168175
25791288,1787168187
25791289,1787168199
25791290,1787168211
25791291,1787168223
25791292,1787168235
25791293,1787168247
25791294,1787168259
25791295,1787168271
25791296,1787168283
25791297,1787168295
25791298,1787168307
25791299,1787168319
25791300,1787168332
25791301,1787168344
25791302,1787168356
25791303,1787168368
25791304,1787168380
25791305,1787168392
25791306,1787168404
25791307,1787168416
25791308,1787168428
25791309,1787168440
25791310,1787168452
25791311,1787168464
25791312,1787168476
25791313,1787168488
25791314,1787168500
25791315,1787168512
25791316,1787168524
25791317,1787168536
25791318,1787168548
25791319,1787168560
25791320,1787168572
25791321,1787168584
25791322,1787168596
25791323,1787168608
25791324,1787168620
25791325,1787168632
25791326,1787168644
25791327,1787168657
25791328,1787168669
25791329,1787168681
25791330,1787168693
25791331,1787168705
25791332,1787168717
25791333,1787168729
25791334,1787168741
25791335,1787168753
25791336,1787168765
25791337,1787168777
25791338,1787168789
25791339,1787168801
25791340,1787168813
25791341,1787168825
25791342,1787168837
25791343,1787168849
25791344,1787168861
25791345,1787168873
25791346,1787168885
25791347,1787168897
25791348,1787168909
25791349,1787168921
25791350,1787168933
25791351,1787168945
25791352,1787168957
25791353,1787168969
25791354,1787168982
25791355,1787168994
25791356,1787169006
25791357,1787169018
25791358,1787169030
25791359,1787169042
25791360,1787169054
25791361,1787169066
25791362,1787169078
25791363,1787169090
25791364,1787169102
25791365,1787169114
25791366,1787169126
25791367,1787169138
25791368,1787169150
25791369,1787169162
25791370,1787169174
25791371,1787169186
25791372,1787169198
25791373,1787169210
25791374,1787169222
25791375,1787169234
25791376,1787169246
25791377,1787169258
25791378,1787169270
25791379,1787169282
25791380,1787169295
25791381,1787169307
25791382,1787169319
25791383,1787169331
25791384,1787169343
25791385,1787169355
25791386,1787169367
25791387,1787169379
25791388,1787169391
25791389,1787169403
25791390,1787169415
25791391,1787169427
25791392,1787169439
25791393,1787169451
25791394,1787169463
25791395,1787169475
25791396,1787169487
25791397,1787169499
25791398,1787169511
25791399,1787169523
25791400,1787169535
25791401,1787169547
25791402,1787169559
25791403,1787169571
25791404,1787169583
25791405,1787169595
25791406,1787169607
25791407,1787169620
25791408,1787169632
25791409,1787169644
25791410,1787169656
25791411,1787169668
25791412,1787169680
25791413,1787169692
25791414,1787169704
25791415,1787169716
25791416,1787169728
25791417,1787169740
25791418,1787169752
25791419,1787169764
25791420,1787169776
25791421,1787169788
25791422,1787169800
25791423,1787169812
25791424,1787169824
25791425,1787169836
25791426,1787169848
25791427,1787169860
25791428,1787169872
25791429,1787169884
25791430,1787169896
25791431,1787169908
25791432,1787169920
25791433,1787169933
25791434,1787169945
25791435,1787169957
25791436,1787169969
25791437,1787169981
25791438,1787169993
25791439,1787170005
25791440,1787170017
25791441,1787170029
25791442,1787170041
25791443,1787170053
25791444,1787170065
25791445,1787170077
25791446,1787170089
25791447,1787170101
25791448,1787170113
25791449,1787170125
25791450,1787170137
25791451,1787170149
25791452,1787170161
25791453,1787170173
25791454,1787170185
25791455,1787170197
25791456,1787170209
25791457,1787170221
25791458,1787170233
25791459,1787170245
25791460,1787170258
25791461,1787170270
25791462,1787170282
25791463,1787170294
25791464,1787170306
25791465,1787170318
25791466,1787170330
25791467,1787170342
25791468,1787170354
25791469,1787170366
25791470,1787170378
25791471,1787170390
25791472,1787170402
25791473,1787170414
25791474,1787170426
25791475,1787170438
25791476,1787170450
25791477,1787170462
25791478,1787170474
25791479,1787170486
25791480,1787170498
25791481,1787170510
25791482,1787170522
25791483,1787170534
25791484,1787170546
25791485,1787170558
25791486,1787170571
25791487,1787170583
25791488,1787170595
25791489,1787170607
25791490,1787170619
25791491,1787170631
25791492,1787170643
25791493,1787170655
25791494,1787170667
25791495,1787170679
25791496,1787170691
25791497,1787170703
25791498,1787170715
25791499,1787170727
25791500,1787170739
25791501,1787170751
25791502,1787170763
25791503,1787170775
25791504,1787170787
25791505,1787170799
25791506,1787170811
25791507,1787170823
25791508,1787170835
25791509,1787170847
25791510,1787170859
25791511,1787170871
25791512,1787170883
25791513,1787170896
25791514,1787170908
25791515,1787170920
25791516,1787170932
25791517,1787170944
25791518,1787170956
25791519,1787170968
25791520,1787170980
25791521,1787170992
25791522,1787171004
25791523,1787171016
25791524,1787171028
25791525,1787171040
25791526,1787171052
25791527,1787171064
25791528,1787171076
25791529,1787171088
25791530,1787171100
25791531,1787171112
25791532,1787171124
25791533,1787171136
25791534,1787171148
25791535,1787171160
25791536,1787171172
25791537,1787171184
25791538,1787171196
25791539,1787171208
25791540,1787171221
25791541,1787171233
25791542,1787171245
25791543,1787171257
25791544,1787171269
25791545,1787171281
25791546,1787171293
25791547,1787171305
25791548,1787171317
25791549,1787171329
25791550,1787171341
25791551,1787171353
25791552,1787171365
25791553,1787171377
25791554,1787171389
25791555,1787171401
25791556,1787171413
25791557,1787171425
25791558,1787171437
25791559,1787171449
25791560,1787171461
25791561,1787171473
25791562,1787171485
25791563,1787171497
25791564,1787171509
25791565,1787171521
25791566,1787171534
25791567,1787171546
25791568,1787171558
25791569,1787171570
25791570,1787171582
25791571,1787171594
25791572,1787171606
25791573,1787171618
25791574,1787171630
25791575,1787171642
25791576,1787171654
25791577,1787171666
25791578,1787171678
25791579,1787171690
25791580,1787171702
25791581,1787171714
25791582,1787171726
25791583,1787171738
25791584,1787171750
25791585,1787171762
25791586,1787171774
25791587,1787171786
25791588,1787171798
25791589,1787171810
25791590,1787171822
25791591,1787171834
25791592,1787171846
25791593,1787171859
25791594,1787171871
25791595,1787171883
25791596,1787171895
25791597,1787171907
25791598,1787171919
25791599,1787171931
25791600,1787171943
25791601,1787171955
25791602,1787171967
25791603,1787171979
25791604,1787171991
25791605,1787172003
25791606,1787172015
25791607,1787172027
25791608,1787172039
25791609,1787172051
25791610,1787172063
25791611,1787172075
25791612,1787172087
25791613,1787172099
25791614,1787172111
25791615,1787172123
25791616,1787172135
25791617,1787172147
25791618,1787172159
25791619,1787172172
25791620,1787172184
25791621,1787172196
25791622,1787172208
25791623,1787172220
25791624,1787172232
25791625,1787172244
25791626,1787172256
25791627,1787172268
25791628,1787172280
25791629,1787172292
25791630,1787172304
25791631,1787172316
25791632,1787172328
25791633,1787172340
25791634,1787172352
25791635,1787172364
25791636,1787172376
25791637,1787172388
25791638,1787172400
25791639,1787172412
25791640,1787172424
25791641,1787172436
25791642,1787172448
25791643,1787172460
25791644,1787172472
25791645,1787172484
25791646,1787172497
25791647,1787172509
25791648,1787172521
25791649,1787172533
25791650,1787172545
25791651,1787172557
25791652,1787172569
25791653,1787172581
25791654,1787172593
25791655,1787172605
25791656,1787172617
25791657,1787172629
25791658,1787172641
25791659,1787172653
25791660,1787172665
25791661,1787172677
25791662,1787172689
25791663,1787172701
25791664,1787172713
25791665,1787172725
25791666,1787172737
25791667,1787172749
25791668,1787172761
25791669,1787172773
25791670,1787172785
25791671,1787172797
25791672,1787172809
25791673,1787172822
25791674,1787172834
25791675,1787172846
25791676,1787172858
25791677,1787172870
25791678,1787172882
25791679,1787172894
25791680,1787172906
25791681,1787172918
25791682,1787172930
25791683,1787172942
25791684,1787172954
25791685,1787172966
25791686,1787172978
25791687,1787172990
25791688,1787173002
25791689,1787173014
25791690,1787173026
25791691,1787173038
25791692,1787173050
25791693,1787173062
25791694,1787173074
25791695,1787173086
25791696,1787173098
25791697,1787173110
25791698,1787173122
25791699,1787173135
25791700,1787173147
25791701,1787173159
25791702,1787173171
25791703,1787173183
25791704,1787173195
25791705,1787173207
25791706,1787173219
25791707,1787173231
25791708,1787173243
25791709,1787173255
25791710,1787173267
25791711,1787173279
25791712,1787173291
25791713,1787173303
25791714,1787173315
25791715,1787173327
25791716,1787173339
25791717,1787173351
25791718,1787173363
25791719,1787173375
25791720,1787173387
25791721,1787173399
25791722,1787173411
25791723,1787173423
25791724,1787173435
25791725,1787173447
25791726,1787173460
25791727,1787173472
25791728,1787173484
25791729,1787173496
25791730,1787173508
25791731,1787173520
25791732,1787173532
25791733,1787173544
25791734,1787173556
25791735,1787173568
25791736,1787173580
25791737,1787173592
25791738,1787173604
25791739,1787173616
25791740,1787173628
25791741,1787173640
25791742,1787173652
25791743,1787173664
25791744,1787173676
25791745,1787173688
25791746,1787173700
25791747,1787173712
25791748,1787173724
25791749,1787173736
25791750,1787173748
25791751,1787173760
25791752,1787173773
25791753,1787173785
25791754,1787173797
25791755,1787173809
25791756,1787173821
25791757,1787173833
25791758,1787173845
25791759,1787173857
25791760,1787173869
25791761,1787173881
25791762,1787173893
25791763,1787173905
25791764,1787173917
25791765,1787173929
25791766,1787173941
25791767,1787173953
25791768,1787173965
25791769,1787173977
25791770,1787173989
25791771,1787174001
25791772,1787174013
25791773,1787174025
25791774,1787174037
25791775,1787174049
25791776,1787174061
25791777,1787174073
25791778,1787174085
25791779,1787174098
25791780,1787174110
25791781,1787174122
25791782,1787174134
25791783,1787174146
25791784,1787174158
25791785,1787174170
25791786,1787174182
25791787,1787174194
25791788,1787174206
25791789,1787174218
25791790,1787174230
25791791,1787174242
25791792,1787174254
25791793,1787174266
25791794,1787174278
25791795,1787174290
25791796,1787174302
25791797,1787174314
25791798,1787174326
25791799,1787174338
25791800,1787174350
25791801,1787174362
25791802,1787174374
25791803,1787174386
25791804,1787174398
25791805,1787174411
25791806,1787174423
25791807,1787174435
25791808,1787174447
25791809,1787174459
25791810,1787174471
25791811,1787174483
25791812,1787174495
25791813,1787174507
25791814,1787174519
25791815,1787174531
25791816,1787174543
25791817,1787174555
25791818,1787174567
25791819,1787174579
25791820,1787174591
25791821,1787174603
25791822,1787174615
25791823,1787174627
25791824,1787174639
25791825,1787174651
25791826,1787174663
25791827,1787174675
25791828,1787174687
25791829,1787174699
25791830,1787174711
25791831,1787174723
25791832,1787174736
25791833,1787174748
25791834,1787174760
25791835,1787174772
25791836,1787174784
25791837,1787174796
25791838,1787174808
25791839,1787174820
25791840,1787174832
25791841,1787174844
25791842,1787174856
25791843,1787174868
25791844,1787174880
25791845,1787174892
25791846,1787174904
25791847,1787174916
25791848,1787174928
25791849,1787174940
25791850,1787174952
25791851,1787174964
25791852,1787174976
25791853,1787174988
25791854,1787175000
25791855,1787175012
25791856,1787175024
25791857,1787175036
25791858,1787175048
25791859,1787175061
25791860,1787175073
25791861,1787175085
25791862,1787175097
25791863,1787175109
25791864,1787175121
25791865,1787175133
25791866,1787175145
25791867,1787175157
25791868,1787175169
25791869,1787175181
25791870,1787175193
25791871,1787175205
25791872,1787175217
25791873,1787175229
25791874,1787175241
25791875,1787175253
25791876,1787175265
25791877,1787175277
25791878,1787175289
25791879,1787175301
25791880,1787175313
25791881,1787175325
25791882,1787175337
25791883,1787175349
25791884,1787175361
25791885,1787175374
25791886,1787175386
25791887,1787175398
25791888,1787175410
25791889,1787175422
25791890,1787175434
25791891,1787175446
25791892,1787175458
25791893,1787175470
25791894,1787175482
25791895,1787175494
25791896,1787175506
25791897,1787175518
25791898,1787175530
25791899,1787175542
25791900,1787175554
25791901,1787175566
25791902,1787175578
25791903,1787175590
25791904,1787175602
25791905,1787175614
25791906,1787175626
25791907,1787175638
25791908,1787175650
25791909,1787175662
25791910,1787175674
25791911,1787175686
25791912,1787175699
25791913,1787175711
25791914,1787175723
25791915,1787175735
25791916,1787175747
25791917,1787175759
25791918,1787175771
25791919,1787175783
25791920,1787175795
25791921,1787175807
25791922,1787175819
25791923,1787175831
25791924,1787175843
25791925,1787175855
25791926,1787175867
25791927,1787175879
25791928,1787175891
25791929,1787175903
25791930,1787175915
25791931,1787175927
25791932,1787175939
25791933,1787175951
25791934,1787175963
25791935,1787175975
25791936,1787175987
25791937,1787175999
25791938,1787176012
25791939,1787176024
25791940,1787176036
25791941,1787176048
25791942,1787176060
25791943,1787176072
25791944,1787176084
25791945,1787176096
25791946,1787176108
25791947,1787176120
25791948,1787176132
25791949,1787176144
25791950,1787176156
25791951,1787176168
25791952,1787176180
25791953,1787176192
25791954,1787176204
25791955,1787176216
25791956,1787176228
25791957,1787176240
25791958,1787176252
25791959,1787176264
25791960,1787176276
25791961,1787176288
25791962,1787176300
25791963,1787176312
25791964,1787176324
25791965,1787176337
25791966,1787176349
25791967,1787176361
25791968,1787176373
25791969,1787176385
25791970,1787176397
25791971,1787176409
25791972,1787176421
25791973,1787176433
25791974,1787176445
25791975,1787176457
25791976,1787176469
25791977,1787176481
25791978,1787176493
25791979,1787176505
25791980,1787176517
25791981,1787176529
25791982,1787176541
25791983,1787176553
25791984,1787176565
25791985,1787176577
25791986,1787176589
25791987,1787176601
25791988,1787176613
25791989,1787176625
25791990,1787176637
25791991,1787176649
25791992,1787176662
25791993,1787176674
25791994,1787176686
25791995,1787176698
25791996,1787176710
25791997,1787176722
25791998,1787176734
25791999,1787176746
25792000,1787176758
25792001,1787176770
25792002,1787176782
25792003,1787176794
25792004,1787176806
25792005,1787176818
25792006,1787176830
25792007,1787176842
25792008,1787176854
25792009,1787176866
25792010,1787176878
25792011,1787176890
25792012,1787176902
25792013,1787176914
25792014,1787176926
25792015,1787176938
25792016,1787176950
25792017,1787176962
25792018,1787176975
25792019,1787176987
25792020,1787176999
25792021,1787177011
25792022,1787177023
25792023,1787177035
25792024,1787177047
25792025,1787177059
25792026,1787177071
25792027,1787177083
25792028,1787177095
25792029,1787177107
25792030,1787177119
25792031,1787177131
25792032,1787177143
25792033,1787177155
25792034,1787177167
25792035,1787177179
25792036,1787177191
25792037,1787177203
25792038,1787177215
25792039,1787177227
25792040,1787177239
25792041,1787177251
25792042,1787177263
25792043,1787177275
25792044,1787177287
25792045,1787177300
25792046,1787177312
25792047,1787177324
25792048,1787177336
25792049,1787177348
25792050,1787177360
25792051,1787177372
25792052,1787177384
25792053,1787177396
25792054,1787177408
25792055,1787177420
25792056,1787177432
25792057,1787177444
25792058,1787177456
25792059,1787177468
25792060,1787177480
25792061,1787177492
25792062,1787177504
25792063,1787177516
25792064,1787177528
25792065,1787177540
25792066,1787177552
25792067,1787177564
25792068,1787177576
25792069,1787177588
25792070,1787177600
25792071,1787177613
25792072,1787177625
25792073,1787177637
25792074,1787177649
25792075,1787177661
25792076,1787177673
25792077,1787177685
25792078,1787177697
25792079,1787177709
25792080,1787177721
25792081,1787177733
25792082,1787177745
25792083,1787177757
25792084,1787177769
25792085,1787177781
25792086,1787177793
25792087,1787177805
25792088,1787177817
25792089,1787177829
25792090,1787177841
25792091,1787177853
25792092,1787177865
25792093,1787177877
25792094,1787177889
25792095,1787177901
25792096,1787177913
25792097,1787177925
25792098,1787177938
25792099,1787177950
25792100,1787177962
25792101,1787177974
25792102,1787177986
25792103,1787177998
25792104,1787178010
25792105,1787178022
25792106,1787178034
25792107,1787178046
25792108,1787178058
25792109,1787178070
25792110,1787178082
25792111,1787178094
25792112,1787178106
25792113,1787178118
25792114,1787178130
25792115,1787178142
25792116,1787178154
25792117,1787178166
25792118,1787178178
25792119,1787178190
25792120,1787178202
25792121,1787178214
25792122,1787178226
25792123,1787178238
25792124,1787178251
25792125,1787178263
25792126,1787178275
25792127,1787178287
25792128,1787178299
25792129,1787178311
25792130,1787178323
25792131,1787178335
25792132,1787178347
25792133,1787178359
25792134,1787178371
25792135,1787178383
25792136,1787178395
25792137,1787178407
25792138,1787178419
25792139,1787178431
25792140,1787178443
25792141,1787178455
25792142,1787178467
25792143,1787178479
25792144,1787178491
25792145,1787178503
25792146,1787178515
25792147,1787178527
25792148,1787178539
25792149,1787178551
25792150,1787178563
25792151,1787178576
25792152,1787178588
25792153,1787178600
25792154,1787178612
25792155,1787178624
25792156,1787178636
25792157,1787178648
25792158,1787178660
25792159,1787178672
25792160,1787178684
25792161,1787178696
25792162,1787178708
25792163,1787178720
25792164,1787178732
25792165,1787178744
25792166,1787178756
25792167,1787178768
25792168,1787178780
25792169,1787178792
25792170,1787178804
25792171,1787178816
25792172,1787178828
25792173,1787178840
25792174,1787178852
25792175,1787178864
25792176,1787178876
25792177,1787178888
25792178,1787178901
25792179,1787178913
25792180,1787178925
25792181,1787178937
25792182,1787178949
25792183,1787178961
25792184,1787178973
25792185,1787178985
25792186,1787178997
25792187,1787179009
25792188,1787179021
25792189,1787179033
25792190,1787179045
25792191,1787179057
25792192,1787179069
25792193,1787179081
25792194,1787179093
25792195,1787179105
25792196,1787179117
25792197,1787179129
25792198,1787179141
25792199,1787179153
25792200,1787179165
25792201,1787179177
25792202,1787179189
25792203,1787179201
25792204,1787179214
25792205,1787179226
25792206,1787179238
25792207,1787179250
25792208,1787179262
25792209,1787179274
25792210,1787179286
25792211,1787179298
25792212,1787179310
25792213,1787179322
25792214,1787179334
25792215,1787179346
25792216,1787179358
25792217,1787179370
25792218,1787179382
25792219,1787179394
25792220,1787179406
25792221,1787179418
25792222,1787179430
25792223,1787179442
25792224,1787179454
25792225,1787179466
25792226,1787179478
25792227,1787179490
25792228,1787179502
25792229,1787179514
25792230,1787179526
25792231,1787179539
25792232,1787179551
25792233,1787179563
25792234,1787179575
25792235,1787179587
25792236,1787179599
25792237,1787179611
25792238,1787179623
25792239,1787179635
25792240,1787179647
25792241,1787179659
25792242,1787179671
25792243,1787179683
25792244,1787179695
25792245,1787179707
25792246,1787179719
25792247,1787179731
25792248,1787179743
25792249,1787179755
25792250,1787179767
25792251,1787179779
25792252,1787179791
25792253,1787179803
25792254,1787179815
25792255,1787179827
25792256,1787179839
25792257,1787179852
25792258,1787179864
25792259,1787179876
25792260,1787179888
25792261,1787179900
25792262,1787179912
25792263,1787179924
25792264,1787179936
25792265,1787179948
25792266,1787179960
25792267,1787179972
25792268,1787179984
25792269,1787179996
25792270,1787180008
25792271,1787180020
25792272,1787180032
25792273,1787180044
25792274,1787180056
25792275,1787180068
25792276,1787180080
25792277,1787180092
25792278,1787180104
25792279,1787180116
25792280,1787180128
25792281,1787180140
25792282,1787180152
25792283,1787180164
25792284,1787180177
25792285,1787180189
25792286,1787180201
25792287,1787180213
25792288,1787180225
25792289,1787180237
25792290,1787180249
25792291,1787180261
25792292,1787180273
25792293,1787180285
25792294,1787180297
25792295,1787180309
25792296,1787180321
25792297,1787180333
25792298,1787180345
25792299,1787180357
25792300,1787180369
25792301,1787180381
25792302,1787180393
25792303,1787180405
25792304,1787180417
25792305,1787180429
25792306,1787180441
25792307,1787180453
25792308,1787180465
25792309,1787180477
25792310,1787180489
25792311,1787180502
25792312,1787180514
25792313,1787180526
25792314,1787180538
25792315,1787180550
25792316,1787180562
25792317,1787180574
25792318,1787180586
25792319,1787180598
25792320,1787180610
25792321,1787180622
25792322,1787180634
25792323,1787180646
25792324,1787180658
25792325,1787180670
25792326,1787180682
25792327,1787180694
25792328,1787180706
25792329,1787180718
25792330,1787180730
25792331,1787180742
25792332,1787180754
25792333,1787180766
25792334,1787180778
25792335,1787180790
25792336,1787180802
25792337,1787180815
25792338,1787180827
25792339,1787180839
25792340,1787180851
25792341,1787180863
25792342,1787180875
25792343,1787180887
25792344,1787180899
25792345,1787180911
25792346,1787180923
25792347,1787180935
25792348,1787180947
25792349,1787180959
25792350,1787180971
25792351,1787180983
25792352,1787180995
25792353,1787181007
25792354,1787181019
25792355,1787181031
25792356,1787181043
25792357,1787181055
25792358,1787181067
25792359,1787181079
25792360,1787181091
25792361,1787181103
25792362,1787181115
25792363,1787181127
25792364,1787181140
25792365,1787181152
25792366,1787181164
25792367,1787181176
25792368,1787181188
25792369,1787181200
25792370,1787181212
25792371,1787181224
25792372,1787181236
25792373,1787181248
25792374,1787181260
25792375,1787181272
25792376,1787181284
25792377,1787181296
25792378,1787181308
25792379,1787181320
25792380,1787181332
25792381,1787181344
25792382,1787181356
25792383,1787181368
25792384,1787181380
25792385,1787181392
25792386,1787181404
25792387,1787181416
25792388,1787181428
25792389,1787181440
25792390,1787181453
25792391,1787181465
25792392,1787181477
25792393,1787181489
25792394,1787181501
25792395,1787181513
25792396,1787181525
25792397,1787181537
25792398,1787181549
25792399,1787181561
25792400,1787181573
25792401,1787181585
25792402,1787181597
25792403,1787181609
25792404,1787181621
25792405,1787181633
25792406,1787181645
25792407,1787181657
25792408,1787181669
25792409,1787181681
25792410,1787181693
25792411,1787181705
25792412,1787181717
25792413,1787181729
25792414,1787181741
25792415,1787181753
25792416,1787181765
25792417,1787181778
25792418,1787181790
25792419,1787181802
25792420,1787181814
25792421,1787181826
25792422,1787181838
25792423,1787181850
25792424,1787181862
25792425,1787181874
25792426,1787181886
25792427,1787181898
25792428,1787181910
25792429,1787181922
25792430,1787181934
25792431,1787181946
25792432,1787181958
25792433,1787181970
25792434,1787181982
25792435,1787181994
25792436,1787182006
25792437,1787182018
25792438,1787182030
25792439,1787182042
25792440,1787182054
25792441,1787182066
25792442,1787182078
25792443,1787182091
25792444,1787182103
25792445,1787182115
25792446,1787182127
25792447,1787182139
25792448,1787182151
25792449,1787182163
25792450,1787182175
25792451,1787182187
25792452,1787182199
25792453,1787182211
25792454,1787182223
25792455,1787182235
25792456,1787182247
25792457,1787182259
25792458,1787182271
25792459,1787182283
25792460,1787182295
25792461,1787182307
25792462,1787182319
25792463,1787182331
25792464,1787182343
25792465,1787182355
25792466,1787182367
25792467,1787182379
25792468,1787182391
25792469,1787182403
25792470,1787182416
25792471,1787182428
25792472,1787182440
25792473,1787182452
25792474,1787182464
25792475,1787182476
25792476,1787182488
25792477,1787182500
25792478,1787182512
25792479,1787182524
25792480,1787182536
25792481,1787182548
25792482,1787182560
25792483,1787182572
25792484,1787182584
25792485,1787182596
25792486,1787182608
25792487,1787182620
25792488,1787182632
25792489,1787182644
25792490,1787182656
25792491,1787182668
25792492,1787182680
25792493,1787182692
25792494,1787182704
25792495,1787182716
25792496,1787182728
25792497,1787182741
25792498,1787182753
25792499,1787182765
25792500,1787182777
25792501,1787182789
25792502,1787182801
25792503,1787182813
25792504,1787182825
25792505,1787182837
25792506,1787182849
25792507,1787182861
25792508,1787182873
25792509,1787182885
25792510,1787182897
25792511,1787182909
25792512,1787182921
25792513,1787182933
25792514,1787182945
25792515,1787182957
25792516,1787182969
25792517,1787182981
25792518,1787182993
25792519,1787183005
25792520,1787183017
25792521,1787183029
25792522,1787183041
25792523,1787183054
25792524,1787183066
25792525,1787183078
25792526,1787183090
25792527,1787183102
25792528,1787183114
25792529,1787183126
25792530,1787183138
25792531,1787183150
25792532,1787183162
25792533,1787183174
25792534,1787183186
25792535,1787183198
25792536,1787183210
25792537,1787183222
25792538,1787183234
25792539,1787183246
25792540,1787183258
25792541,1787183270
25792542,1787183282
25792543,1787183294
25792544,1787183306
25792545,1787183318
25792546,1787183330
25792547,1787183342
25792548,1787183354
25792549,1787183366
25792550,1787183379
25792551,1787183391
25792552,1787183403
25792553,1787183415
25792554,1787183427
25792555,1787183439
25792556,1787183451
25792557,1787183463
25792558,1787183475
25792559,1787183487
25792560,1787183499
25792561,1787183511
25792562,1787183523
25792563,1787183535
25792564,1787183547
25792565,1787183559
25792566,1787183571
25792567,1787183583
25792568,1787183595
25792569,1787183607
25792570,1787183619
25792571,1787183631
25792572,1787183643
25792573,1787183655
25792574,1787183667
25792575,1787183679
25792576,1787183692
25792577,1787183704
25792578,1787183716
25792579,1787183728
25792580,1787183740
25792581,1787183752
25792582,1787183764
25792583,1787183776
25792584,1787183788
25792585,1787183800
25792586,1787183812
25792587,1787183824
25792588,1787183836
25792589,1787183848
25792590,1787183860
25792591,1787183872
25792592,1787183884
25792593,1787183896
25792594,1787183908
25792595,1787183920
25792596,1787183932
25792597,1787183944
25792598,1787183956
25792599,1787183968
25792600,1787183980
25792601,1787183992
25792602,1787184004
25792603,1787184017
25792604,1787184029
25792605,1787184041
25792606,1787184053
25792607,1787184065
25792608,1787184077
25792609,1787184089
25792610,1787184101
25792611,1787184113
25792612,1787184125
25792613,1787184137
25792614,1787184149
25792615,1787184161
25792616,1787184173
25792617,1787184185
25792618,1787184197
25792619,1787184209
25792620,1787184221
25792621,1787184233
25792622,1787184245
25792623,1787184257
25792624,1787184269
25792625,1787184281
25792626,1787184293
25792627,1787184305
25792628,1787184317
25792629,1787184329
25792630,1787184342
25792631,1787184354
25792632,1787184366
25792633,1787184378
25792634,1787184390
25792635,1787184402
25792636,1787184414
25792637,1787184426
25792638,1787184438
25792639,1787184450
25792640,1787184462
25792641,1787184474
25792642,1787184486
25792643,1787184498
25792644,1787184510
25792645,1787184522
25792646,1787184534
25792647,1787184546
25792648,1787184558
25792649,1787184570
25792650,1787184582
25792651,1787184594
25792652,1787184606
25792653,1787184618
25792654,1787184630
25792655,1787184642
25792656,1787184655
25792657,1787184667
25792658,1787184679
25792659,1787184691
25792660,1787184703
25792661,1787184715
25792662,1787184727
25792663,1787184739
25792664,1787184751
25792665,1787184763
25792666,1787184775
25792667,1787184787
25792668,1787184799
25792669,1787184811
25792670,1787184823
25792671,1787184835
25792672,1787184847
25792673,1787184859
25792674,1787184871
25792675,1787184883
25792676,1787184895
25792677,1787184907
25792678,1787184919
25792679,1787184931
25792680,1787184943
25792681,1787184955
25792682,1787184967
25792683,1787184980
25792684,1787184992
25792685,1787185004
25792686,1787185016
25792687,1787185028
25792688,1787185040
25792689,1787185052
25792690,1787185064
25792691,1787185076
25792692,1787185088
25792693,1787185100
25792694,1787185112
25792695,1787185124
25792696,1787185136
25792697,1787185148
25792698,1787185160
25792699,1787185172
25792700,1787185184
25792701,1787185196
25792702,1787185208
25792703,1787185220
25792704,1787185232
25792705,1787185244
25792706,1787185256
25792707,1787185268
25792708,1787185280
25792709,1787185293
25792710,1787185305
25792711,1787185317
25792712,1787185329
25792713,1787185341
25792714,1787185353
25792715,1787185365
25792716,1787185377
25792717,1787185389
25792718,1787185401
25792719,1787185413
25792720,1787185425
25792721,1787185437
25792722,1787185449
25792723,1787185461
25792724,1787185473
25792725,1787185485
25792726,1787185497
25792727,1787185509
25792728,1787185521
25792729,1787185533
25792730,1787185545
25792731,1787185557
25792732,1787185569
25792733,1787185581
25792734,1787185593
25792735,1787185605
25792736,1787185618
25792737,1787185630
25792738,1787185642
25792739,1787185654
25792740,1787185666
25792741,1787185678
25792742,1787185690
25792743,1787185702
25792744,1787185714
25792745,1787185726
25792746,1787185738
25792747,1787185750
25792748,1787185762
25792749,1787185774
25792750,1787185786
25792751,1787185798
25792752,1787185810
25792753,1787185822
25792754,1787185834
25792755,1787185846
25792756,1787185858
25792757,1787185870
25792758,1787185882
25792759,1787185894
25792760,1787185906
25792761,1787185918
25792762,1787185931
25792763,1787185943
25792764,1787185955
25792765,1787185967
25792766,1787185979
25792767,1787185991
25792768,1787186003
25792769,1787186015
25792770,1787186027
25792771,1787186039
25792772,1787186051
25792773,1787186063
25792774,1787186075
25792775,1787186087
25792776,1787186099
25792777,1787186111
25792778,1787186123
25792779,1787186135
25792780,1787186147
25792781,1787186159
25792782,1787186171
25792783,1787186183
25792784,1787186195
25792785,1787186207
25792786,1787186219
25792787,1787186231
25792788,1787186243
25792789,1787186256
25792790,1787186268
25792791,1787186280
25792792,1787186292
25792793,1787186304
25792794,1787186316
25792795,1787186328
25792796,1787186340
25792797,1787186352
25792798,1787186364
25792799,1787186376
25792800,1787186388
25792801,1787186400
25792802,1787186412
25792803,1787186424
25792804,1787186436
25792805,1787186448
25792806,1787186460
25792807,1787186472
25792808,1787186484
25792809,1787186496
25792810,1787186508
25792811,1787186520
25792812,1787186532
25792813,1787186544
25792814,1787186556
25792815,1787186568
25792816,1787186581
25792817,1787186593
25792818,1787186605
25792819,1787186617
25792820,1787186629
25792821,1787186641
25792822,1787186653
25792823,1787186665
25792824,1787186677
25792825,1787186689
25792826,1787186701
25792827,1787186713
25792828,1787186725
25792829,1787186737
25792830,1787186749
25792831,1787186761
25792832,1787186773
25792833,1787186785
25792834,1787186797
25792835,1787186809
25792836,1787186821
25792837,1787186833
25792838,1787186845
25792839,1787186857
25792840,1787186869
25792841,1787186881
25792842,1787186894
25792843,1787186906
25792844,1787186918
25792845,1787186930
25792846,1787186942
25792847,1787186954
25792848,1787186966
25792849,1787186978
25792850,1787186990
25792851,1787187002
25792852,1787187014
25792853,1787187026
25792854,1787187038
25792855,1787187050
25792856,1787187062
25792857,1787187074
25792858,1787187086
25792859,1787187098
25792860,1787187110
25792861,1787187122
25792862,1787187134
25792863,1787187146
25792864,1787187158
25792865,1787187170
25792866,1787187182
25792867,1787187194
25792868,1787187206
25792869,1787187219
25792870,1787187231
25792871,1787187243
25792872,1787187255
25792873,1787187267
25792874,1787187279
25792875,1787187291
25792876,1787187303
25792877,1787187315
25792878,1787187327
25792879,1787187339
25792880,1787187351
25792881,1787187363
25792882,1787187375
25792883,1787187387
25792884,1787187399
25792885,1787187411
25792886,1787187423
25792887,1787187435
25792888,1787187447
25792889,1787187459
25792890,1787187471
25792891,1787187483
25792892,1787187495
25792893,1787187507
25792894,1787187519
25792895,1787187532
25792896,1787187544
25792897,1787187556
25792898,1787187568
25792899,1787187580
25792900,1787187592
25792901,1787187604
25792902,1787187616
25792903,1787187628
25792904,1787187640
25792905,1787187652
25792906,1787187664
25792907,1787187676
25792908,1787187688
25792909,1787187700
25792910,1787187712
25792911,1787187724
25792912,1787187736
25792913,1787187748
25792914,1787187760
25792915,1787187772
25792916,1787187784
25792917,1787187796
25792918,1787187808
25792919,1787187820
25792920,1787187832
25792921,1787187844
25792922,1787187857
25792923,1787187869
25792924,1787187881
25792925,1787187893
25792926,1787187905
25792927,1787187917
25792928,1787187929
25792929,1787187941
25792930,1787187953
25792931,1787187965
25792932,1787187977
25792933,1787187989
25792934,1787188001
25792935,1787188013
25792936,1787188025
25792937,1787188037
25792938,1787188049
25792939,1787188061
25792940,1787188073
25792941,1787188085
25792942,1787188097
25792943,1787188109
25792944,1787188121
25792945,1787188133
25792946,1787188145
25792947,1787188157
25792948,1787188169
25792949,1787188182
25792950,1787188194
25792951,1787188206
25792952,1787188218
25792953,1787188230
25792954,1787188242
25792955,1787188254
25792956,1787188266
25792957,1787188278
25792958,1787188290
25792959,1787188302
25792960,1787188314
25792961,1787188326
25792962,1787188338
25792963,1787188350
25792964,1787188362
25792965,1787188374
25792966,1787188386
25792967,1787188398
25792968,1787188410
25792969,1787188422
25792970,1787188434
25792971,1787188446
25792972,1787188458
25792973,1787188470
25792974,1787188482
25792975,1787188495
25792976,1787188507
25792977,1787188519
25792978,1787188531
25792979,1787188543
25792980,1787188555
25792981,1787188567
25792982,1787188579
25792983,1787188591
25792984,1787188603
25792985,1787188615
25792986,1787188627
25792987,1787188639
25792988,1787188651
25792989,1787188663
25792990,1787188675
25792991,1787188687
25792992,1787188699
25792993,1787188711
25792994,1787188723
25792995,1787188735
25792996,1787188747
25792997,1787188759
25792998,1787188771
25792999,1787188783
25793000,1787188795
25793001,1787188807
25793002,1787188820
25793003,1787188832
25793004,1787188844
25793005,1787188856
25793006,1787188868
25793007,1787188880
25793008,1787188892
25793009,1787188904
25793010,1787188916
25793011,1787188928
25793012,1787188940
25793013,1787188952
25793014,1787188964
25793015,1787188976
25793016,1787188988
25793017,1787189000
25793018,1787189012
25793019,1787189024
25793020,1787189036
25793021,1787189048
25793022,1787189060
25793023,1787189072
25793024,1787189084
25793025,1787189096
25793026,1787189108
25793027,1787189120
25793028,1787189133
25793029,1787189145
25793030,1787189157
25793031,1787189169
25793032,1787189181
25793033,1787189193
25793034,1787189205
25793035,1787189217
25793036,1787189229
25793037,1787189241
25793038,1787189253
25793039,1787189265
25793040,1787189277
25793041,1787189289
25793042,1787189301
25793043,1787189313
25793044,1787189325
25793045,1787189337
25793046,1787189349
25793047,1787189361
25793048,1787189373
25793049,1787189385
25793050,1787189397
25793051,1787189409
25793052,1787189421
25793053,1787189433
25793054,1787189445
25793055,1787189458
25793056,1787189470
25793057,1787189482
25793058,1787189494
25793059,1787189506
25793060,1787189518
25793061,1787189530
25793062,1787189542
25793063,1787189554
25793064,1787189566
25793065,1787189578
25793066,1787189590
25793067,1787189602
25793068,1787189614
25793069,1787189626
25793070,1787189638
25793071,1787189650
25793072,1787189662
25793073,1787189674
25793074,1787189686
25793075,1787189698
25793076,1787189710
25793077,1787189722
25793078,1787189734
25793079,1787189746
25793080,1787189758
25793081,1787189771
25793082,1787189783
25793083,1787189795
25793084,1787189807
25793085,1787189819
25793086,1787189831
25793087,1787189843
25793088,1787189855
25793089,1787189867
25793090,1787189879
25793091,1787189891
25793092,1787189903
25793093,1787189915
25793094,1787189927
25793095,1787189939
25793096,1787189951
25793097,1787189963
25793098,1787189975
25793099,1787189987
25793100,1787189999
25793101,1787190011
25793102,1787190023
25793103,1787190035
25793104,1787190047
25793105,1787190059
25793106,1787190071
25793107,1787190083
25793108,1787190096
25793109,1787190108
25793110,1787190120
25793111,1787190132
25793112,1787190144
25793113,1787190156
25793114,1787190168
25793115,1787190180
25793116,1787190192
25793117,1787190204
25793118,1787190216
25793119,1787190228
25793120,1787190240
25793121,1787190252
25793122,1787190264
25793123,1787190276
25793124,1787190288
25793125,1787190300
25793126,1787190312
25793127,1787190324
25793128,1787190336
25793129,1787190348
25793130,1787190360
25793131,1787190372
25793132,1787190384
25793133,1787190396
25793134,1787190408
25793135,1787190421
25793136,1787190433
25793137,1787190445
25793138,1787190457
25793139,1787190469
25793140,1787190481
25793141,1787190493
25793142,1787190505
25793143,1787190517
25793144,1787190529
25793145,1787190541
25793146,1787190553
25793147,1787190565
25793148,1787190577
25793149,1787190589
25793150,1787190601
25793151,1787190613
25793152,1787190625
25793153,1787190637
25793154,1787190649
25793155,1787190661
25793156,1787190673
25793157,1787190685
25793158,1787190697
25793159,1787190709
25793160,1787190721
25793161,1787190734
25793162,1787190746
25793163,1787190758
25793164,1787190770
25793165,1787190782
25793166,1787190794
25793167,1787190806
25793168,1787190818
25793169,1787190830
25793170,1787190842
25793171,1787190854
25793172,1787190866
25793173,1787190878
25793174,1787190890
25793175,1787190902
25793176,1787190914
25793177,1787190926
25793178,1787190938
25793179,1787190950
25793180,1787190962
25793181,1787190974
25793182,1787190986
25793183,1787190998
25793184,1787191010
25793185,1787191022
25793186,1787191034
25793187,1787191046
25793188,1787191059
25793189,1787191071
25793190,1787191083
25793191,1787191095
25793192,1787191107
25793193,1787191119
25793194,1787191131
25793195,1787191143
25793196,1787191155
25793197,1787191167
25793198,1787191179
25793199,1787191191
25793200,1787191203
25793201,1787191215
25793202,1787191227
25793203,1787191239
25793204,1787191251
25793205,1787191263
25793206,1787191275
25793207,1787191287
25793208,1787191299
25793209,1787191311
25793210,1787191323
25793211,1787191335
25793212,1787191347
25793213,1787191359
25793214,1787191372
25793215,1787191384
25793216,1787191396
25793217,1787191408
25793218,1787191420
25793219,1787191432
25793220,1787191444
25793221,1787191456
25793222,1787191468
25793223,1787191480
25793224,1787191492
25793225,1787191504
25793226,1787191516
25793227,1787191528
25793228,1787191540
25793229,1787191552
25793230,1787191564
25793231,1787191576
25793232,1787191588
25793233,1787191600
25793234,1787191612
25793235,1787191624
25793236,1787191636
25793237,1787191648
25793238,1787191660
25793239,1787191672
25793240,1787191684
25793241,1787191697
25793242,1787191709
25793243,1787191721
25793244,1787191733
25793245,1787191745
25793246,1787191757
25793247,1787191769
25793248,1787191781
25793249,1787191793
25793250,1787191805
25793251,1787191817
25793252,1787191829
25793253,1787191841
25793254,1787191853
25793255,1787191865
25793256,1787191877
25793257,1787191889
25793258,1787191901
25793259,1787191913
25793260,1787191925
25793261,1787191937
25793262,1787191949
25793263,1787191961
25793264,1787191973
25793265,1787191985
25793266,1787191997
25793267,1787192009
25793268,1787192022
25793269,1787192034
25793270,1787192046
25793271,1787192058
25793272,1787192070
25793273,1787192082
25793274,1787192094
25793275,1787192106
25793276,1787192118
25793277,1787192130
25793278,1787192142
25793279,1787192154
25793280,1787192166
25793281,1787192178
25793282,1787192190
25793283,1787192202
25793284,1787192214
25793285,1787192226
25793286,1787192238
25793287,1787192250
25793288,1787192262
25793289,1787192274
25793290,1787192286
25793291,1787192298
25793292,1787192310
25793293,1787192322
25793294,1787192335
25793295,1787192347
25793296,1787192359
25793297,1787192371
25793298,1787192383
25793299,1787192395
25793300,1787192407
25793301,1787192419
25793302,1787192431
25793303,1787192443
25793304,1787192455
25793305,1787192467
25793306,1787192479
25793307,1787192491
25793308,1787192503
25793309,1787192515
25793310,1787192527
25793311,1787192539
25793312,1787192551
25793313,1787192563
25793314,1787192575
25793315,1787192587
25793316,1787192599
25793317,1787192611
25793318,1787192623
25793319,1787192635
25793320,1787192647
25793321,1787192660
25793322,1787192672
25793323,1787192684
25793324,1787192696
25793325,1787192708
25793326,1787192720
25793327,1787192732
25793328,1787192744
25793329,1787192756
25793330,1787192768
25793331,1787192780
25793332,1787192792
25793333,1787192804
25793334,1787192816
25793335,1787192828
25793336,1787192840
25793337,1787192852
25793338,1787192864
25793339,1787192876
25793340,1787192888
25793341,1787192900
25793342,1787192912
25793343,1787192924
25793344,1787192936
25793345,1787192948
25793346,1787192960
25793347,1787192973
25793348,1787192985
25793349,1787192997
25793350,1787193009
25793351,1787193021
25793352,1787193033
25793353,1787193045
25793354,1787193057
25793355,1787193069
25793356,1787193081
25793357,1787193093
25793358,1787193105
25793359,1787193117
25793360,1787193129
25793361,1787193141
25793362,1787193153
25793363,1787193165
25793364,1787193177
25793365,1787193189
25793366,1787193201
25793367,1787193213
25793368,1787193225
25793369,1787193237
25793370,1787193249
25793371,1787193261
25793372,1787193273
25793373,1787193285
25793374,1787193298
25793375,1787193310
25793376,1787193322
25793377,1787193334
25793378,1787193346
25793379,1787193358
25793380,1787193370
25793381,1787193382
25793382,1787193394
25793383,1787193406
25793384,1787193418
25793385,1787193430
25793386,1787193442
25793387,1787193454
25793388,1787193466
25793389,1787193478
25793390,1787193490
25793391,1787193502
25793392,1787193514
25793393,1787193526
25793394,1787193538
25793395,1787193550
25793396,1787193562
25793397,1787193574
25793398,1787193586
25793399,1787193598
25793400,1787193611
25793401,1787193623
25793402,1787193635
25793403,1787193647
25793404,1787193659
25793405,1787193671
25793406,1787193683
25793407,1787193695
25793408,1787193707
25793409,1787193719
25793410,1787193731
25793411,1787193743
25793412,1787193755
25793413,1787193767
25793414,1787193779
25793415,1787193791
25793416,1787193803
25793417,1787193815
25793418,1787193827
25793419,1787193839
25793420,1787193851
25793421,1787193863
25793422,1787193875
25793423,1787193887
25793424,1787193899
25793425,1787193911
25793426,1787193923
25793427,1787193936
25793428,1787193948
25793429,1787193960
25793430,1787193972
25793431,1787193984
25793432,1787193996
25793433,1787194008
25793434,1787194020
25793435,1787194032
25793436,1787194044
25793437,1787194056
25793438,1787194068
25793439,1787194080
25793440,1787194092
25793441,1787194104
25793442,1787194116
25793443,1787194128
25793444,1787194140
25793445,1787194152
25793446,1787194164
25793447,1787194176
25793448,1787194188
25793449,1787194200
25793450,1787194212
25793451,1787194224
25793452,1787194236
25793453,1787194248
25793454,1787194261
25793455,1787194273
25793456,1787194285
25793457,1787194297
25793458,1787194309
25793459,1787194321
25793460,1787194333
25793461,1787194345
25793462,1787194357
25793463,1787194369
25793464,1787194381
25793465,1787194393
25793466,1787194405
25793467,1787194417
25793468,1787194429
25793469,1787194441
25793470,1787194453
25793471,1787194465
25793472,1787194477
25793473,1787194489
25793474,1787194501
25793475,1787194513
25793476,1787194525
25793477,1787194537
25793478,1787194549
25793479,1787194561
25793480,1787194574
25793481,1787194586
25793482,1787194598
25793483,1787194610
25793484,1787194622
25793485,1787194634
25793486,1787194646
25793487,1787194658
25793488,1787194670
25793489,1787194682
25793490,1787194694
25793491,1787194706
25793492,1787194718
25793493,1787194730
25793494,1787194742
25793495,1787194754
25793496,1787194766
25793497,1787194778
25793498,1787194790
25793499,1787194802
25793500,1787194814
25793501,1787194826
25793502,1787194838
25793503,1787194850
25793504,1787194862
25793505,1787194874
25793506,1787194886
25793507,1787194899
25793508,1787194911
25793509,1787194923
25793510,1787194935
25793511,1787194947
25793512,1787194959
25793513,1787194971
25793514,1787194983
25793515,1787194995
25793516,1787195007
25793517,1787195019
25793518,1787195031
25793519,1787195043
25793520,1787195055
25793521,1787195067
25793522,1787195079
25793523,1787195091
25793524,1787195103
25793525,1787195115
25793526,1787195127
25793527,1787195139
25793528,1787195151
25793529,1787195163
25793530,1787195175
25793531,1787195187
25793532,1787195199
25793533,1787195212
25793534,1787195224
25793535,1787195236
25793536,1787195248
25793537,1787195260
25793538,1787195272
25793539,1787195284
25793540,1787195296
25793541,1787195308
25793542,1787195320
25793543,1787195332
25793544,1787195344
25793545,1787195356
25793546,1787195368
25793547,1787195380
25793548,1787195392
25793549,1787195404
25793550,1787195416
25793551,1787195428
25793552,1787195440
25793553,1787195452
25793554,1787195464
25793555,1787195476
25793556,1787195488
25793557,1787195500
25793558,1787195512
25793559,1787195524
25793560,1787195537
25793561,1787195549
25793562,1787195561
25793563,1787195573
25793564,1787195585
25793565,1787195597
25793566,1787195609
25793567,1787195621
25793568,1787195633
25793569,1787195645
25793570,1787195657
25793571,1787195669
25793572,1787195681
25793573,1787195693
25793574,1787195705
25793575,1787195717
25793576,1787195729
25793577,1787195741
25793578,1787195753
25793579,1787195765
25793580,1787195777
25793581,1787195789
25793582,1787195801
25793583,1787195813
25793584,1787195825
25793585,1787195837
25793586,1787195849
25793587,1787195862
25793588,1787195874
25793589,1787195886
25793590,1787195898
25793591,1787195910
25793592,1787195922
25793593,1787195934
25793594,1787195946
25793595,1787195958
25793596,1787195970
25793597,1787195982
25793598,1787195994
25793599,1787196006
25793600,1787196018
25793601,1787196030
25793602,1787196042
25793603,1787196054
25793604,1787196066
25793605,1787196078
25793606,1787196090
25793607,1787196102
25793608,1787196114
25793609,1787196126
25793610,1787196138
25793611,1787196150
25793612,1787196162
25793613,1787196175
25793614,1787196187
25793615,1787196199
25793616,1787196211
25793617,1787196223
25793618,1787196235
25793619,1787196247
25793620,1787196259
25793621,1787196271
25793622,1787196283
25793623,1787196295
25793624,1787196307
25793625,1787196319
25793626,1787196331
25793627,1787196343
25793628,1787196355
25793629,1787196367
25793630,1787196379
25793631,1787196391
25793632,1787196403
25793633,1787196415
25793634,1787196427
25793635,1787196439
25793636,1787196451
25793637,1787196463
25793638,1787196475
25793639,1787196487
25793640,1787196500
25793641,1787196512
25793642,1787196524
25793643,1787196536
25793644,1787196548
25793645,1787196560
25793646,1787196572
25793647,1787196584
25793648,1787196596
25793649,1787196608
25793650,1787196620
25793651,1787196632
25793652,1787196644
25793653,1787196656
25793654,1787196668
25793655,1787196680
25793656,1787196692
25793657,1787196704
25793658,1787196716
25793659,1787196728
25793660,1787196740
25793661,1787196752
25793662,1787196764
25793663,1787196776
25793664,1787196788
25793665,1787196800
25793666,1787196813
25793667,1787196825
25793668,1787196837
25793669,1787196849
25793670,1787196861
25793671,1787196873
25793672,1787196885
25793673,1787196897
25793674,1787196909
25793675,1787196921
25793676,1787196933
25793677,1787196945
25793678,1787196957
25793679,1787196969
25793680,1787196981
25793681,1787196993
25793682,1787197005
25793683,1787197017
25793684,1787197029
25793685,1787197041
25793686,1787197053
25793687,1787197065
25793688,1787197077
25793689,1787197089
25793690,1787197101
25793691,1787197113
25793692,1787197125
25793693,1787197138
25793694,1787197150
25793695,1787197162
25793696,1787197174
25793697,1787197186
25793698,1787197198
25793699,1787197210
25793700,1787197222
25793701,1787197234
25793702,1787197246
25793703,1787197258
25793704,1787197270
25793705,1787197282
25793706,1787197294
25793707,1787197306
25793708,1787197318
25793709,1787197330
25793710,1787197342
25793711,1787197354
25793712,1787197366
25793713,1787197378
25793714,1787197390
25793715,1787197402
25793716,1787197414
25793717,1787197426
25793718,1787197438
25793719,1787197451
25793720,1787197463
25793721,1787197475
25793722,1787197487
25793723,1787197499
25793724,1787197511
25793725,1787197523
25793726,1787197535
25793727,1787197547
25793728,1787197559
25793729,1787197571
25793730,1787197583
25793731,1787197595
25793732,1787197607
25793733,1787197619
25793734,1787197631
25793735,1787197643
25793736,1787197655
25793737,1787197667
25793738,1787197679
25793739,1787197691
25793740,1787197703
25793741,1787197715
25793742,1787197727
25793743,1787197739
25793744,1787197751
25793745,1787197763
25793746,1787197776
25793747,1787197788
25793748,1787197800
25793749,1787197812
25793750,1787197824
25793751,1787197836
25793752,1787197848
25793753,1787197860
25793754,1787197872
25793755,1787197884
25793756,1787197896
25793757,1787197908
25793758,1787197920
25793759,1787197932
25793760,1787197944
25793761,1787197956
25793762,1787197968
25793763,1787197980
25793764,1787197992
25793765,1787198004
25793766,1787198016
25793767,1787198028
25793768,1787198040
25793769,1787198052
25793770,1787198064
25793771,1787198076
25793772,1787198088
25793773,1787198101
25793774,1787198113
25793775,1787198125
25793776,1787198137
25793777,1787198149
25793778,1787198161
25793779,1787198173
25793780,1787198185
25793781,1787198197
25793782,1787198209
25793783,1787198221
25793784,1787198233
25793785,1787198245
25793786,1787198257
25793787,1787198269
25793788,1787198281
25793789,1787198293
25793790,1787198305
25793791,1787198317
25793792,1787198329
25793793,1787198341
25793794,1787198353
25793795,1787198365
25793796,1787198377
25793797,1787198389
25793798,1787198401
25793799,1787198414
25793800,1787198426
25793801,1787198438
25793802,1787198450
25793803,1787198462
25793804,1787198474
25793805,1787198486
25793806,1787198498
25793807,1787198510
25793808,1787198522
25793809,1787198534
25793810,1787198546
25793811,1787198558
25793812,1787198570
25793813,1787198582
25793814,1787198594
25793815,1787198606
25793816,1787198618
25793817,1787198630
25793818,1787198642
25793819,1787198654
25793820,1787198666
25793821,1787198678
25793822,1787198690
25793823,1787198702
25793824,1787198714
25793825,1787198726
25793826,1787198739
25793827,1787198751
25793828,1787198763
25793829,1787198775
25793830,1787198787
25793831,1787198799
25793832,1787198811
25793833,1787198823
25793834,1787198835
25793835,1787198847
25793836,1787198859
25793837,1787198871
25793838,1787198883
25793839,1787198895
25793840,1787198907
25793841,1787198919
25793842,1787198931
25793843,1787198943
25793844,1787198955
25793845,1787198967
25793846,1787198979
25793847,1787198991
25793848,1787199003
25793849,1787199015
25793850,1787199027
25793851,1787199039
25793852,1787199052
25793853,1787199064
25793854,1787199076
25793855,1787199088
25793856,1787199100
25793857,1787199112
25793858,1787199124
25793859,1787199136
25793860,1787199148
25793861,1787199160
25793862,1787199172
25793863,1787199184
25793864,1787199196
25793865,1787199208
25793866,1787199220
25793867,1787199232
25793868,1787199244
25793869,1787199256
25793870,1787199268
25793871,1787199280
25793872,1787199292
25793873,1787199304
25793874,1787199316
25793875,1787199328
25793876,1787199340
25793877,1787199352
25793878,1787199364
25793879,1787199377
25793880,1787199389
25793881,1787199401
25793882,1787199413
25793883,1787199425
25793884,1787199437
25793885,1787199449
25793886,1787199461
25793887,1787199473
25793888,1787199485
25793889,1787199497
25793890,1787199509
25793891,1787199521
25793892,1787199533
25793893,1787199545
25793894,1787199557
25793895,1787199569
25793896,1787199581
25793897,1787199593
25793898,1787199605
25793899,1787199617
25793900,1787199629
25793901,1787199641
25793902,1787199653
25793903,1787199665
25793904,1787199677
25793905,1787199689
25793906,1787199702
25793907,1787199714
25793908,1787199726
25793909,1787199738
25793910,1787199750
25793911,1787199762
25793912,1787199774
25793913,1787199786
25793914,1787199798
25793915,1787199810
25793916,1787199822
25793917,1787199834
25793918,1787199846
25793919,1787199858
25793920,1787199870
25793921,1787199882
25793922,1787199894
25793923,1787199906
25793924,1787199918
25793925,1787199930
25793926,1787199942
25793927,1787199954
25793928,1787199966
25793929,1787199978
25793930,1787199990
25793931,1787200002
25793932,1787200015
25793933,1787200027
25793934,1787200039
25793935,1787200051
25793936,1787200063
25793937,1787200075
25793938,1787200087
25793939,1787200099
25793940,1787200111
25793941,1787200123
25793942,1787200135
25793943,1787200147
25793944,1787200159
25793945,1787200171
25793946,1787200183
25793947,1787200195
25793948,1787200207
25793949,1787200219
25793950,1787200231
25793951,1787200243
25793952,1787200255
25793953,1787200267
25793954,1787200279
25793955,1787200291
25793956,1787200303
25793957,1787200315
25793958,1787200327
25793959,1787200340
25793960,1787200352
25793961,1787200364
25793962,1787200376
25793963,1787200388
25793964,1787200400
25793965,1787200412
25793966,1787200424
25793967,1787200436
25793968,1787200448
25793969,1787200460
25793970,1787200472
25793971,1787200484
25793972,1787200496
25793973,1787200508
25793974,1787200520
25793975,1787200532
25793976,1787200544
25793977,1787200556
25793978,1787200568
25793979,1787200580
25793980,1787200592
25793981,1787200604
25793982,1787200616
25793983,1787200628
25793984,1787200640
25793985,1787200653
25793986,1787200665
25793987,1787200677
25793988,1787200689
25793989,1787200701
25793990,1787200713
25793991,1787200725
25793992,1787200737
25793993,1787200749
25793994,1787200761
25793995,1787200773
25793996,1787200785
25793997,1787200797
25793998,1787200809
25793999,1787200821
25794000,1787200833
25794001,1787200845
25794002,1787200857
25794003,1787200869
25794004,1787200881
25794005,1787200893
25794006,1787200905
25794007,1787200917
25794008,1787200929
25794009,1787200941
25794010,1787200953
25794011,1787200965
25794012,1787200978
25794013,1787200990
25794014,1787201002
25794015,1787201014
25794016,1787201026
25794017,1787201038
25794018,1787201050
25794019,1787201062
25794020,1787201074
25794021,1787201086
25794022,1787201098
25794023,1787201110
25794024,1787201122
25794025,1787201134
25794026,1787201146
25794027,1787201158
25794028,1787201170
25794029,1787201182
25794030,1787201194
25794031,1787201206
25794032,1787201218
25794033,1787201230
25794034,1787201242
25794035,1787201254
25794036,1787201266
25794037,1787201278
25794038,1787201291
25794039,1787201303
25794040,1787201315
25794041,1787201327
25794042,1787201339
25794043,1787201351
25794044,1787201363
25794045,1787201375
25794046,1787201387
25794047,1787201399
25794048,1787201411
25794049,1787201423
25794050,1787201435
25794051,1787201447
25794052,1787201459
25794053,1787201471
25794054,1787201483
25794055,1787201495
25794056,1787201507
25794057,1787201519
25794058,1787201531
25794059,1787201543
25794060,1787201555
25794061,1787201567
25794062,1787201579
25794063,1787201591
25794064,1787201603
25794065,1787201616
25794066,1787201628
25794067,1787201640
25794068,1787201652
25794069,1787201664
25794070,1787201676
25794071,1787201688
25794072,1787201700
25794073,1787201712
25794074,1787201724
25794075,1787201736
25794076,1787201748
25794077,1787201760
25794078,1787201772
25794079,1787201784
25794080,1787201796
25794081,1787201808
25794082,1787201820
25794083,1787201832
25794084,1787201844
25794085,1787201856
25794086,1787201868
25794087,1787201880
25794088,1787201892
25794089,1787201904
25794090,1787201916
25794091,1787201928
25794092,1787201941
25794093,1787201953
25794094,1787201965
25794095,1787201977
25794096,1787201989
25794097,1787202001
25794098,1787202013
25794099,1787202025
25794100,1787202037
25794101,1787202049
25794102,1787202061
25794103,1787202073
25794104,1787202085
25794105,1787202097
25794106,1787202109
25794107,1787202121
25794108,1787202133
25794109,1787202145
25794110,1787202157
25794111,1787202169
25794112,1787202181
25794113,1787202193
25794114,1787202205
25794115,1787202217
25794116,1787202229
25794117,1787202241
25794118,1787202254
25794119,1787202266
25794120,1787202278
25794121,1787202290
25794122,1787202302
25794123,1787202314
25794124,1787202326
25794125,1787202338
25794126,1787202350
25794127,1787202362
25794128,1787202374
25794129,1787202386
25794130,1787202398
25794131,1787202410
25794132,1787202422
25794133,1787202434
25794134,1787202446
25794135,1787202458
25794136,1787202470
25794137,1787202482
25794138,1787202494
25794139,1787202506
25794140,1787202518
25794141,1787202530
25794142,1787202542
25794143,1787202554
25794144,1787202566
25794145,1787202579
25794146,1787202591
25794147,1787202603
25794148,1787202615
25794149,1787202627
25794150,1787202639
25794151,1787202651
25794152,1787202663
25794153,1787202675
25794154,1787202687
25794155,1787202699
25794156,1787202711
25794157,1787202723
25794158,1787202735
25794159,1787202747
25794160,1787202759
25794161,1787202771
25794162,1787202783
25794163,1787202795
25794164,1787202807
25794165,1787202819
25794166,1787202831
25794167,1787202843
25794168,1787202855
25794169,1787202867
25794170,1787202879
25794171,1787202892
25794172,1787202904
25794173,1787202916
25794174,1787202928
25794175,1787202940
25794176,1787202952
25794177,1787202964
25794178,1787202976
25794179,1787202988
25794180,1787203000
25794181,1787203012
25794182,1787203024
25794183,1787203036
25794184,1787203048
25794185,1787203060
25794186,1787203072
25794187,1787203084
25794188,1787203096
25794189,1787203108
25794190,1787203120
25794191,1787203132
25794192,1787203144
25794193,1787203156
25794194,1787203168
25794195,1787203180
25794196,1787203192
25794197,1787203204
25794198,1787203217
25794199,1787203229
25794200,1787203241
25794201,1787203253
25794202,1787203265
25794203,1787203277
25794204,1787203289
25794205,1787203301
25794206,1787203313
25794207,1787203325
25794208,1787203337
25794209,1787203349
25794210,1787203361
25794211,1787203373
25794212,1787203385
25794213,1787203397
25794214,1787203409
25794215,1787203421
25794216,1787203433
25794217,1787203445
25794218,1787203457
25794219,1787203469
25794220,1787203481
25794221,1787203493
25794222,1787203505
25794223,1787203517
25794224,1787203529
25794225,1787203542
25794226,1787203554
25794227,1787203566
25794228,1787203578
25794229,1787203590
25794230,1787203602
25794231,1787203614
25794232,1787203626
25794233,1787203638
25794234,1787203650
25794235,1787203662
25794236,1787203674
25794237,1787203686
25794238,1787203698
25794239,1787203710
25794240,1787203722
25794241,1787203734
25794242,1787203746
25794243,1787203758
25794244,1787203770
25794245,1787203782
25794246,1787203794
25794247,1787203806
25794248,1787203818
25794249,1787203830
25794250,1787203842
25794251,1787203855
25794252,1787203867
25794253,1787203879
25794254,1787203891
25794255,1787203903
25794256,1787203915
25794257,1787203927
25794258,1787203939
25794259,1787203951
25794260,1787203963
25794261,1787203975
25794262,1787203987
25794263,1787203999
25794264,1787204011
25794265,1787204023
25794266,1787204035
25794267,1787204047
25794268,1787204059
25794269,1787204071
25794270,1787204083
25794271,1787204095
25794272,1787204107
25794273,1787204119
25794274,1787204131
25794275,1787204143
25794276,1787204155
25794277,1787204167
25794278,1787204180
25794279,1787204192
25794280,1787204204
25794281,1787204216
25794282,1787204228
25794283,1787204240
25794284,1787204252
25794285,1787204264
25794286,1787204276
25794287,1787204288
25794288,1787204300
25794289,1787204312
25794290,1787204324
25794291,1787204336
25794292,1787204348
25794293,1787204360
25794294,1787204372
25794295,1787204384
25794296,1787204396
25794297,1787204408
25794298,1787204420
25794299,1787204432
25794300,1787204444
25794301,1787204456
25794302,1787204468
25794303,1787204480
25794304,1787204493
25794305,1787204505
25794306,1787204517
25794307,1787204529
25794308,1787204541
25794309,1787204553
25794310,1787204565
25794311,1787204577
25794312,1787204589
25794313,1787204601
25794314,1787204613
25794315,1787204625
25794316,1787204637
25794317,1787204649
25794318,1787204661
25794319,1787204673
25794320,1787204685
25794321,1787204697
25794322,1787204709
25794323,1787204721
25794324,1787204733
25794325,1787204745
25794326,1787204757
25794327,1787204769
25794328,1787204781
25794329,1787204793
25794330,1787204805
25794331,1787204818
25794332,1787204830
25794333,1787204842
25794334,1787204854
25794335,1787204866
25794336,1787204878
25794337,1787204890
25794338,1787204902
25794339,1787204914
25794340,1787204926
25794341,1787204938
25794342,1787204950
25794343,1787204962
25794344,1787204974
25794345,1787204986
25794346,1787204998
25794347,1787205010
25794348,1787205022
25794349,1787205034
25794350,1787205046
25794351,1787205058
25794352,1787205070
25794353,1787205082
25794354,1787205094
25794355,1787205106
25794356,1787205118
25794357,1787205131
25794358,1787205143
25794359,1787205155
25794360,1787205167
25794361,1787205179
25794362,1787205191
25794363,1787205203
25794364,1787205215
25794365,1787205227
25794366,1787205239
25794367,1787205251
25794368,1787205263
25794369,1787205275
25794370,1787205287
25794371,1787205299
25794372,1787205311
25794373,1787205323
25794374,1787205335
25794375,1787205347
25794376,1787205359
25794377,1787205371
25794378,1787205383
25794379,1787205395
25794380,1787205407
25794381,1787205419
25794382,1787205431
25794383,1787205443
25794384,1787205456
25794385,1787205468
25794386,1787205480
25794387,1787205492
25794388,1787205504
25794389,1787205516
25794390,1787205528
25794391,1787205540
25794392,1787205552
25794393,1787205564
25794394,1787205576
25794395,1787205588
25794396,1787205600
25794397,1787205612
25794398,1787205624
25794399,1787205636
25794400,1787205648
25794401,1787205660
25794402,1787205672
25794403,1787205684
25794404,1787205696
25794405,1787205708
25794406,1787205720
25794407,1787205732
25794408,1787205744
25794409,1787205756
25794410,1787205768
25794411,1787205781
25794412,1787205793
25794413,1787205805
25794414,1787205817
25794415,1787205829
25794416,1787205841
25794417,1787205853
25794418,1787205865
25794419,1787205877
25794420,1787205889
25794421,1787205901
25794422,1787205913
25794423,1787205925
25794424,1787205937
25794425,1787205949
25794426,1787205961
25794427,1787205973
25794428,1787205985
25794429,1787205997
25794430,1787206009
25794431,1787206021
25794432,1787206033
25794433,1787206045
25794434,1787206057
25794435,1787206069
25794436,1787206081
25794437,1787206094
25794438,1787206106
25794439,1787206118
25794440,1787206130
25794441,1787206142
25794442,1787206154
25794443,1787206166
25794444,1787206178
25794445,1787206190
25794446,1787206202
25794447,1787206214
25794448,1787206226
25794449,1787206238
25794450,1787206250
25794451,1787206262
25794452,1787206274
25794453,1787206286
25794454,1787206298
25794455,1787206310
25794456,1787206322
25794457,1787206334
25794458,1787206346
25794459,1787206358
25794460,1787206370
25794461,1787206382
25794462,1787206394
25794463,1787206406
25794464,1787206419
25794465,1787206431
25794466,1787206443
25794467,1787206455
25794468,1787206467
25794469,1787206479
25794470,1787206491
25794471,1787206503
25794472,1787206515
25794473,1787206527
25794474,1787206539
25794475,1787206551
25794476,1787206563
25794477,1787206575
25794478,1787206587
25794479,1787206599
25794480,1787206611
25794481,1787206623
25794482,1787206635
25794483,1787206647
25794484,1787206659
25794485,1787206671
25794486,1787206683
25794487,1787206695
25794488,1787206707
25794489,1787206719
25794490,1787206732
25794491,1787206744
25794492,1787206756
25794493,1787206768
25794494,1787206780
25794495,1787206792
25794496,1787206804
25794497,1787206816
25794498,1787206828
25794499,1787206840
25794500,1787206852
25794501,1787206864
25794502,1787206876
25794503,1787206888
25794504,1787206900
25794505,1787206912
25794506,1787206924
25794507,1787206936
25794508,1787206948
25794509,1787206960
25794510,1787206972
25794511,1787206984
25794512,1787206996
25794513,1787207008
25794514,1787207020
25794515,1787207032
25794516,1787207044
25794517,1787207057
25794518,1787207069
25794519,1787207081
25794520,1787207093
25794521,1787207105
25794522,1787207117
25794523,1787207129
25794524,1787207141
25794525,1787207153
25794526,1787207165
25794527,1787207177
25794528,1787207189
25794529,1787207201
25794530,1787207213
25794531,1787207225
25794532,1787207237
25794533,1787207249
25794534,1787207261
25794535,1787207273
25794536,1787207285
25794537,1787207297
25794538,1787207309
25794539,1787207321
25794540,1787207333
25794541,1787207345
25794542,1787207357
25794543,1787207369
25794544,1787207382
25794545,1787207394
25794546,1787207406
25794547,1787207418
25794548,1787207430
25794549,1787207442
25794550,1787207454
25794551,1787207466
25794552,1787207478
25794553,1787207490
25794554,1787207502
25794555,1787207514
25794556,1787207526
25794557,1787207538
25794558,1787207550
25794559,1787207562
25794560,1787207574
25794561,1787207586
25794562,1787207598
25794563,1787207610
25794564,1787207622
25794565,1787207634
25794566,1787207646
25794567,1787207658
25794568,1787207670
25794569,1787207682
25794570,1787207695
25794571,1787207707
25794572,1787207719
25794573,1787207731
25794574,1787207743
25794575,1787207755
25794576,1787207767
25794577,1787207779
25794578,1787207791
25794579,1787207803
25794580,1787207815
25794581,1787207827
25794582,1787207839
25794583,1787207851
25794584,1787207863
25794585,1787207875
25794586,1787207887
25794587,1787207899
25794588,1787207911
25794589,1787207923
25794590,1787207935
25794591,1787207947
25794592,1787207959
25794593,1787207971
25794594,1787207983
25794595,1787207995
25794596,1787208007
25794597,1787208020
25794598,1787208032
25794599,1787208044
25794600,1787208056
25794601,1787208068
25794602,1787208080
25794603,1787208092
25794604,1787208104
25794605,1787208116
25794606,1787208128
25794607,1787208140
25794608,1787208152
25794609,1787208164
25794610,1787208176
25794611,1787208188
25794612,1787208200
25794613,1787208212
25794614,1787208224
25794615,1787208236
25794616,1787208248
25794617,1787208260
25794618,1787208272
25794619,1787208284
25794620,1787208296
25794621,1787208308
25794622,1787208320
25794623,1787208333
25794624,1787208345
25794625,1787208357
25794626,1787208369
25794627,1787208381
25794628,1787208393
25794629,1787208405
25794630,1787208417
25794631,1787208429
25794632,1787208441
25794633,1787208453
25794634,1787208465
25794635,1787208477
25794636,1787208489
25794637,1787208501
25794638,1787208513
25794639,1787208525
25794640,1787208537
25794641,1787208549
25794642,1787208561
25794643,1787208573
25794644,1787208585
25794645,1787208597
25794646,1787208609
25794647,1787208621
25794648,1787208633
25794649,1787208645
25794650,1787208658
25794651,1787208670
25794652,1787208682
25794653,1787208694
25794654,1787208706
25794655,1787208718
25794656,1787208730
25794657,1787208742
25794658,1787208754
25794659,1787208766
25794660,1787208778
25794661,1787208790
25794662,1787208802
25794663,1787208814
25794664,1787208826
25794665,1787208838
25794666,1787208850
25794667,1787208862
25794668,1787208874
25794669,1787208886
25794670,1787208898
25794671,1787208910
25794672,1787208922
25794673,1787208934
25794674,1787208946
25794675,1787208958
25794676,1787208971
25794677,1787208983
25794678,1787208995
25794679,1787209007
25794680,1787209019
25794681,1787209031
25794682,1787209043
25794683,1787209055
25794684,1787209067
25794685,1787209079
25794686,1787209091
25794687,1787209103
25794688,1787209115
25794689,1787209127
25794690,1787209139
25794691,1787209151
25794692,1787209163
25794693,1787209175
25794694,1787209187
25794695,1787209199
25794696,1787209211
25794697,1787209223
25794698,1787209235
25794699,1787209247
25794700,1787209259
25794701,1787209271
25794702,1787209283
25794703,1787209296
25794704,1787209308
25794705,1787209320
25794706,1787209332
25794707,1787209344
25794708,1787209356
25794709,1787209368
25794710,1787209380
25794711,1787209392
25794712,1787209404
25794713,1787209416
25794714,1787209428
25794715,1787209440
25794716,1787209452
25794717,1787209464
25794718,1787209476
25794719,1787209488
25794720,1787209500
25794721,1787209512
25794722,1787209524
25794723,1787209536
25794724,1787209548
25794725,1787209560
25794726,1787209572
25794727,1787209584
25794728,1787209596
25794729,1787209608
25794730,1787209621
25794731,1787209633
25794732,1787209645
25794733,1787209657
25794734,1787209669
25794735,1787209681
25794736,1787209693
25794737,1787209705
25794738,1787209717
25794739,1787209729
25794740,1787209741
25794741,1787209753
25794742,1787209765
25794743,1787209777
25794744,1787209789
25794745,1787209801
25794746,1787209813
25794747,1787209825
25794748,1787209837
25794749,1787209849
25794750,1787209861
25794751,1787209873
25794752,1787209885
25794753,1787209897
25794754,1787209909
25794755,1787209921
25794756,1787209934
25794757,1787209946
25794758,1787209958
25794759,1787209970
25794760,1787209982
25794761,1787209994
25794762,1787210006
25794763,1787210018
25794764,1787210030
25794765,1787210042
25794766,1787210054
25794767,1787210066
25794768,1787210078
25794769,1787210090
25794770,1787210102
25794771,1787210114
25794772,1787210126
25794773,1787210138
25794774,1787210150
25794775,1787210162
25794776,1787210174
25794777,1787210186
25794778,1787210198
25794779,1787210210
25794780,1787210222
25794781,1787210234
25794782,1787210246
25794783,1787210259
25794784,1787210271
25794785,1787210283
25794786,1787210295
25794787,1787210307
25794788,1787210319
25794789,1787210331
25794790,1787210343
25794791,1787210355
25794792,1787210367
25794793,1787210379
25794794,1787210391
25794795,1787210403
25794796,1787210415
25794797,1787210427
25794798,1787210439
25794799,1787210451
25794800,1787210463
25794801,1787210475
25794802,1787210487
25794803,1787210499
25794804,1787210511
25794805,1787210523
25794806,1787210535
25794807,1787210547
25794808,1787210559
25794809,1787210572
25794810,1787210584
25794811,1787210596
25794812,1787210608
25794813,1787210620
25794814,1787210632
25794815,1787210644
25794816,1787210656
25794817,1787210668
25794818,1787210680
25794819,1787210692
25794820,1787210704
25794821,1787210716
25794822,1787210728
25794823,1787210740
25794824,1787210752
25794825,1787210764
25794826,1787210776
25794827,1787210788
25794828,1787210800
25794829,1787210812
25794830,1787210824
25794831,1787210836
25794832,1787210848
25794833,1787210860
25794834,1787210872
25794835,1787210884
25794836,1787210897
25794837,1787210909
25794838,1787210921
25794839,1787210933
25794840,1787210945
25794841,1787210957
25794842,1787210969
25794843,1787210981
25794844,1787210993
25794845,1787211005
25794846,1787211017
25794847,1787211029
25794848,1787211041
25794849,1787211053
25794850,1787211065
25794851,1787211077
25794852,1787211089
25794853,1787211101
25794854,1787211113
25794855,1787211125
25794856,1787211137
25794857,1787211149
25794858,1787211161
25794859,1787211173
25794860,1787211185
25794861,1787211197
25794862,1787211209
25794863,1787211222
25794864,1787211234
25794865,1787211246
25794866,1787211258
25794867,1787211270
25794868,1787211282
25794869,1787211294
25794870,1787211306
25794871,1787211318
25794872,1787211330
25794873,1787211342
25794874,1787211354
25794875,1787211366
25794876,1787211378
25794877,1787211390
25794878,1787211402
25794879,1787211414
25794880,1787211426
25794881,1787211438
25794882,1787211450
25794883,1787211462
25794884,1787211474
25794885,1787211486
25794886,1787211498
25794887,1787211510
25794888,1787211522
25794889,1787211535
25794890,1787211547
25794891,1787211559
25794892,1787211571
25794893,1787211583
25794894,1787211595
25794895,1787211607
25794896,1787211619
25794897,1787211631
25794898,1787211643
25794899,1787211655
25794900,1787211667
25794901,1787211679
25794902,1787211691
25794903,1787211703
25794904,1787211715
25794905,1787211727
25794906,1787211739
25794907,1787211751
25794908,1787211763
25794909,1787211775
25794910,1787211787
25794911,1787211799
25794912,1787211811
25794913,1787211823
25794914,1787211835
25794915,1787211847
25794916,1787211860
25794917,1787211872
25794918,1787211884
25794919,1787211896
25794920,1787211908
25794921,1787211920
25794922,1787211932
25794923,1787211944
25794924,1787211956
25794925,1787211968
25794926,1787211980
25794927,1787211992
25794928,1787212004
25794929,1787212016
25794930,1787212028
25794931,1787212040
25794932,1787212052
25794933,1787212064
25794934,1787212076
25794935,1787212088
25794936,1787212100
25794937,1787212112
25794938,1787212124
25794939,1787212136
25794940,1787212148
25794941,1787212160
25794942,1787212173
25794943,1787212185
25794944,1787212197
25794945,1787212209
25794946,1787212221
25794947,1787212233
25794948,1787212245
25794949,1787212257
25794950,1787212269
25794951,1787212281
25794952,1787212293
25794953,1787212305
25794954,1787212317
25794955,1787212329
25794956,1787212341
25794957,1787212353
25794958,1787212365
25794959,1787212377
25794960,1787212389
25794961,1787212401
25794962,1787212413
25794963,1787212425
25794964,1787212437
25794965,1787212449
25794966,1787212461
25794967,1787212473
25794968,1787212485
25794969,1787212498
25794970,1787212510
25794971,1787212522
25794972,1787212534
25794973,1787212546
25794974,1787212558
25794975,1787212570
25794976,1787212582
25794977,1787212594
25794978,1787212606
25794979,1787212618
25794980,1787212630
25794981,1787212642
25794982,1787212654
25794983,1787212666
25794984,1787212678
25794985,1787212690
25794986,1787212702
25794987,1787212714
25794988,1787212726
25794989,1787212738
25794990,1787212750
25794991,1787212762
25794992,1787212774
25794993,1787212786
25794994,1787212798
25794995,1787212811
25794996,1787212823
25794997,1787212835
25794998,1787212847
25794999,1787212859
25795000,1787212871
25795001,1787212883
25795002,1787212895
25795003,1787212907
25795004,1787212919
25795005,1787212931
25795006,1787212943
25795007,1787212955
25795008,1787212967
25795009,1787212979
25795010,1787212991
25795011,1787213003
25795012,1787213015
25795013,1787213027
25795014,1787213039
25795015,1787213051
25795016,1787213063
25795017,1787213075
25795018,1787213087
25795019,1787213099
25795020,1787213111
25795021,1787213123
25795022,1787213136
25795023,1787213148
25795024,1787213160
25795025,1787213172
25795026,1787213184
25795027,1787213196
25795028,1787213208
25795029,1787213220
25795030,1787213232
25795031,1787213244
25795032,1787213256
25795033,1787213268
25795034,1787213280
25795035,1787213292
25795036,1787213304
25795037,1787213316
25795038,1787213328
25795039,1787213340
25795040,1787213352
25795041,1787213364
25795042,1787213376
25795043,1787213388
25795044,1787213400
25795045,1787213412
25795046,1787213424
25795047,1787213436
25795048,1787213448
25795049,1787213461
25795050,1787213473
25795051,1787213485
25795052,1787213497
25795053,1787213509
25795054,1787213521
25795055,1787213533
25795056,1787213545
25795057,1787213557
25795058,1787213569
25795059,1787213581
25795060,1787213593
25795061,1787213605
25795062,1787213617
25795063,1787213629
25795064,1787213641
25795065,1787213653
25795066,1787213665
25795067,1787213677
25795068,1787213689
25795069,1787213701
25795070,1787213713
25795071,1787213725
25795072,1787213737
25795073,1787213749
25795074,1787213761
25795075,1787213774
25795076,1787213786
25795077,1787213798
25795078,1787213810
25795079,1787213822
25795080,1787213834
25795081,1787213846
25795082,1787213858
25795083,1787213870
25795084,1787213882
25795085,1787213894
25795086,1787213906
25795087,1787213918
25795088,1787213930
25795089,1787213942
25795090,1787213954
25795091,1787213966
25795092,1787213978
25795093,1787213990
25795094,1787214002
25795095,1787214014
25795096,1787214026
25795097,1787214038
25795098,1787214050
25795099,1787214062
25795100,1787214074
25795101,1787214086
25795102,1787214099
25795103,1787214111
25795104,1787214123
25795105,1787214135
25795106,1787214147
25795107,1787214159
25795108,1787214171
25795109,1787214183
25795110,1787214195
25795111,1787214207
25795112,1787214219
25795113,1787214231
25795114,1787214243
25795115,1787214255
25795116,1787214267
25795117,1787214279
25795118,1787214291
25795119,1787214303
25795120,1787214315
25795121,1787214327
25795122,1787214339
25795123,1787214351
25795124,1787214363
25795125,1787214375
25795126,1787214387
25795127,1787214399
25795128,1787214412
25795129,1787214424
25795130,1787214436
25795131,1787214448
25795132,1787214460
25795133,1787214472
25795134,1787214484
25795135,1787214496
25795136,1787214508
25795137,1787214520
25795138,1787214532
25795139,1787214544
25795140,1787214556
25795141,1787214568
25795142,1787214580
25795143,1787214592
25795144,1787214604
25795145,1787214616
25795146,1787214628
25795147,1787214640
25795148,1787214652
25795149,1787214664
25795150,1787214676
25795151,1787214688
25795152,1787214700
25795153,1787214712
25795154,1787214724
25795155,1787214737
25795156,1787214749
25795157,1787214761
25795158,1787214773
25795159,1787214785
25795160,1787214797
25795161,1787214809
25795162,1787214821
25795163,1787214833
25795164,1787214845
25795165,1787214857
25795166,1787214869
25795167,1787214881
25795168,1787214893
25795169,1787214905
25795170,1787214917
25795171,1787214929
25795172,1787214941
25795173,1787214953
25795174,1787214965
25795175,1787214977
25795176,1787214989
25795177,1787215001
25795178,1787215013
25795179,1787215025
25795180,1787215037
25795181,1787215049
25795182,1787215062
25795183,1787215074
25795184,1787215086
25795185,1787215098
25795186,1787215110
25795187,1787215122
25795188,1787215134
25795189,1787215146
25795190,1787215158
25795191,1787215170
25795192,1787215182
25795193,1787215194
25795194,1787215206
25795195,1787215218
25795196,1787215230
25795197,1787215242
25795198,1787215254
25795199,1787215266
25795200,1787215278
25795201,1787215290
25795202,1787215302
25795203,1787215314
25795204,1787215326
25795205,1787215338
25795206,1787215350
25795207,1787215362
25795208,1787215375
25795209,1787215387
25795210,1787215399
25795211,1787215411
25795212,1787215423
25795213,1787215435
25795214,1787215447
25795215,1787215459
25795216,1787215471
25795217,1787215483
25795218,1787215495
25795219,1787215507
25795220,1787215519
25795221,1787215531
25795222,1787215543
25795223,1787215555
25795224,1787215567
25795225,1787215579
25795226,1787215591
25795227,1787215603
25795228,1787215615
25795229,1787215627
25795230,1787215639
25795231,1787215651
25795232,1787215663
25795233,1787215675
25795234,1787215687
25795235,1787215700
25795236,1787215712
25795237,1787215724
25795238,1787215736
25795239,1787215748
25795240,1787215760
25795241,1787215772
25795242,1787215784
25795243,1787215796
25795244,1787215808
25795245,1787215820
25795246,1787215832
25795247,1787215844
25795248,1787215856
25795249,1787215868
25795250,1787215880
25795251,1787215892
25795252,1787215904
25795253,1787215916
25795254,1787215928
25795255,1787215940
25795256,1787215952
25795257,1787215964
25795258,1787215976
25795259,1787215988
25795260,1787216000
25795261,1787216013
25795262,1787216025
25795263,1787216037
25795264,1787216049
25795265,1787216061
25795266,1787216073
25795267,1787216085
25795268,1787216097
25795269,1787216109
25795270,1787216121
25795271,1787216133
25795272,1787216145
25795273,1787216157
25795274,1787216169
25795275,1787216181
25795276,1787216193
25795277,1787216205
25795278,1787216217
25795279,1787216229
25795280,1787216241
25795281,1787216253
25795282,1787216265
25795283,1787216277
25795284,1787216289
25795285,1787216301
25795286,1787216313
25795287,1787216325
25795288,1787216338
25795289,1787216350
25795290,1787216362
25795291,1787216374
25795292,1787216386
25795293,1787216398
25795294,1787216410
25795295,1787216422
25795296,1787216434
25795297,1787216446
25795298,1787216458
25795299,1787216470
25795300,1787216482
25795301,1787216494
25795302,1787216506
25795303,1787216518
25795304,1787216530
25795305,1787216542
25795306,1787216554
25795307,1787216566
25795308,1787216578
25795309,1787216590
25795310,1787216602
25795311,1787216614
25795312,1787216626
25795313,1787216638
25795314,1787216651
25795315,1787216663
25795316,1787216675
25795317,1787216687
25795318,1787216699
25795319,1787216711
25795320,1787216723
25795321,1787216735
25795322,1787216747
25795323,1787216759
25795324,1787216771
25795325,1787216783
25795326,1787216795
25795327,1787216807
25795328,1787216819
25795329,1787216831
25795330,1787216843
25795331,1787216855
25795332,1787216867
25795333,1787216879
25795334,1787216891
25795335,1787216903
25795336,1787216915
25795337,1787216927
25795338,1787216939
25795339,1787216951
25795340,1787216963
25795341,1787216976
25795342,1787216988
25795343,1787217000
25795344,1787217012
25795345,1787217024
25795346,1787217036
25795347,1787217048
25795348,1787217060
25795349,1787217072
25795350,1787217084
25795351,1787217096
25795352,1787217108
25795353,1787217120
25795354,1787217132
25795355,1787217144
25795356,1787217156
25795357,1787217168
25795358,1787217180
25795359,1787217192
25795360,1787217204
25795361,1787217216
25795362,1787217228
25795363,1787217240
25795364,1787217252
25795365,1787217264
25795366,1787217276
25795367,1787217288
25795368,1787217301
25795369,1787217313
25795370,1787217325
25795371,1787217337
25795372,1787217349
25795373,1787217361
25795374,1787217373
25795375,1787217385
25795376,1787217397
25795377,1787217409
25795378,1787217421
25795379,1787217433
25795380,1787217445
25795381,1787217457
25795382,1787217469
25795383,1787217481
25795384,1787217493
25795385,1787217505
25795386,1787217517
25795387,1787217529
25795388,1787217541
25795389,1787217553
25795390,1787217565
25795391,1787217577
25795392,1787217589
25795393,1787217601
25795394,1787217614
25795395,1787217626
25795396,1787217638
25795397,1787217650
25795398,1787217662
25795399,1787217674
25795400,1787217686
25795401,1787217698
25795402,1787217710
25795403,1787217722
25795404,1787217734
25795405,1787217746
25795406,1787217758
25795407,1787217770
25795408,1787217782
25795409,1787217794
25795410,1787217806
25795411,1787217818
25795412,1787217830
25795413,1787217842
25795414,1787217854
25795415,1787217866
25795416,1787217878
25795417,1787217890
25795418,1787217902
25795419,1787217914
25795420,1787217926
25795421,1787217939
25795422,1787217951
25795423,1787217963
25795424,1787217975
25795425,1787217987
25795426,1787217999
25795427,1787218011
25795428,1787218023
25795429,1787218035
25795430,1787218047
25795431,1787218059
25795432,1787218071
25795433,1787218083
25795434,1787218095
25795435,1787218107
25795436,1787218119
25795437,1787218131
25795438,1787218143
25795439,1787218155
25795440,1787218167
25795441,1787218179
25795442,1787218191
25795443,1787218203
25795444,1787218215
25795445,1787218227
25795446,1787218239
25795447,1787218252
25795448,1787218264
25795449,1787218276
25795450,1787218288
25795451,1787218300
25795452,1787218312
25795453,1787218324
25795454,1787218336
25795455,1787218348
25795456,1787218360
25795457,1787218372
25795458,1787218384
25795459,1787218396
25795460,1787218408
25795461,1787218420
25795462,1787218432
25795463,1787218444
25795464,1787218456
25795465,1787218468
25795466,1787218480
25795467,1787218492
25795468,1787218504
25795469,1787218516
25795470,1787218528
25795471,1787218540
25795472,1787218552
25795473,1787218564
25795474,1787218577
25795475,1787218589
25795476,1787218601
25795477,1787218613
25795478,1787218625
25795479,1787218637
25795480,1787218649
25795481,1787218661
25795482,1787218673
25795483,1787218685
25795484,1787218697
25795485,1787218709
25795486,1787218721
25795487,1787218733
25795488,1787218745
25795489,1787218757
25795490,1787218769
25795491,1787218781
25795492,1787218793
25795493,1787218805
25795494,1787218817
25795495,1787218829
25795496,1787218841
25795497,1787218853
25795498,1787218865
25795499,1787218877
25795500,1787218889
25795501,1787218902
25795502,1787218914
25795503,1787218926
25795504,1787218938
25795505,1787218950
25795506,1787218962
25795507,1787218974
25795508,1787218986
25795509,1787218998
25795510,1787219010
25795511,1787219022
25795512,1787219034
25795513,1787219046
25795514,1787219058
25795515,1787219070
25795516,1787219082
25795517,1787219094
25795518,1787219106
25795519,1787219118
25795520,1787219130
25795521,1787219142
25795522,1787219154
25795523,1787219166
25795524,1787219178
25795525,1787219190
25795526,1787219202
25795527,1787219215
25795528,1787219227
25795529,1787219239
25795530,1787219251
25795531,1787219263
25795532,1787219275
25795533,1787219287
25795534,1787219299
25795535,1787219311
25795536,1787219323
25795537,1787219335
25795538,1787219347
25795539,1787219359
25795540,1787219371
25795541,1787219383
25795542,1787219395
25795543,1787219407
25795544,1787219419
25795545,1787219431
25795546,1787219443
25795547,1787219455
25795548,1787219467
25795549,1787219479
25795550,1787219491
25795551,1787219503
25795552,1787219515
25795553,1787219527
25795554,1787219540
25795555,1787219552
25795556,1787219564
25795557,1787219576
25795558,1787219588
25795559,1787219600
25795560,1787219612
25795561,1787219624
25795562,1787219636
25795563,1787219648
25795564,1787219660
25795565,1787219672
25795566,1787219684
25795567,1787219696
25795568,1787219708
25795569,1787219720
25795570,1787219732
25795571,1787219744
25795572,1787219756
25795573,1787219768
25795574,1787219780
25795575,1787219792
25795576,1787219804
25795577,1787219816
25795578,1787219828
25795579,1787219840
25795580,1787219853
25795581,1787219865
25795582,1787219877
25795583,1787219889
25795584,1787219901
25795585,1787219913
25795586,1787219925
25795587,1787219937
25795588,1787219949
25795589,1787219961
25795590,1787219973
25795591,1787219985
25795592,1787219997
25795593,1787220009
25795594,1787220021
25795595,1787220033
25795596,1787220045
25795597,1787220057
25795598,1787220069
25795599,1787220081
25795600,1787220093
25795601,1787220105
25795602,1787220117
25795603,1787220129
25795604,1787220141
25795605,1787220153
25795606,1787220165
25795607,1787220178
25795608,1787220190
25795609,1787220202
25795610,1787220214
25795611,1787220226
25795612,1787220238
25795613,1787220250
25795614,1787220262
25795615,1787220274
25795616,1787220286
25795617,1787220298
25795618,1787220310
25795619,1787220322
25795620,1787220334
25795621,1787220346
25795622,1787220358
25795623,1787220370
25795624,1787220382
25795625,1787220394
25795626,1787220406
25795627,1787220418
25795628,1787220430
25795629,1787220442
25795630,1787220454
25795631,1787220466
25795632,1787220478
25795633,1787220491
25795634,1787220503
25795635,1787220515
25795636,1787220527
25795637,1787220539
25795638,1787220551
25795639,1787220563
25795640,1787220575
25795641,1787220587
25795642,1787220599
25795643,1787220611
25795644,1787220623
25795645,1787220635
25795646,1787220647
25795647,1787220659
25795648,1787220671
25795649,1787220683
25795650,1787220695
25795651,1787220707
25795652,1787220719
25795653,1787220731
25795654,1787220743
25795655,1787220755
25795656,1787220767
25795657,1787220779
25795658,1787220791
25795659,1787220803
25795660,1787220816
25795661,1787220828
25795662,1787220840
25795663,1787220852
25795664,1787220864
25795665,1787220876
25795666,1787220888
25795667,1787220900
25795668,1787220912
25795669,1787220924
25795670,1787220936
25795671,1787220948
25795672,1787220960
25795673,1787220972
25795674,1787220984
25795675,1787220996
25795676,1787221008
25795677,1787221020
25795678,1787221032
25795679,1787221044
25795680,1787221056
25795681,1787221068
25795682,1787221080
25795683,1787221092
25795684,1787221104
25795685,1787221116
25795686,1787221128
25795687,1787221141
25795688,1787221153
25795689,1787221165
25795690,1787221177
25795691,1787221189
25795692,1787221201
25795693,1787221213
25795694,1787221225
25795695,1787221237
25795696,1787221249
25795697,1787221261
25795698,1787221273
25795699,1787221285
25795700,1787221297
25795701,1787221309
25795702,1787221321
25795703,1787221333
25795704,1787221345
25795705,1787221357
25795706,1787221369
25795707,1787221381
25795708,1787221393
25795709,1787221405
25795710,1787221417
25795711,1787221429
25795712,1787221441
25795713,1787221454
25795714,1787221466
25795715,1787221478
25795716,1787221490
25795717,1787221502
25795718,1787221514
25795719,1787221526
25795720,1787221538
25795721,1787221550
25795722,1787221562
25795723,1787221574
25795724,1787221586
25795725,1787221598
25795726,1787221610
25795727,1787221622
25795728,1787221634
25795729,1787221646
25795730,1787221658
25795731,1787221670
25795732,1787221682
25795733,1787221694
25795734,1787221706
25795735,1787221718
25795736,1787221730
25795737,1787221742
25795738,1787221754
25795739,1787221766
25795740,1787221779
25795741,1787221791
25795742,1787221803
25795743,1787221815
25795744,1787221827
25795745,1787221839
25795746,1787221851
25795747,1787221863
25795748,1787221875
25795749,1787221887
25795750,1787221899
25795751,1787221911
25795752,1787221923
25795753,1787221935
25795754,1787221947
25795755,1787221959
25795756,1787221971
25795757,1787221983
25795758,1787221995
25795759,1787222007
25795760,1787222019
25795761,1787222031
25795762,1787222043
25795763,1787222055
25795764,1787222067
25795765,1787222079
25795766,1787222092
25795767,1787222104
25795768,1787222116
25795769,1787222128
25795770,1787222140
25795771,1787222152
25795772,1787222164
25795773,1787222176
25795774,1787222188
25795775,1787222200
25795776,1787222212
25795777,1787222224
25795778,1787222236
25795779,1787222248
25795780,1787222260
25795781,1787222272
25795782,1787222284
25795783,1787222296
25795784,1787222308
25795785,1787222320
25795786,1787222332
25795787,1787222344
25795788,1787222356
25795789,1787222368
25795790,1787222380
25795791,1787222392
25795792,1787222404
25795793,1787222417
25795794,1787222429
25795795,1787222441
25795796,1787222453
25795797,1787222465
25795798,1787222477
25795799,1787222489
25795800,1787222501
25795801,1787222513
25795802,1787222525
25795803,1787222537
25795804,1787222549
25795805,1787222561
25795806,1787222573
25795807,1787222585
25795808,1787222597
25795809,1787222609
25795810,1787222621
25795811,1787222633
25795812,1787222645
25795813,1787222657
25795814,1787222669
25795815,1787222681
25795816,1787222693
25795817,1787222705
25795818,1787222717
25795819,1787222729
25795820,1787222742
25795821,1787222754
25795822,1787222766
25795823,1787222778
25795824,1787222790
25795825,1787222802
25795826,1787222814
25795827,1787222826
25795828,1787222838
25795829,1787222850
25795830,1787222862
25795831,1787222874
25795832,1787222886
25795833,1787222898
25795834,1787222910
25795835,1787222922
25795836,1787222934
25795837,1787222946
25795838,1787222958
25795839,1787222970
25795840,1787222982
25795841,1787222994
25795842,1787223006
25795843,1787223018
25795844,1787223030
25795845,1787223042
25795846,1787223055
25795847,1787223067
25795848,1787223079
25795849,1787223091
25795850,1787223103
25795851,1787223115
25795852,1787223127
25795853,1787223139
25795854,1787223151
25795855,1787223163
25795856,1787223175
25795857,1787223187
25795858,1787223199
25795859,1787223211
25795860,1787223223
25795861,1787223235
25795862,1787223247
25795863,1787223259
25795864,1787223271
25795865,1787223283
25795866,1787223295
25795867,1787223307
25795868,1787223319
25795869,1787223331
25795870,1787223343
25795871,1787223355
25795872,1787223367
25795873,1787223380
25795874,1787223392
25795875,1787223404
25795876,1787223416
25795877,1787223428
25795878,1787223440
25795879,1787223452
25795880,1787223464
25795881,1787223476
25795882,1787223488
25795883,1787223500
25795884,1787223512
25795885,1787223524
25795886,1787223536
25795887,1787223548
25795888,1787223560
25795889,1787223572
25795890,1787223584
25795891,1787223596
25795892,1787223608
25795893,1787223620
25795894,1787223632
25795895,1787223644
25795896,1787223656
25795897,1787223668
25795898,1787223680
25795899,1787223693
25795900,1787223705
25795901,1787223717
25795902,1787223729
25795903,1787223741
25795904,1787223753
25795905,1787223765
25795906,1787223777
25795907,1787223789
25795908,1787223801
25795909,1787223813
25795910,1787223825
25795911,1787223837
25795912,1787223849
25795913,1787223861
25795914,1787223873
25795915,1787223885
25795916,1787223897
25795917,1787223909
25795918,1787223921
25795919,1787223933
25795920,1787223945
25795921,1787223957
25795922,1787223969
25795923,1787223981
25795924,1787223993
25795925,1787224005
25795926,1787224018
25795927,1787224030
25795928,1787224042
25795929,1787224054
25795930,1787224066
25795931,1787224078
25795932,1787224090
25795933,1787224102
25795934,1787224114
25795935,1787224126
25795936,1787224138
25795937,1787224150
25795938,1787224162
25795939,1787224174
25795940,1787224186
25795941,1787224198
25795942,1787224210
25795943,1787224222
25795944,1787224234
25795945,1787224246
25795946,1787224258
25795947,1787224270
25795948,1787224282
25795949,1787224294
25795950,1787224306
25795951,1787224318
25795952,1787224331
25795953,1787224343
25795954,1787224355
25795955,1787224367
25795956,1787224379
25795957,1787224391
25795958,1787224403
25795959,1787224415
25795960,1787224427
25795961,1787224439
25795962,1787224451
25795963,1787224463
25795964,1787224475
25795965,1787224487
25795966,1787224499
25795967,1787224511
25795968,1787224523
25795969,1787224535
25795970,1787224547
25795971,1787224559
25795972,1787224571
25795973,1787224583
25795974,1787224595
25795975,1787224607
25795976,1787224619
25795977,1787224631
25795978,1787224643
25795979,1787224656
25795980,1787224668
25795981,1787224680
25795982,1787224692
25795983,1787224704
25795984,1787224716
25795985,1787224728
25795986,1787224740
25795987,1787224752
25795988,1787224764
25795989,1787224776
25795990,1787224788
25795991,1787224800
25795992,1787224812
25795993,1787224824
25795994,1787224836
25795995,1787224848
25795996,1787224860
25795997,1787224872
25795998,1787224884
25795999,1787224896
25796000,1787224908
25796001,1787224920
25796002,1787224932
25796003,1787224944
25796004,1787224956
25796005,1787224968
25796006,1787224981
25796007,1787224993
25796008,1787225005
25796009,1787225017
25796010,1787225029
25796011,1787225041
25796012,1787225053
25796013,1787225065
25796014,1787225077
25796015,1787225089
25796016,1787225101
25796017,1787225113
25796018,1787225125
25796019,1787225137
25796020,1787225149
25796021,1787225161
25796022,1787225173
25796023,1787225185
25796024,1787225197
25796025,1787225209
25796026,1787225221
25796027,1787225233
25796028,1787225245
25796029,1787225257
25796030,1787225269
25796031,1787225281
25796032,1787225294
25796033,1787225306
25796034,1787225318
25796035,1787225330
25796036,1787225342
25796037,1787225354
25796038,1787225366
25796039,1787225378
25796040,1787225390
25796041,1787225402
25796042,1787225414
25796043,1787225426
25796044,1787225438
25796045,1787225450
25796046,1787225462
25796047,1787225474
25796048,1787225486
25796049,1787225498
25796050,1787225510
25796051,1787225522
25796052,1787225534
25796053,1787225546
25796054,1787225558
25796055,1787225570
25796056,1787225582
25796057,1787225594
25796058,1787225606
25796059,1787225619
25796060,1787225631
25796061,1787225643
25796062,1787225655
25796063,1787225667
25796064,1787225679
25796065,1787225691
25796066,1787225703
25796067,1787225715
25796068,1787225727
25796069,1787225739
25796070,1787225751
25796071,1787225763
25796072,1787225775
25796073,1787225787
25796074,1787225799
25796075,1787225811
25796076,1787225823
25796077,1787225835
25796078,1787225847
25796079,1787225859
25796080,1787225871
25796081,1787225883
25796082,1787225895
25796083,1787225907
25796084,1787225919
25796085,1787225932
25796086,1787225944
25796087,1787225956
25796088,1787225968
25796089,1787225980
25796090,1787225992
25796091,1787226004
25796092,1787226016
25796093,1787226028
25796094,1787226040
25796095,1787226052
25796096,1787226064
25796097,1787226076
25796098,1787226088
25796099,1787226100
25796100,1787226112
25796101,1787226124
25796102,1787226136
25796103,1787226148
25796104,1787226160
25796105,1787226172
25796106,1787226184
25796107,1787226196
25796108,1787226208
25796109,1787226220
25796110,1787226232
25796111,1787226244
25796112,1787226257
25796113,1787226269
25796114,1787226281
25796115,1787226293
25796116,1787226305
25796117,1787226317
25796118,1787226329
25796119,1787226341
25796120,1787226353
25796121,1787226365
25796122,1787226377
25796123,1787226389
25796124,1787226401
25796125,1787226413
25796126,1787226425
25796127,1787226437
25796128,1787226449
25796129,1787226461
25796130,1787226473
25796131,1787226485
25796132,1787226497
25796133,1787226509
25796134,1787226521
25796135,1787226533
25796136,1787226545
25796137,1787226557
25796138,1787226569
25796139,1787226582
25796140,1787226594
25796141,1787226606
25796142,1787226618
25796143,1787226630
25796144,1787226642
25796145,1787226654
25796146,1787226666
25796147,1787226678
25796148,1787226690
25796149,1787226702
25796150,1787226714
25796151,1787226726
25796152,1787226738
25796153,1787226750
25796154,1787226762
25796155,1787226774
25796156,1787226786
25796157,1787226798
25796158,1787226810
25796159,1787226822
25796160,1787226834
25796161,1787226846
25796162,1787226858
25796163,1787226870
25796164,1787226882
25796165,1787226895
25796166,1787226907
25796167,1787226919
25796168,1787226931
25796169,1787226943
25796170,1787226955
25796171,1787226967
25796172,1787226979
25796173,1787226991
25796174,1787227003
25796175,1787227015
25796176,1787227027
25796177,1787227039
25796178,1787227051
25796179,1787227063
25796180,1787227075
25796181,1787227087
25796182,1787227099
25796183,1787227111
25796184,1787227123
25796185,1787227135
25796186,1787227147
25796187,1787227159
25796188,1787227171
25796189,1787227183
25796190,1787227195
25796191,1787227207
25796192,1787227220
25796193,1787227232
25796194,1787227244
25796195,1787227256
25796196,1787227268
25796197,1787227280
25796198,1787227292
25796199,1787227304
25796200,1787227316
25796201,1787227328
25796202,1787227340
25796203,1787227352
25796204,1787227364
25796205,1787227376
25796206,1787227388
25796207,1787227400
25796208,1787227412
25796209,1787227424
25796210,1787227436
25796211,1787227448
25796212,1787227460
25796213,1787227472
25796214,1787227484
25796215,1787227496
25796216,1787227508
25796217,1787227520
25796218,1787227533
25796219,1787227545
25796220,1787227557
25796221,1787227569
25796222,1787227581
25796223,1787227593
25796224,1787227605
25796225,1787227617
25796226,1787227629
25796227,1787227641
25796228,1787227653
25796229,1787227665
25796230,1787227677
25796231,1787227689
25796232,1787227701
25796233,1787227713
25796234,1787227725
25796235,1787227737
25796236,1787227749
25796237,1787227761
25796238,1787227773
25796239,1787227785
25796240,1787227797
25796241,1787227809
25796242,1787227821
25796243,1787227833
25796244,1787227845
25796245,1787227858
25796246,1787227870
25796247,1787227882
25796248,1787227894
25796249,1787227906
25796250,1787227918
25796251,1787227930
25796252,1787227942
25796253,1787227954
25796254,1787227966
25796255,1787227978
25796256,1787227990
25796257,1787228002
25796258,1787228014
25796259,1787228026
25796260,1787228038
25796261,1787228050
25796262,1787228062
25796263,1787228074
25796264,1787228086
25796265,1787228098
25796266,1787228110
25796267,1787228122
25796268,1787228134
25796269,1787228146
25796270,1787228158
25796271,1787228171
25796272,1787228183
25796273,1787228195
25796274,1787228207
25796275,1787228219
25796276,1787228231
25796277,1787228243
25796278,1787228255
25796279,1787228267
25796280,1787228279
25796281,1787228291
25796282,1787228303
25796283,1787228315
25796284,1787228327
25796285,1787228339
25796286,1787228351
25796287,1787228363
25796288,1787228375
25796289,1787228387
25796290,1787228399
25796291,1787228411
25796292,1787228423
25796293,1787228435
25796294,1787228447
25796295,1787228459
25796296,1787228471
25796297,1787228483
25796298,1787228496
25796299,1787228508
25796300,1787228520
25796301,1787228532
25796302,1787228544
25796303,1787228556
25796304,1787228568
25796305,1787228580
25796306,1787228592
25796307,1787228604
25796308,1787228616
25796309,1787228628
25796310,1787228640
25796311,1787228652
25796312,1787228664
25796313,1787228676
25796314,1787228688
25796315,1787228700
25796316,1787228712
25796317,1787228724
25796318,1787228736
25796319,1787228748
25796320,1787228760
25796321,1787228772
25796322,1787228784
25796323,1787228796
25796324,1787228808
25796325,1787228821
25796326,1787228833
25796327,1787228845
25796328,1787228857
25796329,1787228869
25796330,1787228881
25796331,1787228893
25796332,1787228905
25796333,1787228917
25796334,1787228929
25796335,1787228941
25796336,1787228953
25796337,1787228965
25796338,1787228977
25796339,1787228989
25796340,1787229001
25796341,1787229013
25796342,1787229025
25796343,1787229037
25796344,1787229049
25796345,1787229061
25796346,1787229073
25796347,1787229085
25796348,1787229097
25796349,1787229109
25796350,1787229121
25796351,1787229134
25796352,1787229146
25796353,1787229158
25796354,1787229170
25796355,1787229182
25796356,1787229194
25796357,1787229206
25796358,1787229218
25796359,1787229230
25796360,1787229242
25796361,1787229254
25796362,1787229266
25796363,1787229278
25796364,1787229290
25796365,1787229302
25796366,1787229314
25796367,1787229326
25796368,1787229338
25796369,1787229350
25796370,1787229362
25796371,1787229374
25796372,1787229386
25796373,1787229398
25796374,1787229410
25796375,1787229422
25796376,1787229434
25796377,1787229446
25796378,1787229459
25796379,1787229471
25796380,1787229483
25796381,1787229495
25796382,1787229507
25796383,1787229519
25796384,1787229531
25796385,1787229543
25796386,1787229555
25796387,1787229567
25796388,1787229579
25796389,1787229591
25796390,1787229603
25796391,1787229615
25796392,1787229627
25796393,1787229639
25796394,1787229651
25796395,1787229663
25796396,1787229675
25796397,1787229687
25796398,1787229699
25796399,1787229711
25796400,1787229723
25796401,1787229735
25796402,1787229747
25796403,1787229759
25796404,1787229772
25796405,1787229784
25796406,1787229796
25796407,1787229808
25796408,1787229820
25796409,1787229832
25796410,1787229844
25796411,1787229856
25796412,1787229868
25796413,1787229880
25796414,1787229892
25796415,1787229904
25796416,1787229916
25796417,1787229928
25796418,1787229940
25796419,1787229952
25796420,1787229964
25796421,1787229976
25796422,1787229988
25796423,1787230000
25796424,1787230012
25796425,1787230024
25796426,1787230036
25796427,1787230048
25796428,1787230060
25796429,1787230072
25796430,1787230084
25796431,1787230097
25796432,1787230109
25796433,1787230121
25796434,1787230133
25796435,1787230145
25796436,1787230157
25796437,1787230169
25796438,1787230181
25796439,1787230193
25796440,1787230205
25796441,1787230217
25796442,1787230229
25796443,1787230241
25796444,1787230253
25796445,1787230265
25796446,1787230277
25796447,1787230289
25796448,1787230301
25796449,1787230313
25796450,1787230325
25796451,1787230337
25796452,1787230349
25796453,1787230361
25796454,1787230373
25796455,1787230385
25796456,1787230397
25796457,1787230409
25796458,1787230422
25796459,1787230434
25796460,1787230446
25796461,1787230458
25796462,1787230470
25796463,1787230482
25796464,1787230494
25796465,1787230506
25796466,1787230518
25796467,1787230530
25796468,1787230542
25796469,1787230554
25796470,1787230566
25796471,1787230578
25796472,1787230590
25796473,1787230602
25796474,1787230614
25796475,1787230626
25796476,1787230638
25796477,1787230650
25796478,1787230662
25796479,1787230674
25796480,1787230686
25796481,1787230698
25796482,1787230710
25796483,1787230722
25796484,1787230735
25796485,1787230747
25796486,1787230759
25796487,1787230771
25796488,1787230783
25796489,1787230795
25796490,1787230807
25796491,1787230819
25796492,1787230831
25796493,1787230843
25796494,1787230855
25796495,1787230867
25796496,1787230879
25796497,1787230891
25796498,1787230903
25796499,1787230915
25796500,1787230927
25796501,1787230939
25796502,1787230951
25796503,1787230963
25796504,1787230975
25796505,1787230987
25796506,1787230999
25796507,1787231011
25796508,1787231023
25796509,1787231035
25796510,1787231047
25796511,1787231060
25796512,1787231072
25796513,1787231084
25796514,1787231096
25796515,1787231108
25796516,1787231120
25796517,1787231132
25796518,1787231144
25796519,1787231156
25796520,1787231168
25796521,1787231180
25796522,1787231192
25796523,1787231204
25796524,1787231216
25796525,1787231228
25796526,1787231240
25796527,1787231252
25796528,1787231264
25796529,1787231276
25796530,1787231288
25796531,1787231300
25796532,1787231312
25796533,1787231324
25796534,1787231336
25796535,1787231348
25796536,1787231360
25796537,1787231373
25796538,1787231385
25796539,1787231397
25796540,1787231409
25796541,1787231421
25796542,1787231433
25796543,1787231445
25796544,1787231457
25796545,1787231469
25796546,1787231481
25796547,1787231493
25796548,1787231505
25796549,1787231517
25796550,1787231529
25796551,1787231541
25796552,1787231553
25796553,1787231565
25796554,1787231577
25796555,1787231589
25796556,1787231601
25796557,1787231613
25796558,1787231625
25796559,1787231637
25796560,1787231649
25796561,1787231661
25796562,1787231673
25796563,1787231685
25796564,1787231698
25796565,1787231710
25796566,1787231722
25796567,1787231734
25796568,1787231746
25796569,1787231758
25796570,1787231770
25796571,1787231782
25796572,1787231794
25796573,1787231806
25796574,1787231818
25796575,1787231830
25796576,1787231842
25796577,1787231854
25796578,1787231866
25796579,1787231878
25796580,1787231890
25796581,1787231902
25796582,1787231914
25796583,1787231926
25796584,1787231938
25796585,1787231950
25796586,1787231962
25796587,1787231974
25796588,1787231986
25796589,1787231998
25796590,1787232011
25796591,1787232023
25796592,1787232035
25796593,1787232047
25796594,1787232059
25796595,1787232071
25796596,1787232083
25796597,1787232095
25796598,1787232107
25796599,1787232119
25796600,1787232131
25796601,1787232143
25796602,1787232155
25796603,1787232167
25796604,1787232179
25796605,1787232191
25796606,1787232203
25796607,1787232215
25796608,1787232227
25796609,1787232239
25796610,1787232251
25796611,1787232263
25796612,1787232275
25796613,1787232287
25796614,1787232299
25796615,1787232311
25796616,1787232323
25796617,1787232336
25796618,1787232348
25796619,1787232360
25796620,1787232372
25796621,1787232384
25796622,1787232396
25796623,1787232408
25796624,1787232420
25796625,1787232432
25796626,1787232444
25796627,1787232456
25796628,1787232468
25796629,1787232480
25796630,1787232492
25796631,1787232504
25796632,1787232516
25796633,1787232528
25796634,1787232540
25796635,1787232552
25796636,1787232564
25796637,1787232576
25796638,1787232588
25796639,1787232600
25796640,1787232612
25796641,1787232624
25796642,1787232636
25796643,1787232648
25796644,1787232661
25796645,1787232673
25796646,1787232685
25796647,1787232697
25796648,1787232709
25796649,1787232721
25796650,1787232733
25796651,1787232745
25796652,1787232757
25796653,1787232769
25796654,1787232781
25796655,1787232793
25796656,1787232805
25796657,1787232817
25796658,1787232829
25796659,1787232841
25796660,1787232853
25796661,1787232865
25796662,1787232877
25796663,1787232889
25796664,1787232901
25796665,1787232913
25796666,1787232925
25796667,1787232937
25796668,1787232949
25796669,1787232961
25796670,1787232974
25796671,1787232986
25796672,1787232998
25796673,1787233010
25796674,1787233022
25796675,1787233034
25796676,1787233046
25796677,1787233058
25796678,1787233070
25796679,1787233082
25796680,1787233094
25796681,1787233106
25796682,1787233118
25796683,1787233130
25796684,1787233142
25796685,1787233154
25796686,1787233166
25796687,1787233178
25796688,1787233190
25796689,1787233202
25796690,1787233214
25796691,1787233226
25796692,1787233238
25796693,1787233250
25796694,1787233262
25796695,1787233274
25796696,1787233286
25796697,1787233299
25796698,1787233311
25796699,1787233323
25796700,1787233335
25796701,1787233347
25796702,1787233359
25796703,1787233371
25796704,1787233383
25796705,1787233395
25796706,1787233407
25796707,1787233419
25796708,1787233431
25796709,1787233443
25796710,1787233455
25796711,1787233467
25796712,1787233479
25796713,1787233491
25796714,1787233503
25796715,1787233515
25796716,1787233527
25796717,1787233539
25796718,1787233551
25796719,1787233563
25796720,1787233575
25796721,1787233587
25796722,1787233599
25796723,1787233612
25796724,1787233624
25796725,1787233636
25796726,1787233648
25796727,1787233660
25796728,1787233672
25796729,1787233684
25796730,1787233696
25796731,1787233708
25796732,1787233720
25796733,1787233732
25796734,1787233744
25796735,1787233756
25796736,1787233768
25796737,1787233780
25796738,1787233792
25796739,1787233804
25796740,1787233816
25796741,1787233828
25796742,1787233840
25796743,1787233852
25796744,1787233864
25796745,1787233876
25796746,1787233888
25796747,1787233900
25796748,1787233912
25796749,1787233924
25796750,1787233937
25796751,1787233949
25796752,1787233961
25796753,1787233973
25796754,1787233985
25796755,1787233997
25796756,1787234009
25796757,1787234021
25796758,1787234033
25796759,1787234045
25796760,1787234057
25796761,1787234069
25796762,1787234081
25796763,1787234093
25796764,1787234105
25796765,1787234117
25796766,1787234129
25796767,1787234141
25796768,1787234153
25796769,1787234165
25796770,1787234177
25796771,1787234189
25796772,1787234201
25796773,1787234213
25796774,1787234225
25796775,1787234237
25796776,1787234249
25796777,1787234262
25796778,1787234274
25796779,1787234286
25796780,1787234298
25796781,1787234310
25796782,1787234322
25796783,1787234334
25796784,1787234346
25796785,1787234358
25796786,1787234370
25796787,1787234382
25796788,1787234394
25796789,1787234406
25796790,1787234418
25796791,1787234430
25796792,1787234442
25796793,1787234454
25796794,1787234466
25796795,1787234478
25796796,1787234490
25796797,1787234502
25796798,1787234514
25796799,1787234526
25796800,1787234538
25796801,1787234550
25796802,1787234562
25796803,1787234575
25796804,1787234587
25796805,1787234599
25796806,1787234611
25796807,1787234623
25796808,1787234635
25796809,1787234647
25796810,1787234659
25796811,1787234671
25796812,1787234683
25796813,1787234695
25796814,1787234707
25796815,1787234719
25796816,1787234731
25796817,1787234743
25796818,1787234755
25796819,1787234767
25796820,1787234779
25796821,1787234791
25796822,1787234803
25796823,1787234815
25796824,1787234827
25796825,1787234839
25796826,1787234851
25796827,1787234863
25796828,1787234875
25796829,1787234887
25796830,1787234900
25796831,1787234912
25796832,1787234924
25796833,1787234936
25796834,1787234948
25796835,1787234960
25796836,1787234972
25796837,1787234984
25796838,1787234996
25796839,1787235008
25796840,1787235020
25796841,1787235032
25796842,1787235044
25796843,1787235056
25796844,1787235068
25796845,1787235080
25796846,1787235092
25796847,1787235104
25796848,1787235116
25796849,1787235128
25796850,1787235140
25796851,1787235152
25796852,1787235164
25796853,1787235176
25796854,1787235188
25796855,1787235200
25796856,1787235213
25796857,1787235225
25796858,1787235237
25796859,1787235249
25796860,1787235261
25796861,1787235273
25796862,1787235285
25796863,1787235297
25796864,1787235309
25796865,1787235321
25796866,1787235333
25796867,1787235345
25796868,1787235357
25796869,1787235369
25796870,1787235381
25796871,1787235393
25796872,1787235405
25796873,1787235417
25796874,1787235429
25796875,1787235441
25796876,1787235453
25796877,1787235465
25796878,1787235477
25796879,1787235489
25796880,1787235501
25796881,1787235513
25796882,1787235525
25796883,1787235538
25796884,1787235550
25796885,1787235562
25796886,1787235574
25796887,1787235586
25796888,1787235598
25796889,1787235610
25796890,1787235622
25796891,1787235634
25796892,1787235646
25796893,1787235658
25796894,1787235670
25796895,1787235682
25796896,1787235694
25796897,1787235706
25796898,1787235718
25796899,1787235730
25796900,1787235742
25796901,1787235754
25796902,1787235766
25796903,1787235778
25796904,1787235790
25796905,1787235802
25796906,1787235814
25796907,1787235826
25796908,1787235838
25796909,1787235851
25796910,1787235863
25796911,1787235875
25796912,1787235887
25796913,1787235899
25796914,1787235911
25796915,1787235923
25796916,1787235935
25796917,1787235947
25796918,1787235959
25796919,1787235971
25796920,1787235983
25796921,1787235995
25796922,1787236007
25796923,1787236019
25796924,1787236031
25796925,1787236043
25796926,1787236055
25796927,1787236067
25796928,1787236079
25796929,1787236091
25796930,1787236103
25796931,1787236115
25796932,1787236127
25796933,1787236139
25796934,1787236151
25796935,1787236163
25796936,1787236176
25796937,1787236188
25796938,1787236200
25796939,1787236212
25796940,1787236224
25796941,1787236236
25796942,1787236248
25796943,1787236260
25796944,1787236272
25796945,1787236284
25796946,1787236296
25796947,1787236308
25796948,1787236320
25796949,1787236332
25796950,1787236344
25796951,1787236356
25796952,1787236368
25796953,1787236380
25796954,1787236392
25796955,1787236404
25796956,1787236416
25796957,1787236428
25796958,1787236440
25796959,1787236452
25796960,1787236464
25796961,1787236476
25796962,1787236488
25796963,1787236501
25796964,1787236513
25796965,1787236525
25796966,1787236537
25796967,1787236549
25796968,1787236561
25796969,1787236573
25796970,1787236585
25796971,1787236597
25796972,1787236609
25796973,1787236621
25796974,1787236633
25796975,1787236645
25796976,1787236657
25796977,1787236669
25796978,1787236681
25796979,1787236693
25796980,1787236705
25796981,1787236717
25796982,1787236729
25796983,1787236741
25796984,1787236753
25796985,1787236765
25796986,1787236777
25796987,1787236789
25796988,1787236801
25796989,1787236814
25796990,1787236826
25796991,1787236838
25796992,1787236850
25796993,1787236862
25796994,1787236874
25796995,1787236886
25796996,1787236898
25796997,1787236910
25796998,1787236922
25796999,1787236934
25797000,1787236946
25797001,1787236958
25797002,1787236970
25797003,1787236982
25797004,1787236994
25797005,1787237006
25797006,1787237018
25797007,1787237030
25797008,1787237042
25797009,1787237054
25797010,1787237066
25797011,1787237078
25797012,1787237090
25797013,1787237102
25797014,1787237114
25797015,1787237126
25797016,1787237139
25797017,1787237151
25797018,1787237163
25797019,1787237175
25797020,1787237187
25797021,1787237199
25797022,1787237211
25797023,1787237223
25797024,1787237235
25797025,1787237247
25797026,1787237259
25797027,1787237271
25797028,1787237283
25797029,1787237295
25797030,1787237307
25797031,1787237319
25797032,1787237331
25797033,1787237343
25797034,1787237355
25797035,1787237367
25797036,1787237379
25797037,1787237391
25797038,1787237403
25797039,1787237415
25797040,1787237427
25797041,1787237439
25797042,1787237452
25797043,1787237464
25797044,1787237476
25797045,1787237488
25797046,1787237500
25797047,1787237512
25797048,1787237524
25797049,1787237536
25797050,1787237548
25797051,1787237560
25797052,1787237572
25797053,1787237584
25797054,1787237596
25797055,1787237608
25797056,1787237620
25797057,1787237632
25797058,1787237644
25797059,1787237656
25797060,1787237668
25797061,1787237680
25797062,1787237692
25797063,1787237704
25797064,1787237716
25797065,1787237728
25797066,1787237740
25797067,1787237752
25797068,1787237764
25797069,1787237777
25797070,1787237789
25797071,1787237801
25797072,1787237813
25797073,1787237825
25797074,1787237837
25797075,1787237849
25797076,1787237861
25797077,1787237873
25797078,1787237885
25797079,1787237897
25797080,1787237909
25797081,1787237921
25797082,1787237933
25797083,1787237945
25797084,1787237957
25797085,1787237969
25797086,1787237981
25797087,1787237993
25797088,1787238005
25797089,1787238017
25797090,1787238029
25797091,1787238041
25797092,1787238053
25797093,1787238065
25797094,1787238077
25797095,1787238089
25797096,1787238102
25797097,1787238114
25797098,1787238126
25797099,1787238138
25797100,1787238150
25797101,1787238162
25797102,1787238174
25797103,1787238186
25797104,1787238198
25797105,1787238210
25797106,1787238222
25797107,1787238234
25797108,1787238246
25797109,1787238258
25797110,1787238270
25797111,1787238282
25797112,1787238294
25797113,1787238306
25797114,1787238318
25797115,1787238330
25797116,1787238342
25797117,1787238354
25797118,1787238366
25797119,1787238378
25797120,1787238390
25797121,1787238402
25797122,1787238415
25797123,1787238427
25797124,1787238439
25797125,1787238451
25797126,1787238463
25797127,1787238475
25797128,1787238487
25797129,1787238499
25797130,1787238511
25797131,1787238523
25797132,1787238535
25797133,1787238547
25797134,1787238559
25797135,1787238571
25797136,1787238583
25797137,1787238595
25797138,1787238607
25797139,1787238619
25797140,1787238631
25797141,1787238643
25797142,1787238655
25797143,1787238667
25797144,1787238679
25797145,1787238691
25797146,1787238703
25797147,1787238715
25797148,1787238727
25797149,1787238740
25797150,1787238752
25797151,1787238764
25797152,1787238776
25797153,1787238788
25797154,1787238800
25797155,1787238812
25797156,1787238824
25797157,1787238836
25797158,1787238848
25797159,1787238860
25797160,1787238872
25797161,1787238884
25797162,1787238896
25797163,1787238908
25797164,1787238920
25797165,1787238932
25797166,1787238944
25797167,1787238956
25797168,1787238968
25797169,1787238980
25797170,1787238992
25797171,1787239004
25797172,1787239016
25797173,1787239028
25797174,1787239040
25797175,1787239053
25797176,1787239065
25797177,1787239077
25797178,1787239089
25797179,1787239101
25797180,1787239113
25797181,1787239125
25797182,1787239137
25797183,1787239149
25797184,1787239161
25797185,1787239173
25797186,1787239185
25797187,1787239197
25797188,1787239209
25797189,1787239221
25797190,1787239233
25797191,1787239245
25797192,1787239257
25797193,1787239269
25797194,1787239281
25797195,1787239293
25797196,1787239305
25797197,1787239317
25797198,1787239329
25797199,1787239341
25797200,1787239353
25797201,1787239365
25797202,1787239378
25797203,1787239390
25797204,1787239402
25797205,1787239414
25797206,1787239426
25797207,1787239438
25797208,1787239450
25797209,1787239462
25797210,1787239474
25797211,1787239486
25797212,1787239498
25797213,1787239510
25797214,1787239522
25797215,1787239534
25797216,1787239546
25797217,1787239558
25797218,1787239570
25797219,1787239582
25797220,1787239594
25797221,1787239606
25797222,1787239618
25797223,1787239630
25797224,1787239642
25797225,1787239654
25797226,1787239666
25797227,1787239678
25797228,1787239691
25797229,1787239703
25797230,1787239715
25797231,1787239727
25797232,1787239739
25797233,1787239751
25797234,1787239763
25797235,1787239775
25797236,1787239787
25797237,1787239799
25797238,1787239811
25797239,1787239823
25797240,1787239835
25797241,1787239847
25797242,1787239859
25797243,1787239871
25797244,1787239883
25797245,1787239895
25797246,1787239907
25797247,1787239919
25797248,1787239931
25797249,1787239943
25797250,1787239955
25797251,1787239967
25797252,1787239979
25797253,1787239991
25797254,1787240003
25797255,1787240016
25797256,1787240028
25797257,1787240040
25797258,1787240052
25797259,1787240064
25797260,1787240076
25797261,1787240088
25797262,1787240100
25797263,1787240112
25797264,1787240124
25797265,1787240136
25797266,1787240148
25797267,1787240160
25797268,1787240172
25797269,1787240184
25797270,1787240196
25797271,1787240208
25797272,1787240220
25797273,1787240232
25797274,1787240244
25797275,1787240256
25797276,1787240268
25797277,1787240280
25797278,1787240292
25797279,1787240304
25797280,1787240316
25797281,1787240328
25797282,1787240341
25797283,1787240353
25797284,1787240365
25797285,1787240377
25797286,1787240389
25797287,1787240401
25797288,1787240413
25797289,1787240425
25797290,1787240437
25797291,1787240449
25797292,1787240461
25797293,1787240473
25797294,1787240485
25797295,1787240497
25797296,1787240509
25797297,1787240521
25797298,1787240533
25797299,1787240545
25797300,1787240557
25797301,1787240569
25797302,1787240581
25797303,1787240593
25797304,1787240605
25797305,1787240617
25797306,1787240629
25797307,1787240641
25797308,1787240654
25797309,1787240666
25797310,1787240678
25797311,1787240690
25797312,1787240702
25797313,1787240714
25797314,1787240726
25797315,1787240738
25797316,1787240750
25797317,1787240762
25797318,1787240774
25797319,1787240786
25797320,1787240798
25797321,1787240810
25797322,1787240822
25797323,1787240834
25797324,1787240846
25797325,1787240858
25797326,1787240870
25797327,1787240882
25797328,1787240894
25797329,1787240906
25797330,1787240918
25797331,1787240930
25797332,1787240942
25797333,1787240954
25797334,1787240966
25797335,1787240979
25797336,1787240991
25797337,1787241003
25797338,1787241015
25797339,1787241027
25797340,1787241039
25797341,1787241051
25797342,1787241063
25797343,1787241075
25797344,1787241087
25797345,1787241099
25797346,1787241111
25797347,1787241123
25797348,1787241135
25797349,1787241147
25797350,1787241159
25797351,1787241171
25797352,1787241183
25797353,1787241195
25797354,1787241207
25797355,1787241219
25797356,1787241231
25797357,1787241243
25797358,1787241255
25797359,1787241267
25797360,1787241279
25797361,1787241292
25797362,1787241304
25797363,1787241316
25797364,1787241328
25797365,1787241340
25797366,1787241352
25797367,1787241364
25797368,1787241376
25797369,1787241388
25797370,1787241400
25797371,1787241412
25797372,1787241424
25797373,1787241436
25797374,1787241448
25797375,1787241460
25797376,1787241472
25797377,1787241484
25797378,1787241496
25797379,1787241508
25797380,1787241520
25797381,1787241532
25797382,1787241544
25797383,1787241556
25797384,1787241568
25797385,1787241580
25797386,1787241592
25797387,1787241604
25797388,1787241617
25797389,1787241629
25797390,1787241641
25797391,1787241653
25797392,1787241665
25797393,1787241677
25797394,1787241689
25797395,1787241701
25797396,1787241713
25797397,1787241725
25797398,1787241737
25797399,1787241749
25797400,1787241761
25797401,1787241773
25797402,1787241785
25797403,1787241797
25797404,1787241809
25797405,1787241821
25797406,1787241833
25797407,1787241845
25797408,1787241857
25797409,1787241869
25797410,1787241881
25797411,1787241893
25797412,1787241905
25797413,1787241917
25797414,1787241929
25797415,1787241942
25797416,1787241954
25797417,1787241966
25797418,1787241978
25797419,1787241990
25797420,1787242002
25797421,1787242014
25797422,1787242026
25797423,1787242038
25797424,1787242050
25797425,1787242062
25797426,1787242074
25797427,1787242086
25797428,1787242098
25797429,1787242110
25797430,1787242122
25797431,1787242134
25797432,1787242146
25797433,1787242158
25797434,1787242170
25797435,1787242182
25797436,1787242194
25797437,1787242206
25797438,1787242218
25797439,1787242230
25797440,1787242242
25797441,1787242255
25797442,1787242267
25797443,1787242279
25797444,1787242291
25797445,1787242303
25797446,1787242315
25797447,1787242327
25797448,1787242339
25797449,1787242351
25797450,1787242363
25797451,1787242375
25797452,1787242387
25797453,1787242399
25797454,1787242411
25797455,1787242423
25797456,1787242435
25797457,1787242447
25797458,1787242459
25797459,1787242471
25797460,1787242483
25797461,1787242495
25797462,1787242507
25797463,1787242519
25797464,1787242531
25797465,1787242543
25797466,1787242555
25797467,1787242567
25797468,1787242580
25797469,1787242592
25797470,1787242604
25797471,1787242616
25797472,1787242628
25797473,1787242640
25797474,1787242652
25797475,1787242664
25797476,1787242676
25797477,1787242688
25797478,1787242700
25797479,1787242712
25797480,1787242724
25797481,1787242736
25797482,1787242748
25797483,1787242760
25797484,1787242772
25797485,1787242784
25797486,1787242796
25797487,1787242808
25797488,1787242820
25797489,1787242832
25797490,1787242844
25797491,1787242856
25797492,1787242868
25797493,1787242880
25797494,1787242893
25797495,1787242905
25797496,1787242917
25797497,1787242929
25797498,1787242941
25797499,1787242953
25797500,1787242965
25797501,1787242977
25797502,1787242989
25797503,1787243001
25797504,1787243013
25797505,1787243025
25797506,1787243037
25797507,1787243049
25797508,1787243061
25797509,1787243073
25797510,1787243085
25797511,1787243097
25797512,1787243109
25797513,1787243121
25797514,1787243133
25797515,1787243145
25797516,1787243157
25797517,1787243169
25797518,1787243181
25797519,1787243193
25797520,1787243205
25797521,1787243218
25797522,1787243230
25797523,1787243242
25797524,1787243254
25797525,1787243266
25797526,1787243278
25797527,1787243290
25797528,1787243302
25797529,1787243314
25797530,1787243326
25797531,1787243338
25797532,1787243350
25797533,1787243362
25797534,1787243374
25797535,1787243386
25797536,1787243398
25797537,1787243410
25797538,1787243422
25797539,1787243434
25797540,1787243446
25797541,1787243458
25797542,1787243470
25797543,1787243482
25797544,1787243494
25797545,1787243506
25797546,1787243518
25797547,1787243531
25797548,1787243543
25797549,1787243555
25797550,1787243567
25797551,1787243579
25797552,1787243591
25797553,1787243603
25797554,1787243615
25797555,1787243627
25797556,1787243639
25797557,1787243651
25797558,1787243663
25797559,1787243675
25797560,1787243687
25797561,1787243699
25797562,1787243711
25797563,1787243723
25797564,1787243735
25797565,1787243747
25797566,1787243759
25797567,1787243771
25797568,1787243783
25797569,1787243795
25797570,1787243807
25797571,1787243819
25797572,1787243831
25797573,1787243843
25797574,1787243856
25797575,1787243868
25797576,1787243880
25797577,1787243892
25797578,1787243904
25797579,1787243916
25797580,1787243928
25797581,1787243940
25797582,1787243952
25797583,1787243964
25797584,1787243976
25797585,1787243988
25797586,1787244000
25797587,1787244012
25797588,1787244024
25797589,1787244036
25797590,1787244048
25797591,1787244060
25797592,1787244072
25797593,1787244084
25797594,1787244096
25797595,1787244108
25797596,1787244120
25797597,1787244132
25797598,1787244144
25797599,1787244156
25797600,1787244168
25797601,1787244181
25797602,1787244193
25797603,1787244205
25797604,1787244217
25797605,1787244229
25797606,1787244241
25797607,1787244253
25797608,1787244265
25797609,1787244277
25797610,1787244289
25797611,1787244301
25797612,1787244313
25797613,1787244325
25797614,1787244337
25797615,1787244349
25797616,1787244361
25797617,1787244373
25797618,1787244385
25797619,1787244397
25797620,1787244409
25797621,1787244421
25797622,1787244433
25797623,1787244445
25797624,1787244457
25797625,1787244469
25797626,1787244481
25797627,1787244494
25797628,1787244506
25797629,1787244518
25797630,1787244530
25797631,1787244542
25797632,1787244554
25797633,1787244566
25797634,1787244578
25797635,1787244590
25797636,1787244602
25797637,1787244614
25797638,1787244626
25797639,1787244638
25797640,1787244650
25797641,1787244662
25797642,1787244674
25797643,1787244686
25797644,1787244698
25797645,1787244710
25797646,1787244722
25797647,1787244734
25797648,1787244746
25797649,1787244758
25797650,1787244770
25797651,1787244782
25797652,1787244794
25797653,1787244806
25797654,1787244819
25797655,1787244831
25797656,1787244843
25797657,1787244855
25797658,1787244867
25797659,1787244879
25797660,1787244891
25797661,1787244903
25797662,1787244915
25797663,1787244927
25797664,1787244939
25797665,1787244951
25797666,1787244963
25797667,1787244975
25797668,1787244987
25797669,1787244999
25797670,1787245011
25797671,1787245023
25797672,1787245035
25797673,1787245047
25797674,1787245059
25797675,1787245071
25797676,1787245083
25797677,1787245095
25797678,1787245107
25797679,1787245119
25797680,1787245132
25797681,1787245144
25797682,1787245156
25797683,1787245168
25797684,1787245180
25797685,1787245192
25797686,1787245204
25797687,1787245216
25797688,1787245228
25797689,1787245240
25797690,1787245252
25797691,1787245264
25797692,1787245276
25797693,1787245288
25797694,1787245300
25797695,1787245312
25797696,1787245324
25797697,1787245336
25797698,1787245348
25797699,1787245360
25797700,1787245372
25797701,1787245384
25797702,1787245396
25797703,1787245408
25797704,1787245420
25797705,1787245432
25797706,1787245444
25797707,1787245457
25797708,1787245469
25797709,1787245481
25797710,1787245493
25797711,1787245505
25797712,1787245517
25797713,1787245529
25797714,1787245541
25797715,1787245553
25797716,1787245565
25797717,1787245577
25797718,1787245589
25797719,1787245601
25797720,1787245613
25797721,1787245625
25797722,1787245637
25797723,1787245649
25797724,1787245661
25797725,1787245673
25797726,1787245685
25797727,1787245697
25797728,1787245709
25797729,1787245721
25797730,1787245733
25797731,1787245745
25797732,1787245757
25797733,1787245769
25797734,1787245782
25797735,1787245794
25797736,1787245806
25797737,1787245818
25797738,1787245830
25797739,1787245842
25797740,1787245854
25797741,1787245866
25797742,1787245878
25797743,1787245890
25797744,1787245902
25797745,1787245914
25797746,1787245926
25797747,1787245938
25797748,1787245950
25797749,1787245962
25797750,1787245974
25797751,1787245986
25797752,1787245998
25797753,1787246010
25797754,1787246022
25797755,1787246034
25797756,1787246046
25797757,1787246058
25797758,1787246070
25797759,1787246082
25797760,1787246095
25797761,1787246107
25797762,1787246119
25797763,1787246131
25797764,1787246143
25797765,1787246155
25797766,1787246167
25797767,1787246179
25797768,1787246191
25797769,1787246203
25797770,1787246215
25797771,1787246227
25797772,1787246239
25797773,1787246251
25797774,1787246263
25797775,1787246275
25797776,1787246287
25797777,1787246299
25797778,1787246311
25797779,1787246323
25797780,1787246335
25797781,1787246347
25797782,1787246359
25797783,1787246371
25797784,1787246383
25797785,1787246395
25797786,1787246407
25797787,1787246420
25797788,1787246432
25797789,1787246444
25797790,1787246456
25797791,1787246468
25797792,1787246480
25797793,1787246492
25797794,1787246504
25797795,1787246516
25797796,1787246528
25797797,1787246540
25797798,1787246552
25797799,1787246564
25797800,1787246576
25797801,1787246588
25797802,1787246600
25797803,1787246612
25797804,1787246624
25797805,1787246636
25797806,1787246648
25797807,1787246660
25797808,1787246672
25797809,1787246684
25797810,1787246696
25797811,1787246708
25797812,1787246720
25797813,1787246733
25797814,1787246745
25797815,1787246757
25797816,1787246769
25797817,1787246781
25797818,1787246793
25797819,1787246805
25797820,1787246817
25797821,1787246829
25797822,1787246841
25797823,1787246853
25797824,1787246865
25797825,1787246877
25797826,1787246889
25797827,1787246901
25797828,1787246913
25797829,1787246925
25797830,1787246937
25797831,1787246949
25797832,1787246961
25797833,1787246973
25797834,1787246985
25797835,1787246997
25797836,1787247009
25797837,1787247021
25797838,1787247033
25797839,1787247045
25797840,1787247058
25797841,1787247070
25797842,1787247082
25797843,1787247094
25797844,1787247106
25797845,1787247118
25797846,1787247130
25797847,1787247142
25797848,1787247154
25797849,1787247166
25797850,1787247178
25797851,1787247190
25797852,1787247202
25797853,1787247214
25797854,1787247226
25797855,1787247238
25797856,1787247250
25797857,1787247262
25797858,1787247274
25797859,1787247286
25797860,1787247298
25797861,1787247310
25797862,1787247322
25797863,1787247334
25797864,1787247346
25797865,1787247358
25797866,1787247371
25797867,1787247383
25797868,1787247395
25797869,1787247407
25797870,1787247419
25797871,1787247431
25797872,1787247443
25797873,1787247455
25797874,1787247467
25797875,1787247479
25797876,1787247491
25797877,1787247503
25797878,1787247515
25797879,1787247527
25797880,1787247539
25797881,1787247551
25797882,1787247563
25797883,1787247575
25797884,1787247587
25797885,1787247599
25797886,1787247611
25797887,1787247623
25797888,1787247635
25797889,1787247647
25797890,1787247659
25797891,1787247671
25797892,1787247683
25797893,1787247696
25797894,1787247708
25797895,1787247720
25797896,1787247732
25797897,1787247744
25797898,1787247756
25797899,1787247768
25797900,1787247780
25797901,1787247792
25797902,1787247804
25797903,1787247816
25797904,1787247828
25797905,1787247840
25797906,1787247852
25797907,1787247864
25797908,1787247876
25797909,1787247888
25797910,1787247900
25797911,1787247912
25797912,1787247924
25797913,1787247936
25797914,1787247948
25797915,1787247960
25797916,1787247972
25797917,1787247984
25797918,1787247996
25797919,1787248008
25797920,1787248021
25797921,1787248033
25797922,1787248045
25797923,1787248057
25797924,1787248069
25797925,1787248081
25797926,1787248093
25797927,1787248105
25797928,1787248117
25797929,1787248129
25797930,1787248141
25797931,1787248153
25797932,1787248165
25797933,1787248177
25797934,1787248189
25797935,1787248201
25797936,1787248213
25797937,1787248225
25797938,1787248237
25797939,1787248249
25797940,1787248261
25797941,1787248273
25797942,1787248285
25797943,1787248297
25797944,1787248309
25797945,1787248321
25797946,1787248334
25797947,1787248346
25797948,1787248358
25797949,1787248370
25797950,1787248382
25797951,1787248394
25797952,1787248406
25797953,1787248418
25797954,1787248430
25797955,1787248442
25797956,1787248454
25797957,1787248466
25797958,1787248478
25797959,1787248490
25797960,1787248502
25797961,1787248514
25797962,1787248526
25797963,1787248538
25797964,1787248550
25797965,1787248562
25797966,1787248574
25797967,1787248586
25797968,1787248598
25797969,1787248610
25797970,1787248622
25797971,1787248634
25797972,1787248646
25797973,1787248659
25797974,1787248671
25797975,1787248683
25797976,1787248695
25797977,1787248707
25797978,1787248719
25797979,1787248731
25797980,1787248743
25797981,1787248755
25797982,1787248767
25797983,1787248779
25797984,1787248791
25797985,1787248803
25797986,1787248815
25797987,1787248827
25797988,1787248839
25797989,1787248851
25797990,1787248863
25797991,1787248875
25797992,1787248887
25797993,1787248899
25797994,1787248911
25797995,1787248923
25797996,1787248935
25797997,1787248947
25797998,1787248959
25797999,1787248972
25798000,1787248984
25798001,1787248996
25798002,1787249008
25798003,1787249020
25798004,1787249032
25798005,1787249044
25798006,1787249056
25798007,1787249068
25798008,1787249080
25798009,1787249092
25798010,1787249104
25798011,1787249116
25798012,1787249128
25798013,1787249140
25798014,1787249152
25798015,1787249164
25798016,1787249176
25798017,1787249188
25798018,1787249200
25798019,1787249212
25798020,1787249224
25798021,1787249236
25798022,1787249248
25798023,1787249260
25798024,1787249272
25798025,1787249284
25798026,1787249297
25798027,1787249309
25798028,1787249321
25798029,1787249333
25798030,1787249345
25798031,1787249357
25798032,1787249369
25798033,1787249381
25798034,1787249393
25798035,1787249405
25798036,1787249417
25798037,1787249429
25798038,1787249441
25798039,1787249453
25798040,1787249465
25798041,1787249477
25798042,1787249489
25798043,1787249501
25798044,1787249513
25798045,1787249525
25798046,1787249537
25798047,1787249549
25798048,1787249561
25798049,1787249573
25798050,1787249585
25798051,1787249597
25798052,1787249609
25798053,1787249622
25798054,1787249634
25798055,1787249646
25798056,1787249658
25798057,1787249670
25798058,1787249682
25798059,1787249694
25798060,1787249706
25798061,1787249718
25798062,1787249730
25798063,1787249742
25798064,1787249754
25798065,1787249766
25798066,1787249778
25798067,1787249790
25798068,1787249802
25798069,1787249814
25798070,1787249826
25798071,1787249838
25798072,1787249850
25798073,1787249862
25798074,1787249874
25798075,1787249886
25798076,1787249898
25798077,1787249910
25798078,1787249922
25798079,1787249935
25798080,1787249947
25798081,1787249959
25798082,1787249971
25798083,1787249983
25798084,1787249995
25798085,1787250007
25798086,1787250019
25798087,1787250031
25798088,1787250043
25798089,1787250055
25798090,1787250067
25798091,1787250079
25798092,1787250091
25798093,1787250103
25798094,1787250115
25798095,1787250127
25798096,1787250139
25798097,1787250151
25798098,1787250163
25798099,1787250175
25798100,1787250187
25798101,1787250199
25798102,1787250211
25798103,1787250223
25798104,1787250235
25798105,1787250247
25798106,1787250260
25798107,1787250272
25798108,1787250284
25798109,1787250296
25798110,1787250308
25798111,1787250320
25798112,1787250332
25798113,1787250344
25798114,1787250356
25798115,1787250368
25798116,1787250380
25798117,1787250392
25798118,1787250404
25798119,1787250416
25798120,1787250428
25798121,1787250440
25798122,1787250452
25798123,1787250464
25798124,1787250476
25798125,1787250488
25798126,1787250500
25798127,1787250512
25798128,1787250524
25798129,1787250536
25798130,1787250548
25798131,1787250560
25798132,1787250573
25798133,1787250585
25798134,1787250597
25798135,1787250609
25798136,1787250621
25798137,1787250633
25798138,1787250645
25798139,1787250657
25798140,1787250669
25798141,1787250681
25798142,1787250693
25798143,1787250705
25798144,1787250717
25798145,1787250729
25798146,1787250741
25798147,1787250753
25798148,1787250765
25798149,1787250777
25798150,1787250789
25798151,1787250801
25798152,1787250813
25798153,1787250825
25798154,1787250837
25798155,1787250849
25798156,1787250861
25798157,1787250873
25798158,1787250885
25798159,1787250898
25798160,1787250910
25798161,1787250922
25798162,1787250934
25798163,1787250946
25798164,1787250958
25798165,1787250970
25798166,1787250982
25798167,1787250994
25798168,1787251006
25798169,1787251018
25798170,1787251030
25798171,1787251042
25798172,1787251054
25798173,1787251066
25798174,1787251078
25798175,1787251090
25798176,1787251102
25798177,1787251114
25798178,1787251126
25798179,1787251138
25798180,1787251150
25798181,1787251162
25798182,1787251174
25798183,1787251186
25798184,1787251198
25798185,1787251211
25798186,1787251223
25798187,1787251235
25798188,1787251247
25798189,1787251259
25798190,1787251271
25798191,1787251283
25798192,1787251295
25798193,1787251307
25798194,1787251319
25798195,1787251331
25798196,1787251343
25798197,1787251355
25798198,1787251367
25798199,1787251379
25798200,1787251391
25798201,1787251403
25798202,1787251415
25798203,1787251427
25798204,1787251439
25798205,1787251451
25798206,1787251463
25798207,1787251475
25798208,1787251487
25798209,1787251499
25798210,1787251511
25798211,1787251523
25798212,1787251536
25798213,1787251548
25798214,1787251560
25798215,1787251572
25798216,1787251584
25798217,1787251596
25798218,1787251608
25798219,1787251620
25798220,1787251632
25798221,1787251644
25798222,1787251656
25798223,1787251668
25798224,1787251680
25798225,1787251692
25798226,1787251704
25798227,1787251716
25798228,1787251728
25798229,1787251740
25798230,1787251752
25798231,1787251764
25798232,1787251776
25798233,1787251788
25798234,1787251800
25798235,1787251812
25798236,1787251824
25798237,1787251836
25798238,1787251848
25798239,1787251861
25798240,1787251873
25798241,1787251885
25798242,1787251897
25798243,1787251909
25798244,1787251921
25798245,1787251933
25798246,1787251945
25798247,1787251957
25798248,1787251969
25798249,1787251981
25798250,1787251993
25798251,1787252005
25798252,1787252017
25798253,1787252029
25798254,1787252041
25798255,1787252053
25798256,1787252065
25798257,1787252077
25798258,1787252089
25798259,1787252101
25798260,1787252113
25798261,1787252125
25798262,1787252137
25798263,1787252149
25798264,1787252161
25798265,1787252174
25798266,1787252186
25798267,1787252198
25798268,1787252210
25798269,1787252222
25798270,1787252234
25798271,1787252246
25798272,1787252258
25798273,1787252270
25798274,1787252282
25798275,1787252294
25798276,1787252306
25798277,1787252318
25798278,1787252330
25798279,1787252342
25798280,1787252354
25798281,1787252366
25798282,1787252378
25798283,1787252390
25798284,1787252402
25798285,1787252414
25798286,1787252426
25798287,1787252438
25798288,1787252450
25798289,1787252462
25798290,1787252474
25798291,1787252486
25798292,1787252499
25798293,1787252511
25798294,1787252523
25798295,1787252535
25798296,1787252547
25798297,1787252559
25798298,1787252571
25798299,1787252583
25798300,1787252595
25798301,1787252607
25798302,1787252619
25798303,1787252631
25798304,1787252643
25798305,1787252655
25798306,1787252667
25798307,1787252679
25798308,1787252691
25798309,1787252703
25798310,1787252715
25798311,1787252727
25798312,1787252739
25798313,1787252751
25798314,1787252763
25798315,1787252775
25798316,1787252787
25798317,1787252799
25798318,1787252812
25798319,1787252824
25798320,1787252836
25798321,1787252848
25798322,1787252860
25798323,1787252872
25798324,1787252884
25798325,1787252896
25798326,1787252908
25798327,1787252920
25798328,1787252932
25798329,1787252944
25798330,1787252956
25798331,1787252968
25798332,1787252980
25798333,1787252992
25798334,1787253004
25798335,1787253016
25798336,1787253028
25798337,1787253040
25798338,1787253052
25798339,1787253064
25798340,1787253076
25798341,1787253088
25798342,1787253100
25798343,1787253112
25798344,1787253124
25798345,1787253137
25798346,1787253149
25798347,1787253161
25798348,1787253173
25798349,1787253185
25798350,1787253197
25798351,1787253209
25798352,1787253221
25798353,1787253233
25798354,1787253245
25798355,1787253257
25798356,1787253269
25798357,1787253281
25798358,1787253293
25798359,1787253305
25798360,1787253317
25798361,1787253329
25798362,1787253341
25798363,1787253353
25798364,1787253365
25798365,1787253377
25798366,1787253389
25798367,1787253401
25798368,1787253413
25798369,1787253425
25798370,1787253437
25798371,1787253449
25798372,1787253462
25798373,1787253474
25798374,1787253486
25798375,1787253498
25798376,1787253510
25798377,1787253522
25798378,1787253534
25798379,1787253546
25798380,1787253558
25798381,1787253570
25798382,1787253582
25798383,1787253594
25798384,1787253606
25798385,1787253618
25798386,1787253630
25798387,1787253642
25798388,1787253654
25798389,1787253666
25798390,1787253678
25798391,1787253690
25798392,1787253702
25798393,1787253714
25798394,1787253726
25798395,1787253738
25798396,1787253750
25798397,1787253762
25798398,1787253775
25798399,1787253787
25798400,1787253799
25798401,1787253811
25798402,1787253823
25798403,1787253835
25798404,1787253847
25798405,1787253859
25798406,1787253871
25798407,1787253883
25798408,1787253895
25798409,1787253907
25798410,1787253919
25798411,1787253931
25798412,1787253943
25798413,1787253955
25798414,1787253967
25798415,1787253979
25798416,1787253991
25798417,1787254003
25798418,1787254015
25798419,1787254027
25798420,1787254039
25798421,1787254051
25798422,1787254063
25798423,1787254075
25798424,1787254087
25798425,1787254100
25798426,1787254112
25798427,1787254124
25798428,1787254136
25798429,1787254148
25798430,1787254160
25798431,1787254172
25798432,1787254184
25798433,1787254196
25798434,1787254208
25798435,1787254220
25798436,1787254232
25798437,1787254244
25798438,1787254256
25798439,1787254268
25798440,1787254280
25798441,1787254292
25798442,1787254304
25798443,1787254316
25798444,1787254328
25798445,1787254340
25798446,1787254352
25798447,1787254364
25798448,1787254376
25798449,1787254388
25798450,1787254400
25798451,1787254413
25798452,1787254425
25798453,1787254437
25798454,1787254449
25798455,1787254461
25798456,1787254473
25798457,1787254485
25798458,1787254497
25798459,1787254509
25798460,1787254521
25798461,1787254533
25798462,1787254545
25798463,1787254557
25798464,1787254569
25798465,1787254581
25798466,1787254593
25798467,1787254605
25798468,1787254617
25798469,1787254629
25798470,1787254641
25798471,1787254653
25798472,1787254665
25798473,1787254677
25798474,1787254689
25798475,1787254701
25798476,1787254713
25798477,1787254725
25798478,1787254738
25798479,1787254750
25798480,1787254762
25798481,1787254774
25798482,1787254786
25798483,1787254798
25798484,1787254810
25798485,1787254822
25798486,1787254834
25798487,1787254846
25798488,1787254858
25798489,1787254870
25798490,1787254882
25798491,1787254894
25798492,1787254906
25798493,1787254918
25798494,1787254930
25798495,1787254942
25798496,1787254954
25798497,1787254966
25798498,1787254978
25798499,1787254990
25798500,1787255002
25798501,1787255014
25798502,1787255026
25798503,1787255038
25798504,1787255051
25798505,1787255063
25798506,1787255075
25798507,1787255087
25798508,1787255099
25798509,1787255111
25798510,1787255123
25798511,1787255135
25798512,1787255147
25798513,1787255159
25798514,1787255171
25798515,1787255183
25798516,1787255195
25798517,1787255207
25798518,1787255219
25798519,1787255231
25798520,1787255243
25798521,1787255255
25798522,1787255267
25798523,1787255279
25798524,1787255291
25798525,1787255303
25798526,1787255315
25798527,1787255327
25798528,1787255339
25798529,1787255351
25798530,1787255363
25798531,1787255376
25798532,1787255388
25798533,1787255400
25798534,1787255412
25798535,1787255424
25798536,1787255436
25798537,1787255448
25798538,1787255460
25798539,1787255472
25798540,1787255484
25798541,1787255496
25798542,1787255508
25798543,1787255520
25798544,1787255532
25798545,1787255544
25798546,1787255556
25798547,1787255568
25798548,1787255580
25798549,1787255592
25798550,1787255604
25798551,1787255616
25798552,1787255628
25798553,1787255640
25798554,1787255652
25798555,1787255664
25798556,1787255676
25798557,1787255688
25798558,1787255701
25798559,1787255713
25798560,1787255725
25798561,1787255737
25798562,1787255749
25798563,1787255761
25798564,1787255773
25798565,1787255785
25798566,1787255797
25798567,1787255809
25798568,1787255821
25798569,1787255833
25798570,1787255845
25798571,1787255857
25798572,1787255869
25798573,1787255881
25798574,1787255893
25798575,1787255905
25798576,1787255917
25798577,1787255929
25798578,1787255941
25798579,1787255953
25798580,1787255965
25798581,1787255977
25798582,1787255989
25798583,1787256001
25798584,1787256014
25798585,1787256026
25798586,1787256038
25798587,1787256050
25798588,1787256062
25798589,1787256074
25798590,1787256086
25798591,1787256098
25798592,1787256110
25798593,1787256122
25798594,1787256134
25798595,1787256146
25798596,1787256158
25798597,1787256170
25798598,1787256182
25798599,1787256194
25798600,1787256206
25798601,1787256218
25798602,1787256230
25798603,1787256242
25798604,1787256254
25798605,1787256266
25798606,1787256278
25798607,1787256290
25798608,1787256302
25798609,1787256314
25798610,1787256326
25798611,1787256339
25798612,1787256351
25798613,1787256363
25798614,1787256375
25798615,1787256387
25798616,1787256399
25798617,1787256411
25798618,1787256423
25798619,1787256435
25798620,1787256447
25798621,1787256459
25798622,1787256471
25798623,1787256483
25798624,1787256495
25798625,1787256507
25798626,1787256519
25798627,1787256531
25798628,1787256543
25798629,1787256555
25798630,1787256567
25798631,1787256579
25798632,1787256591
25798633,1787256603
25798634,1787256615
25798635,1787256627
25798636,1787256639
25798637,1787256652
25798638,1787256664
25798639,1787256676
25798640,1787256688
25798641,1787256700
25798642,1787256712
25798643,1787256724
25798644,1787256736
25798645,1787256748
25798646,1787256760
25798647,1787256772
25798648,1787256784
25798649,1787256796
25798650,1787256808
25798651,1787256820
25798652,1787256832
25798653,1787256844
25798654,1787256856
25798655,1787256868
25798656,1787256880
25798657,1787256892
25798658,1787256904
25798659,1787256916
25798660,1787256928
25798661,1787256940
25798662,1787256952
25798663,1787256964
25798664,1787256977
25798665,1787256989
25798666,1787257001
25798667,1787257013
25798668,1787257025
25798669,1787257037
25798670,1787257049
25798671,1787257061
25798672,1787257073
25798673,1787257085
25798674,1787257097
25798675,1787257109
25798676,1787257121
25798677,1787257133
25798678,1787257145
25798679,1787257157
25798680,1787257169
25798681,1787257181
25798682,1787257193
25798683,1787257205
25798684,1787257217
25798685,1787257229
25798686,1787257241
25798687,1787257253
25798688,1787257265
25798689,1787257277
25798690,1787257289
25798691,1787257302
25798692,1787257314
25798693,1787257326
25798694,1787257338
25798695,1787257350
25798696,1787257362
25798697,1787257374
25798698,1787257386
25798699,1787257398
25798700,1787257410
25798701,1787257422
25798702,1787257434
25798703,1787257446
25798704,1787257458
25798705,1787257470
25798706,1787257482
25798707,1787257494
25798708,1787257506
25798709,1787257518
25798710,1787257530
25798711,1787257542
25798712,1787257554
25798713,1787257566
25798714,1787257578
25798715,1787257590
25798716,1787257602
25798717,1787257615
25798718,1787257627
25798719,1787257639
25798720,1787257651
25798721,1787257663
25798722,1787257675
25798723,1787257687
25798724,1787257699
25798725,1787257711
25798726,1787257723
25798727,1787257735
25798728,1787257747
25798729,1787257759
25798730,1787257771
25798731,1787257783
25798732,1787257795
25798733,1787257807
25798734,1787257819
25798735,1787257831
25798736,1787257843
25798737,1787257855
25798738,1787257867
25798739,1787257879
25798740,1787257891
25798741,1787257903
25798742,1787257915
25798743,1787257927
25798744,1787257940
25798745,1787257952
25798746,1787257964
25798747,1787257976
25798748,1787257988
25798749,1787258000
25798750,1787258012
25798751,1787258024
25798752,1787258036
25798753,1787258048
25798754,1787258060
25798755,1787258072
25798756,1787258084
25798757,1787258096
25798758,1787258108
25798759,1787258120
25798760,1787258132
25798761,1787258144
25798762,1787258156
25798763,1787258168
25798764,1787258180
25798765,1787258192
25798766,1787258204
25798767,1787258216
25798768,1787258228
25798769,1787258240
25798770,1787258253
25798771,1787258265
25798772,1787258277
25798773,1787258289
25798774,1787258301
25798775,1787258313
25798776,1787258325
25798777,1787258337
25798778,1787258349
25798779,1787258361
25798780,1787258373
25798781,1787258385
25798782,1787258397
25798783,1787258409
25798784,1787258421
25798785,1787258433
25798786,1787258445
25798787,1787258457
25798788,1787258469
25798789,1787258481
25798790,1787258493
25798791,1787258505
25798792,1787258517
25798793,1787258529
25798794,1787258541
25798795,1787258553
25798796,1787258565
25798797,1787258578
25798798,1787258590
25798799,1787258602
25798800,1787258614
25798801,1787258626
25798802,1787258638
25798803,1787258650
25798804,1787258662
25798805,1787258674
25798806,1787258686
25798807,1787258698
25798808,1787258710
25798809,1787258722
25798810,1787258734
25798811,1787258746
25798812,1787258758
25798813,1787258770
25798814,1787258782
25798815,1787258794
25798816,1787258806
25798817,1787258818
25798818,1787258830
25798819,1787258842
25798820,1787258854
25798821,1787258866
25798822,1787258878
25798823,1787258891
25798824,1787258903
25798825,1787258915
25798826,1787258927
25798827,1787258939
25798828,1787258951
25798829,1787258963
25798830,1787258975
25798831,1787258987
25798832,1787258999
25798833,1787259011
25798834,1787259023
25798835,1787259035
25798836,1787259047
25798837,1787259059
25798838,1787259071
25798839,1787259083
25798840,1787259095
25798841,1787259107
25798842,1787259119
25798843,1787259131
25798844,1787259143
25798845,1787259155
25798846,1787259167
25798847,1787259179
25798848,1787259191
25798849,1787259203
25798850,1787259216
25798851,1787259228
25798852,1787259240
25798853,1787259252
25798854,1787259264
25798855,1787259276
25798856,1787259288
25798857,1787259300
25798858,1787259312
25798859,1787259324
25798860,1787259336
25798861,1787259348
25798862,1787259360
25798863,1787259372
25798864,1787259384
25798865,1787259396
25798866,1787259408
25798867,1787259420
25798868,1787259432
25798869,1787259444
25798870,1787259456
25798871,1787259468
25798872,1787259480
25798873,1787259492
25798874,1787259504
25798875,1787259516
25798876,1787259528
25798877,1787259541
25798878,1787259553
25798879,1787259565
25798880,1787259577
25798881,1787259589
25798882,1787259601
25798883,1787259613
25798884,1787259625
25798885,1787259637
25798886,1787259649
25798887,1787259661
25798888,1787259673
25798889,1787259685
25798890,1787259697
25798891,1787259709
25798892,1787259721
25798893,1787259733
25798894,1787259745
25798895,1787259757
25798896,1787259769
25798897,1787259781
25798898,1787259793
25798899,1787259805
25798900,1787259817
25798901,1787259829
25798902,1787259841
25798903,1787259854
25798904,1787259866
25798905,1787259878
25798906,1787259890
25798907,1787259902
25798908,1787259914
25798909,1787259926
25798910,1787259938
25798911,1787259950
25798912,1787259962
25798913,1787259974
25798914,1787259986
25798915,1787259998
25798916,1787260010
25798917,1787260022
25798918,1787260034
25798919,1787260046
25798920,1787260058
25798921,1787260070
25798922,1787260082
25798923,1787260094
25798924,1787260106
25798925,1787260118
25798926,1787260130
25798927,1787260142
25798928,1787260154
25798929,1787260166
25798930,1787260179
25798931,1787260191
25798932,1787260203
25798933,1787260215
25798934,1787260227
25798935,1787260239
25798936,1787260251
25798937,1787260263
25798938,1787260275
25798939,1787260287
25798940,1787260299
25798941,1787260311
25798942,1787260323
25798943,1787260335
25798944,1787260347
25798945,1787260359
25798946,1787260371
25798947,1787260383
25798948,1787260395
25798949,1787260407
25798950,1787260419
25798951,1787260431
25798952,1787260443
25798953,1787260455
25798954,1787260467
25798955,1787260479
25798956,1787260492
25798957,1787260504
25798958,1787260516
25798959,1787260528
25798960,1787260540
25798961,1787260552
25798962,1787260564
25798963,1787260576
25798964,1787260588
25798965,1787260600
25798966,1787260612
25798967,1787260624
25798968,1787260636
25798969,1787260648
25798970,1787260660
25798971,1787260672
25798972,1787260684
25798973,1787260696
25798974,1787260708
25798975,1787260720
25798976,1787260732
25798977,1787260744
25798978,1787260756
25798979,1787260768
25798980,1787260780
25798981,1787260792
25798982,1787260804
25798983,1787260817
25798984,1787260829
25798985,1787260841
25798986,1787260853
25798987,1787260865
25798988,1787260877
25798989,1787260889
25798990,1787260901
25798991,1787260913
25798992,1787260925
25798993,1787260937
25798994,1787260949
25798995,1787260961
25798996,1787260973
25798997,1787260985
25798998,1787260997
25798999,1787261009
25799000,1787261021
25799001,1787261033
25799002,1787261045
25799003,1787261057
25799004,1787261069
25799005,1787261081
25799006,1787261093
25799007,1787261105
25799008,1787261117
25799009,1787261129
25799010,1787261142
25799011,1787261154
25799012,1787261166
25799013,1787261178
25799014,1787261190
25799015,1787261202
25799016,1787261214
25799017,1787261226
25799018,1787261238
25799019,1787261250
25799020,1787261262
25799021,1787261274
25799022,1787261286
25799023,1787261298
25799024,1787261310
25799025,1787261322
25799026,1787261334
25799027,1787261346
25799028,1787261358
25799029,1787261370
25799030,1787261382
25799031,1787261394
25799032,1787261406
25799033,1787261418
25799034,1787261430
25799035,1787261442
25799036,1787261455
25799037,1787261467
25799038,1787261479
25799039,1787261491
25799040,1787261503
25799041,1787261515
25799042,1787261527
25799043,1787261539
25799044,1787261551
25799045,1787261563
25799046,1787261575
25799047,1787261587
25799048,1787261599
25799049,1787261611
25799050,1787261623
25799051,1787261635
25799052,1787261647
25799053,1787261659
25799054,1787261671
25799055,1787261683
25799056,1787261695
25799057,1787261707
25799058,1787261719
25799059,1787261731
25799060,1787261743
25799061,1787261755
25799062,1787261767
25799063,1787261780
25799064,1787261792
25799065,1787261804
25799066,1787261816
25799067,1787261828
25799068,1787261840
25799069,1787261852
25799070,1787261864
25799071,1787261876
25799072,1787261888
25799073,1787261900
25799074,1787261912
25799075,1787261924
25799076,1787261936
25799077,1787261948
25799078,1787261960
25799079,1787261972
25799080,1787261984
25799081,1787261996
25799082,1787262008
25799083,1787262020
25799084,1787262032
25799085,1787262044
25799086,1787262056
25799087,1787262068
25799088,1787262080
25799089,1787262093
25799090,1787262105
25799091,1787262117
25799092,1787262129
25799093,1787262141
25799094,1787262153
25799095,1787262165
25799096,1787262177
25799097,1787262189
25799098,1787262201
25799099,1787262213
25799100,1787262225
25799101,1787262237
25799102,1787262249
25799103,1787262261
25799104,1787262273
25799105,1787262285
25799106,1787262297
25799107,1787262309
25799108,1787262321
25799109,1787262333
25799110,1787262345
25799111,1787262357
25799112,1787262369
25799113,1787262381
25799114,1787262393
25799115,1787262405
25799116,1787262418
25799117,1787262430
25799118,1787262442
25799119,1787262454
25799120,1787262466
25799121,1787262478
25799122,1787262490
25799123,1787262502
25799124,1787262514
25799125,1787262526
25799126,1787262538
25799127,1787262550
25799128,1787262562
25799129,1787262574
25799130,1787262586
25799131,1787262598
25799132,1787262610
25799133,1787262622
25799134,1787262634
25799135,1787262646
25799136,1787262658
25799137,1787262670
25799138,1787262682
25799139,1787262694
25799140,1787262706
25799141,1787262718
25799142,1787262731
25799143,1787262743
25799144,1787262755
25799145,1787262767
25799146,1787262779
25799147,1787262791
25799148,1787262803
25799149,1787262815
25799150,1787262827
25799151,1787262839
25799152,1787262851
25799153,1787262863
25799154,1787262875
25799155,1787262887
25799156,1787262899
25799157,1787262911
25799158,1787262923
25799159,1787262935
25799160,1787262947
25799161,1787262959
25799162,1787262971
25799163,1787262983
25799164,1787262995
25799165,1787263007
25799166,1787263019
25799167,1787263031
25799168,1787263043
25799169,1787263056
25799170,1787263068
25799171,1787263080
25799172,1787263092
25799173,1787263104
25799174,1787263116
25799175,1787263128
25799176,1787263140
25799177,1787263152
25799178,1787263164
25799179,1787263176
25799180,1787263188
25799181,1787263200
25799182,1787263212
25799183,1787263224
25799184,1787263236
25799185,1787263248
25799186,1787263260
25799187,1787263272
25799188,1787263284
25799189,1787263296
25799190,1787263308
25799191,1787263320
25799192,1787263332
25799193,1787263344
25799194,1787263356
25799195,1787263368
25799196,1787263381
25799197,1787263393
25799198,1787263405
25799199,1787263417
25799200,1787263429
25799201,1787263441
25799202,1787263453
25799203,1787263465
25799204,1787263477
25799205,1787263489
25799206,1787263501
25799207,1787263513
25799208,1787263525
25799209,1787263537
25799210,1787263549
25799211,1787263561
25799212,1787263573
25799213,1787263585
25799214,1787263597
25799215,1787263609
25799216,1787263621
25799217,1787263633
25799218,1787263645
25799219,1787263657
25799220,1787263669
25799221,1787263681
25799222,1787263694
25799223,1787263706
25799224,1787263718
25799225,1787263730
25799226,1787263742
25799227,1787263754
25799228,1787263766
25799229,1787263778
25799230,1787263790
25799231,1787263802
25799232,1787263814
25799233,1787263826
25799234,1787263838
25799235,1787263850
25799236,1787263862
25799237,1787263874
25799238,1787263886
25799239,1787263898
25799240,1787263910
25799241,1787263922
25799242,1787263934
25799243,1787263946
25799244,1787263958
25799245,1787263970
25799246,1787263982
25799247,1787263994
25799248,1787264006
25799249,1787264019
25799250,1787264031
25799251,1787264043
25799252,1787264055
25799253,1787264067
25799254,1787264079
25799255,1787264091
25799256,1787264103
25799257,1787264115
25799258,1787264127
25799259,1787264139
25799260,1787264151
25799261,1787264163
25799262,1787264175
25799263,1787264187
25799264,1787264199
25799265,1787264211
25799266,1787264223
25799267,1787264235
25799268,1787264247
25799269,1787264259
25799270,1787264271
25799271,1787264283
25799272,1787264295
25799273,1787264307
25799274,1787264319
25799275,1787264332
25799276,1787264344
25799277,1787264356
25799278,1787264368
25799279,1787264380
25799280,1787264392
25799281,1787264404
25799282,1787264416
25799283,1787264428
25799284,1787264440
25799285,1787264452
25799286,1787264464
25799287,1787264476
25799288,1787264488
25799289,1787264500
25799290,1787264512
25799291,1787264524
25799292,1787264536
25799293,1787264548
25799294,1787264560
25799295,1787264572
25799296,1787264584
25799297,1787264596
25799298,1787264608
25799299,1787264620
25799300,1787264632
25799301,1787264644
25799302,1787264657
25799303,1787264669
25799304,1787264681
25799305,1787264693
25799306,1787264705
25799307,1787264717
25799308,1787264729
25799309,1787264741
25799310,1787264753
25799311,1787264765
25799312,1787264777
25799313,1787264789
25799314,1787264801
25799315,1787264813
25799316,1787264825
25799317,1787264837
25799318,1787264849
25799319,1787264861
25799320,1787264873
25799321,1787264885
25799322,1787264897
25799323,1787264909
25799324,1787264921
25799325,1787264933
25799326,1787264945
25799327,1787264957
25799328,1787264969
25799329,1787264982
25799330,1787264994
25799331,1787265006
25799332,1787265018
25799333,1787265030
25799334,1787265042
25799335,1787265054
25799336,1787265066
25799337,1787265078
25799338,1787265090
25799339,1787265102
25799340,1787265114
25799341,1787265126
25799342,1787265138
25799343,1787265150
25799344,1787265162
25799345,1787265174
25799346,1787265186
25799347,1787265198
25799348,1787265210
25799349,1787265222
25799350,1787265234
25799351,1787265246
25799352,1787265258
25799353,1787265270
25799354,1787265282
25799355,1787265295
25799356,1787265307
25799357,1787265319
25799358,1787265331
25799359,1787265343
25799360,1787265355
25799361,1787265367
25799362,1787265379
25799363,1787265391
25799364,1787265403
25799365,1787265415
25799366,1787265427
25799367,1787265439
25799368,1787265451
25799369,1787265463
25799370,1787265475
25799371,1787265487
25799372,1787265499
25799373,1787265511
25799374,1787265523
25799375,1787265535
25799376,1787265547
25799377,1787265559
25799378,1787265571
25799379,1787265583
25799380,1787265595
25799381,1787265607
25799382,1787265620
25799383,1787265632
25799384,1787265644
25799385,1787265656
25799386,1787265668
25799387,1787265680
25799388,1787265692
25799389,1787265704
25799390,1787265716
25799391,1787265728
25799392,1787265740
25799393,1787265752
25799394,1787265764
25799395,1787265776
25799396,1787265788
25799397,1787265800
25799398,1787265812
25799399,1787265824
25799400,1787265836
25799401,1787265848
25799402,1787265860
25799403,1787265872
25799404,1787265884
25799405,1787265896
25799406,1787265908
25799407,1787265920
25799408,1787265933
25799409,1787265945
25799410,1787265957
25799411,1787265969
25799412,1787265981
25799413,1787265993
25799414,1787266005
25799415,1787266017
25799416,1787266029
25799417,1787266041
25799418,1787266053
25799419,1787266065
25799420,1787266077
25799421,1787266089
25799422,1787266101
25799423,1787266113
25799424,1787266125
25799425,1787266137
25799426,1787266149
25799427,1787266161
25799428,1787266173
25799429,1787266185
25799430,1787266197
25799431,1787266209
25799432,1787266221
25799433,1787266233
25799434,1787266245
25799435,1787266258
25799436,1787266270
25799437,1787266282
25799438,1787266294
25799439,1787266306
25799440,1787266318
25799441,1787266330
25799442,1787266342
25799443,1787266354
25799444,1787266366
25799445,1787266378
25799446,1787266390
25799447,1787266402
25799448,1787266414
25799449,1787266426
25799450,1787266438
25799451,1787266450
25799452,1787266462
25799453,1787266474
25799454,1787266486
25799455,1787266498
25799456,1787266510
25799457,1787266522
25799458,1787266534
25799459,1787266546
25799460,1787266558
25799461,1787266571
25799462,1787266583
25799463,1787266595
25799464,1787266607
25799465,1787266619
25799466,1787266631
25799467,1787266643
25799468,1787266655
25799469,1787266667
25799470,1787266679
25799471,1787266691
25799472,1787266703
25799473,1787266715
25799474,1787266727
25799475,1787266739
25799476,1787266751
25799477,1787266763
25799478,1787266775
25799479,1787266787
25799480,1787266799
25799481,1787266811
25799482,1787266823
25799483,1787266835
25799484,1787266847
25799485,1787266859
25799486,1787266871
25799487,1787266883
25799488,1787266896
25799489,1787266908
25799490,1787266920
25799491,1787266932
25799492,1787266944
25799493,1787266956
25799494,1787266968
25799495,1787266980
25799496,1787266992
25799497,1787267004
25799498,1787267016
25799499,1787267028
25799500,1787267040
25799501,1787267052
25799502,1787267064
25799503,1787267076
25799504,1787267088
25799505,1787267100
25799506,1787267112
25799507,1787267124
25799508,1787267136
25799509,1787267148
25799510,1787267160
25799511,1787267172
25799512,1787267184
25799513,1787267196
25799514,1787267208
25799515,1787267221
25799516,1787267233
25799517,1787267245
25799518,1787267257
25799519,1787267269
25799520,1787267281
25799521,1787267293
25799522,1787267305
25799523,1787267317
25799524,1787267329
25799525,1787267341
25799526,1787267353
25799527,1787267365
25799528,1787267377
25799529,1787267389
25799530,1787267401
25799531,1787267413
25799532,1787267425
25799533,1787267437
25799534,1787267449
25799535,1787267461
25799536,1787267473
25799537,1787267485
25799538,1787267497
25799539,1787267509
25799540,1787267521
25799541,1787267534
25799542,1787267546
25799543,1787267558
25799544,1787267570
25799545,1787267582
25799546,1787267594
25799547,1787267606
25799548,1787267618
25799549,1787267630
25799550,1787267642
25799551,1787267654
25799552,1787267666
25799553,1787267678
25799554,1787267690
25799555,1787267702
25799556,1787267714
25799557,1787267726
25799558,1787267738
25799559,1787267750
25799560,1787267762
25799561,1787267774
25799562,1787267786
25799563,1787267798
25799564,1787267810
25799565,1787267822
25799566,1787267834
25799567,1787267846
25799568,1787267859
25799569,1787267871
25799570,1787267883
25799571,1787267895
25799572,1787267907
25799573,1787267919
25799574,1787267931
25799575,1787267943
25799576,1787267955
25799577,1787267967
25799578,1787267979
25799579,1787267991
25799580,1787268003
25799581,1787268015
25799582,1787268027
25799583,1787268039
25799584,1787268051
25799585,1787268063
25799586,1787268075
25799587,1787268087
25799588,1787268099
25799589,1787268111
25799590,1787268123
25799591,1787268135
25799592,1787268147
25799593,1787268159
25799594,1787268172
25799595,1787268184
25799596,1787268196
25799597,1787268208
25799598,1787268220
25799599,1787268232
25799600,1787268244
25799601,1787268256
25799602,1787268268
25799603,1787268280
25799604,1787268292
25799605,1787268304
25799606,1787268316
25799607,1787268328
25799608,1787268340
25799609,1787268352
25799610,1787268364
25799611,1787268376
25799612,1787268388
25799613,1787268400
25799614,1787268412
25799615,1787268424
25799616,1787268436
25799617,1787268448
25799618,1787268460
25799619,1787268472
25799620,1787268484
25799621,1787268497
25799622,1787268509
25799623,1787268521
25799624,1787268533
25799625,1787268545
25799626,1787268557
25799627,1787268569
25799628,1787268581
25799629,1787268593
25799630,1787268605
25799631,1787268617
25799632,1787268629
25799633,1787268641
25799634,1787268653
25799635,1787268665
25799636,1787268677
25799637,1787268689
25799638,1787268701
25799639,1787268713
25799640,1787268725
25799641,1787268737
25799642,1787268749
25799643,1787268761
25799644,1787268773
25799645,1787268785
25799646,1787268797
25799647,1787268809
25799648,1787268822
25799649,1787268834
25799650,1787268846
25799651,1787268858
25799652,1787268870
25799653,1787268882
25799654,1787268894
25799655,1787268906
25799656,1787268918
25799657,1787268930
25799658,1787268942
25799659,1787268954
25799660,1787268966
25799661,1787268978
25799662,1787268990
25799663,1787269002
25799664,1787269014
25799665,1787269026
25799666,1787269038
25799667,1787269050
25799668,1787269062
25799669,1787269074
25799670,1787269086
25799671,1787269098
25799672,1787269110
25799673,1787269122
25799674,1787269135
25799675,1787269147
25799676,1787269159
25799677,1787269171
25799678,1787269183
25799679,1787269195
25799680,1787269207
25799681,1787269219
25799682,1787269231
25799683,1787269243
25799684,1787269255
25799685,1787269267
25799686,1787269279
25799687,1787269291
25799688,1787269303
25799689,1787269315
25799690,1787269327
25799691,1787269339
25799692,1787269351
25799693,1787269363
25799694,1787269375
25799695,1787269387
25799696,1787269399
25799697,1787269411
25799698,1787269423
25799699,1787269435
25799700,1787269447
25799701,1787269460
25799702,1787269472
25799703,1787269484
25799704,1787269496
25799705,1787269508
25799706,1787269520
25799707,1787269532
25799708,1787269544
25799709,1787269556
25799710,1787269568
25799711,1787269580
25799712,1787269592
25799713,1787269604
25799714,1787269616
25799715,1787269628
25799716,1787269640
25799717,1787269652
25799718,1787269664
25799719,1787269676
25799720,1787269688
25799721,1787269700
25799722,1787269712
25799723,1787269724
25799724,1787269736
25799725,1787269748
25799726,1787269760
25799727,1787269773
25799728,1787269785
25799729,1787269797
25799730,1787269809
25799731,1787269821
25799732,1787269833
25799733,1787269845
25799734,1787269857
25799735,1787269869
25799736,1787269881
25799737,1787269893
25799738,1787269905
25799739,1787269917
25799740,1787269929
25799741,1787269941
25799742,1787269953
25799743,1787269965
25799744,1787269977
25799745,1787269989
25799746,1787270001
25799747,1787270013
25799748,1787270025
25799749,1787270037
25799750,1787270049
25799751,1787270061
25799752,1787270073
25799753,1787270085
25799754,1787270098
25799755,1787270110
25799756,1787270122
25799757,1787270134
25799758,1787270146
25799759,1787270158
25799760,1787270170
25799761,1787270182
25799762,1787270194
25799763,1787270206
25799764,1787270218
25799765,1787270230
25799766,1787270242
25799767,1787270254
25799768,1787270266
25799769,1787270278
25799770,1787270290
25799771,1787270302
25799772,1787270314
25799773,1787270326
25799774,1787270338
25799775,1787270350
25799776,1787270362
25799777,1787270374
25799778,1787270386
25799779,1787270398
25799780,1787270411
