amount0,amount1,sqrtPriceX96,liquidity,tick,block,logIndex
4693084768,-2644029875469109097,1880996299601438268472488758337438,5726940053830441529,201509,25527157,172
-114413603,64522589228567236,1880997191779483458938507696210359,5726940053830441529,201509,25527158,248
17983831986,-10130941347516606161,1880857037375917339442633083935678,5726940053830441529,201508,25527159,12
30430872513,-17139370041886335866,1880619926321443765172387834135026,5726940053830441529,201505,25527162,3
-17132768558,9658695837333118976,1880753480731988496894526206865753,5726940053830441529,201507,25527165,39
-201736687,113738378418977820,1880755053435212812780083347806109,5726940053830441529,201507,25527168,103
-13200847209,7443001007113995264,1880857970602181332003724714109616,5726940053830441529,201508,25527174,20
-13915246578,7846680983744179200,1880966469603616484704152657983163,5726940053830441529,201509,25527175,2
-30347729921,17115952987273963520,1881203671809755965444021881482943,5709715986070229447,201511,25527176,9
-6247091411,3523861355996481054,1881252544549895985690606731975989,5709715986070229447,201512,25527178,152
124068516,-69916421632780112,1881251574387872331298010636062504,5709715986070229447,201512,25527178,259
-222248521,125369261944730680,1881253313145088231556722921695699,5709715986070229447,201512,25527180,201
-74455462,42000000000000000,1881253895646747210815425834819120,5709715986070229447,201512,25527182,479
-10015954,5649958136710096,1881253974006508825029514096446630,5709715986070229447,201512,25527182,568
-34036121,19199637037951147,1881254240287947548985787051858321,5709715986070229447,201512,25527183,76
-24546007894,13847718345784276992,1881446295500078426542060301840434,5709715986070229447,201514,25527185,25
1652227726,-931266983990461866,1881433373216004793182713630916748,5709715986070229447,201514,25527185,109
-3785995406,2136105223166206620,1881462999045439283063557491304518,5709715986070229447,201514,25527185,150
-9579899708,5405397851242992537,1881537966979148615525505001079848,5709715986070229447,201515,25527186,98
-45550180712,25707296018106568704,1881894503707206186183707096374897,5709715986070229447,201519,25527191,11
123132,-69435821908639,1881894502743712976379494422518399,5709715986070229447,201519,25527193,346
-9600719751,5419631021204594927,1881969668131820982803361981557205,5709602508589509349,201520,25527197,263
-17714002,10000000000000000,1881969806825448628293891828390854,5709602508589509349,201520,25527198,230
54805515785,-30901121615796901440,1881541022029247092206877780209370,5709715986070229447,201515,25527200,9
65845616846,-37107271279977512647,1881026121091252218249897784115200,5726940053830441529,201509,25527201,15
59687473142,-33619332091389768535,1880561021425196500788882980464490,5726940053830441529,201505,25527205,2
68611736473,-38625443787183034955,1880026705747757596936128250122722,5730800114915843281,201499,25527206,16
83569129936,-47016183230314846369,1879376708237623444239010762401307,5730800114915843281,201492,25527207,8
15094180,-8489083057182387,1879376590876271003941782791575960,5730800114915843281,201492,25527208,19
40662653012,-22865142535889360176,1879060474614714089112435982516137,5730382024214425319,201489,25527208,49
10446660074,-5873051935293127732,1878979273900482840659186611568067,5730382024214425319,201488,25527208,70
5026100358,-2825463731698528172,1878940209087915853192539377157383,5730382024214425319,201487,25527208,170
4801355132,-2699011630759713580,1878902892599904037769593764196279,5730382024214425319,201487,25527208,586
-36378565586,20472819791014616387,1879185805040044479664807072497664,5730800114915843281,201490,25527209,21
-634263312,356999996271024142,1879190738087948508077426443060278,5730800114915843281,201490,25527210,291
495,-277816870795,1879190738084107697065494321628266,5730800114915843281,201490,25527210,455
15285874420,-8594649747267055276,1879071911848541039884987480357130,5730382024214425319,201489,25527217,12
5751257998,-3233426179987630167,1879027206554237200475464220149421,5730382024214425319,201488,25527218,90
88439122,-49720333033647195,1879026519121774721121811346146653,5730382024214425319,201488,25527221,1240
5220197727,-2934722386021500123,1878985943700947374792422649344085,5730382024214425319,201488,25527223,250
-51530066,28997856189624629,1878986344424342363500144348465159,5730382024214425319,201488,25527224,64
21595089225,-12139116729086013644,1878818509206912248319993167931649,5730382024214425319,201486,25527225,2
-40320894,22686000000000000,1878818822706326800437688121486007,5730382024214425319,201486,25527227,1338
1049564574,-589930314614387666,1878810666340025067311803208506611,5730382024214425319,201486,25527228,73
-46445926,26131947608065531,1878811027459229697266676106268860,5730382024214425319,201486,25527230,66
-22731503670,12790668867578990592,1878987782603447100588599962426194,5730382024214425319,201488,25527230,236
-6760058907,3804245869594461184,1879040353742163938085702089212841,5730382024214425319,201488,25527231,24
58063698,-32643779189181348,1879039902409838841527198714211696,5730382024214425319,201488,25527231,877
-52495113,29542620166209122,1879040310661365176806470503649624,5730382024214425319,201488,25527231,897
-48191339,27120601193346358,1879040685442842582058497795699502,5730382024214425319,201488,25527231,1023
-8884634,5000000000000000,1879040754538190936135394329587000,5730382024214425319,201488,25527232,207
-30576002290,17209414567712397312,1879278562986533843580641235929437,5730800114915843281,201491,25527234,9
-5525787756,3110602283165298176,1879321545480185146802535864552681,5730800114915843281,201491,25527236,802
-27246760110,15339954410543263744,1879533513913639620254468801904172,5730800114915843281,201494,25527239,72
-32269979647,18172508981887381504,1879784622760363474252866282857465,5730800114915843281,201496,25527240,6
-10815004526,6091445612806612087,1879868794730466090420369117675520,5730800114915843281,201497,25527241,11
2500000,-1406755794479328,1879868775282103825471958178704278,5730800114915843281,201497,25527243,505
29843185116,-16790755632824663121,1879636643522255442206920066547308,5730800114915843281,201495,25527247,63
1050115512,-590753935670267130,1879628476364461994632552709964538,5730800114915843281,201495,25527250,260
-201155093,113274841083445594,1879630041603182506061722913942669,5730800114915843281,201495,25527251,27
-2121669288,1194769957322236790,1879646551007931323282876840819177,5730800114915843281,201495,25527253,69
-16118548913,9077480828167099617,1879771984196281421717828727209984,5730800114915843281,201496,25527254,11
-46191962544,26020632960341811200,1880131569561291411598503438491626,5726940053830441529,201500,25527255,9
-300000,169026879149257,1880131571898489475517197747172894,5726940053830441529,201500,25527259,140
63389680532,-35670133876942059919,1879638402565457357287003840593612,5730800114915843281,201495,25527260,2
73219407791,-41178157149367400621,1879069109983236402006559043148440,5730382024214425319,201489,25527261,6
18952631040,-10654782700908209251,1878921797142344707153881243414485,5730382024214425319,201487,25527262,2
9835486352,-5528651460251125845,1878845358103110224420770628051683,5730382024214425319,201486,25527264,17
-19509580283,10977996754113898496,1878997063805101309474574938161452,5730382024214425319,201488,25527267,5
-37844277045,21299944702081904640,1879291398637867972935765038942747,5730800114915843281,201491,25527270,2
-207425415,116763909233029861,1879293012088746753555224061610713,5730800114915843281,201491,25527271,225
-12103022568,6813380315383365225,1879387159796968672003267737157632,5730800114915843281,201492,25527274,2
86213642,-48487743957189502,1879386489455169768297776747406508,5730800114915843281,201492,25527282,26
-7133749433,4016251588011571712,1879441986266613010700418697510571,5730800114915843281,201493,25527286,17
-26005341450,14642835931480592384,1879644321874050901066980039877553,5730800114915843281,201495,25527287,9
54631,-30732809812045,1879644321449170604863448009452526,5730800114915843281,201495,25527288,752
-60688660023,34184250533277782016,1880116702169726311499807735393539,5726940053830441529,201500,25527289,2
-5048797942,2844623051564112750,1880156035839744695605722980949582,5726940053830441529,201500,25527289,75
-6868355788,3870000000000000000,1880209547781471894849078859907953,5726940053830441529,201501,25527289,127
-145223569,81829125251540006,1880210679263482759990390029647450,5726940053830441529,201501,25527297,165
10823711992,-6092470289356733401,1880126394248856906952671877341947,5726940053830441529,201500,25527300,35
12908873390,-7265455586314501584,1880025922341784853809950280304940,5730800114915843281,201499,25527301,84
7831279262,-4407272885462640426,1879964991908789063919787454772450,5730800114915843281,201498,25527302,17
500000000,-281379375068771416,1879961101848246127705444065714399,5730803058217673569,201498,25527304,287
63804540992,-35897010793352708893,1879464826862695224226242133920525,5730803058217673569,201493,25527305,9
729712590,-410433275765818287,1879459152636248547231930712945616,5730803058217673569,201493,25527306,72
1557233518,-875871426344567965,1879447043742782295411657759032397,5730803058217673569,201493,25527306,301
44974899066,-25291419841991955804,1879097387107999320368363444956862,5730382024214425319,201489,25527308,2
7750512657,-4357513223145936187,1879037140205726030748684619714964,5730382024214425319,201488,25527321,214
86128448783,-48404560186607897697,1878367899595817165500079064575844,5730382024214425319,201481,25527323,2
49566795914,-27841125805982381130,1877983031588347308740754855581038,5731991749912951372,201477,25527324,12
200943785,-112844702590371008,1877981471837596474266114624804984,5731991749912951372,201477,25527328,129
5000000,-2807865060271119,1877981433027005144182070097717789,5731991749912951372,201477,25527332,311
13661680474,-7671597704054115287,1877875395437252840885225318976363,5731991749912951372,201476,25527333,5
6124574,-3439006519725681,1877875347902961215887913963264398,5731991749912951372,201476,25527333,52
53141864025,-29833112133114475859,1877462991647140617410293649988275,5731991749912951372,201472,25527334,5
2641744,-1482713032546474,1877462971152932978958311285581975,5731991749912951372,201472,25527336,29
-23090880376,12974264463206963200,1877642213066503931254182444678955,5731991749912951372,201473,25527337,2
-739905629,415777874826120000,1877647957116358598442527346071999,5731991749912951372,201474,25527338,163
-21527627133,12098212040535564288,1877815096200279870780804596899658,5731991749912951372,201475,25527345,6
-3558442226,2000000000000000000,1877842726577952417081541511139889,5731991749912951372,201476,25527345,97
-40061718536,22520498055683948544,1878153851511278613156142663833675,5731991749912951372,201479,25527346,13
-2980298467,1675658357014802320,1878177001047905851862120585494528,5731991749912951372,201479,25527346,253
-239341273,134570261661079751,1878178860161482446367825593045830,5731991749912951372,201479,25527347,118
-281006750,157997126049554480,1878181042921614409414623153637053,5731991749912951372,201479,25527347,266
321,-179685742755,1878181042919130775130134584242335,5731991749912951372,201479,25527348,356
-2796968939,1572626562583531300,1878202769052061805750587978220016,5731991749912951372,201479,25527353,493
-1833758881,1031070856774962453,1878217016303456373698315403765063,5730382024214425319,201480,25527359,63
-62596353530,35205546446844628992,1878703524202604446452070736583807,5730382024214425319,201485,25527363,9
-3557836589,2001552220266171648,1878731183792186079888278033523447,5730382024214425319,201485,25527365,353
-12333085811,6938750000000000000,1878827070861864450101442935899507,5730382024214425319,201486,25527373,9
-3288183115,1850092986488579123,1878852637425742222672533714677288,5730382024214425319,201486,25527373,48
-35829919,20159946027273091,1878852916017440933437094892407880,5730382024214425319,201486,25527373,62
-4502263381,2533276472920268288,1878887923541515656074124386469535,5730382024214425319,201487,25527375,66
-35143677,19774570219654487,1878888196807679231910448465747806,5730382024214425319,201487,25527375,536
-14465366514,8139830321332849664,1879000681689998346096417289925206,5730382024214425319,201488,25527376,17
17366938832,-9762691864631039826,1878865702881542079117790555740108,5730382024214425319,201487,25527382,9
-17793420,10011726447984355,1878865841234287388958566569685661,5730382024214425319,201487,25527383,215
5948308648,-3343474247226440420,1878819614417313903031451935013630,5730382024214425319,201486,25527383,292
13682882153,-7690362470319056463,1878713287599133649994109882990592,5730382024214425319,201485,25527384,13
4840665259,-2720451586039552301,1878675674682671858325710946544273,5730382024214425319,201484,25527386,187
-38599,21713943029515,1878675674982738349878691344868339,5730382024214425319,201484,25527392,423
280793,-157802034384103,1878675672800970158432634438658158,5730382024214425319,201484,25527394,669
13036239969,-7325819019696599533,1878574386011940631750497672185382,5730373974767942474,201483,25527405,9
-105688945,59449004003041960,1878575207543022812049201997881133,5730373974767942474,201483,25527405,126
69821210996,-39223179550748039152,1878032956671629681209058791143117,5731983700466468527,201478,25527406,2
-82933595,46622450366674824,1878033600770490015800022620049677,5731983700466468527,201478,25527408,64
-8805224,4950000000000000,1878033669155770788926799945284684,5731983700466468527,201478,25527410,13
51215403289,-28756700170986769564,1877636190615429597514395569118377,5731983700466468527,201473,25527412,2
67856767751,-38081840422970930347,1877109819885592733008894122901372,5732020313859088863,201468,25527413,11
-10403926,5842984086504265,1877109900607118999883154386018549,5732020313859088863,201468,25527415,322
-30759181871,17276964219724697600,1877348584454508041959847323212802,5731983700466468527,201470,25527417,2
-5231089031,2938660236115922944,1877389182657607761236806890186166,5731983700466468527,201471,25527418,68
-43825030106,24624508385906245632,1877729375368692693251533037229097,5731983700466468527,201474,25527419,2
9208587672,-5169709408311500744,1877657919028522030732355604932971,5731983700466468527,201474,25527425,12
-10022558,5632090000000000,1877657996837018190231262939414351,5731983700466468527,201474,25527425,77
53803211343,-30197310182166731195,1877240606189362288970055729283072,5732020313859088863,201469,25527428,6
6288210,-3528502864087715,1877240557418286291199081021792195,5732020313859088863,201469,25527428,59
1000000000,-561127681275077141,1877232801494076493112563122706234,5732020313859088863,201469,25527428,213
1000000000,-561123044633523590,1877225045633954498350290013357908,5732020313859088863,201469,25527429,22
179994955618,-100923800633624350628,1875827636763584828829118408884030,5704204593123150050,201454,25527429,101
11310266738,-6336682700525391185,1875739623839328254164311930949360,5704204593123150050,201453,25527429,210
1687504050,-945388945384670476,1875726492923741105522978488736278,5704204593123150050,201453,25527429,618
39763729974,-22272970345199898790,1875417134013944584085448991458458,5704204593123150050,201450,25527431,28
-36615973,20526950921535488,1875417418979082263690656725025910,5704204593123150050,201450,25527431,1477
-59179843,33176292186900403,1875417879548540771056976445339412,5704204593123150050,201450,25527432,352
462,-258086632393,1875417879544956094294392738764287,5704204593123150050,201450,25527432,686
5574776602,-3122030645032032625,1875374515985583447590085221941248,5704097673332683821,201449,25527432,1033
-19855329,11130410834591744,1875374670506268038071137622621120,5704097673332683821,201449,25527432,1308
-27370013,15342961298505728,1875374883508727580915203839721133,5704097673332683821,201449,25527434,385
-17621311,9878078492864615,1875375020643598327304293228105623,5704097673332683821,201449,25527434,1125
107022,-59933652731086,1875375019811138322130917879086651,5704097673332683821,201449,25527434,1129
-19980954748,11201766998855290000,1875530528517637578756277174570810,5704204593123150050,201451,25527436,29
-19587232994,10982841165435870156,1875682997671813719492996036369185,5704204593123150050,201453,25527437,28
-899402380,504350634404981820,1875689999313144738027969360975366,5704204593123150050,201453,25527438,240
-4863855244,2727530201137885595,1875727864216815214468989991179431,5704204593123150050,201453,25527439,81
2522078,-1412933215151638,1875727844591975227699738324889705,5704204593123150050,201453,25527450,111
-8826885,4950000000000000,1875727913310287894105706981160692,5704204593123150050,201453,25527453,49
-81722,45828795206139,1875727913946505566449158052814793,5704204593123150050,201453,25527453,172
-32821045808,18408114068814098432,1875983464358259027817472835390424,5704204593123150050,201456,25527459,12
-415905464,233298218179764036,1875986703117835066690619592656425,5704204593123150050,201456,25527459,175
-39219771,22000000000000000,1875987008532558028494924731638591,5704204593123150050,201456,25527459,413
-13612513120,7636257053600420864,1876093018774943960156124222618036,5704204593123150050,201457,25527462,52
-4323276443,2425423435993701300,1876126689685251645782429100547077,5704204593123150050,201457,25527464,172
-14274838414,8009018472061324227,1876237874783335308625694391406215,5704204593123150050,201459,25527464,272
23864090,-13376553968112681,1876237688990596923307637001018630,5704204593123150050,201459,25527465,176
135910,-76181691373872,1876237687932476491923179446997746,5704204593123150050,201459,25527465,180
22390726352,-12549521743778159661,1876063382202034946336603763115840,5704204593123150050,201457,25527466,13
6715656173,-3763526657714672591,1876011108953977950019048111482802,5704204593123150050,201456,25527467,32
415277349,-232719051057048981,1876007876618514467250115468607508,5704204593123150050,201456,25527467,266
340961085,-191072042168257062,1876005222736354088678064143738008,5704204593123150050,201456,25527469,164
1328905,-744707060258589,1876005212392795923387380318981806,5704204593123150050,201456,25527477,305
-55904414691,31367000000000000000,1876440126510620454279882002082746,5732020313859088863,201461,25527478,118
16141083,-9049522900595108,1876440001427834318408619256945740,5732020313859088863,201461,25527482,172
-178408,100125129078997,1876440002811074990857521248855271,5732020313859088863,201461,25527486,281
-51853370110,29107000000000000000,1876842119508684482869060717175076,5732020313859088863,201465,25527488,543
11775270170,-6604331587408174669,1876750834232698957577029542056177,5732020313859088863,201464,25527489,5
88813698,-49810013513328285,1876750145757147688152471085749874,5732020313859088863,201464,25527490,576
65634528110,-36800284379439414927,1876241060333403813215463360430080,5704204593123150050,201459,25527491,15
9038891,-5066592889170148,1876240989961305782102248929913218,5704204593123150050,201459,25527492,132
50588794,-28356661586990817,1876240596103379422902716127826320,5704204593123150050,201459,25527492,209
35384291888,-19831128803065360576,1875965152985938517681607431028338,5704204593123150050,201456,25527494,11
20265617989,-11355244834252512884,1875807435083568392133922347124071,5704204593123150050,201454,25527495,12
2496502853,-1398710082653497237,1875788007794815038172379599434534,5704204593123150050,201454,25527495,261
500000000,-280130402003147361,1875784116942610710093739415407234,5704204593123150050,201454,25527496,133
-22477925142,12607253426504300000,1875959136979545485950007352690498,5704204593123150050,201456,25527498,9
-15159161535,8503687500000000000,1876077189314180315870328104890919,5704204593123150050,201457,25527498,42
-59932097229,33630000000000000000,1876543017766821628536747697415158,5732020313859088863,201462,25527501,124
11224867242,-6293638014442837087,1876456026907035487345824586979035,5732020313859088863,201461,25527501,134
6317158137,-3541692343592674776,1876407073525643024917980625798531,5732020313859088863,201460,25527504,34
2247372062,-1259936625173776670,1876389658642542281656878561775373,5732020313859088863,201460,25527509,236
-187104773,105000000000000000,1876391109230141450127047649767044,5732020313859088863,201460,25527514,187
9628378184,-5397668803759512527,1876316437514738458839805917264432,5704204593123150050,201459,25527515,9
4875000000,-2732760879229223361,1876278481017996876684834734608058,5704204593123150050,201459,25527518,182
5352402697,-3000249426846041854,1876236809257229379480549352915691,5704204593123150050,201459,25527519,203
18253434469,-10230824447235117648,1876094708915502917698579352033032,5704204593123150050,201457,25527520,11
7732666133,-4333596519527209374,1876034517720794670756384793257670,5704204593123150050,201456,25527521,41
4994985142,-2799177772585840089,1875995638731120963684455600894388,5704204593123150050,201456,25527521,92
-226359929,126976000000000000,1875997401473841999960066933958003,5704204593123150050,201456,25527522,83
-5704629,3200000000000000,1875997445897801703495238590537227,5704204593123150050,201456,25527522,124
-24957752,14000000000000000,1875997640252625406461614588071332,5704204593123150050,201456,25527524,737
1049560928,-588157947686464835,1875989471072733167385386663791699,5704204593123150050,201456,25527527,70
14983002499,-8395687778522387770,1875872859737203983644352999830730,5704204593123150050,201455,25527532,20
1440385267,-807061269589578405,1875861650114480580890862849904287,5704204593123150050,201455,25527532,722
42448386560,-23779896157240693039,1875531360860902694627201626910686,5704204593123150050,201451,25527538,2
38783826878,-21719663390840446983,1875229684029116163422845620292548,5704097673332683821,201448,25527539,2
112628,-63063242148889,1875229683153187123671771001891875,5704097673332683821,201448,25527539,216
74828946102,-41885860162416193099,1874647901436595520135111294001117,5704097673332683821,201442,25527543,9
126571875,-70827194017636223,1874646917668651942825005232536768,5704097673332683821,201442,25527546,28
5988485,-3351039102366825,1874646871123749348467100636605643,5704097673332683821,201442,25527549,28
23426113090,-13107523042805283606,1874464811659611860272842738517119,5704097673332683821,201440,25527551,5
27196807758,-15214132354538195651,1874253523538464430944152733666449,5704991537834102862,201437,25527552,8
-35371793,19804863244959261,1874253798441303792201457768678406,5704991537834102862,201437,25527554,458
242,-134672313433,1874253798439433528264327992055714,5704991537834102862,201437,25527555,499
-45339815707,25390791796838375424,1874606260938563020890785235534528,5704097673332683821,201441,25527556,2
-30745269,17220926874316489,1874606500012344703056352527681746,5704097673332683821,201441,25527556,123
-24972981459,13989225035049443000,1874800708892989801292092130856680,5704097673332683821,201443,25527557,9
93591,-52380180076849,1874800708165445208383605325396186,5704097673332683821,201443,25527559,25
-419468018,235000000000000000,1874803970611137321505030860004859,5704097673332683821,201443,25527562,197
306612,-171602465861011,1874803968227631843215909743099366,5704097673332683821,201443,25527563,26
22568563471,-12629862915523503609,1874628543315768554455054272986601,5704097673332683821,201441,25527564,9
-23092869,12935000000000000,1874628722889109096936865504008572,5704097673332683821,201441,25527564,316
27794879039,-15551379125701453549,1874412725566161034492995925899920,5704991537834102862,201439,25527565,8
2521973,-1410894384655932,1874412705972342383462813235875743,5704991537834102862,201439,25527565,35
23218041188,-12987867650319084251,1874232336749690758269369992308986,5704991537834102862,201437,25527566,8
-12618293477,7065261415240943929,1874330406622724272667573674849091,5704991537834102862,201438,25527567,366
28876264922,-16151206689625853494,1874106106477856229359055983978180,5704991537834102862,201436,25527569,2
-508581065,284713125404181169,1874110058459024135076817861725327,5704991537834102862,201436,25527570,325
57768451951,-32299855821930648569,1873661493687406827176074110120083,5704991537834102862,201431,25527572,5
5840877387,-3264926986759389861,1873616151960922446477990148702208,5704991537834102862,201431,25527573,319
13127807506,-7337590209577411312,1873514252690260266942691705362805,5707789150446954679,201429,25527574,15
1645730100,-919799747693659835,1873501485217256267463493637329005,5707789150446954679,201429,25527575,347
61477415261,-34350793254189056481,1873024671838432757188323376653007,5707789150446954679,201424,25527576,5
39384787945,-21997247170844517358,1872719334442852607058629391576668,5707789150446954679,201421,25527577,5
302,-167939417262,1872719334440521488810797359902912,5707789150446954679,201421,25527577,1096
28067226724,-15671770786259974500,1872501791780610460329003611530230,5707259201485667544,201419,25527578,5
47117776762,-26300755050120015981,1872136684743800858367165404698471,5707259201485667544,201415,25527579,5
-19924068,11130410834591744,1872136839178888934426031403464414,5707259201485667544,201415,25527579,774
-468037143,261465489023240414,1872140467027530483246928205489182,5707259201485667544,201415,25527580,435
68647683829,-38300374626789974194,1871608608993541045966027800781542,5680306913604209667,201409,25527581,5
5600702847,-3123820855744580468,1871565038357272847879061019877650,5680306913604209667,201409,25527581,124
120076,-66970911414714,1871565037423171516032773769017822,5680306913604209667,201409,25527581,562
279135606,-155685516458983101,1871562865942371845119136225044947,5680306913604209667,201409,25527582,517
-10339940,5772778722140148,1871562946420059826448645543221231,5680306913604209667,201409,25527582,837
-1164370,650066700800848,1871562955482569864025093759856692,5680306913604209667,201409,25527582,1466
-39254642,21915834232564874,1871563261008860427441128178767036,5680306913604209667,201409,25527582,1612
-24966670895,13940316403362390000,1871756786681552479772393494055605,5711397814331448973,201411,25527586,2
217,-120274926080,1871756786679884033325545383592618,5711397814331448973,201411,25527586,257
-4031724813,2251412076922667008,1871788002515322545384285703963191,5711397814331448973,201411,25527587,27
-10373444557,5793126056294494816,1871868324226084185228376151227758,5711397814331448973,201412,25527587,73
-7586083340,4236818531099448320,1871927067728175731295315864458879,5711397814331448973,201413,25527588,35
-218411405,121986448520152960,1871928759070663304001986023123437,5711397814331448973,201413,25527590,276
-110624971770,61814254151016194048,1872785794903556054798690756458645,5711927763292736108,201422,25527592,2
-117010127799,65443731313692155904,1873693174258134934351190566901460,5709130150679884291,201431,25527593,2
502115,-280687426934730,1873693170362909481442711736697201,5709130150679884291,201431,25527593,281
575842,-321902133851232,1873693165895729035150605697555819,5709130150679884291,201431,25527593,408
-66766057152,37370666092766978048,1874211516103861599762017847855067,5709130150679884291,201437,25527594,11
-29270917277,16390199770608443392,1874438856538237040496664982363082,5709130150679884291,201439,25527595,61
-30671317678,17178618546437816320,1874677167601533599593805390376197,5708236286178465250,201442,25527597,12
2027537184,-1134597416522078495,1874661419818155722571494569223421,5708236286178465250,201442,25527597,190
101923421,-57035220118536135,1874660628190854041012854110080664,5708236286178465250,201442,25527598,20
-16964694040,9503420009634019328,1874792466117313798087774495311557,5708236286178465250,201443,25527598,23
-79461425913,44531145721754140672,1875410232211327817870961353015692,5708343205968931479,201450,25527610,2
-33755921,18923463530929716,1875410494725608103671506429215744,5708343205968931479,201450,25527612,1269
12103115276,-6777846034559896345,1875316421131490744041744226537887,5708236286178465250,201449,25527613,24
9093176,-5091998944646918,1875316350456469654640479506712548,5708236286178465250,201449,25527613,1086
49999607,-27998786591488735,1875315961843892483667884805899306,5708236286178465250,201449,25527616,86
-2675959311,1500000000000000000,1875336770848040958389311105066552,5708241576674271878,201449,25527627,54
-10114025894,5669683920114143585,1875415424058683023339453989511824,5708348578560756467,201450,25527629,377
-27738527676,15552004169732464640,1875631167827388840024431877111902,5708348578560756467,201452,25527632,9
-41389963628,23212531984398942208,1875953181574097132441641024224420,5708348578560756467,201455,25527636,11
-903734002,506925660621997608,1875960213854392499476676372361643,5708348578560756467,201456,25527639,234
-20742259922,11635866247542484992,1876121631354606866374121413322070,5708348578560756467,201457,25527640,13
-35643944454,20000000000000000000,1876399102382357523330206059919239,5706466579918417233,201460,25527643,13
155229514,-87025811452354355,1876397894122388570453126911274736,5706466579918417233,201460,25527649,87
-29419910150,16512098888972494848,1876627032263178084478120441006237,5706466579918417233,201463,25527660,12
848160369,-475615515860102603,1876620428852318293093670036090748,5706466579918417233,201463,25527668,25
11899551965,-6672455418201787358,1876527788971782966688391666435814,5706466579918417233,201462,25527669,269
673730399,-377762253294764255,1876522544148427456883872458543654,5706466579918417233,201462,25527670,57
271436847,-152194695099781859,1876520431088468495936688826250195,5706466579918417233,201462,25527675,94
1201875780,-673887876345233409,1876511074878730694242899513288149,5706466579918417233,201461,25527676,42
29992488910,-16814515962683513767,1876277640585917340074107615632016,5708348578560756467,201459,25527680,15
4640205881,-2601038204710377096,1876241539868739244788131245348077,5708348578560756467,201459,25527680,91
-17821011941,10000000000000000000,1876380280597173825138908889004625,5706466579918417233,201460,25527685,427
881867733,-494387196370565910,1876373416561681729310479146723665,5706466579918417233,201460,25527686,413
4423145,-2479666647527541,1876373382134172274883465701384561,5706466579918417233,201460,25527690,42
-26726772834,15000000000000000000,1876581536902076319968279124135548,5706466579918417233,201462,25527690,111
2408165957,-1350332072934902803,1876562788990838357468852233823254,5706466579918417233,201462,25527690,154
14098297294,-7904803812440465804,1876453039275787128127919191295822,5706466579918417233,201461,25527693,5
-26724503857,15000000000000000000,1876661194043691173212732614046809,5706466579918417233,201463,25527694,11
43078479029,-24153391884751962556,1876325851437066160365768045558462,5708348578560756467,201459,25527694,14
7012697105,-3931086566677571526,1876271290514397191449536572811878,5708348578560756467,201459,25527696,67
6387271,-3580388917547769,1876271240820929611502506279398638,5708348578560756467,201459,25527697,56
-26729683153,15000000000000000000,1876479376267403948758837356138502,5706466579918417233,201461,25527698,11
28068309209,-15735368227447260007,1876260930293490568114700874844334,5708348578560756467,201459,25527698,14
14673429170,-8224609709753977428,1876146778064394376966249734711717,5708348578560756467,201458,25527699,27
10686393036,-5989204678002842550,1876063651802038541584170185454040,5708348578560756467,201457,25527700,36
-26735599010,15000000000000000000,1876271737942915837958726166656753,5708348578560756467,201459,25527702,91
-14355514043,8055530081220252672,1876383505251730844445872266297968,5706466579918417233,201460,25527708,27
-26726484468,15000000000000000000,1876591660019634889530685689048955,5706466579918417233,201462,25527708,100
-25943962173,14564000000000000000,1876793764422285190371700534978647,5706466579918417233,201464,25527711,11
-11689021,6562500000000000,1876793855489996148391425140851100,5706466579918417233,201464,25527711,16
20993855777,-11773651009618763000,1876630390984857551113006116078424,5706466579918417233,201463,25527713,11
27254850262,-15281845955018126742,1876418218958983803013936723771646,5706466579918417233,201460,25527714,9
14142987831,-7928638231417668562,1876308145478846512845493681969434,5708348578560756467,201459,25527714,37
22978647153,-12879975466316458744,1876129379803383444798166092426560,5708348578560756467,201457,25527715,2
1448552618,-811859480784012582,1876118111722256815434744491897496,5708348578560756467,201457,25527715,80
11393361072,-6385212111936048738,1876029489134492550385860699776231,5708348578560756467,201456,25527716,137
-17733,9947798972467,1876029489272492490279436213304305,5708348578560756467,201456,25527719,292
-49830062,27953029312449345,1876029877048358854114726350962971,5708348578560756467,201456,25527724,3455
11119623833,-6231221742587528075,1875943391746683633799684825256478,5708348578560756467,201455,25527726,309
249250,-139668221123972,1875943389808179639343508246960121,5708348578560756467,201455,25527730,359
249250,-139668220835320,1875943387869675648893633510363332,5708348578560756467,201455,25527730,366
249250,-139668220546668,1875943385931171662450060603046388,5708348578560756467,201455,25527730,376
29126764,-16321319317619062,1875943159401883629805806935283740,5708348578560756467,201455,25527732,120
-250528,140525223913155,1875943161351307065806226980883983,5708348578560756467,201455,25527732,216
-243322,136483064011712,1875943163244656004826635790087507,5708348578560756467,201455,25527732,228
-250080,140274129204105,1875943165190596152226987079368173,5708348578560756467,201455,25527732,238
104488,-58549913331452,1875943164377961467295042956033519,5708348578560756467,201455,25527732,429
-49214811164,27610983426692749007,1876326195243767299479370617888014,5708348578560756467,201459,25527735,876
4689076470,-2628567811314244366,1876289712433569489744609159405579,5708348578560756467,201459,25527744,28
38808,-21753944395800,1876289712131638901905255701359258,5708348578560756467,201459,25527744,919
2675917086,-1500000000000000000,1876268893108039372503099024900757,5708348578560756467,201459,25527745,226
-176435,99000000000000,1876268894481407902293255096970232,5708348578560756467,201459,25527748,194
-176435,99000000000000,1876268895854776432083411169039707,5708348578560756467,201459,25527748,202
170426361,-95532303776565935,1876267569928585204258045574299128,5708348578560756467,201459,25527748,363
1830091500,-1025847214219083462,1876253331837010311862916508675029,5708348578560756467,201459,25527748,503
152087,-85250305539313,1876253330653791563269545204172055,5708348578560756467,201459,25527751,8
-33497,18795300415123,1876253330914527665270365225284018,5708348578560756467,201459,25527752,254
-32002669819,17959112458816598016,1876502524012100614572317477212529,5706466579918417233,201461,25527754,11
-50389735,28281244145356861,1876502916470488022198395925292794,5706466579918417233,201461,25527756,23
-12486773293,7008567444281773000,1876600174252468310124438863329713,5706466579918417233,201462,25527756,30
-8016716461,4500000000000000000,1876662620682839523649882890155009,5706466579918417233,201463,25527758,23
10000000,-5607845249163471,1876662542823928315951076076736710,5706466579918417233,201463,25527758,129
-7395560289,4151593465087396352,1876720154422205463770300836172198,5706466579918417233,201464,25527759,31
-8015691481,4500000000000000000,1876782600852576677295744862997494,5706466579918417233,201464,25527761,90
-413006114,231869271329513043,1876785818498867188951921809014147,5706466579918417233,201464,25527762,141
-11828260155,6640941477432349696,1876877974740993807419282345750851,5706466579918417233,201465,25527763,5
-9524909729,5348206298171191072,1876952191717040392513951536701157,5706466579918417233,201466,25527764,69
-6945245938,3900000000000000000,1877006311956695444236003026616413,5706466579918417233,201467,25527764,353
7852494536,-4405027144435627409,1876945152883634846169745801098826,5706466579918417233,201466,25527767,97
67196416696,-37683552157584853516,1876421957215590020251927038252389,5706466579918417233,201460,25527768,8
38049095757,-21328506799356082584,1876125901049680597506516918867717,5708348578560756467,201457,25527769,13
21455386210,-12023898266363957217,1875959017168503416245905769695320,5708348578560756467,201456,25527770,8
17845541,-10000000000000000,1875958878375012752716558058518929,5708348578560756467,201456,25527771,129
13691555082,-7671819672153197960,1875852398511808825150318338871408,5708348578560756467,201454,25527772,8
19468561280,-10907362953505454505,1875701011413983716631256484705675,5708348578560756467,201453,25527781,2
33994251068,-19041236132875265828,1875436731451040688544272013590528,5708348578560756467,201450,25527785,13
-215152439,120617280000000000,1875438404703328576297768867167888,5708348578560756467,201450,25527786,61
6050099069,-3388292052182867160,1875391377404606864144678850338128,5708241576674271878,201449,25527786,88
55976062824,-31340726737718587923,1874956380364285771119060885643156,5708241576674271878,201445,25527788,11
15954883158,-8930399444930763576,1874832429794780886103331968058869,5708236286178465250,201444,25527791,14
15768755864,-8825058639766212001,1874709941315843479677055601165823,5708236286178465250,201442,25527793,9
-1770865,992000000000000,1874709955077544311114425151225391,5708236286178465250,201442,25527797,25
-20051437543,11233311925839396864,1874865791244953201584960141346989,5708236286178465250,201444,25527800,9
-13181663669,7385711914493686514,1874968250879826633693962811642372,5708236286178465250,201445,25527801,56
-24347972920,13644339641318307840,1875157534468724157905279266936812,5708236286178465250,201447,25527802,13
-16400539691,9192237264021972992,1875285055455819985281081215202567,5708236286178465250,201448,25527804,9
-22656669876,12700753830055657472,1875461247680401890332728570094342,5708343205968931479,201450,25527806,34
28478545375,-15948004992391644938,1875239896695988581068301449131931,5708236286178465250,201448,25527807,3
-49112580679,27532960203199782912,1875621848399062433902706268349061,5708343205968931479,201452,25527807,14
-27970106888,15685309996184584000,1875839441645561837760548009942789,5708343205968931479,201454,25527808,2
30721420,-17212984733371349,1875839202740313396306074671393158,5708343205968931479,201454,25527811,82
-22853503494,12818677043525890048,1876017028843489339849913478811467,5708343205968931479,201456,25527814,3
-38876270634,21811534681003552768,1876319607666829673336032866768177,5708343205968931479,201459,25527815,11
-3788965609,2126175744796157653,1876349109232523862921827158327296,5706461207326592245,201460,25527815,173
-6780650227,3805124656054680064,1876401912938213256673561749788835,5706461207326592245,201460,25527816,59
-2389708277,1341093208768488602,1876420523285442006792339485951772,5706461207326592245,201460,25527818,117
-9795138219,5497264168997947000,1876496808807077870385339582076158,5706461207326592245,201461,25527819,63
-189799175,106524218654303619,1876498287043403627605410340962120,5706461207326592245,201461,25527820,345
-10812645929,6068842283295437824,1876582504353155246862022861224095,5706461207326592245,201462,25527828,5
82636354,-46337217488419026,1876581861010028175786622553217914,5706461207326592245,201462,25527829,236
-74711134,41935181827019220,1876582442944445410110212185654764,5706461207326592245,201462,25527829,250
48948813,-27447386623710259,1876582061866588397228131208162018,5706461207326592245,201462,25527835,126
39074475,-21910476621099913,1876581757662855219700074205852359,5706461207326592245,201462,25527836,313
-35327046,19828981342095424,1876582032829581556100166663946577,5706461207326592245,201462,25527836,333
-8503,4772713015882,1876582032895812483128939060291267,5706461207326592245,201462,25527836,526
-212079843,119040000000000000,1876583684813605836783852126116280,5706461207326592245,201462,25527838,18
-20586531239,11556177224736380928,1876744049857126420505628760800371,5706461207326592245,201464,25527847,2
-116907097714,65662863440817602560,1877655255738517193094828003747783,5706424593933971909,201474,25527850,5
-8868508535,4983750967617676288,1877724415682433172471108600820141,5706424593933971909,201474,25527852,33
37019,-20782905516850,1877724415393882716979592007000328,5706424593933971909,201474,25527852,301
-22783029092,12804844293734868992,1877902109327420266219859720242913,5706424593933971909,201476,25527853,90
-10636,5978362736280,1877902109410382523811962632118811,5706424593933971909,201476,25527853,297
-8987526526,5051964984338293000,1877972215966117860740738447677422,5706424593933971909,201477,25527861,64
-19484394323,10953638916646475776,1878124220562269117373964306578175,5706424593933971909,201479,25527867,8
-40370143854,22700729187305537536,1878439306078892239682083624566512,5704814868235445856,201482,25527868,2
-27770817719,15620364490355623936,1878656132394654586938203242680527,5704814868235445856,201484,25527872,2
-8887944561,5000000000000000000,1878725537406264982093405750904320,5704814868235445856,201485,25527872,193
-54062,30414535663691,1878725537828449222266053879706995,5704814868235445856,201485,25527873,490
-8954985436,5038088145177764406,1878795471541691273652213518364747,5704814868235445856,201486,25527875,197
3066683,-1723659301449817,1878795447603603463849271857197201,5704814868235445856,201486,25527875,249
-26657910107,15000000000000000000,1879003662638434649314879381868581,5704814868235445856,201488,25527876,53
103034,-57923848313998,1879003661833991354717218339050907,5704814868235445856,201488,25527877,268
-8988722123,5058566587160201000,1879073879808534116866459211924505,5704814868235445856,201489,25527878,183
-12927,7275175832888,1879073879909520849496294625175105,5704814868235445856,201489,25527879,178
-44413404929,25000000000000000000,1879420884701708455322934412344787,5705235902238694106,201492,25527880,170
110125132,-61938112935536381,1879420024572002765507845078622713,5705235902238694106,201492,25527881,117
-44397048376,25000000000000000000,1879767024020360081375501997952572,5705235902238694106,201496,25527883,193
-49941056307,28132868739870822000,1880157555995523407208939546879289,5701375841153292354,201500,25527885,51
-39467084350,22240928608401760256,1880466468598616279576887451235039,5701375841153292354,201504,25527886,16
-52443761639,29565000000000000000,1880877107977539994027611791081916,5701375841153292354,201508,25527886,248
390846466,-220165849121121456,1880874048481698946172794123267427,5701375841153292354,201508,25527886,271
-15116,8523428961570,1880874048600084049337999965772697,5701375841153292354,201508,25527886,450
44809756,-25241523061101828,1880873697835716480826174903153744,5701375841153292354,201508,25527887,67
20000000,-11266080681873407,1880873541278615873734078249657616,5701375841153292354,201508,25527895,137
1050115898,-591531887117249795,1880865321160211012577938848574269,5701375841153292354,201508,25527896,95
12652652733,-7126852150730068556,1880766284117899668036475417049154,5701375841153292354,201507,25527897,84
4147210092,-2335833236005375493,1880733824623843402037351939203218,5701375841153292354,201506,25527898,129
44712290041,-25178184608618064296,1880383940427894267370973776981729,5701375841153292354,201503,25527900,9
3064658,-1725435040929908,1880383916450690932719666416977974,5701375841153292354,201503,25527900,708
6378468641,-3591051104922041814,1880334014043190598558401469349888,5701375841153292354,201502,25527901,4
27093258325,-15251266860203742632,1880122077506639762903182092830689,5701375841153292354,201500,25527902,9
32769324234,-18441831219560565279,1879865952872402712969483997735695,5705235902238694106,201497,25527903,2
17048059533,-9592273952216288981,1879732745718029074056292769114800,5705235902238694106,201496,25527904,5
84468981407,-47507333052463253895,1879073009710194792418966891955365,5704814868235445856,201489,25527906,2
18698727897,-10512094558766623971,1878927018305512297316835195580446,5704814868235445856,201487,25527907,5
9949978448,-5593036320534150088,1878849342517465467004546108450598,5704814868235445856,201486,25527909,83
-18825037505,10592824696626001920,1878996381541676708644720275263397,5704814868235445856,201488,25527916,21
-177700953,100000000000000000,1878997769641908916547824325427872,5704814868235445856,201488,25527916,231
-1242280275,699088882816904485,1879007473696314637634592754675088,5704814868235445856,201488,25527917,161
-4968992790,2796355531267617941,1879046289913937521981722023449134,5704814868235445856,201488,25527917,169
-3366806793,1894773341398557844,1879072591267089288807789641009287,5704814868235445856,201489,25527919,15
183995,-103446728766909,1879072589830426675276069489798323,5704814868235445856,201489,25527922,276
-28235645178,15892559522510571520,1879293183644953876063433169311365,5705235902238694106,201491,25527923,9
-563899285,317431245991966599,1879297589583643899577158260478677,5705235902238694106,201491,25527940,86
6295660,-3540429795656737,1879297540417973622811073472045110,5705235902238694106,201491,25527940,129
32320355247,-18173246669188441049,1879045162506874678999128253399040,5704814868235445856,201488,25527942,40
6170555593,-3469055131661403608,1878996984455510985029906407176293,5704814868235445856,201488,25527942,194
13358250,-7509747096927266,1878996880160546612169823860828892,5704814868235445856,201488,25527942,217
3986010000,-2240819834435680215,1878965759775028690782176869967623,5704814868235445856,201488,25527943,30
119867270,-67384771457581056,1878964823938941571775221951037962,5704814868235445856,201488,25527943,49
-87788916,49400936488257177,1878965509673455678151823318735688,5704814868235445856,201488,25527943,452
474481,-266734613961767,1878965505969059684372790185986941,5704814868235445856,201488,25527946,59
29459667936,-16559069744299859049,1878735534497751935528123492225607,5704814868235445856,201485,25527947,2
3736884375,-2100186430654839659,1878706367221393037377838013033751,5704814868235445856,201485,25527947,82
16389159982,-9210189595243000686,1878578456602925447359277061550496,5704814868235445856,201483,25527948,10
24540512095,-13788647028699169275,1878386960613507036853551438832852,5704814868235445856,201481,25527949,13
45964272053,-25818513980620835465,1878028444860857922769193899611935,5706424593933971909,201478,25527950,13
14391565502,-8081836354540413570,1877916236413419245118824255095386,5706424593933971909,201476,25527951,4
985042721,-553132726377478181,1877908556702802552086561973634256,5706424593933971909,201476,25527951,188
11777099,-6613186957374591,1877908464885125410947079551715258,5706424593933971909,201476,25527952,305
39666885898,-22270453623879346555,1877599261269107293781600687235953,5706424593933971909,201473,25527953,2
24615202746,-13816196069093840302,1877407436807139511106077012997970,5706424593933971909,201471,25527955,46
92393583193,-51834152185583917610,1876687773677458510572198681249692,5706461207326592245,201463,25527956,11
3786975,-2123733671293707,1876687744191668572976075287515935,5706461207326592245,201463,25527971,24
-5335421344,2995162640383427770,1876729308056416871855935889448779,5706461207326592245,201464,25527971,128
9821141200,-5507711234425704181,1876652839326514272336994979078263,5706461207326592245,201463,25527972,5
21838398964,-12245399568546130880,1876482824938994516806826468495306,5706461207326592245,201461,25527973,13
30276063558,-16972963847575875499,1876247200584700597708566208993125,5708343205968931479,201459,25527974,2
-2834620074,1590516263635777809,1876269264898220623461836456761179,5708343205968931479,201459,25527974,258
18574091636,-10410895715516347655,1876124768306494061323866285681930,5708343205968931479,201457,25527981,2
-8020111457,4499625000000000000,1876187189005352932523542827964860,5708343205968931479,201458,25527985,17
15829634383,-8871934832469097460,1876064052209025089253093622023326,5708343205968931479,201457,25527985,61
5608637321,-3143158004667567791,1876020427180848539167178768968126,5708343205968931479,201456,25527985,196
15148100356,-8488474644974036941,1875902612567325128745789434592062,5708343205968931479,201455,25527986,5
-5216347100,2925866384597627988,1875943201421839507779595041307831,5708343205968931479,201455,25527990,26
-3565547024,2000000000000000000,1875970946266736080804981175611436,5708343205968931479,201456,25527991,21
-207233117,116243795765637323,1875972558849777934064835983449683,5708343205968931479,201456,25527991,273
12126409,-6795301887165995,1875972464535322263824459259412320,5708343205968931479,201456,25527993,11
-4462693613,2503318240141232706,1876007191623472004148181972636925,5708343205968931479,201456,25527995,76
365000000,-204543101087242282,1876004352695700953825782018075945,5708343205968931479,201456,25527997,9
-2016106,1130938745767865,1876004368384560998252901453714252,5708343205968931479,201456,25527998,177
-8434836793,4731704383140890624,1876070008586664337630096606383509,5708343205968931479,201457,25528005,76
-13552126017,7603052026718611167,1876175481336275279158335004721886,5708343205968931479,201458,25528007,82
-13539092297,7596593515492343808,1876280864490690102904814165478699,5708343205968931479,201459,25528009,37
-3439517280,1930000518608846848,1876307638273209656883197967830354,5708343205968931479,201459,25528010,302
-57173477207,32089562015044514126,1876752937730502503268669039050752,5706461207326592245,201464,25528011,13
-5008538453,2811850876600000000,1876791957778346191207354506430261,5706461207326592245,201464,25528013,154
-4875670633,2737369674916800000,1876829944250733470877625290423717,5706461207326592245,201465,25528017,169
-41645364888,23385660514738159616,1877154467005384209774985452899155,5706461207326592245,201468,25528018,51
-3450192132,1937793784102075811,1877181357765060018997536912379201,5706461207326592245,201469,25528018,442
-6920237,3886793935108807,1877181411702090097167130827590368,5706461207326592245,201469,25528020,391
-4933077316,2770750000000000000,1877219861393168177134791925831759,5706461207326592245,201469,25528021,199
19957982,-11198774568874049,1877219705910058896692751715872492,5706461207326592245,201469,25528023,39
6764580,-3795723943983665,1877219653210457065155947054154132,5706461207326592245,201469,25528023,53
637692,-357820055092148,1877219648242505046257506259284113,5706461207326592245,201469,25528024,48
-23560172719,13234549821313798144,1877403304925495494985901887221121,5706424593933971909,201471,25528025,2
11253,-6315281063599,1877403304837813951807011999805403,5706424593933971909,201471,25528025,219
-1762227,990000000000000,1877403318576129714712937841936945,5706424593933971909,201471,25528036,95
235000000,-131888288367064764,1877401487435356281604359568031995,5706424593933971909,201471,25528041,152
2500000,-1403065514470702,1877401467955154489958465001199512,5706424593933971909,201471,25528049,353
1050115785,-589349922817887183,1877393285403945030309168607557472,5706424593933971909,201471,25528051,347
10937580,-6138402555504909,1877393200178188124224690503556748,5706424593933971909,201471,25528058,167
3070863,-1723433251368834,1877393176249991497025569754193850,5706424593933971909,201471,25528059,231
26157247351,-14678409311952470468,1877189381300239260987221597558785,5706461207326592245,201469,25528062,9
1975079,-1108215385522797,1877189365913843826934601499772427,5706461207326592245,201469,25528062,59
-19847432832,11148446041012121600,1877344073359660950994365888626770,5706424593933971909,201470,25528067,22
-12478361993,7010126739950010368,1877441353495712893981729403578282,5706424593933971909,201471,25528069,50
-5697859856,3201200178897024001,1877485776827912851814620303798315,5706424593933971909,201472,25528070,92
-13383135089,7519575847824556032,1877590126633367937460695015896254,5706424593933971909,201473,25528071,4
-6465574737,3633108914349644800,1877640543600505678632795502804707,5706424593933971909,201473,25528073,71
-6406310779,3600000000000000000,1877690501112370791090403253867048,5706424593933971909,201474,25528076,113
-7046754,3960000000000000,1877690556065633842714106622393216,5706424593933971909,201474,25528079,30
-160978814,90463855471890998,1877691811440393037384392818160971,5706424593933971909,201474,25528080,60
-50585,28427107500000,1877691811834878470779414299273396,5706424593933971909,201474,25528088,142
-7180137943,4035082307074827776,1877747807021609691906569878660773,5706424593933971909,201475,25528090,25
-7704402677,4329975425272912896,1877807894465688502158101930952413,5706424593933971909,201475,25528094,41
315484501,-177134603886405583,1877805435123774384793262263303834,5706424593933971909,201475,25528094,221
107069736,-60116176759775102,1877804600469054313184545815735743,5706424593933971909,201475,25528096,312
-96801241,54405139967596469,1877805355453894717158031712434675,5706424593933971909,201475,25528096,329
-2930304419,1646937834474368000,1877828210152896621562500422440928,5706424593933971909,201475,25528098,60
-7129749281,4007346274340638208,1877883820444298840072183336467505,5706424593933971909,201476,25528099,7
-9324206124,5241120685015949767,1877956551930078887472763196197139,5706424593933971909,201477,25528100,156
298382120,-167558694296351931,1877954225540367806167469170434001,5706424593933971909,201477,25528100,181
-71159325,40000000000000000,1877954780623832974083664812112471,5706424593933971909,201477,25528100,194
-19335997122,10870005174097504256,1878105624627293754604295518759685,5706424593933971909,201478,25528101,2
-56008567618,31495869360111353856,1878542790257869868301587895580377,5704814868235445856,201483,25528103,2
-16424177700,9238756068090384384,1878671033452304152665821852726868,5704814868235445856,201484,25528104,183
-9921,5581345170000,1878671033529778817930916436983051,5704814868235445856,201484,25528104,410
-29008919320,16320874727934621696,1878897583629775639388652339264795,5704814868235445856,201487,25528106,15
-4832225667,2719068707455347693,1878935327028817719499517203466632,5704814868235445856,201487,25528106,154
-17323734957,9748875094489346048,1879070651186641984545142636417885,5704814868235445856,201489,25528107,93
-6328065035,3561448040031441926,1879120087655155624804400939139072,5704814868235445856,201489,25528109,106
6661050,-3745202907690307,1879120035641978778074743472036638,5704814868235445856,201489,25528109,513
86850,-48831450304353,1879120034963810218729856223828813,5704814868235445856,201489,25528109,517
-78010,43905787106206,1879120035573266551503796832990365,5704814868235445856,201489,25528109,614
-55426,31194983736615,1879120036006284193188957639030722,5704814868235445856,201489,25528110,258
-6403084769,3603859848233297920,1879170059439066672263211272816749,5705235902238694106,201490,25528110,1141
-24862026282,13994958485347418112,1879364309154034635899482310779932,5705235902238694106,201492,25528111,2
-27399493759,15426663286191593472,1879578430900046737520845888437223,5705235902238694106,201494,25528114,6
-9032873217,5086524804403167591,1879649031752094085646733866434560,5705235902238694106,201495,25528116,48
-41511277312,23380437621863759872,1879973551710379659997206708854987,5705235902238694106,201498,25528117,9
-4044172477,2278234830170806272,1880005173559551567716281415905104,5705235902238694106,201499,25528118,50
-51639252910,29097079444256972800,1880409259055827266828953960348339,5701375841153292354,201503,25528120,2
-6636299021,3740250937500000000,1880461208804584034652911478009977,5701375841153292354,201503,25528125,18
13963684,-7862349962936237,1880461099546826264814977807086158,5701375841153292354,201503,25528127,60
-5535936716,3120239046656989083,1880504437717778835384006013969815,5701375841153292354,201504,25528127,273
3451938002,-1943699420524033944,1880477427442038618819583816300540,5701375841153292354,201504,25528131,67
31719469598,-17857821650043459032,1880229269377168053734680448052596,5701375841153292354,201501,25528132,2
294210000,-165615945167419867,1880226967924433791685941794383254,5701375841153292354,201501,25528133,127
5332918401,-3001922588623396031,1880185252237320172962230543519526,5701375841153292354,201501,25528134,1286
-19753653953,11131212388018880512,1880339857823035851280589858942569,5701375841153292354,201502,25528138,63
-7901507353,4453023340799523840,1880401707535161632457712476933600,5701375841153292354,201503,25528140,18
-11026276770,6214527758842049293,1880488023443133730621657938540281,5701375841153292354,201504,25528141,262
-712833177,401780052477164553,1880493603917045895690199669043056,5701375841153292354,201504,25528141,270
6772301066,-3813215685518415902,1880440614238685543576174549373531,5701375841153292354,201503,25528150,69
603248730,-339655148434403626,1880435894280898385307440075284976,5701375841153292354,201503,25528152,19
-35563633594,20046821708083113984,1880714332109939538238322549194937,5701375841153292354,201506,25528154,9
-34905765610,19681762725636419584,1880987699497789335384861813671456,5701375841153292354,201509,25528155,12
-6423026402,3622273764029219840,1881038046151812840592423763451458,5684151773393080272,201510,25528157,17
-6245258828,3522207719246755664,1881087115657288094076934655940161,5684151773393080272,201510,25528158,73
-9270,5228240846448,1881087115730125136434991153007536,5684151773393080272,201510,25528158,256
-230497958,130000000000000000,1881088926820276613119161644131572,5684151773393080272,201510,25528160,732
-3929692198,2216370450000000000,1881119804102538297324234407895427,5684151773393080272,201510,25528161,150
-32048229,18075696954088449,1881120055923436255991052639982924,5684151773393080272,201510,25528161,420
-28368009,16000000000000000,1881120278826839514659873623505882,5684151773393080272,201510,25528165,142
-984991608,555552980816873279,1881128018492471675847884264375884,5684151773393080272,201511,25528166,77
71656938487,-40363511394581356328,1880566806740293426164726108544744,5701375841153292354,201505,25528170,2
441226550,-248463159122774602,1880563354015881242051394787137275,5701375841153292354,201505,25528173,272
84357,-47502499668530,1880563353355771144343672804564341,5701375841153292354,201505,25528176,517
19935063672,-11224866156988239208,1880407368985530638601927318325143,5701375841153292354,201503,25528181,9
5378444094,-3028129608846525597,1880365289117188645936493285406195,5701375841153292354,201502,25528181,711
-1118381736,630281520000000000,1880374043333725763971604007612171,5701375841153292354,201503,25528185,74
30225864353,-17015167986590208054,1880137595056676836263130643456668,5701375841153292354,201500,25528186,82
28898519800,-16263960412533599110,1879911703844247196998866651445412,5705235902238694106,201498,25528187,2
4441037989,-2499050343879309928,1879876999728559621968728407495793,5705235902238694106,201497,25528188,64
536991097,-302168101012393671,1879872803543892789420360034818660,5705235902238694106,201497,25528188,204
7992460961,-4497246123226234662,1879810350640485622604650171821028,5705235902238694106,201497,25528189,28
7126970413,-4009994661763351174,1879754664159823384914361244396168,5705235902238694106,201496,25528190,51
12798197876,-7200318236773984372,1879654673906450390663782669287344,5705235902238694106,201495,25528191,3
16773145453,-9435480174794360800,1879523644134939033645411716227295,5705235902238694106,201494,25528192,21
11007659020,-6191477774912660956,1879437663569759993131024095283065,5705235902238694106,201493,25528193,9
400000000,-224977326685206344,1879434539327308660655179439658180,5705235902238694106,201493,25528193,225
-39346,22152306883754,1879434539634782191395362088469364,5705235902238694106,201493,25528193,741
29808093104,-16763258302288468609,1879201749584414395740361423162283,5705235902238694106,201490,25528194,6
-106550128572,60000000000000000000,1880034548260471953822738029553945,5705235902238694106,201499,25528198,101
101486222469,-57092517196911002255,1879241708961916328513817034712536,5705235902238694106,201491,25528199,2
6878295149,-3867740351118796797,1879187997955684110257871991715314,5705235902238694106,201490,25528200,311
9834401247,-5529607015466230915,1879111206148480122094517634089134,5704814868235445856,201489,25528201,20
623055530,-350311364356177379,1879106341043065335929718571935175,5704814868235445856,201489,25528201,224
31970757217,-17973041490258148915,1878856732408086750503366557358798,5704814868235445856,201486,25528202,79
-1175000,661124472338323,1878856741585157086214884388318252,5704814868235445856,201486,25528202,149
-37883738,21315634872347992,1878857037467534245866131679718696,5704814868235445856,201486,25528202,419
-33224690,18694183689556771,1878857296961541449975609335712507,5704814868235445856,201486,25528214,55
-24310650552,13680000000000000000,1879047189073307491120243398212805,5704814868235445856,201488,25528215,6
-6000818552,3377184112474083934,1879094067773814832290869991255860,5704814868235445856,201489,25528219,79
20132849477,-11318518607654914433,1878936876795250197384882928433389,5704814868235445856,201487,25528236,9
18711790537,-10517913487212893150,1878790804577601944729777561983720,5704814868235445856,201486,25528238,24
17297083961,-9721251236871912832,1878655796362501862013778629415005,5704814868235445856,201484,25528239,14
36345981914,-20422499728868668113,1878372169783053053245473334567244,5704814868235445856,201481,25528240,9
33112038799,-18600007387912614850,1878113880155046895845344014475257,5706424593933971909,201479,25528241,2
-551389917,310000000000000000,1878118182051901947195860237483403,5706424593933971909,201479,25528241,93
41697434918,-23415510032685973358,1877793080439905513060988486042221,5706424593933971909,201475,25528242,2
63089433943,-35412941467744585565,1877301406146216061917957217664792,5706424593933971909,201470,25528243,2
-19674281097,11052496796376965120,1877454782601728317379435688687380,5706424593933971909,201471,25528245,5
-10640121866,5978094803217255439,1877537741141190121035267087871251,5706424593933971909,201472,25528246,27
-7020169480,3944533455405508506,1877592479773662552627581978268222,5706424593933971909,201473,25528250,39
-5600000000,3146725327100547931,1877636147153625018044934307795556,5706424593933971909,201473,25528252,108
-467758835,262847440652961377,1877639794710329222145078106131598,5706424593933971909,201473,25528261,70
-29453012580,16552570468897128448,1877869496164662010581284679927273,5706424593933971909,201476,25528262,2
-23772765187,13363229735749500928,1878054938861350879832423432188075,5706424593933971909,201478,25528263,2
-10131025795,5695689655521503119,1878133978440113578104201672654848,5706424593933971909,201479,25528266,468
-7937787899,4462980455572274074,1878195911606519971682944513527575,5706424593933971909,201479,25528267,58
-6652764069,3740709158923531776,1878247833270140376444248552498867,5704814868235445856,201480,25528268,35
-8902981,5006097337665147,1878247902759789145127798430974975,5704814868235445856,201480,25528270,123
-1100791728,618972000000000000,1878256494711558447029799632359034,5704814868235445856,201480,25528272,550
1920187500,-1078632753585458390,1878241514717804379748951157920511,5704814868235445856,201480,25528279,124
10560892806,-5932094878055739108,1878159143606434843261204079162655,5706424593933971909,201479,25528282,9
24467887265,-13741709400799645872,1877968353319503217529185679650630,5706424593933971909,201477,25528285,9
11762103988,-6604865485703870369,1877876651297680858423498544318030,5706432046829865886,201476,25528287,12
13230178065,-7428473725432897544,1877773514290401765633504968950388,5706432046829865886,201475,25528288,2
12487634317,-7010802108521740148,1877676176240241704201642257222083,5706432046829865886,201474,25528289,56
346420382,-194476815183724277,1877673476122095691686870685539952,5706432046829865886,201474,25528289,102
-2465795737,1385669705358700225,1877692705155522262826277949908096,5706432046829865886,201474,25528292,55
66626,-37403472972078,1877692704636212050961751338854224,5706432046829865886,201474,25528299,329
-71179148,40000000000000000,1877693259718952251114480361710193,5706432046829865886,201474,25528301,324
87321382,-49022264301536725,1877692579093319451886578726119588,5706432046829865886,201474,25528302,1339
-277592073,155996400000000000,1877694743866048785864208169645813,5706432046829865886,201474,25528304,220
-71178994,40000000000000000,1877695298948788986016937192501782,5706432046829865886,201474,25528304,562
-71178952,40000000000000000,1877695854031529186169666215357751,5706432046829865886,201474,25528307,1406
3287847234,-1845779544388198872,1877670227208935279444632922689482,5706432046829865886,201474,25528317,74
-71180853,40000000000000000,1877670782291675479597361945545451,5706432046829865886,201474,25528319,458
7129216206,-4002132484898738194,1877615216642191696756982648203414,5706432046829865886,201473,25528323,8
-53388772,30000000000000000,1877615632954246846871529415345391,5706432046829865886,201473,25528326,475
-177962402,100000000000000000,1877617020661097347253351972485315,5706432046829865886,201473,25528333,703
8440777811,-4738107502674878955,1877551236726731472458782936570211,5706432046829865886,201473,25528337,255
509997083,-286268787161680043,1877547262167881760611346017417268,5706432046829865886,201472,25528338,55
18214180,-10223861476165305,1877547120219681570100685356207312,5706432046829865886,201472,25528338,89
-177975390,100000000000000000,1877548507926532070482507913347236,5706432046829865886,201472,25528339,202
15732324007,-8830198901946776101,1877425909352169764423963222982487,5706432046829865886,201471,25528344,68
233637580,-131126818066755222,1877424088786049548781580574186196,5706432046829865886,201471,25528344,154
-177998717,100000000000000000,1877425476492900049163403131326120,5706432046829865886,201471,25528345,499
11035023715,-6193019178850790466,1877339492549530649550769894200859,5706432046829865886,201470,25528347,43
17642389320,-9899992521550521413,1877202041373656432311845915158773,5706468660222486222,201469,25528349,15
-178040829,100000000000000000,1877203429071603237819557055870348,5706468660222486222,201469,25528349,362
4236729993,-2377220463629723702,1877170423929467339823549512557198,5706468660222486222,201468,25528352,149
-178046827,100000000000000000,1877171811627414145331260653268773,5706468660222486222,201468,25528352,845
3070864,-1723027370560484,1877171787705037512850242826232688,5706468660222486222,201468,25528353,230
3196754292,-1793639516031585955,1877146884954925394227300240342763,5706468660222486222,201468,25528355,168
4277586554,-2400000000000000000,1877113563543496347518878652471011,5706468660222486222,201468,25528362,384
105856030,-59390931110582889,1877112738964475226726206410412889,5706468660222486222,201468,25528365,65
19759923457,-11085466975366605736,1876958829211988018116826332062665,5706468660222486222,201466,25528366,5
15460109984,-8671971536513734411,1876838428240542536244016935929099,5706468660222486222,201465,25528367,5
27212117063,-15261270953399258789,1876626541953722379319806648770679,5706468660222486222,201463,25528368,2
68514784736,-38409638125668138191,1876093343547985962000480544159700,5708350658864825456,201457,25528369,15
479001011,-268452889696293904,1876089617597979850873563969993193,5708350658864825456,201457,25528369,184
34504310,-19337666466695335,1876089349203854642270476893919237,5708350658864825456,201457,25528370,442
-31195181,17500588152359281,1876089591979089614399404241205702,5708350658864825456,201457,25528370,462
54838,-30732809812045,1876089591552538374677055264011974,5708350658864825456,201457,25528375,529
55496926466,-31095660879102039384,1875658004178032570361944287261259,5708350658864825456,201452,25528376,9
56781320856,-31800520101891571620,1875216630536231892657695006065997,5708243739074359227,201448,25528377,9
253,-141082633685,1875216630534273721573825317081113,5708243739074359227,201448,25528380,146
-18156753057,10177282033986865546,1875357816550166489060815088383516,5708243739074359227,201449,25528386,57
54881,-30732809812045,1875357816123607259706057453864582,5708243739074359227,201449,25528387,980
-29327952873,16442236412663732224,1875585910114515722005066176513645,5708350658864825456,201452,25528388,14
-2865304,1606581154796675,1875585932401659100382049373845558,5708350658864825456,201452,25528388,227
-678690531,380544088883830038,1875591211463127875748062775146551,5708350658864825456,201452,25528390,149
-7382413078,4139482500000000000,1875648636038110804821475775028805,5708350658864825456,201452,25528390,272
-18550828043,10402978927067975680,1875792950368088826472726881128864,5708350658864825456,201454,25528391,18
-43447847608,24371057125895356416,1876131035526641671136177704865766,5708350658864825456,201457,25528392,9
-4914843183,2757419799598222848,1876169287569026544464377573969995,5708350658864825456,201458,25528394,389
-6238134388,3500000000000000000,1876217840984203502394975299552332,5708350658864825456,201458,25528395,144
-33518141230,18808964334584537088,1876478815663351703630887796866256,5706468660222486222,201461,25528398,22
-35635640,20000000000000000,1876479093202941064732430025008571,5706468660222486222,201461,25528398,110
-32123642276,18031347482019037184,1876729313841730409525145944485428,5706468660222486222,201464,25528402,2
-31562192542,17720883767334995968,1876975226181925507768361007186459,5706468660222486222,201466,25528403,2
-9932129143,5577446086640539648,1877052624286754002675769780646354,5706468660222486222,201467,25528417,10
-176288485,99000000000000000,1877053998107721340128403809950813,5706468660222486222,201467,25528419,30
-4003957164,2248579302763232744,1877085201596538079110101650173588,5706468660222486222,201468,25528420,46
32902909,-18459750740710158,1877084945302809200421380773696924,5706468660222486222,201468,25528427,526
-347977676,195424000000000000,1877087657197644765616770193321113,5706468660222486222,201468,25528429,286
6206339975,-3481906589736043206,1877039314680130555767370484255651,5706468660222486222,201467,25528430,25
1212076,-679985847655241,1877039305239260474246796747855305,5706468660222486222,201467,25528430,175
14382407178,-8068188307202958416,1876927287146730751882653753868690,5706468660222486222,201466,25528431,9
14919283886,-8368345853235043854,1876811101690415667791346654533166,5706468660222486222,201465,25528436,591
-3045104014,1709648317621452288,1876834826445016895589822544143959,5706468660222486222,201465,25528442,417
-32851608290,18447011059929171868,1877090815238742517633442035793920,5706468660222486222,201468,25528443,13
-61293,34422543410810,1877090815716423445783478728368103,5706468660222486222,201468,25528444,79
117041794,-65665152798263984,1877089904026601386545149963776994,5706468660222486222,201468,25528444,205
14570670781,-8174233994522929990,1876976413604081053841669639054868,5706468660222486222,201466,25528452,5
54056685904,-30317492119707962543,1876555487925573691166072288553565,5706468660222486222,201462,25528454,9
44388243,-24889393761098609,1876555142363186302368142358814738,5706468660222486222,201462,25528454,132
35889162144,-20120786649393937735,1876275804758492917747338986345283,5708350658864825456,201459,25528455,2
749391637,-420072721050605427,1876269974424688963061208909789719,5708350658864825456,201459,25528459,38
9625314050,-5395253603580340427,1876195091843912970874443485541894,5708350658864825456,201458,25528463,10
28854843368,-16171354058352259495,1875970644057857440017415879271276,5708350658864825456,201456,25528464,9
13534762594,-7584063844665668543,1875865382226776583021912208245817,5708350658864825456,201455,25528465,9
28427456056,-15926259459301387023,1875644336192975850149671213025042,5708350658864825456,201452,25528467,9
13732111385,-7691963382916379080,1875537576787085277209977318599233,5708350658864825456,201451,25528469,2
7842755111,-4392681420556911355,1875476609250530597280830002784718,5708350658864825456,201450,25528470,51
-102231337,57314639617659701,1875477404342385761267345391935210,5708350658864825456,201450,25528471,573
10733814014,-6011488879301694151,1875393968820227996471166998684865,5708350658864825456,201450,25528478,15
38722066529,-21681907776788726097,1875093032564732226063417450438291,5708243739074359227,201446,25528481,2
19681061904,-11017482752030830083,1874940114267287984427844125388333,5708243739074359227,201445,25528485,5
34378569612,-19240855278596330569,1874673058815802784126975010370374,5708243739074359227,201442,25528486,12
-7585146366,4249000000000000000,1874732003765891129419850323560143,5708243739074359227,201442,25528500,130
-178510290,100000000000000000,1874733391032308835828249365998122,5708243739074359227,201442,25528500,234
-178510026,100000000000000000,1874734778298726542236648408436101,5708243739074359227,201442,25528504,45
60981,-34126693700139,1874734777825061548564243047130746,5708243739074359227,201442,25528505,298
-178509762,100000000000000000,1874736165091479254972642089568725,5708243739074359227,201443,25528507,89
-178509498,100000000000000000,1874737552357896961381041132006704,5708243739074359227,201443,25528509,123
20000000,-11192691872037230,1874737397007766317932093933148264,5708243739074359227,201443,25528510,271
-122725147,68750000000000000,1874738350753428491087868274824375,5708243739074359227,201443,25528515,221
4415320,-2470967887628112,1874738316457372765851023860842770,5708243739074359227,201443,25528516,371
18136800509,-10149227429430998416,1874597449199958915315537321991703,5708243739074359227,201441,25528527,222
-24526673,13737660000000000,1874597639777902674001721393885088,5708243739074359227,201441,25528530,8
21685431914,-12133017485440036813,1874429242259623467678516402898897,5709137603575778268,201439,25528533,15
169,-93795633553,1874429242258321825256443569296367,5709137603575778268,201439,25528534,510
-2074564,1161777541742516,1874429258372748122327218433774616,5709137603575778268,201439,25528534,827
18351535831,-10265997319174359230,1874286792704471862439926332179636,5709137603575778268,201438,25528540,5
-35267140,19746968496986283,1874287066604643798961375867426444,5709137603575778268,201438,25528540,419
-4192108945,2347281862338771505,1874297560010810351449360362487649,17713775726533381084,201438,25528541,23
5212649990,-2915747416049529982,1874257096927562080911750297875861,5709137603575778268,201437,25528541,206
54945,-30732809812045,1874257096501069636801866437561237,5709137603575778268,201437,25528542,479
3408357593,-1906430517707346445,1874230640143320531460455893390949,5709137603575778268,201437,25528543,478
-102024080,57122469716447752,1874231432460089516107293603401426,5709137603575778268,201437,25528547,500
4795027777,-2681961678588349581,1874194213722255076631859243772092,5709137603575778268,201437,25528549,25
266804,-149225890227473,1874194211651383098546582335283972,5709137603575778268,201437,25528550,254
42534,-23789294023411,1874194211321248814901709151471808,5709137603575778268,201437,25528551,669
-38856105737,21757872005580472320,1874496010209368468895362905409908,5708243739074359227,201440,25528556,2
-1176723647,659027707920202186,1874505152679443826136515959659225,5708243739074359227,201440,25528556,39
-22820031180,12781700124191350784,1874682468912878671041970324497396,5708243739074359227,201442,25528558,2
-164328627,92050678385552511,1874683745901027184743448485448092,5708243739074359227,201442,25528558,453
-6248024650,3500000000000000000,1874732300225646909037414970777391,5708243739074359227,201442,25528560,272
-5355192115,3000000000000000000,1874773918218178101289386243916790,5708243739074359227,201443,25528560,376
-3748493016,2100000000000000000,1874803050812949935865766135114369,5708243739074359227,201443,25528568,79
-9026600793,5057196451497294848,1874873207600998997991337368682719,5708243739074359227,201444,25528569,10
-7408028752,4150666472750030402,1874930788403086458276030259695521,5708243739074359227,201445,25528570,109
-7033976173,3941323411780550144,1874985465059191290309517180343214,5708243739074359227,201445,25528572,10
-18408702891,10315972601278681088,1875128575082748623661723554735750,5708243739074359227,201447,25528574,9
-11776739549,6600341633280000000,1875220139405681011764964139486598,5708243739074359227,201448,25528575,363
-11094039657,6218308199874761436,1875306403907087358217822980333050,5708243739074359227,201449,25528576,400
-18156173267,10177931497039571370,1875447597890292849805909112651776,5708350658864825456,201450,25528577,133
-267561039,150000000000000000,1875449678750943290860077586605304,5708350658864825456,201450,25528580,160
-267560446,150000000000000000,1875451759611593731914246060558832,5708350658864825456,201450,25528582,21
-2579467850,1446120871754910208,1875471820785045840625798392706013,5708350658864825456,201450,25528583,37
-2911219257,1632147029556073338,1875494462588576090527317174889009,5708350658864825456,201451,25528583,152
-289843280,162500000000000000,1875496716854280735002666355005331,5708350658864825456,201451,25528584,23
-35667699852,20000000000000000000,1875774164941006208891796215475832,5708350658864825456,201454,25528589,154
54856,-30732809812045,1875774164514454969169447238282104,5708350658864825456,201454,25528594,678
91840859,-51454160854596992,1875773450364455810954836974762235,5708350658864825456,201454,25528612,94
202438440,-113416702389678501,1875771876215027060140301472023820,5708350658864825456,201454,25528622,224
-22196699,12448199098275565,1875772048901478209856539568635814,5708350658864825456,201454,25528624,318
-30871873,17313353617019185,1875772289079320002033328210270879,5708350658864825456,201454,25528624,380
771661,-432324966971786,1875772283078933062064544754456833,5708350658864825456,201454,25528625,39
-17587487941,9864015726855364608,1875909120693475362342591174889103,5708350658864825456,201455,25528631,27
11619950408,-6510743325586288749,1875818755847109951390965443335092,5708350658864825456,201454,25528643,2
2712128,-1519551439891434,1875818734756732778863834218927445,5708350658864825456,201454,25528643,360
18227604354,-10211796384375801630,1875677001721771539338814303609728,5708350658864825456,201453,25528644,2
-89979364,50456512000000000,1875677701675351559014063600361178,5708347036613908176,201453,25528654,81
-11483458293,6439732781048133632,1875767036308995372931200391965512,5708347036613908176,201453,25528655,17
-18214776871,10215802759897038848,1875908754145427760711765182425635,5708347036613908176,201455,25528656,2
28414974,-15921876654163894,1875908533160084193295258904509978,5708347036613908176,201455,25528658,1119
182330308,-102165786844199215,1875907115165082913315934932596974,5708347036613908176,201455,25528661,53
14354038569,-8042564594885574664,1875795489573529349092234871370546,5708347036613908176,201454,25528670,5
10374527862,-5812249773092895937,1875714819308277000856326297256687,5708347036613908176,201453,25528672,155
11899477467,-6665975591693233993,1875622299881180628980023627241207,5708347036613908176,201452,25528672,196
41943630904,-23491185174829014282,1875296255641831770105666984764425,5708240116823441947,201448,25528677,60
-194673214,109120000000000000,1875297769427907366795107740866101,5708240116823441947,201448,25528677,105
32065005436,-17953028157343716689,1875048588348737079583645240531313,5708240116823441947,201446,25528678,6
1199971408,-671765075811131404,1875039264509601281431837265075748,5708240116823441947,201446,25528680,69
3662425701,-2050248939450236670,1875010807848205639986472063937694,5708240116823441947,201445,25528681,11
20891331244,-11693908769539252816,1874848500922522980686119545052612,5708240116823441947,201444,25528682,2
14357708860,-8035544257580314507,1874736970679698434086347566323485,5708240116823441947,201443,25528683,5
10491496696,-5871146120111977841,1874655481444937917460807626264748,5708240116823441947,201442,25528685,16
12043603417,-6739091291853030001,1874561945467273663574546918919619,5708240116823441947,201441,25528686,116
15306768436,-8564050045094575983,1874443081561131773369332371203123,5709133981324860988,201439,25528689,3
10030227730,-5611266519417997112,1874365211548417842886544731738944,5709133981324860988,201439,25528691,37
103145921636,-57676464067397998317,1873564809896726439561926156054665,5709133981324860988,201430,25528692,8
136731147055,-76380565299337779910,1872505332201188627968490523067635,5711401644976425670,201419,25528693,5
1049252,-585800052238083,1872505324075011443352897506162649,5711401644976425670,201419,25528693,615
378980,-211585284327077,1872505321139915238546989653126141,5711401644976425670,201419,25528693,695
-6069242830,3391951052652518912,1872552350520251608228712336706472,5711401644976425670,201419,25528694,399
7207000,-4023889499172542,1872552294701139068613254705493693,5711401644976425670,201419,25528694,439
14414000,-8047778837263804,1872552183062916223890564373187194,5711401644976425670,201419,25528694,447
385,-213954611545,1872552183059948260544986437629728,5711401644976425670,201419,25528694,605
-6068939065,3391951052652518912,1872599210760166825974284935764073,5711931593937712805,201420,25528695,42
-3131011883,1750000000000000000,1872623472248155380094480976891659,5711931593937712805,201420,25528697,455
504138,-281496621727542,1872623468343616306636995151748376,5711931593937712805,201420,25528698,28
-124129184,69379806008171402,1872624430204947801188663588752716,5711931593937712805,201420,25528698,57
-37684956,21063351930052957,1872624722221096286713260102753173,5711931593937712805,201420,25528699,134
-11694278,6536315006248916,1872624812838655151578454564741323,5711931593937712805,201420,25528699,141
-600643918,335720410000000000,1872629467168194995843905652860025,5711931593937712805,201420,25528703,125
-6522939096,3646001024142391808,1872680014259654131077992118727696,5711931593937712805,201421,25528704,34
-17374905713,9712675255880166891,1872814667947686853069361743989111,5711931593937712805,201422,25528704,200
-33986457,19000000000000000,1872814931358127871656952443864210,5711931593937712805,201422,25528704,419
-284968346,159310681298452927,1872817139994802597822200628827355,5711931593937712805,201422,25528706,3365
-6057929753,3386755976032043094,1872864092988764120850373523535330,5711931593937712805,201423,25528713,95
-42284093886,23644143926829223936,1873191888482410070601869414147085,5711931593937712805,201426,25528714,9
-4894931286,2737650289831448062,1873229842465052131963571542163456,5711931593937712805,201426,25528714,97
-4462296948,2495782063882593623,1873264443257374952739039335806336,5711931593937712805,201427,25528726,421
-3219254006,1800600000000000000,1873289406248959061624082188180240,5711931593937712805,201427,25528726,621
-9443236109,5282087772474910720,1873362635568414140844059963924206,5711931593937712805,201428,25528728,50
-112500000,62929526878922861,1873363508004962997061553286993654,5711931593937712805,201428,25528728,101
-8294567488,4639923325055058956,1873427834544402217294415830021201,5711931593937712805,201429,25528729,184
-7443405398,4164060460430276582,1873485563860313270034179922266853,5711931593937712805,201429,25528731,47
-6062893494,3391951052652518912,1873532596231267064287015262055528,5709133981324860988,201430,25528731,143
-6062589035,3391951052652518912,1873579644291637339855086913688004,5709133981324860988,201430,25528731,149
-6077528638,3400480585932882944,1873626810660907265087910416518930,5709133981324860988,201431,25528733,90
-13535747693,7574096253351837696,1873731867170345781565265401555812,5709133981324860988,201432,25528738,9
-2679891365,1499667331082728722,1873752668307518128096932484934187,5709133981324860988,201432,25528739,102
-4288653543,2400000000000000000,1873785957509849146737263883842641,5709133981324860988,201432,25528741,741
3821207,-2136309164449987,1873785927863347555531234115003028,5709133981324860988,201432,25528746,155
-616030417,344747595181123206,1873790709685201354080064354220328,5709133981324860988,201432,25528754,285
15807563000,-8836947823855320598,1873668075474722375157477844312558,5709133981324860988,201431,25528759,15
103000000,-57576595925615315,1873667276458984798405892846711468,5709133981324860988,201431,25528759,94
54980,-30732809812045,1873667276032492083701090047129755,5709133981324860988,201431,25528761,590
40595527251,-22688917856298786468,1873352492840693366098303317700288,5711931593937712805,201428,25528763,2
465181,-259946647481376,1873352489235066286538913430224794,5711931593937712805,201428,25528764,277
35277142046,-19710273171051286626,1873079095077535760521474666492777,5711931593937712805,201425,25528769,6
64,-35212236951,1873079095077047344162526417660938,5711931593937712805,201425,25528770,456
129,-71542322694,1873079095076055006163394252141789,5711931593937712805,201425,25528770,469
-114798854,64196009073475212,1873079985070742462866343350883145,5711931593937712805,201425,25528772,179
7458670378,-4166623814323987858,1873022191320367821268871052893210,5711931593937712805,201424,25528773,19
32166593894,-17966222203507159013,1872772988270734385535887172745204,5711931593937712805,201422,25528779,9
-5455233,3049591512942951,1872773030549378877685589876318739,5711931593937712805,201422,25528784,155
1357747767,-758246793185586159,1872762513178999269722340278594677,5711931593937712805,201421,25528786,26
4407954153,-2461604043945370337,1872728369148729988309586628469830,5711931593937712805,201421,25528788,665
-23155428640,12945000000000000000,1872907834841308178644408201267890,5711931593937712805,201423,25528793,15
-34872339278,19500000000000000000,1873178177136037781698021230975281,5711931593937712805,201426,25528810,9
1688036816,-943106398367499329,1873165095644117008956164323258266,5711931593937712805,201426,25528815,119
-13521150097,7562198756462624026,1873269935755143852874570742785399,5711931593937712805,201427,25528831,181
-27770853,15532738490557642,1873270151096485748883989346824727,5711931593937712805,201427,25528833,288
3134613,-1751492515183635,1873270126802158803028079175336391,5711931593937712805,201427,25528834,158
-11050715276,6181147466483739648,1873355820422166561302769967495922,5711931593937712805,201428,25528835,12
-71494124827,40003456599655317504,1873910609138972032784911361739967,5709133981324860988,201434,25528838,2
-21095112114,11807978893886820352,1874074391721688281137546472566047,5709133981324860988,201435,25528839,2
-26709594117,14953644037257900032,1874281806255830909753146940154227,5709133981324860988,201438,25528844,9
-26303064285,14729279266780594176,1874486113683547843720184664380382,5708240116823441947,201440,25528845,9
-5624882495,3150257604635104768,1874529816177100255766568268889394,5708240116823441947,201440,25528847,108
-23248410112,13022004734011920384,1874710466190321493089536972913554,5708240116823441947,201442,25528850,2
3459159,-1935809000130512,1874710439322042142524228534615166,5708240116823441947,201442,25528850,410
-6663459433,3732829759939494400,1874762223648592448055441372550558,5708240116823441947,201443,25528851,35
2936672,-1643506241449830,1874762200837362204423689197782659,5708240116823441947,201443,25528851,47
128923,-72151372348280,1874762199835929094210048494296628,5708240116823441947,201443,25528852,830
-20317906205,11383241304038463488,1874920115819994439950332961624861,5708240116823441947,201444,25528858,9
-9135569044,5118887961092304186,1874991128478700827947569485185024,5708240116823441947,201445,25528859,12
46844173,-26222708595052160,1874990764517659313609133621772732,5708240116823441947,201445,25528859,162
-19664505407,11019825961172477952,1875143638959517101380275001408534,5708240116823441947,201447,25528861,2
-22972723394,12876000000000000000,1875322263496809833906293839066063,5708240116823441947,201449,25528869,11
13408754869,-7508268016231152547,1875218051644046770767772937855098,5708240116823441947,201448,25528870,18
103551,-57980310413761,1875218050839302512979731589263409,5708240116823441947,201448,25528870,451
3134591990,-1755102797407359004,1875193690692073876140510526936621,5708240116823441947,201447,25528874,99
15000000,-8398604479265739,1875193574122695756394591859945456,5708240116823441947,201447,25528875,374
1990377643,-1114417044055206517,1875178106445641518186404406203792,5708240116823441947,201447,25528876,19
49637061,-27791669993341003,1875177720708023318526181738764949,5708240116823441947,201447,25528879,360
1737562939,-972850076216455849,1875164217925666050734301615679501,5708240116823441947,201447,25528881,90
367736591,-205891505090373140,1875161360231299352614683468852790,5708240116823441947,201447,25528881,331
-30321,16993379770499,1875161360467042952998725950601855,5708240116823441947,201447,25528895,257
14422193282,-8074325943433128727,1875049291949435559006711193565660,5708240116823441947,201446,25528897,39
59619442,-33376193671921659,1875048828700791103225403930779150,5708240116823441947,201446,25528897,62
-44257769,24801205791863233,1875049172759808567764695106337834,5708240116823441947,201446,25528900,579
228045,-127663764206342,1875049170987884953704914307833257,5708240116823441947,201446,25528900,583
-4782366181,2680000000000000000,1875086349751471822543818508277663,5708240116823441947,201446,25528903,97
85783605,-48025325087442799,1875085683178555659777022979498177,5708240116823441947,201446,25528905,49
1054710673,-590469281779125275,1875077487693562202474203638770692,5708240116823441947,201446,25528905,80
7154122,-4005145910368916,1875077432103687812846364096173737,5708240116823441947,201446,25528907,50
-17397099259,9750000000000000000,1875212690665244518510287959730812,5708240116823441947,201448,25528939,3
-1575276874,882914877735774766,1875224939054612678053485772643342,5708240116823441947,201448,25528939,53
-353264323,198000000000000000,1875227685843862752691583918795578,5708240116823441947,201448,25528954,5
148765477,-83297800552200218,1875226529702645115363764898732830,5708240116823441947,201448,25528954,19
328119970,-183722852900756960,1875223979700586809224526321365305,5708240116823441947,201448,25528958,7
-18002774878,10091046342219530240,1875363969486520211261436177365760,5708240116823441947,201449,25528958,55
-109660843,61472510609279911,1875364822274557164136188367311721,5708240116823441947,201449,25528958,264
-88303003,49500000000000000,1875365508971869682795712903849780,5708240116823441947,201449,25528961,78
-21321046326,11952996566330511360,1875531326373596966851782262580602,5708347036613908176,201451,25528963,55
91902344,-51475277294762306,1875530611930062119079001699546914,5708347036613908176,201451,25528965,58
468004281,-262132534957776484,1875526973700125028538422068959378,5708347036613908176,201451,25528965,105
-6399580548,3588126111144891392,1875576749667933860466877084836534,5708347036613908176,201451,25528969,22
-10289097938,5769305648199384064,1875656783859411164565020280589120,5708347036613908176,201452,25528980,22
-606335570,340000000000000000,1875661500479878443190716026174805,5708347036613908176,201452,25528980,83
86560600,-48490052936028759,1875660827469325703593675782514286,5708347036613908176,201452,25528981,36
-8425369198,4724662243657982456,1875726369935912220632787024084992,5708347036613908176,201453,25528984,18
1183416400,-662976373419654160,1875717168252917213429633722885798,5708347036613908176,201453,25528987,269
-11421917863,6405489851170105344,1875806027854490667655601023500293,5708347036613908176,201454,25528991,19
-534917003,300000000000000000,1875810189578432384090038446075897,5708347036613908176,201454,25528991,664
-8920282721,5003000000000000000,1875879593261367075161673196561734,5708347036613908176,201455,25528998,126
-423664908,237624495822455686,1875882889686545083863957084712450,5708347036613908176,201455,25529006,165
1256035722,-703776570793772890,1875873121723215780759796310820344,5708347036613908176,201455,25529015,8
6040749730,-3384624700887858090,1875826145322844228901654691129030,5708347036613908176,201454,25529016,30
5097317,-2855948720363018,1875826105684124316114628873913157,5708347036613908176,201454,25529018,193
-288426,161762408022815,1875826107928159270575460048736152,5708347036613908176,201454,25529022,158
-613772,344231776418474,1875826112703484688643256057347877,5708347036613908176,201454,25529022,170
-3886308780,2179653668515517309,1875856349759674392260800075906497,5708347036613908176,201454,25529023,73
77466233,-43404532181408947,1875855747332858456389280739110144,5708347036613908176,201454,25529026,140
-22729604843,12749399842763446100,1876032612274752270983714917497473,5708347036613908176,201456,25529034,67
-281394951,157854006697940242,1876034802090748839931392725119750,5708347036613908176,201456,25529039,82
44659359585,-25022891738355625450,1875687500547849080132239151243654,5708347036613908176,201453,25529050,2
9182092728,-5143630275669142948,1875616110288500773392642747728578,5708347036613908176,201452,25529050,59
37804159555,-21173033142940863221,1875322240985799018927405740690693,5708240116823441947,201449,25529051,24
54883,-30732809812045,1875322240559239518892976581710655,5708240116823441947,201449,25529054,332
689311843,-386002341161885394,1875316882996209483118557538864735,5708240116823441947,201449,25529055,18
852050,-477130896351365,1875316876373817393253389677008603,5708240116823441947,201449,25529055,30
305145,-170875029962873,1875316874002138142475459629412778,5708240116823441947,201449,25529055,41
6968793,-3902388185000526,1875316819838501191789385737953801,5708240116823441947,201449,25529055,62
-108076065,60581085419989642,1875317660260055001898166271187141,5708240341000275028,201449,25529066,88
6000000000,-3359802653567343856,1875271027502015587513644801765060,5708240341000275028,201448,25529076,8
27225058842,-15243038486564195974,1875059460038440101765666587982567,5708240341000275028,201446,25529079,8
-11831649046,6630628654212757504,1875151444577800510422861255814267,5708240341000275028,201447,25529079,12
-3746983803,2100000000000000000,1875180577189914767424694795905336,5708240341000275028,201447,25529082,216
-17165960716,9621510376311834624,1875314053251698763423645648726514,5708240341000275028,201449,25529084,13
-38389200580,21522080755704561664,1875612617894726010147018695697013,5708347260790741257,201452,25529088,9
-14287730641,8011859303095632896,1875723761712625718981296491312264,5708347260790741257,201453,25529089,2
212459,-119024111445205,1875723760060648147562426431395137,5708347260790741257,201453,25529090,85
-247639932,138872711859756854,1875725686560205149994518613829815,5708347260790741257,201453,25529091,173
-196153312,110000000000000000,1875727212525590518674560997458409,5708347260790741257,201453,25529091,239
7445692228,-4171139024682712921,1875669319817698151616141040129932,5708347260790741257,201452,25529096,135
195777271,-109672589464178882,1875667797633194571764690726661751,5708347260790741257,201452,25529111,96
6300958754,-3529642898449904666,1875618808476018284224819917801135,5708347260790741257,201452,25529115,24
3150347199,-1764678269997520719,1875594315884665075781389146343200,5708347260790741257,201452,25529117,116
-185686409,104115718800442391,1875595760220873823546812776495791,5708347260790741257,201452,25529118,130
4494831997,-2517720337324324608,1875560815893393759186346863393365,5708347260790741257,201451,25529120,72
20745753997,-11619242417540882622,1875399548334765582493538528149396,5708347260790741257,201450,25529124,13
54878,-30732809812045,1875399547908214088853085577252149,5708347260790741257,201450,25529131,408
-4773474012,2676016624754104500,1875436670714941778776041589287787,5708347260790741257,201450,25529139,75
-27279109707,15294742306484948992,1875648845690740232952644450369482,5708347260790741257,201452,25529143,2
-2552586,1431336062801242,1875648865546824657176152529249044,5708347260790741257,201452,25529143,350
-9380755309,5260364226720079872,1875721839489773807405925892910705,5708347260790741257,201453,25529144,35
-7227480817,4053170473035927552,1875778066742890636718354663438050,5708347260790741257,201454,25529145,55
-51950773696,29141140681120276480,1876182324669886533281176227419165,5708347260790741257,201458,25529147,2
-60589569480,34002838501608402944,1876654132996528699878169966759261,5706465262148402023,201463,25529148,9
-12141652,6815603883182080,1876654227576580169491440789820435,5706465262148402023,201463,25529160,176
299999970,-168233633293989093,1876651891832642956211626061472654,5706465262148402023,201463,25529160,229
240000000,-134586618681229214,1876650023241491118152791059408324,5706465262148402023,201463,25529164,76
-45729997,25670000000000000,1876650379463766185500928540386674,5706465262148402023,201463,25529194,297
-33650376,18889252011637873,1876650641589684608022374390884498,5706465262148402023,201463,25529196,228
-1056473,593039612306278,1876650649819288032284164512540519,5706465262148402023,201463,25529197,92
-618789923,347351556413052235,1876655470012574890164442044145339,5706465262148402023,201463,25529203,74
9789138,-5489555031579890,1876655393795978767529813872842461,5706465262148402023,201463,25529203,83
-33229660811,18655758543383227891,1876914279528406936218062714223397,5706465262148402023,201466,25529214,18
11731451783,-6580261119693223736,1876822919645637568059420667567766,5706465262148402023,201465,25529215,15
7352871195,-4123955179648138757,1876765662941852483682863067547141,5706465262148402023,201464,25529216,77
179633700,-100746790663741476,1876764264180493776598214964438761,5706465262148402023,201464,25529216,113
145850,-81799244298076,1876764263044798819550137235927478,5706465262148402023,201464,25529217,58
61649,-34575453129228,1876764262564755659084891475534466,5706465262148402023,201464,25529217,70
87853,-49271900450213,1876764261880668057229161045321269,5706465262148402023,201464,25529217,80
302626122,-169726222940492135,1876761905413721126418867134438046,5706465262148402023,201464,25529217,208
-5583703,3134720000000000,1876761948914192108075180088250763,5706465262148402023,201464,25529220,96
-6128898640,3440882968735781376,1876809698004934747380781355402599,5706465262148402023,201465,25529222,31
-25261675497,14184244511021940736,1877006532591994653136646566446783,5706465262148402023,201467,25529223,24
-2201745537,1236404840944559719,1877023690166803595628856686794315,5706465262148402023,201467,25529225,17
-5971001827,3353169538416883022,1877070222059349812679554067556778,5706465262148402023,201467,25529225,271
2059904,-1155664142131686,1877070206014190110744267024981247,5706465262148402023,201467,25529230,62
-22818036187,12815586206231515136,1877248047746745837871653292969001,5706465262148402023,201469,25529232,2
-178032103,100000000000000000,1877249435445518986871020184197480,5706465262148402023,201469,25529249,83
62468897,-35053494306730213,1877248948765268421238693997373974,5706465262148402023,201469,25529250,82
-664283007,373126517500000000,1877254126637374062325117775662811,5706465262148402023,201469,25529257,143
-34866959106,19587595245400539136,1877525945110146630691623708545357,5706428648755781687,201472,25529260,2
118467164,-66495660177202470,1877525021883152079311641461769588,5706428648755781687,201472,25529261,161
-3111913901,1748488122197514752,1877549285787052702919974698261594,5706428648755781687,201472,25529262,289
-6656085180,3740000000000000000,1877601186054167060375593078710209,5706428648755781687,201473,25529263,38
1113349,-624973391057450,1877601177377024763225018587581148,5706428648755781687,201473,25529266,49
89056740,-49991591000401101,1877600483292836574872711922855606,5706428648755781687,201473,25529272,440
9624796942,-5402617650614904165,1877525473247925441271531077743056,5706428648755781687,201472,25529274,13
25925381111,-14550359533541124983,1877323455782936069062235508952361,5706428648755781687,201470,25529275,9
80604910,-45233812438245724,1877322827755834778925774676109759,5706428648755781687,201470,25529276,89
-16291211961,9152057292524782592,1877449831557473265371296594279243,5706428648755781687,201471,25529281,2
1221648,-685656087340981,1877449822037811273524528862053132,5706428648755781687,201471,25529283,60
119612,-67132737253215,1877449821105739088886790964288786,5706428648755781687,201471,25529284,181
-2669909,1500000000000000,1877449841921354241703952308559019,5706428648755781687,201471,25529285,306
3238569,-1817663012821088,1877449816684886839740346489778840,5706428648755781687,201471,25529287,19
-8033784416,4513665499832250438,1877512453167535543899418993360896,5706428648755781687,201472,25529287,140
222048543,-124634078970360813,1877510722745642748933102833186778,5706428648755781687,201472,25529288,314
1634188,-917255355779809,1877510710010452165125927472891182,5706428648755781687,201472,25529295,528
768001,-431071882158890,1877510704025442058592653940672031,5706428648755781687,201472,25529296,107
-11104234655,6239237756028354560,1877597286406759667099599078857096,5706428648755781687,201473,25529297,30
1440344,-808526957059116,1877597275181156212825201472498756,5706428648755781687,201473,25529297,229
-23469952116,13189169906271729664,1877780302304458926102288222506148,5706428648755781687,201475,25529298,15
-9026068364,5072972314140236800,1877850700330706952404854969765730,5706428648755781687,201476,25529299,68
9733165,-5465121246539664,1877850624452860941763504675568045,5706428648755781687,201476,25529300,77
172300,-96745071597078,1877850623109650551037128995719833,5706428648755781687,201476,25529300,1104
496152,-278586233949063,1877850619241754047614487702915148,5706428648755781687,201476,25529303,82
1852435,-1040132114178476,1877850604800540242828591314022092,5706428648755781687,201476,25529303,103
108794,-61086922142802,1877850603952408268711742876521082,5706428648755781687,201476,25529304,407
-8791731199,4941631663467983872,1877919179354364085538625923061134,5706428648755781687,201476,25529305,16
9596941,-5389025044776302,1877919104533039169109229016859191,5706428648755781687,201476,25529306,254
1050115995,-589675075667818071,1877910917473215717623451121979502,5706428648755781687,201476,25529306,294
71944,-40398758196650,1877910916912318600215954195641341,5706428648755781687,201476,25529313,318
1050115913,-589669887722345434,1877902729924524681091167286499961,5706428648755781687,201476,25529315,553
88766,-49844064248003,1877902729232488757103351808185882,5706428648755781687,201476,25529321,286
323259979,-181518617319731607,1877900209024597345380905680455647,5706428648755781687,201476,25529326,264
914223697,-513356986954618693,1877893081566550683968405311834067,5706428648755781687,201476,25529330,8
449056316,-252153704838549312,1877889580659777779987723325212703,5706428648755781687,201476,25529331,55
18233321979,-10237564794972669814,1877747442117924066049796536517321,5706428648755781687,201475,25529332,12
2351440734,-1320163699770679347,1877729112940326503456042688488025,5706428648755781687,201474,25529332,131
36397329,-20434261896043730,1877728829230650625568951211775866,5706428648755781687,201474,25529332,157
24976581,-14022398599183206,1877728634543405162837532351186305,5706428648755781687,201474,25529333,322
38704491372,-21726055350792287861,1877426989582944334880207771009024,5706428648755781687,201471,25529335,27
6974056684,-3914016452083736622,1877372647305026462682131406497274,5706428648755781687,201471,25529336,112
23063847817,-12942399354787472427,1877192955271997738922762686311226,5706465262148402023,201469,25529337,2
13219926,-7417720439394039,1877192852284888651285296649276409,5706465262148402023,201469,25529342,141
7199833510,-4039716539986270890,1877136765144454347445797730118984,5706465262148402023,201468,25529343,71
279355360,-156737157774108592,1877134589016775007859579850099614,5706465262148402023,201468,25529349,55
-124637565,70000000000000000,1877135560405916212159136673959549,5706465262148402023,201468,25529350,57
697204750,-391177606804029458,1877130129323524563201186697034274,5706465262148402023,201468,25529355,33
-7280062564,4088792148157067776,1877186869442001151447239724714382,5706465262148402023,201469,25529358,16
-19978053003,11221792569088526000,1877342594597270720575179916436192,5706428648755781687,201470,25529359,2
-10947706,6149903111658346,1877342679939948320170420393494674,5706428648755781687,201470,25529359,103
54765,-30732809812045,1877342679513253411641321285083767,5706428648755781687,201470,25529360,787
398571,-223674077382323,1877342676407758321128135912681517,5706428648755781687,201470,25529371,55
64695925,-36306764343261940,1877342172323960413264155820315967,5706428648755781687,201470,25529371,165
-58491278,32857621730652058,1877342628291699601327755464083923,5706428648755781687,201470,25529371,185
-49625022,27876992658134398,1877343015142866794417832246938900,5706428648755781687,201470,25529371,230
32133176305,-18030452881048620256,1877092681122511902441153762584760,5706465262148402023,201468,25529372,2
12881658815,-7226760148626123240,1876992345292676079013999215047373,5706465262148402023,201467,25529377,2
13430465009,-7533824186658592525,1876887746207323939075513073939736,5706465262148402023,201465,25529378,5
825710954,-463155458326612215,1876881315789502057111779820063160,5706465262148402023,201465,25529378,122
61425600871,-34445777419032319304,1876403073037480499779378528413378,5706465262148402023,201460,25529379,2
27120884861,-15203056344967635839,1876192032238503899748235937249044,5708128833922036337,201458,25529381,2
38052585,-21328597258501377,1876191736200061362219442998344199,5708128833922036337,201458,25529382,453
1148868,-643943828517162,1876191727262196121227560007972716,5708128833922036337,201458,25529382,510
737700,-413483094741631,1876191721523098987958760164834539,5708128833922036337,201458,25529382,521
5915,-3315352329652,1876191721477082284270368340937300,5708128833922036337,201458,25529382,550
11577010840,-6488639618285796180,1876101659915906760405791883764640,5708128833922036337,201457,25529383,30
19261701,-10795206773854025,1876101510079695711481220325180004,5708128833922036337,201457,25529388,113
54837,-30732809812045,1876101509653127895450399518179738,5708128833922036337,201457,25529393,654
-1723984826,967179861021472589,1876114927284631370753275559334430,5708128833922036337,201457,25529399,26
-10264337920,5758725086649257984,1876194817752016488454892810438838,5708128833922036337,201458,25529400,20
-7173433634,4024889000000000000,1876250654809445863777847047163401,5708128833922036337,201459,25529401,202
5205074522,-2917581004154499451,1876210159125365997333481491392126,5708128833922036337,201458,25529402,128
218819,-122650819243197,1876210157422986930175859702646837,5708128833922036337,201458,25529402,321
-9704582,5445000000000000,1876210232961163934050658109713209,5708128833922036337,201458,25529403,156
-5189958510,2912019452614612992,1876250631242311836573573526185254,5708128833922036337,201459,25529405,86
-14125582132,7926318949658337280,1876360602764025345050760196583086,5706246835279697103,201460,25529411,22
-96174923968,53991561132552437760,1877109871675297254608584376614134,5706246835279697103,201468,25529412,9
95756601,-53724398814149671,1877109125740968947556861709581830,5706246835279697103,201468,25529413,82
94189660,-52845222618193975,1877108392013528379955063612027576,5706246835279697103,201468,25529413,117
269645,-151284494583642,1877108389913024691846783525444964,5706246835279697103,201468,25529413,134
-7219428481,4054642538865638421,1877164658291581742964219098169344,5706246835279697103,201468,25529413,177
3199363340,-1795089749058090224,1877139734437694673385555732243584,5706246835279697103,201468,25529422,496
3897042347,-2186477123133031592,1877109376381016458566721235429057,5706246835279697103,201468,25529423,28
1470411234,-824971510534433721,1877097922096126054501586949317477,5706246835279697103,201468,25529423,364
-84880611050,47686283081411567616,1877759692545667839497242063244104,5706210221887076767,201475,25529433,9
467902131,-262698645794818019,1877756045093121931368593040922234,5706210221887076767,201475,25529435,349
-7992038,4491526084927698,1877756107424760108692462003453413,5706210221887076767,201475,25529436,107
-17934603488,10080000000000000000,1877895993713061056789324594768917,5706210221887076767,201476,25529437,309
615024,-345349172293806,1877895988918043123220836624514453,5706210221887076767,201476,25529442,347
317088457,-178051878292823069,1877893516747793375810415913926402,5706210221887076767,201476,25529443,147
-7562525755,4250895890621645824,1877952509014469250321824776982556,5706210221887076767,201477,25529443,214
-27549825493,15488016416554768384,1878167445634474805615729852658043,5706210221887076767,201479,25529449,9
-23564050827,13250099102617362432,1878351366041000034468504766047505,5704600496188550714,201481,25529450,5
-156484269,88000000000000000,1878352587615107942743911389321991,5704600496188550714,201481,25529450,469
-4559175750,2563933944000000000,1878388178925566778495656182684224,5704600496188550714,201481,25529451,146
54704,-30732809812045,1878388178498735127105602473471368,5704600496188550714,201481,25529456,834
-34047914135,19150525553574896350,1878654016977929250810708424130560,5704600496188550714,201484,25529467,18
-17063,9598581036334,1878654017111172183386199306525626,5704600496188550714,201484,25529470,247
-1759881,990000000000000,1878654030853880897354297631037463,5704600496188550714,201484,25529474,323
-9864494249,5549377680871617536,1878731064673084952359326051330210,5704600496188550714,201485,25529481,15
-4835444423,2720397659137850955,1878768827938353328279322017989961,5704600496188550714,201485,25529486,389
990000,-556423566372225,1878768820210482327889433675522132,5704600496188550714,201485,25529487,430
22961866657,-12904348874452058827,1878589671415269245036588528412917,5706920041241723120,201484,25529493,39
7718448504,-4337141410197919689,1878529459647448552030449844719644,5706920041241723120,201483,25529496,9
37800000000,-21236516830745800714,1878234636836800384995630169379401,5706920041241723120,201480,25529497,20
300094190,-168570030357726903,1878232296608855416181089472846068,5706920041241723120,201480,25529497,199
-11336403888,6374592000000000000,1878320700902200678061317871782729,5710069819360365515,201481,25529504,24
468209147,-263028113291343165,1878317051343654999673899255717485,5710069819360365515,201481,25529512,166
213463,-119917756491616,1878317049679776308129624343570812,5710069819360365515,201481,25529513,463
-3687,2073631976621,1878317049708533908545659930452295,5710069819360365515,201481,25529516,467
5034648858,-2828274413984424384,1878277806933577578022052331552391,5710069819360365515,201480,25529520,236
-12135555298,6824317500000000000,1878372448122558959762456355348806,5710069819360365515,201481,25529536,40
-10882769131,6120409678381949019,1878457327357590920669162285511858,5710069819360365515,201482,25529536,50
-2805788936,1578050000000000000,1878479212114311584597158685115471,5710069819360365515,201482,25529536,289
113095190,-63544848243182666,1878478330419039403301189668017566,5710069819360365515,201482,25529543,59
1111566309,-624553118609308219,1878469664641291433169988692434802,5710069819360365515,201482,25529543,526
2497129981,-1403035472086354242,1878450197292220001457200726917041,5710069819360365515,201482,25529553,75
-689528186,387802560000000000,1878455575426424399718457758973733,5710069819360365515,201482,25529553,122
-35560678,20000000000000000,1878455852790978382975363388067913,5710069819360365515,201482,25529555,372
260261,-146228915328047,1878455850762028013819815610763834,5710069819360365515,201482,25529557,138
-26470743838,14889286988242622464,1878662338784259145094122859374301,5710069819360365515,201484,25529564,11
24711893955,-13886173210043979799,1878469665835838029572919368598578,5710069819360365515,201482,25529567,70
3133617968,-1760647459504576625,1878445236561334415702474341145989,5710069819360365515,201482,25529568,295
15953521697,-8962899395918803548,1878320874850811863341496272514872,5710069819360365515,201481,25529569,11
20277300020,-11390342562433606390,1878162844413135054246524467575159,5711679545058891568,201479,25529570,27
2471566379,-1388218878982274835,1878143588075295771021798300230988,5711679545058891568,201479,25529573,42
10954389332,-6152472091050677410,1878058245567045999657840132751360,5711679545058891568,201478,25529573,410
28710000,-16124077844665009,1878058021905853211819700692006242,5711679545058891568,201478,25529585,156
-13964980275,7851299469793081344,1878166874827908968134922665437041,5711679545058891568,201479,25529586,15
-29695910380,16698465810002624512,1878398441642209618505942672862041,5710069819360365515,201482,25529587,9
-5780561187,3250977015171646662,1878443526931700763685669132304384,5710069819360365515,201482,25529588,19
-13048595166,7339079773067564032,1878545306961095985045873781413790,5710069819360365515,201483,25529594,9
-13799720229,7762409507825281653,1878652957823644652645905053696590,5710069819360365515,201484,25529595,75
-2359105494,1327097319797938681,1878671362311454559191721448570880,5710069819360365515,201484,25529598,400
-11912130406,6701477867572297728,1878764299932442952089005593230508,5710069819360365515,201485,25529599,5
-1484310047,835083565186193176,1878775881061472782914713855591934,5710069819360365515,201486,25529602,77
210663702,-118403056944825306,1878774238199487802642570705243600,5710069819360365515,201486,25529604,43
-1421944,800000000000000,1878774249294069961972846930407367,5710069819360365515,201486,25529604,700
1171098168,-658209307525936891,1878765116531138018007422887756075,5710069819360365515,201485,25529606,39
8268532036,-4647101035818247491,1878700637236184798428171008475136,5710069819360365515,201485,25529609,273
6999109938,-3933407984255738392,1878646060550282483546718850469302,5710069819360365515,201484,25529610,206
26564432021,-14926782900586855282,1878438948970411238978482625602596,5710069819360365515,201482,25529611,3
13935459202,-7829138363204371156,1878330318381607667872215705263125,5710069819360365515,201481,25529611,61
75140074,-42212302873624701,1878329732678928370770204690426435,5710069819360365515,201481,25529622,13
18917278580,-10626539584894019980,1878182294650591502905009452323523,5711679545058891568,201479,25529624,12
3033619079,-1703941564895615526,1878158658842918233348280806700661,5711679545058891568,201479,25529625,126
449498934,-252473639396539085,1878155156716726650846936662201287,5711679545058891568,201479,25529627,174
26862963091,-15086624710019305561,1877945886300750468596979281274544,5711679545058891568,201477,25529628,9
21104398715,-11850174515011683372,1877781509510195063090156044738819,5711679545058891568,201475,25529629,2
42223341895,-23702289819347803764,1877452729007900948740452298302836,5711679545058891568,201471,25529631,49
64971,-36465129757786,1877452728502083841222062340054289,5711679545058891568,201471,25529632,158
-1203844641,676345600000000000,1877462105573377937972324887694893,5711679545058891568,201472,25529635,39
103684500,-58194191500601294,1877461298346917625706861813831396,5711679545058891568,201472,25529637,32
12527659,-7031298129636659,1877461200813989437707080459385983,5711679545058891568,201472,25529637,90
7201688182,-4041912581095817303,1877405134414549969992892372541686,5711679545058891568,201471,25529638,34
7243113882,-4064919068965982811,1877348748886254361045375366088066,5711679545058891568,201470,25529649,40
262495161,-147310727557699229,1877346705501612249514855775366550,5711679545058891568,201470,25529649,91
19862559643,-11145820581459374259,1877192099471651143898316800310471,5711716158451511904,201469,25529650,5
25885739121,-14522956205544577218,1876990649136494368012426851510047,5711716158451511904,201467,25529653,546
-1103940368,619911731759281141,1876999243735531291765991527260255,5711716158451511904,201467,25529674,272
-462939726,259962984286150156,1877002847922224195275541958274265,5711716158451511904,201467,25529674,280
4757990439,-2669122415223563396,1876965824082345371676381098612997,5711716158451511904,201466,25529677,48
487897899,-273693466671841315,1876962027634858308911054725524596,5711716158451511904,201466,25529677,320
27286679682,-15305100014001176649,1876749728053162166295436910880175,5711716158451511904,201464,25529678,6
4847799475,-2718768781328120447,1876712015560301847046902538973181,5711716158451511904,201464,25529679,79
11881012055,-6662710588639755072,1876619595996258704728585693621116,5711716158451511904,201463,25529683,38
37268625827,-20895483392610715410,1876329751303757557195017410536580,5713598157093851138,201459,25529684,2
36895679296,-20680026575896048538,1876042989711271366413810594913006,5713598157093851138,201456,25529686,7
-211147048,118448346084462879,1876044631365502697582470327790230,5713598157093851138,201456,25529688,120
19013444704,-10654585678311880561,1875896888520725386588297290936935,5713598157093851138,201455,25529689,9
3221430438,-1805030397815938158,1875871858891799909584832651516726,5713598157093851138,201455,25529690,63
24415797891,-13679082605706372477,1875682176567293876064676576025464,5713598157093851138,201453,25529691,9
1421944,-796571228695901,1875682165521561742636753381246152,5713598157093851138,201453,25529691,953
1299237,-727830714950338,1875682155429026604273252734621975,5713598157093851138,201453,25529692,271
280880163,-157348528662767017,1875679973540406244073012907816719,5713598157093851138,201453,25529693,285
220277857,-123398977306186689,1875678262416529607750953867465089,5713598157093851138,201453,25529696,66
-355231761,199199000000000000,1875681023247660113783699001661528,5713598157093851138,201453,25529701,66
49875000000,-27934108282923737916,1875293670389250663988402327802576,5713491237303384909,201448,25529702,523
-66082223706,37051019832524496896,1875807186899346862359366412242047,5713598157093851138,201454,25529705,6
-16654030819,9340793285975070720,1875936647152096834572651583021046,5713598157093851138,201455,25529706,31
-626061495,351166023628826323,1875941514195053930144328713403750,5713598157093851138,201455,25529708,212
14558310,-8157801453310116,1875941401074109556502555530325960,5713598157093851138,201455,25529713,328
18806201925,-10537302161276538471,1875795284552586425307141820901243,5713598157093851138,201454,25529726,2
10144427483,-5683342196396420064,1875716475937283087075404065056830,5713598157093851138,201453,25529728,2
11662057436,-6532993377842016524,1875625885551537872337726210239659,5713598157093851138,201452,25529730,10
18611699933,-10424821697923688024,1875481328751259598896088652962761,5713598157093851138,201450,25529732,59
15957909534,-8937095966155605407,1875357400997626371805719968774096,5713491237303384909,201449,25529733,9
7154133695,-4006230297151273326,1875301847177401720886047533339357,5713491237303384909,201449,25529734,126
60157602073,-33678159055510299943,1874834836982057383588158174584425,5713491237303384909,201444,25529735,2
-37985798438,21285000000000000000,1875129845442452272131601408420016,5713491237303384909,201447,25529737,42
61435556126,-34387108853383647979,1874653004342068011356252551677552,5713491237303384909,201442,25529737,68
8962629754,-5015159619327425993,1874583459843817833918213751032256,5713491237303384909,201441,25529739,12
-89281764,50006967544577768,1874584152936535914399643366750458,5713491237303384909,201441,25529750,67
44102615,-24677306851629779,1874583810739865533565093995651567,5713491237303384909,201441,25529750,76
743850,-416215910029412,1874583804968259278963305886267004,5713491237303384909,201441,25529750,85
5743550473,-3213686214476719824,1874539241243017515272452859341288,5713491237303384909,201440,25529752,269
3041034056,-1701486551513782852,1874515646973345931099160714814987,5713491237303384909,201440,25529754,174
-714206,400000000000000,1874515652517315118693965383703572,5713491237303384909,201440,25529764,632
20000000,-11190042425290748,1874515497346603728772626417716120,5713491237303384909,201440,25529769,143
-14872843437,8330227444645720064,1874630953657300659968471051524140,5713491237303384909,201441,25529778,9
-100333631,56200000000000000,1874631732584971517038527030370349,5713491237303384909,201441,25529781,333
-1428236,800000000000000,1874631743672909892228136368147519,5713491237303384909,201441,25529783,18
-1785295,1000000000000000,1874631757532832861215148040368981,5713491237303384909,201441,25529783,41
-21436624376,12008393987945372701,1874798192948487030826397680064969,5713491237303384909,201443,25529783,61
-892485794,500000000000000000,1874805122909971524332233790796366,5713491237303384909,201443,25529783,586
-21979222081,12314652189155203072,1874975803040703082717251717307238,5713491237303384909,201445,25529785,9
-1784640,1000000000000000,1874975816900626051704263389528700,5713491237303384909,201445,25529785,86
-662241009,371079222326956660,1874980960030062894928795328871259,5713491237303384909,201445,25529785,210
-9768878315,5474116441346407424,1875056830862263221442714226851698,5713491237303384909,201446,25529786,10
-21136518936,11845636257086074880,1875221010468305074065939374972284,5713491237303384909,201448,25529788,32
-749564575,420120000000000000,1875226833299142804889283108653233,5713491237303384909,201448,25529789,3
-7903847904,4430150154237871104,1875288234839021587711438575910718,5713491237303384909,201448,25529790,10
-1070427,600000000000000,1875288243154975369103645579243595,5713491237303384909,201448,25529792,25
-1070427,600000000000000,1875288251470929150495852582576472,5713491237303384909,201448,25529792,63
-837959625,469697989649396515,1875294761448884379190266077002294,5713491237303384909,201448,25529792,95
294069,-164668499994315,1875294759165449936629140473675630,5713491237303384909,201448,25529793,42
231600,-129688327712941,1875294757367080519842639870065649,5713491237303384909,201448,25529793,59
-1784019829,1000000000000000000,1875308617290049506854312091528443,5713491237303384909,201449,25529795,127
-5639558904,3161249811629243392,1875352431968924412868760004995337,5713491237303384909,201449,25529797,13
-1000611341,560907241969882458,1875360206100090862398188065966742,5713491237303384909,201449,25529798,54
-3317646280,1859788152251014144,1875385982620619696142625046921313,5713491237303384909,201449,25529799,26
-278189532,155948302050757473,1875388144052073263960417610560425,5713491237303384909,201449,25529799,47
-53519956198,30009062011756130304,1875804059627745157965273200554502,5713598157093851138,201454,25529800,9
-369281243,207105146422384872,1875806930035405492255443715048942,5713598157093851138,201454,25529800,75
-6488569196,3639107824738011136,1875857366845679664279197617919875,5713598157093851138,201454,25529801,16
-6168240481,3459633219950000000,1875905316198305785819661921243296,5713598157093851138,201455,25529801,882
-313791220,176003464090110400,1875907755547111436839151645733589,5713598157093851138,201455,25529802,163
-1374112911,770736426865857724,1875918437694716124845657957585788,5713598157093851138,201455,25529802,211
125038254,-70063883799270364,1875917466147081971206341803952288,5713598157093851138,201455,25529808,101
-113046493,63407814838339682,1875918344958065575795429833082845,5713598157093851138,201455,25529808,118
-41665,23370457221893,1875918345281972251192201808714104,5713598157093851138,201455,25529814,278
188514563,-105632134822084722,1875916880523738593819467783183068,5713598157093851138,201455,25529816,52
229259,-128462540058595,1875916878742400333598801448652434,5713598157093851138,201455,25529817,129
-158285,88782297993116,1875916879972893117886155840873530,5713598157093851138,201455,25529817,1067
500000000,-280168895813469281,1875912994983749911865798263317485,5713598157093851138,201455,25529822,36
6850004603,-3838199603219497098,1875859772217016044726437399427939,5713598157093851138,201454,25529824,20
1117760553,-626283743791338258,1875851087792793536879298995022784,5713598157093851138,201454,25529826,50
-8023120622,4500000000000000000,1875913456279017248581431555346765,5713598157093851138,201455,25529827,29
11817333,-6621687308251400,1875913364458748522573075748047410,5713598157093851138,201455,25529828,492
1000000,-560336849581791,1875913356688783299121351479362931,5713598157093851138,201455,25529831,299
-243029853,136315000000000000,1875915245968827651401501746020834,5713598157093851138,201455,25529841,157
-8762404380,4915000000000000000,1875983366215447549849497642463583,5713598157093851138,201456,25529843,65
26791834135,-15011906482792318416,1875775202159494310762494356881408,5713598157093851138,201454,25529855,9
53341020569,-29877936379006390781,1875360896278438869873903684506203,5713491237303384909,201449,25529856,7
2499000000,-1399442649611421970,1875341490408180611354768168489743,5713491237303384909,201449,25529858,80
14942626,-8367798911276028,1875341374373114748164038347857539,5713491237303384909,201449,25529862,132
14785493357,-8279298365794215994,1875226566531606826319174157085791,5713491237303384909,201448,25529863,74
714206,-399902457023207,1875226560986216881896668055081033,5713491237303384909,201448,25529864,961
13442048636,-7526142102382231596,1875122197054458334933869678703566,5713491237303384909,201447,25529865,8
-13558518376,7598720000000000000,1875169794746757578749288373878312,12642033209631472461,201447,25529866,46
-5727373382,3210000000000000000,1875214285099488027056756204773883,5713491237303384909,201448,25529867,10
19816694363,-11094839264844688733,1875060434556652569455772138885021,5713491237303384909,201446,25529868,2
207108,-115944488641983,1875060432948866995412273736305325,5713491237303384909,201446,25529868,97
24246949327,-13572744690953679090,1874872221647321877437207267316472,5713491237303384909,201444,25529869,9
8967044034,-5018803141817465784,1874802626624868550701268410040320,5713491237303384909,201443,25529870,20
-5378946240,3013533472423290738,1874844393966660801455889319787946,5713491237303384909,201444,25529873,13
1000156024,-559783437286357474,1874836631530122428583108762069005,5713491237303384909,201444,25529873,184
455711855,-255058616115637169,1874833094668919888152516161508712,5713491237303384909,201444,25529877,300
520835717,-291506790311531161,1874829052386119833654038325816027,5713491237303384909,201443,25529879,398
-713967,400000000000000,1874829057930089021248842994704612,5713491237303384909,201443,25529879,736
-125905290,70538397874914244,1874830035586849923317374307902872,5713491237303384909,201444,25529882,111
1323089541,-740515739099630303,1874819766961435972982838754278760,5713491237303384909,201443,25529887,21
13572374506,-7595810358411417179,1874714436949975626943381664384253,5713491237303384909,201442,25529888,9
3050708830,-1707218677387091240,1874690763193737707010549378705490,5713491237303384909,201442,25529889,48
1050116193,-587649508704990487,1874682614342388618235638036784440,5713491237303384909,201442,25529892,516
20690000,-11578161098042474,1874682453789691328199848639455907,5713491237303384909,201442,25529894,467
-8294418797,4646375893826625317,1874746852201664723400725657816627,5713491237303384909,201443,25529897,60
88674049,-49625543067971121,1874746164051385367495657349315875,5713491237303384909,201443,25529897,502
-15096473,8457042803683500,1874746281265347171974910494941915,5713491237303384909,201443,25529902,106
153411984,-85855405399761928,1874745090720769571322717994322184,5713491237303384909,201443,25529915,343
572,-319713806180,1874745090716336145884212574016782,5713491237303384909,201443,25529920,75
31934193940,-17869262707470084494,1874497300216448074188240898547730,5713491237303384909,201440,25529924,9
2500000000,-1398713557379108059,1874477904456407101469597629748199,5713491237303384909,201440,25529927,474
18360629649,-10271617873742327939,1874335488029903644942931127406629,5714385101804803950,201438,25529930,2
10032254,-5611988216418371,1874335410221441926445488888260315,5714385101804803950,201438,25529931,41
14176694428,-7929900784422458017,1874225464626793119085470688136808,5714385101804803950,201437,25529933,68
-4903574,2745455941702988,1874225502672648786315374608368888,5714385101804803950,201437,25529934,17
-5615095734,3143901860000000000,1874269070094212761901128933261903,5714385101804803950,201438,25529937,204
-38061626783,21314624954102829451,1874564460139715171471288351312979,5713491237303384909,201441,25529940,20
-199803979,111908553990794222,1874566011183653054603219415835949,5713491237303384909,201441,25529941,551
549987,-307735448196312,1874566006916329786141409909764764,5713491237303384909,201441,25529945,143
-7255984,4064020080301107,1874566063243335043531156238738557,5713491237303384909,201441,25529946,280
28033283,-15685524199412237,1874565845734378176290368528296771,5713490047910887822,201441,25529948,233
16729400763,-9359989138598962997,1874436054972112693209325910727837,5714383912412306863,201439,25529951,2
268798543,-150380427737335661,1874433969994073003081571886872817,5714383912412306863,201439,25529952,313
619193379,-346408958145778850,1874429167141192790347525884983206,5714383912412306863,201439,25529954,352
-4103,2298028768210,1874429167173038316514658989530606,5714383912412306863,201439,25529964,201
-14708675858,8237513300329085952,1874543334529003172294200797190248,5713490047910887822,201440,25529965,8
-2523805601,1413544360278803185,1874562926149028321595814644324267,5713490047910887822,201441,25529965,23
-18496500777,10360504960000000000,1874706521979586451154095374163861,5713490047910887822,201442,25529965,1001
-1122136460,628597003620238148,1874715234287448827745196763920463,5713490047910887822,201442,25529968,117
-4611161271,2583135907726207580,1874751036359601348841362576821260,5713490047910887822,201443,25529970,186
-714027,400000000000000,1874751041903571690539053662361933,5713490047910887822,201443,25529979,762
714027,-399599440060053,1874751036362382485306587086397359,5713490047910887822,201443,25529983,520
-179108501,100337150120974970,1874752427027843588191907123278209,5713490047910887822,201443,25529986,62
357084,-199839490167269,1874752424256697498678830814611100,5713490047910887822,201443,25529987,30
10597501,-5930822351725136,1874752342014818509579509380717517,5713490047910887822,201443,25529988,37
3127638,-1750362058709555,1874752317742794145600795297584003,5713490047910887822,201443,25529988,58
483700420,-270699231946905388,1874748563994636481799893477579811,5713490047910887822,201443,25529990,62
-120124175,67293750000000000,1874749496681021935847392196586615,5713490047910887822,201443,25529994,123
173558222,-97130360466267185,1874748149787981156979972512303200,5713490047910887822,201443,25529995,101
135144717,-75632477429682855,1874747101003059347870999833218078,5713490047910887822,201443,25529999,104
-10731998297,6012336981444672512,1874830431523706009487318543263558,5713491702151816813,201444,25530015,5
-11436905062,6407831910506132944,1874919243573158111910094487909719,5713491702151816813,201444,25530016,69
-10704403264,5997978222744856576,1875002375082531455320313303113780,5713491702151816813,201445,25530018,9
-21648914092,12132121228878516224,1875170525334533454857290926531802,5713491702151816813,201447,25530019,35
-6004416138,3365279624052393435,1875217167847097097698457346832281,5713491702151816813,201448,25530022,57
-23491742366,13167965199084062720,1875399674582891200623374946135272,5713601376152719360,201450,25530025,23
416826,-233434741623208,1875399671345947558914111703082646,5713601376152719360,201450,25530025,370
-43008369502,24114378461525286912,1875733888331175567155178083614648,5713601376152719360,201453,25530027,9
-6757747975,3789785552444423984,1875786413454475739546133034907071,5713601376152719360,201454,25530027,78
-30017118392,16836345386279286784,1876019759406403866893268067879872,5713601376152719360,201456,25530028,2
-20857807384,11701432870531272704,1876181937238317578705915255983711,5713601376152719360,201458,25530029,95
-40588792263,22776507774037585920,1876497667081381236353190078787840,5711719377510380126,201461,25530030,12
-1104677754,620000000000000000,1876506262899344874613478507606404,5711719377510380126,201461,25530030,266
-21519787312,12079106260681793536,1876673730316409816444684501105453,5711719377510380126,201463,25530031,9
101045,-56664877632320,1876673729530402340030237452804309,5711719377510380126,201463,25530032,254
-15215348175,8541711180997726208,1876792153714934323956423317065177,5711719377510380126,201464,25530034,5
64486586332,-36158407892000043013,1876290607644718201181490706939309,5713601376152719360,201459,25530044,6
43578414,-24428408523750549,1876290268906015049340054682634433,5713601376152719360,201459,25530046,632
-39399036,22107709713994249,1876290575311262138580355519867979,5713601376152719360,201459,25530046,652
-41198885,23117654418933345,1876290895713995211972577582718932,5713601376152719360,201459,25530046,778
8756600555,-4908443068385922608,1876222832350888149533908074060885,5713601376152719360,201458,25530050,154
-16147480,9060072155753310,1876222957920369721507344956729731,5713601376152719360,201458,25530055,759
38611039962,-21638869168589253697,1875922900613209749823876839723455,5713601376152719360,201455,25530058,2
-38820231,21774400000000000,1875923202398898929408598448406758,5713601376152719360,201455,25530059,79
33465,-18751719460724,1875923202138876540892485922480032,5713601376152719360,201455,25530059,178
-8829181603,4952500000000000000,1875991842084209679501759519183540,5713601376152719360,201456,25530063,29
200000000,-112076654261638834,1875990287963298312164189635054095,5713601376152719360,201456,25530068,45
576584177,-323107087436923250,1875985807570084356362732208876087,5713601376152719360,201456,25530071,43
-2004443110,1124383524423529676,1876001391138716342793268663219369,5713601376152719360,201456,25530072,357
-10273667,5763016596758861,1876001471012142724519405454242960,5713601376152719360,201456,25530076,215
6198246,-3473431322405406,1876001422847497840074466085093238,5713601376152719360,201456,25530077,237
-29763398564,16697846060750600876,1876232849246446065236979978517347,5713601376152719360,201458,25530079,13
2950531998,-1653834784911270687,1876209916199058898120845007265860,5713601376152719360,201458,25530082,73
33792597983,-18938573951409433176,1875947302776100604970536356694502,5713601376152719360,201455,25530083,9
38211637077,-21408774713822364121,1875650436094197059104220930743221,5713601376152719360,201452,25530084,2
28234044000,-15814291680284976189,1875431145809697500998667678201010,5713601376152719360,201450,25530085,9
80689596625,-45175018171957340184,1874804711406543976188548214083919,5713494456362253131,201443,25530086,9
1148709934,-642900872460111640,1874795796397490784142362684153780,5713494456362253131,201443,25530086,384
445624545,-249401967393222727,1874792337978172287356845983086947,5713494456362253131,201443,25530087,988
-22605434634,12665370468533035008,1874967878938337667648953392849550,5713494456362253131,201445,25530089,5
-5889218230,3300000000000000000,1875013616658366069676270696619988,5713494456362253131,201445,25530090,10
-42738977776,23953440801360781312,1875345609315665930680694155596442,5713494456362253131,201449,25530093,2
-2577760372,1445000000000000000,1875365636893072306719928550732285,5713494456362253131,201449,25530093,398
-18438786649,10337022412625311744,1875508904957934345121707080828585,5713601376152719360,201451,25530094,12
-13504924926,7572037743951409152,1875613850794745104723973373391593,5713601376152719360,201452,25530095,12
-24818765395,13917772477764605952,1875806746330743655686703135205544,5713601376152719360,201454,25530096,2
-21296449992,11944824224456085504,1875972297483046657300846637415766,5713601376152719360,201456,25530098,9
-2325986006,1304734540561753658,1875990380654684903942036116117265,5713601376152719360,201456,25530098,322
-92515989886,51916165271672122994,1876710046076048627215688006821741,5711719377510380126,201464,25530115,31
7541917565,-4229472378377279761,1876651378396004141652861781413148,5711719377510380126,201463,25530118,13
27607929971,-15480143592698785978,1876436650876802895963767361509042,5711719377510380126,201461,25530119,2
44787,-25109469291058,1876436650528505477594094045426917,5711719377510380126,201461,25530124,66
42796629884,-23989655069148956903,1876103960652350376676581628773421,5713601376152719360,201457,25530125,10
-50606858,28391040000000000,1876104354142392486914154860687596,5713601376152719360,201457,25530129,7
143706,-80540082501066,1876104353025576257497141310881540,5713601376152719360,201457,25530132,152
8980406802,-5032890339511363028,1876034564003296972196044645002180,5713601376152719360,201456,25530133,182
23959902594,-13426018761630189690,1875848390917998141145176595493127,5713601376152719360,201454,25530134,13
1102952396,-617979239167578211,1875839821653821686000181501852326,5713601376152719360,201454,25530135,68
54852,-30732809812045,1875839821227662440717264494155217,5713601376152719360,201454,25530141,1344
362985610,-203377960718554307,1875837001069050941776646229969460,5713601376152719360,201454,25530143,66
766224212,-429307345736670331,1875831048040493759624113603170660,5713601376152719360,201454,25530146,126
7361818184,-4124610244829671642,1875773853765067179677571382741087,5713601376152719360,201454,25530146,721
30829905128,-17270357397792609057,1875534372815573098835583067890609,5713601376152719360,201451,25530147,9
18871978598,-10569566674269952356,1875387808900277499526921283423892,5713494456362253131,201449,25530148,9
45444631951,-25445247548683738989,1875034963505326969765540344516085,5713494456362253131,201446,25530150,2
467910315,-261941402640319904,1875031331203558567419108673495152,5713494456362253131,201446,25530150,368
10396515982,-5819823607619848642,1874950628590803704747554301694049,5713494456362253131,201445,25530151,64
16039287985,-8977585544670096788,1874826137771402140326199989945002,5713494456362253131,201443,25530153,7
1134534845,-634982021547661141,1874817332571855513780000918971966,5713494456362253131,201443,25530154,95
21645435957,-12113481359015921511,1874649356760019918066349567976457,5713494456362253131,201442,25530155,17
5743685286,-3213986408316368980,1874604788897143430281358751699548,5713494456362253131,201441,25530157,59
282887,-158290630875131,1874604786702151219604532563581784,5713494456362253131,201441,25530165,84
-43445761878,24339017306953097293,1874942123417106326347421117128783,5713494456362253131,201445,25530166,50
-20058930,11239360000000000,1874942279193682380414272556223117,5713494456362253131,201445,25530166,106
84882236467,-47496725012395124366,1874283676029069320827010700343174,5714388320863672172,201438,25530171,2
4052660194,-2266872971992380049,1874252246561882347975213188267710,5714388320863672172,201437,25530173,225
9424797603,-5271507244715749313,1874179158803538277765285586968035,5714388320863672172,201437,25530175,37
30603515612,-17114419383658625162,1873941872864233956215055486479047,5714388320863672172,201434,25530176,2
-3393,1899649435460,1873941872890558817753849469501283,5714388320863672172,201434,25530177,340
19871516508,-11110437798651846310,1873787830231556747793350718894386,5714388320863672172,201432,25530178,5
19631194325,-10974276902562759033,1873635675399737168574475219135223,5714388320863672172,201431,25530179,5
31693269472,-17713486303337398869,1873390145978650688670099832797832,5717185933476523989,201428,25530180,12
12804091724,-7154938155185816712,1873290993596773567013614788786811,5717185933476523989,201427,25530181,83
-468078589,261811152059872439,1873294619934159902037676962084852,5717185933476523989,201427,25530181,232
19941779399,-11142019454657875478,1873140214998171763445980801990860,5717185933476523989,201425,25530182,5
11438441,-6390443407199396,1873140126440077852386384051004385,5717185933476523989,201425,25530185,89
-22209213783,12421431303155748864,1873312175263712855098925960089710,5717185933476523989,201427,25530186,66
646650,-361337278848612,1873312170256338775580105696213480,5717185933476523989,201427,25530186,123
728368,-406999906422573,1873312164616176796497875657469260,5717185933476523989,201427,25530186,139
-753973064,421731000000000000,1873318005997952339497905289424779,5717185933476523989,201427,25530187,845
-500000,279673341537084,1873318009871698306381850079574912,5717185933476523989,201427,25530188,233
82030,-45836784268928,1873318009236496961621372553861871,5717185933476523989,201427,25530195,242
169164,-94526487283005,1873318007926558823610444442128936,5717185933476523989,201427,25530198,518
97396,-54423494031781,1873318007172363756331584866764993,5717185933476523989,201427,25530200,155
101126,-56507695714795,1873318006389286040915033411413782,5717185933476523989,201427,25530201,197
-1636840112,915567247842408091,1873330687880179123718365416955187,5717185933476523989,201428,25530203,18
14259,-7967371498165,1873330687769768125858031547033944,5717185933476523989,201428,25530213,271
-5189415,2902721487847854,1873330727975264991375424756784619,5717185933476523989,201428,25530215,292
-152950991,85553842283792141,1873331912978632408576256065311988,5717185933476523989,201428,25530221,20
18287960,-10219233534346184,1873331771361566836237192418411984,5717185933476523989,201428,25530227,16
-4119561728,2304336217296447232,1873363688644347658992136408166664,5717185933476523989,201428,25530244,89
-15824009376,8852117808552786944,1873486299027842919926261249540884,5717185933476523989,201429,25530245,9
-12937771,7238000000000000,1873486399281135401105577483054887,5717185933476523989,201429,25530245,555
-126119789,70557403067370338,1873487376569331923009010402402312,5717185933476523989,201429,25530245,577
1786241,-998309053812348,1873487362734869851069644014461771,5717185933476523989,201429,25530246,43
-6644534659,3717372465280151844,1873538862348224663070180754063360,5714388320863672172,201430,25530246,145
-5362135,3000000000000000,1873538903921466094992322956267243,5714388320863672172,201430,25530246,232
-811468398,454000713371700238,1873545195348555183851395729776016,5714388320863672172,201430,25530247,412
-2144820783,1200000000000000000,1873561824645127952708276611329294,5714388320863672172,201430,25530248,455
-20483984766,11461602737477597184,1873720656637728598004028728332694,5714388320863672172,201432,25530249,35
5000000,-2795138393410077,1873720617884030660744683997669589,5714388320863672172,201432,25530250,191
-3078369863,1722638055334996000,1873744489766622080292531119704259,5714388320863672172,201432,25530254,683
-37578378,21028915198753892,1873744781180011616696712708615644,5714388320863672172,201432,25530257,108
-56601139,31674092502420260,1873745220111576530080846719272287,5714388320863672172,201432,25530257,1225
468576127,-261953389672066433,1873741587839741798474870717978196,5713803006055697174,201432,25530258,72
37591073,-21014916690144603,1873741296444810439115223787088232,5713803006055697174,201432,25530269,17
-12232863,6845504059495053,1873741391317792442371086171240224,5713803006055697174,201432,25530274,257
-200082450,111966136657081540,1873742943075146717454137346145463,5713803006055697174,201432,25530277,131
-132229870,73995935556487509,1873743968597153767809276739490864,5713803006055697174,201432,25530278,97
-888486826,497200000000000000,1873750859374844066673194760329110,5713803006055697174,201432,25530278,193
-2593660980,1451441695588679158,1873770975147279167287236207687388,5713803006055697174,201432,25530280,57
-15262432,8541120000000000,1873771093520085173251501266991776,5713803006055697174,201432,25530282,573
2568155,-1435746518460256,1873771073611880712352096650899525,5713803006055697174,201432,25530284,102
83173,-46498280986938,1873771072967130909329020276623288,5713803006055697174,201432,25530284,130
49854,-27871225439643,1873771072580665716835775843345536,5713803006055697174,201432,25530284,142
-1072161,600000000000000,1873771080896165745354115245623297,5713803006055697174,201432,25530284,514
-33959762493,19007140845480255488,1874034504029903483951126306923396,5713803006055697174,201435,25530287,63
-1786433,1000000000000000,1874034517889070198148358644052998,5713803006055697174,201435,25530287,597
-1983970925,1110585697377859435,1874049909681400560898329526270816,5713803006055697174,201435,25530289,120
-577849636,323471649208004424,1874054392728914250956763433788508,5713803006055697174,201435,25530292,161
13987277519,-7821608460768597598,1873945937525681667068008103836597,5713803006055697174,201434,25530295,131
-3284255730,1838294212194000000,1873971414751638207576782422680210,5713803006055697174,201434,25530295,614
3443996,-1925804453951197,1873971388048241522981266467796359,5713803006055697174,201434,25530299,121
-58205743341,32587754858771566592,1874423027175670629006950788948726,5713803006055697174,201439,25530302,2
-3735141731,2091736903730595154,1874452016906141670051884833115625,5713803006055697174,201439,25530302,178
-66069337725,37010545623840030720,1874965032091183498186401644199600,5712909141554278133,201445,25530304,6
-8047063242,4509166490715408384,1875027535159269290130234380644780,5712909141554278133,201446,25530305,19
-1163818408,652169748369976722,1875036575102742168019746753821547,5712909141554278133,201446,25530306,80
-302450446,169485400811808390,1875038924396690018566355064393855,5712909141554278133,201446,25530306,216
-9012378,5050310000000000,1875038994400729664100586611079366,5712909141554278133,201446,25530306,669
5069721,-2838103815351147,1875038955041141625243974892267665,5712909141554278133,201446,25530311,275
2617984,-1465585645492972,1875038934716005197798649671656468,5712909141554278133,201446,25530312,313
5235968,-2931171195665598,1875038894065733664836252702084763,5712909141554278133,201446,25530312,321
28799104978,-16120236150404104583,1874815334289471397647899636467072,5712909141554278133,201443,25530322,9
35503761074,-19867862985028225821,1874539801414996047856905671050144,5712909141554278133,201440,25530325,9
4895720001,-2739181017393935470,1874501813714960084883887568456156,5712909141554278133,201440,25530327,29
31282915549,-17500334721826506572,1874259144930397300365740428282341,5713803006055697174,201437,25530330,2
37588445910,-21021791788789092916,1873967654668234248347695255976408,5713803006055697174,201434,25530333,12
99884734409,-55829983645035412971,1873193669140315366272562108563456,5716600618668548991,201426,25530335,13
248636975,-138916636581626142,1873191743851040638610597052857926,5716600618668548991,201426,25530336,311
-16459774632,9206105641577981467,1873319270363929564925356193579028,5716600618668548991,201427,25530337,94
139899304,-78174035887235243,1873318186925426017278238760917603,5716600618668548991,201427,25530339,70
2115952,-1182367633541464,1873318170538621818308762290341846,5716600618668548991,201427,25530339,275
2892344478,-1616186762474954945,1873295771298931606758446398963712,5716600618668548991,201427,25530339,467
51302566263,-28660471362446642849,1872898556829300140136466751124636,5716600618668548991,201423,25530340,9
1050116242,-586526489873468559,1872890427974556140308964495365549,5716600618668548991,201423,25530341,502
-7150249245,3997760717129510027,1872945806492190929636982694603235,5716600618668548991,201423,25530341,922
29478017908,-16463395858016843037,1872717635120849017735681893793725,5716600618668548991,201421,25530342,11
18705763858,-10445039977479555754,1872572873269933764811801600281159,5716070669707261856,201419,25530342,252
81836193886,-45677218524997113874,1871939759667669051486212574401401,5716070669707261856,201413,25530343,5
-18572113532,10373765876675915776,1872083474381679033974322308274043,5716070669707261856,201414,25530344,76
-468142834,261509622486076882,1872087097249310059376047843557256,5716070669707261856,201414,25530344,363
41560385546,-23188931081364960757,1871765684777980248426669253066752,5716070669707261856,201411,25530345,5
8230691621,-4591432003845095148,1871702044780857458582989928660992,5716070669707261856,201410,25530345,236
25108289876,-14004547636628868499,1871507524952499183937432378027921,5699100934636624690,201408,25530348,8
-15941030983,8899923860580296742,1871631188677666840691731484114944,5699100934636624690,201409,25530357,26
336,-186603738580,1871631188675072699704311301714049,5699100934636624690,201409,25530357,523
-7454630115,4162345033740388977,1871688893705190503508430868080259,5716070669707261856,201410,25530359,143
38381953,-21410063619419406,1871688596949132705576295262741491,5716075393598651959,201410,25530361,272
-16937,9457624901061,1871688597080155397890250504644022,5716075393598651959,201410,25530363,180
29778510588,-16608876967356702301,1871457832352183066457058542941687,5699105658528014793,201407,25530370,2
-2639263923,1473349222399999995,1871478304403983364271087311730091,5699105658528014793,201408,25530372,83
6934223850,-3867039484818314556,1871424545366845001236634522113446,5699105658528014793,201407,25530372,159
-5964841673,3329755416531713864,1871470812011801394889713396072463,5699105658528014793,201408,25530372,717
-8340029650,4655933380126953121,1871535505777466421433702378758305,5699105658528014793,201408,25530373,85
292843,-163325411411015,1871535503506939603139341124212971,5699105658528014793,201408,25530373,125
52442292014,-29242001297102905041,1871128985332014664783635384150965,5699105658528014793,201404,25530374,5
35345969875,-19701868263248718543,1870855092740067446490716428950284,5699105658528014793,201401,25530375,5
-468241084,261221365046024425,1870858722386885229150851233363199,5699105658528014793,201401,25530375,311
81684395251,-45509030184045126541,1870224674695397265612035014341138,5682796490046779644,201394,25530377,5
-200503170,111780797859837389,1870226232336805101959755028413513,5682796490046779644,201394,25530377,644
340346,-189553371682682,1870226229694098229893195245173770,5682796490046779644,201394,25530377,737
216,-119593483324,1870226229692430886719981798592991,5682796490046779644,201394,25530378,40
-142062222,79200000000000000,1870227333327418850637552564369292,5682796490046779644,201394,25530379,231
42886220285,-23881020505962036051,1869894389964592696647000925295205,5682796490046779644,201391,25530380,8
9378192977,-5221076382399940365,1869821598991196293237249389802316,5682796490046779644,201390,25530380,290
15414000183,-8580479315420336186,1869701969968213313742291196503007,5682633993741014922,201389,25530384,23
-468119389,260831644504062710,1869705604705086464582443720088507,5682633993741014922,201389,25530384,912
-39048244,21757354228000000,1869705907897813808231683122909579,5682633993741014922,201389,25530386,304
7301749742,-4064283679647661615,1869649243025814333730952209585339,5682633993741014922,201388,25530388,222
961538,-535192788854681,1869649235564073651761291188478372,5682633993741014922,201388,25530389,236
16866659023,-9387340395975961094,1869518355811605293531304000224145,5682633993741014922,201387,25530389,344
-6866879827,3825509917410118656,1869571664994936375905863954629076,5682633993741014922,201387,25530390,8
5591264785,-3111772560600968788,1869528280180357385435215966862764,5682633993741014922,201387,25530394,124
39163095942,-21791852004765580612,1869224454807471853302734745661563,5682633993741014922,201384,25530395,5
-8200456,4566873267973474,1869224518447689640801704793962588,5682633993741014922,201384,25530396,224
90,-49539746182,1869224518446998949994276160522666,5682633993741014922,201384,25530396,472
181,-100192745087,1869224518445602047237680484445635,5682633993741014922,201384,25530396,485
-266275012,148290000000000000,1869226584893988493471611379856935,5682633993741014922,201384,25530397,395
9864090003,-5487654730224809410,1869150075162538729878070212902560,5682633993741014922,201383,25530398,30
5739511040,-3192835389057046634,1869105560157461132966690493543009,5682633993741014922,201382,25530398,178
-21878490346,12183789794808766464,1869274934510961210060701070965503,5696356079454223685,201384,25530403,14
-40111449940,22343176599572566016,1869585540747232873560729931607990,5696356079454223685,201387,25530403,111
-2154372446,1200254594445901312,1869602226224362197473251603300015,5696356079454223685,201388,25530404,136
-876484844,488317687183988111,1869609014628788271949748151426387,5696356079454223685,201388,25530404,163
-2154318348,1200254594445901312,1869625700105917595862269823118412,5696356079454223685,201388,25530404,186
-1416628260,789270412344295591,1869636672239225781566485167987426,5696356079454223685,201388,25530404,214
-2154254611,1200254594445901312,1869653357716355105479006839679451,5696356079454223685,201388,25530404,242
-2154216160,1200254594445901312,1869670043193484429391528511371476,5696356079454223685,201388,25530404,265
-2154177711,1200254594445901312,1869686728670613753304050183063501,5696356079454223685,201389,25530404,283
-1804940391,1005684683611669519,1869700709311775523254753507462592,5696356079454223685,201389,25530404,339
-15312651555,8532576114621969397,1869819324619535829361781897460925,5696518575759988407,201390,25530404,455
-1596708,889780930611469,1869819336988574810173354024229603,5696518575759988407,201390,25530404,483
-323212499,180113413184346419,1869821840784455345856326447624520,5696518575759988407,201390,25530404,769
-36400673395,20287727744023123874,1870103864917210658443265735709192,5696518575759988407,201393,25530408,202
27518241954,-15322381766287394618,1869890758589803824698239121595426,5696518575759988407,201391,25530409,41
92887,-51714036141208,1869890757870556093794885526416480,5696518575759988407,201391,25530411,312
-3257526270,1815450000000000000,1869915994837370254166315852465970,5696518575759988407,201391,25530413,254
-11406758010,6357479678211078255,1870004371550394965361278988473220,5696518575759988407,201392,25530415,28
48790102286,-27161444355872944149,1869626601281005755934883095318939,5696356079454223685,201388,25530417,10
96769511976,-53839120907768078906,1868877776144127292521120231337296,5696356079454223685,201380,25530420,5
61367567223,-34120394443664222234,1868403213552959577529159176202200,5696398801164966303,201375,25530421,5
-8581850,4775075287260053,1868403279933719397069370408669719,5696398801164966303,201375,25530421,458
-16756349277,9324140487514401258,1868532899571733627229954269900226,5696398801164966303,201376,25530422,146
-409995640,228160000000000000,1868536071340396800868776081615717,5696398801164966303,201376,25530422,286
6085669425,-3383171581488080015,1868489016617364248946645248970142,5696398801164966303,201376,25530422,289
331,-183524919981,1868489016614811699047453080102215,5696398801164966303,201376,25530423,506
-11299769546,6288238955746136647,1868576432635439255684902552094944,5696398801164966303,201377,25530423,972
-49436572714,27518010008329894676,1868958975437081539979738934830843,5696356079454223685,201381,25530425,128
12749983496,-7091038967526958364,1868860349231156569976567290160352,5696356079454223685,201380,25530427,39
-21621388356,12037441702386939227,1869027689109837450997943437839123,5696356079454223685,201382,25530427,104
-43230020291,24074246479358531414,1869362360012907381927715712440138,5696356079454223685,201385,25530429,13
116538009669,-64813986372968912884,1868460893042910711412862141463640,5696398801164966303,201375,25530430,16
161677235912,-89815246638193468717,1867211603762426191365037420236808,5695602113681638213,201362,25530431,5
2784383226,-1545733836364357154,1867190101970491482156867521525811,5695602113681638213,201362,25530432,1639
-986714170,548312624861546028,1867197725410469140831547750220827,5695602113681638213,201362,25530432,1718
5989749992,-3325080680941043041,1867151472173795564628951942100615,5695602113681638213,201361,25530433,290
23140245302,-12844261304825773298,1866972803228577300626262621705104,5695602113681638213,201360,25530434,6
-45407041942,25231253283336243562,1867323604826507290091220641680645,5695602113681638213,201363,25530434,140
4300000000,-2387390915994257717,1867290395239232380228536727970544,5695602113681638213,201363,25530434,253
8700000000,-4830042847649027775,1867223207361279115719611065022116,5695602113681638213,201362,25530434,256
-488718336,271587651488104028,1867226983368005781272537733478349,5695602113681638213,201362,25530434,341
8700000000,-4829714809390569369,1867159800053199297963009175989900,5695602113681638213,201362,25530434,350
17500000000,-9713891001888088765,1867024675843399824967551315764638,5695602113681638213,201360,25530434,412
-78346408823,43542969667268526080,1867630073568449934185803923184266,5695602113681638213,201367,25530435,54
-109309791151,60798844599830010778,1868475307905339053590763096260443,5696398801164966303,201376,25530436,105
19818453402,-11016217511016208303,1868322089231274874280687351889920,5696398801164966303,201374,25530436,258
-483006189,268729346035097869,1868325824975132821635902359742145,5696398801164966303,201374,25530436,652
231,-127848580304,1868325824973354644150247428093263,5696398801164966303,201374,25530436,1172
-2012215732,1119544667481091764,1868341388335439758449067270051384,5696398801164966303,201374,25530437,334
-13037653855,7254264567535877675,1868442233571369286700688360653956,5696398801164966303,201375,25530439,82
-5031895337,2800000000000000000,1868481157801106691104181842435929,5696398801164966303,201376,25530439,170
-77481354544,43129261225036906496,1869080721490405383515226232783079,5696356079454223685,201382,25530446,13
-36532994624,20345348642823421952,1869363554691826844447917944816403,5696356079454223685,201385,25530447,23
-8888848213,4951161096710200320,1869432383826599616953687723886290,5696356079454223685,201386,25530448,20
-827008817,460669209097059583,1869438787872531322965099282264705,5696356079454223685,201386,25530453,246
-639713261,356342019865783300,1869443741602056876224548149841244,5696356079454223685,201386,25530453,458
9985000,-5556437847318803,1869443664319956770930216590048016,5696356079454223685,201386,25530455,640
-3605764649,2008568566191446016,1869471586666623011380053257042985,5696356079454223685,201386,25530456,61
-7772705072,4329940655678543031,1869531779834069295616805078443646,5696356079454223685,201387,25530456,157
-13430890399,7482603050509235200,1869635800099973562933896857191302,5696356079454223685,201388,25530457,14
-17971877899,10013775699764720968,1869775007738125507402046834870653,5696518575759988407,201390,25530457,242
70026124,-38981835597734173,1869774465571684721822473276761736,5696356079454223685,201389,25530461,1129
-985766813,549303606577811665,1869782101561398554437258125909421,5696518575759988407,201390,25530462,67
-16977018313,9460890024851058688,1869913619459214295471079328072040,5696518575759988407,201391,25530466,18
-21007388685,11708762476502988800,1870076385522754680573444013791827,5696518575759988407,201393,25530467,2
-2364127701314,1330807202205837238978,1888565079542688962952082765352958,5665683546500022086,201590,25530478,6
-171154994391,97328407250559839032,1889122195235630325373991285478970,13834281441215148521,201595,25530478,30
2263067423417,-1273926518571837426984,1871410331043001833881548463917082,5712827744241223556,201407,25530478,63
10473442092,-5840261795004349806,1871329335565571783828302424580768,5712827744241223556,201406,25530478,73
14808934231,-8256981478292403833,1871214823891191461701889987701072,5712827744241223556,201405,25530478,92
4268425921,-2379748261897638722,1871181820431175233528407634532395,5712827744241223556,201405,25530478,107
3841480948,-2141644586316426385,1871152119104104149414214855511877,5712827744241223556,201404,25530478,119
251539798,-140232306893309514,1871150174296996759728491669625023,5712827744241223556,201404,25530478,379
154834,-86318844278495,1871150173099886724433972008573542,5712827744241223556,201404,25530478,382
4309547683,-2402508185705409256,1871116853994620370865366940773927,5712827744241223556,201404,25530478,712
117594610262,-65524198335625776680,1870206698254769872834077745217536,5696518575759988407,201394,25530479,6
7265589674,-4046323915046756194,1870150421284114351206129761742187,5696518575759988407,201394,25530480,187
6744731173,-3756031474441326849,1870098181750773405696871268171615,5696518575759988407,201393,25530480,211
60524473,-33704147690789315,1870097712987676237288455392349490,5696518575759988407,201393,25530481,234
-7133698896,3976621390000000000,1870152992869827720550412581731229,5696518575759988407,201394,25530484,1023
-77918912793,43450565527067803435,1870756873187097433366633960212260,5712827744241223556,201400,25530487,81
-5340448,2979000000000000,1870756914480603266748103171107974,5712827744241223556,201400,25530487,317
215315,-119986378044877,1870756912816576153586803917477544,5712827744241223556,201400,25530488,385
22196769175,-12368249353343127680,1870585028666174672403609297571896,5696518575759988407,201398,25530490,2
89950062,-50116396869047927,1870584331638686222484039648858530,5696518575759988407,201398,25530493,147
1129346815,-629221443810142584,1870575580318358789140956944503225,5696518575759988407,201398,25530495,473
4903359,-2731918921166834,1870575542322359411025500154030396,5696518575759988407,201398,25530496,62
13000000,-7242982955911096,1870575441585703664684435219191021,5696518575759988407,201398,25530499,153
259642000,-144660035126384962,1870573429628993634409208120901417,5696518575759988407,201398,25530499,177
17499150660,-9748967938577390933,1870437839302040138072893097732002,5696518575759988407,201397,25530501,2
724851573,-403792243345904249,1870432223289900031855414159972875,5696518575759988407,201397,25530501,19
7723761452,-4302516457461094488,1870372383149193293851731904869102,5696518575759988407,201396,25530502,10
798183469,-444611904311105505,1870366199410170580800739777765733,5696518575759988407,201396,25530502,105
8620867647,-4801892041103406127,1870299413867746937091098930959621,5696518575759988407,201395,25530504,94
18714629797,-10423017908854550726,1870154448737590814645432802517762,5696518575759988407,201394,25530507,2
13868,-7723076654747,1870154448630176932960541025602201,5696518575759988407,201394,25530509,38
13826293072,-7699445870635438722,1870047363409511765115230032687286,5696518575759988407,201392,25530509,814
17835925,-9931719558212501,1870047225277443776698475254303960,5696518575759988407,201392,25530509,859
1780800000,-991609601630469189,1870033433800136392974341326529905,5696518575759988407,201392,25530510,125
10441036147,-5813627401610335477,1869952576867880938398971902851969,5696518575759988407,201391,25530512,36
126099,-70209064030996,1869952575891401170792830172339311,5696518575759988407,201391,25530512,48
10989337841,-6118381837738410164,1869867480381903952931761960521027,5696518575759988407,201390,25530513,35
55992527919,-31165541411105122259,1869434014946675603936936798617069,5696356079454223685,201386,25530518,2
9786164227,-5445513211678624775,1869358275649537110387072876406074,5696356079454223685,201385,25530522,13
32833843570,-18267176091065664692,1869104205367442262835096563516792,5696356079454223685,201382,25530523,2
6492502104,-3611528842313290178,1869053974168750911838073942704128,5696356079454223685,201382,25530524,132
14493511927,-8061482125345747747,1868941850487045619913341684743478,5696356079454223685,201381,25530526,2
-36408037227,20272735895080828928,1869223674254012621849544350930125,5696356079454223685,201384,25530531,9
17343535954,-9648340945277475420,1869089479636656693695130225107160,5696356079454223685,201382,25530546,47
9427162077,-5243820822416195856,1869016545592064123331702483302493,5696356079454223685,201381,25530547,5
15023714147,-8356034574807541638,1868900325107243045573296853614592,5696356079454223685,201380,25530549,2
-17034711795,9484091610344543083,1869032169296291845975232170454582,5696356079454223685,201382,25530553,16
-111352482,62000000000000000,1869033031196414374279573900768513,5696356079454223685,201382,25530553,86
-59489021814,33131097527978430464,1869493606954783113155379534995040,5696356079454223685,201386,25530556,9
-4798804555,2673300000000000000,1869530770141840450510165787385905,5696356079454223685,201387,25530562,284
468029422,-260472080334371918,1869527147347895810488738013018061,5696356079454223685,201387,25530563,164
-21753465803,12119625000000000000,1869695629707129634690474194566199,5696356079454223685,201389,25530565,35
37561593820,-20904603140492007499,1869404876588502649633343116569833,5696356079454223685,201386,25530567,14
27886712583,-15515920875395798305,1869189072329862956985050022037484,5696356079454223685,201383,25530568,9
39454278318,-21945893944297974032,1868883836346071325748836879603753,5696356079454223685,201380,25530570,6
467981028,-260264929976238732,1868880216433291769184865885907594,5696356079454223685,201380,25530573,455
41293890880,-22961388705158262807,1868560858462930066321016636988467,5696398801164966303,201377,25530579,9
59358329236,-32992340713413195565,1868101985651701732182711603375463,5696398801164966303,201372,25530580,9
42635495313,-23687515279917786767,1867772510045901802844168592730634,5695602113681638213,201368,25530581,2
29974321355,-16648192820884363964,1867540926852403542536459046672718,5695602113681638213,201366,25530582,8
6971266218,-3871355302284729114,1867487074711590705918027020607910,5695602113681638213,201365,25530583,120
13581995603,-7541852382311530804,1867382164450256083301702281133817,5695602113681638213,201364,25530584,39
3083029501,-1711836122053468927,1867358352107369622111255608247483,5695602113681638213,201364,25530584,79
-67790276,37677397851504640,1867358875953380112641336613929374,5695602113681638213,201364,25530586,711
-2607072808,1449010258274397696,1867379022202490747095593040515298,5695602113681638213,201364,25530588,127
-20657927178,11482775017551323136,1867538672449729473830404652302041,5695602113681638213,201366,25530590,51
-45377471608,25230107600000000000,1867889458118702603215838044768642,5695602113681638213,201369,25530591,72
-2011733243,1118753443961401080,1867905012657013648409132263173898,5695602113681638213,201369,25530591,160
49982281,-27768292834277112,1867904626388665981881450055842394,5695602113681638213,201369,25530596,100
27000000,-15000189379740487,1867904417729876585756450839359668,5695602113681638213,201369,25530596,690
-857548019,476900000000000000,1867911047544010134922716094943961,5696398801164966303,201370,25530596,1048
-17828235438,9915413335538487296,1868048886767800786127678044712138,5696398801164966303,201371,25530599,14
-4391201699,2442450600000000000,1868082840520756736566162079238734,5696398801164966303,201371,25530600,392
-51093108,28419256601848638,1868083235591354213924427987749523,5696398801164966303,201371,25530608,176
-330510993,183838718544433396,1868085791227252518764698221564485,5696398801164966303,201371,25530618,14
4633414088,-2574601720435003423,1868049982469713560464555549662485,5696398801164966303,201371,25530620,35
-20957556240,11657712315127619584,1868212042281273059044819727977208,5696398801164966303,201373,25530625,27
-3217635745,1790000000000000000,1868236925985283756859910203830684,5696398801164966303,201373,25530625,170
-71182881,39600222729822583,1868237476488200609716318334450332,5696398801164966303,201373,25530626,1103
-11340730405,6309335307972864000,1868325185779992700046081887646391,5696398801164966303,201374,25530627,49
-8964040738,4987500000000000000,1868394519564212451639804652070531,5696398801164966303,201375,25530628,195
-46293941929,25763366242688815104,1868752669273655061900877280190999,5696398801164966303,201379,25530629,2
-15979588177,8895205900644368000,1868876326346361230521224544573964,5696356079454223685,201380,25530630,35
-1649099119,918055390916650502,1868889088798843792318111263227904,5696356079454223685,201380,25530630,174
-14481137104,8062204321564599296,1869001166458401933494091899540079,5696356079454223685,201381,25530631,9
108108,-60130775700421,1869001165622068880775550861382178,5696356079454223685,201381,25530631,138
-165487224,92138671875000000,1869002446498400794609891874725163,5696356079454223685,201381,25530631,145
-35921309,20000000000000000,1869002724530698384385485981278044,5696356079454223685,201381,25530633,136
-1513296316,842567299000000000,1869014437576799133457103105207009,5696356079454223685,201381,25530633,198
-8378017185,4664871250000000000,1869079286820379032880248071605613,5696356079454223685,201382,25530635,11
-713099943,397068255517900300,1869084806710348113175802494886509,5696356079454223685,201382,25530636,344
-11303212244,6294167000000000000,1869172305795969300429894037867938,5696356079454223685,201383,25530641,36
-2111707569,1175964698032710126,1869188653604313225482675881243368,5696356079454223685,201383,25530643,121
-8017772639,4465113109997377469,1869250725887161765445616377398002,5696356079454223685,201384,25530643,426
12099181592,-6731207671604057658,1869157104419703536339616743286104,5696356079454223685,201383,25530655,128
-179576718,100000000000000000,1869158494581191485217587276050509,5696356079454223685,201383,25530661,258
39856917138,-22169093967128150908,1868850154204444898281331227752161,5696356079454223685,201380,25530662,2
227285,-126398722080768,1868850152446419529970804565741655,5696356079454223685,201380,25530664,218
26841314154,-14926424755557092456,1868767839781203440808331840053857,15604710348117383583,201379,25530673,12
55268,-30732809812045,1868767839353757235705782056078059,5696398801164966303,201379,25530674,449
-87611505,48767448880624689,1868768517294965784477419155399217,5696398801164966303,201379,25530676,134
-252045477,140297009694331801,1868770467635336074843049798078946,5696398801164966303,201379,25530677,130
-100943,56188614674357,1868770468416442698489882723283040,5696398801164966303,201379,25530677,264
-5652496951,3146447290000000000,1868814208786861481881670627670738,5696398801164966303,201379,25530681,183
-7372313672,4104000000000000000,1868871260821864537769332312206704,5696356079454223685,201380,25530685,6
221978600,-123450572860007228,1868869543801033570195345881602803,5696356079454223685,201380,25530685,605
-22930156745,12766277200508905489,1869047015670119843159468410897778,5696356079454223685,201382,25530688,12
22042977,-12261236829835932,1869046845133859358334022524921129,5696356079454223685,201382,25530689,170
-252660527,140681263245661492,1869048800830601759499794771019176,5696356079454223685,201382,25530691,12
455807731,-253539588068621691,1869045274553036086955872106953527,5696510077041890940,201382,25530694,778
4000000000,-2224928581502326708,1869014329816547630523196474648623,5696510077041890940,201381,25530700,321
24791865801,-13788389474873874335,1868822558362144001845803084550472,5696552798752633558,201379,25530701,9
17669925,-9826400026479051,1868822421695699270827626721578351,5696552798752633558,201379,25530701,617
1000000,-556108715123224,1868822413961289845704906875092519,5696552798752633558,201379,25530707,91
18716425,-10408365770978498,1868822269200813827373248734066226,5696552798752633558,201379,25530709,135
-470142324,261712358500016697,1868825907299591939841453589345246,5696552798752633558,201379,25530713,160
7976162468,-4435483607519487339,1868764218199446522368310581833461,5696552798752633558,201379,25530714,81
-8082064999,4498875000000000000,1868826757667334813498491917188162,5696552798752633558,201379,25530717,9
11118097817,-6182615320451756396,1868740769304077794053312101114357,5696552798752633558,201378,25530718,24
17592545,-9782511630171086,1868740633248036778759376418228015,5696552798752633558,201378,25530719,488
135000000,-75068063815052340,1868739589194734776107871686295509,5696552798752633558,201378,25530720,114
59847904,-33278982594838685,1868739126347687714489557221323388,5696552798752633558,201378,25530720,128
-18862728806,10500109612296974336,1868885090126098622350097458216632,5696510077041890940,201380,25530726,9
-26944366,15000000000000000,1868885298644684639129128567353375,5696510077041890940,201380,25530727,281
4204983,-2338584735776000,1868885266119196402715297396084405,5696510077041890940,201380,25530728,296
-249280021,138775000000000000,1868887195263648034615966874114510,5696510077041890940,201380,25530729,166
-862216585,480000990926818385,1868893867872175682145995582007308,5696510077041890940,201380,25530729,269
-3605282585,2007118928621641970,1868921769312239928627563755661846,5696510077041890940,201380,25530732,121
-6826297214,3800473857971443610,1868974600607910457862162930180845,5696510077041890940,201381,25530736,278
-9853557144,5486250000000000000,1869050866280746094792791096944774,5696510077041890940,201382,25530739,243
-5067971416,2821912527777012479,1869090094361423101281014937623282,5696510077041890940,201382,25530740,115
-13247573519,7376981110996272128,1869192643539445596635065565660754,5696510077041890940,201383,25530746,383
-7248670548,4036803037890302976,1869248760103544871571286533401978,5696510077041890940,201384,25530748,27
50001578,-27818996008369239,1869248373191574748404790791506706,5696510077041890940,201384,25530748,116
50000000,-27818106670164000,1869247986291973712785205617315041,5696510077041890940,201384,25530750,188
-897793615,500000000000000000,1869254936911507605419575921873157,5696510077041890940,201384,25530752,191
-19069788842,10621241740845278508,1869402585332143835423888989982232,5696510077041890940,201386,25530754,88
-4084231419,2275000000000000000,1869434210651023046910273875721660,5696510077041890940,201386,25530756,389
12164924444,-6769109615841129833,1869340064566935151316180938163725,5696510077041890940,201385,25530759,32
6493928137,-3613233946163950525,1869289895710890869252970085361808,5706127443608740382,201384,25530761,77
369210539,-205423617875776654,1869287043454970865279438380025776,5706127443608740382,201384,25530761,131
334706265,-186225377006744275,1869284457761857702110137707404520,5706127443608740382,201384,25530762,79
1458410521,-811430993233619385,1869273191244024660830409752248284,5706127443608740382,201384,25530762,294
585180105,-325579976441631649,1869268670646905190556994555255307,5706127443608740382,201384,25530763,81
-3775463458,2102705929211612416,1869297851598778645158759652819304,5706127443608740382,201384,25530769,117
-54375322,30284261580088729,1869298271877985268703263035825879,5706127443608740382,201384,25530769,646
-296256409,164999842643737792,1869300561714333958590373577750324,5706127443608740382,201384,25530772,41
-79975831,44542564463417693,1869301179867548761473063182051676,5706127443608740382,201384,25530772,161
-620016405,345319328938888809,1869305972143339089188537945819440,5706127443608740382,201384,25530772,232
-252346279,140545252424150643,1869307922603548505817333984632509,5706127443608740382,201385,25530773,12
-5078323814,2828454758603168370,1869347175359266938158792950262107,5706127443608740382,201385,25530773,175
-12515248481,6971077614391900160,1869443918644928361085497088031079,5706127443608740382,201386,25530774,55
-247201202,137700000000000000,1869445829619267260337617758543461,5706127443608740382,201386,25530775,246
-19481358857,10852706007618301952,1869596441403495120369729056941341,5706127443608740382,201388,25530776,5
-24813381756,13825610079954057216,1869788310189558527628900933898674,5706289939914505104,201390,25530778,9
-11157051207,6217451142324609024,1869874592333665843171331921334501,5706289939914505104,201391,25530781,99
-14349081014,7997106096325808128,1869985571486513145142443269378993,5706289939914505104,201392,25530782,2
-529433717,295084971874737156,1869989666502860580389531838722692,5706289939914505104,201392,25530782,130
-6515504651,3631584976565449216,1870040063511395629188562936882083,5706289939914505104,201392,25530783,49
114251488,-63619040039175788,1870039180201978074281133814741382,5706289939914505104,201392,25530784,138
-26110441041,14555279869562083328,1870241169847972834392963018822165,5706289939914505104,201394,25530785,9
-999992425,557508851688904713,1870248906629168438785447658119264,5706289939914505104,201395,25530785,121
-351691817,196073882476710096,1870251627627628462243624087620643,5706289939914505104,201395,25530790,40
962397970,-536014679733851168,1870244185408848282072263983506117,5706289939914505104,201395,25530790,383
-35164040,19604397017873023,1870244457467183749862993351260038,5706289939914505104,201395,25530791,174
-133590868,74478650421079098,1870245491038256758291236794516868,5706289939914505104,201395,25530792,47
-382995591,213525491562421133,1870248454219922659725286460810775,5706289939914505104,201395,25530795,367
-1793660046,1000000000000000000,1870262331634016026606237380124583,5706289939914505104,201395,25530795,501
-7733832153,4311930231951943168,1870322170075386531226313738765265,5706289939914505104,201395,25530796,12
-16954510393,9453803983117649920,1870453364428017776055985162713483,5706289939914505104,201397,25530797,28
-2991029144,1667930008095614331,1870476510983418871670129525362722,5706289939914505104,201397,25530799,493
-46139498603,25734652359809273856,1870833287761369735134326264169659,5722599108395740253,201401,25530801,9
-108029888,60265995492102249,1870834121714021754403496631445913,5722599108395740253,201401,25530804,190
14860552785,-8281376769000751588,1870719467821259348495863098050046,5722599108395740253,201400,25530808,9
-2236280963,1247400000000000000,1870736729172866245327678491105798,5722599108395740253,201400,25530809,4
17646896948,-9832991494272234283,1870600282090679562353230726985580,5706289939914505104,201398,25530809,66
3012944198,-1678693074788680715,1870576974517958692096830404053549,5706289939914505104,201398,25530809,100
951994,-530406707480010,1870576967153602996649687862766841,5706289939914505104,201398,25530809,283
1500000000,-835724936599913673,1870565363650838264498535680618228,5706289939914505104,201398,25530811,171
30179920,-16814634726845241,1870565130190459141798860942213748,5706289939914505104,201398,25530815,77
961869901,-535900184894685274,1870557689561366099855164656492209,5706289939914505104,201398,25530817,377
-669568055,373418100000000000,1870559377258504004132184065479075,17521175235463785596,201398,25530826,250
35544142161,-19800255201268596509,1870284269241609852104972303335424,5702261441234513020,201395,25530828,52
26216546086,-14600483548317195248,1870081407711097059206368605736304,5702261441234513020,201393,25530830,86
105739227,-58881734622257879,1870080589598548581586631099859958,5702261441234513020,201393,25530830,128
24381101965,-13575436444930958018,1869891970241834519069024600862295,5702261441234513020,201391,25530833,14
111350147823,-61972560648746274258,1869290121131058050935672822196920,8753878296404478926,201384,25530834,9
1394381,-775815148066167,1869290114109437855774770868175592,8753878296404478926,201384,25530834,110
8813786733,-4903760776025748744,1869245731957603094719529103719023,8753878296404478926,201384,25530835,150
55240,-30732809812045,1869245731679451632263308032346011,8753878296404478926,201384,25530836,426
35413319716,-19700699108857970840,1869067427830826924152914319359617,8753878296404478926,201382,25530838,9
50629494534,-28159022489435320865,1868797959932415104208747469209600,5702141666639490916,201379,25530839,13
-3178653807,1769423040000000000,1868822532812272032812863299575848,5702141666639490916,201379,25530839,46
516503,-287231437963500,1868822528821347152900225138320275,5702141666639490916,201379,25530839,403
12526974318,-6965999622396419930,1868725740038741759100686337226907,5702141666639490916,201378,25530841,14
180385453,-100303468940912096,1868724346376499993286467200705045,5702141666639490916,201378,25530842,96
9378695945,-5214824958067741104,1868651889215065643015205934318154,5702141666639490916,201377,25530844,19
55091791,-30631427117025575,1868651463608017001973247783464853,5702141666639490916,201377,25530845,88
18113799820,-10070644934185134531,1868511537464452895155915520033510,5702141666639490916,201376,25530846,12
66171840163,-36776434883694626860,1868000548869289176644544111152998,5702141666639490916,201371,25530846,494
-1384399109,769973592177187678,1868011241885117419603852630064323,5702141666639490916,201371,25530849,157
36470946716,-20261154128468348788,1867729699554500263815394498101422,5701344979156162826,201368,25530852,9
14986006130,-8323590191790872282,1867614031627225505431531401474441,5701344979156162826,201366,25530852,91
24541790937,-13628877752235525534,1867424639309204262986555017913120,5701344979156162826,201364,25530856,9
50458037455,-28012354620128554259,1867035368463050478803236766555445,5701344979156162826,201360,25530857,2
-1603668,891000000000000,1867035380838550805789646779620471,5701344979156162826,201360,25530858,125
44833663814,-24880098507026818512,1866687369803384813983277063250879,5655939326879225650,201356,25530859,9
-329342083,182914880000000000,1866689930786273219533187431177636,5655939326879225650,201356,25530859,186
961597550,-533530940265376639,1866682457107084186014102398226545,5655939326879225650,201356,25530861,88
34314945484,-19036442505300263218,1866415795413360613208038390676658,5655939326879225650,201354,25530862,121
-1604733,891000000000000,1866415807888210956544485213033716,5655939326879225650,201354,25530862,283
-10319134,5729518565100000,1866415888106938946432567305248834,5655939326879225650,201354,25530862,902
-1604733,891000000000000,1866415900581789289769014127605892,5655939326879225650,201354,25530864,229
869484,-482282991958029,1866415893825989226086272484849579,5655939326879225650,201354,25530866,497
127783659994,-70841014339774804276,1865423114586656887741387342157456,5651886067152372862,201343,25530867,5
656650,-363841169855752,1865423109486329847844868809558982,5651886067152372862,201343,25530867,1058
2537042,-1405742925397522,1865423089780619643607369045183128,5651886067152372862,201343,25530868,532
-425438066,235966225754179556,1865426395902270836650911277274154,5651886067152372862,201343,25530868,541
-187565500,104032148571740179,1865427853496202823629634756664334,5651886067152372862,201343,25530868,675
-3728846019,2068217194454282909,1865456831277341207259411719399048,5651886067152372862,201343,25530869,186
-18607151619,10321480669636292373,1865601445493232443111470150975488,5651886067152372862,201345,25530869,434
-152629194,84670799806153916,1865602631815400237495137511346392,5651886067152372862,201345,25530869,1520
248,-136421070904,1865602631813487886352964230928500,5651886067152372862,201345,25530870,686
-3008560463,1669016050621198336,1865626016389325005752441947582093,5651886067152372862,201345,25530871,384
-36241859675,20108666366028222464,1865907758816813765495665110489511,5651886067152372862,201348,25530872,6
-2703154297,1500078902998135920,1865928776415090167144210651965576,5651886067152372862,201348,25530872,282
5934645895,-3290014653607365447,1865882656975923615365654251992076,5651886067152372862,201348,25530873,29
3922074,-2174242380268959,1865882626497384840407371538235222,5651886067152372862,201348,25530874,73
21605332,-11977141250556453,1865882458601768725574754150768706,5651886067152372862,201348,25530877,241
-4648830306,2579756434292976640,1865918603556729804382488205384653,5651886067152372862,201348,25530878,326
-27005784324,14988186445945151488,1866128538646208096281700366203627,5655939326879225650,201350,25530882,12
-10406539760,5776520417729219584,1866209415444991933936183883955212,5655939326879225650,201351,25530883,21
-162621602692,90333925523296075776,1867470177733938611353117300990478,5701344979156162826,201365,25530885,2
557786,-309740864761930,1867470173429656084969476252630425,5701344979156162826,201365,25530885,153
650059,-360979970260326,1867470168413334523524096253703202,5701344979156162826,201365,25530886,57
-10004433757,5561294016973629890,1867547411730871588307867700127335,5701344979156162826,201366,25530886,101
-3936053902,2188111310691691624,1867577803394441675504144403646523,5701344979156162826,201366,25530886,168
-133183264974,74080565845050802176,1868606643797824765023998429125101,5702141666639490916,201377,25530887,2
-10445199401,5813388001119322112,1868687377280821129438796537575972,5702141666639490916,201378,25530888,48
95985729855,-53349616024571190188,1867946113332014443368483880967880,5702141666639490916,201370,25530892,2
-164951523,91736749423736704,1867947387327023604459982455567520,5702141666639490916,201370,25530893,93
469957605104,-260594371896876624460,1864302815525280025324309857232439,5646476176292689883,201331,25530893,103
62464348,-34569144688270771,1864302330470579034859375737027432,5646476176292689883,201331,25530893,119
5394279,-2985311416974642,1864302288582376425803418880466698,5646476176292689883,201331,25530893,136
13008577,-7199229875362255,1864302187566851568450060773247580,5646476176292689883,201331,25530893,321
24976731,-13822665217251257,1864301993615025328444356651359761,5646476176292689883,201331,25530893,344
1161469,-642781961162563,1864301984595872127365600108280325,5646476176292689883,201331,25530893,815
-4213733100,2334345890692291070,1864334722441008285750969458371284,5646476176292689883,201331,25530893,1275
511819960747,-282659073715627614518,1860364026191093385661204190569330,5638317688632273847,201289,25530894,20
-41095351791,22673624303509940769,1860682531712944111013755178294583,5636842440599853997,201292,25530894,447
-905581314,499725701329374368,1860689552053377598183573590631296,5636842440599853997,201292,25530894,501
-5461361038,3013815359722738877,1860731891300233706472153579905556,5636842440599853997,201293,25530894,659
-2253908943,1243844475085774700,1860749365309751697618904064820358,5636842440599853997,201293,25530894,665
-1136074226,626963929914878863,1860758173142160177978418724746349,5636842440599853997,201293,25530894,670
-2373766696,1310026956799999995,1860776576908845212776835591551835,5636842440599853997,201293,25530894,706
-1227996326,677712950671089123,1860786097683176485852025720893161,5636842440599853997,201293,25530894,710
-22232246946,12270846656423956479,1860958483295335414105897912634875,5636842440599853997,201295,25530895,15
63217444278,-34851349726951118729,1860468633094783328658280763359232,5636842440599853997,201290,25530895,520
-7895901491,4356309687005628307,1860529832222535055051314217244368,5636842440599853997,201290,25530895,553
15621231,-8610177857856694,1860529711202907881225875711436913,5636842440599853997,201290,25530895,556
-4484240128,2474162542392931878,1860564469197722184605083005199435,5636842440599853997,201291,25530895,616
-1243350076,686030074793689524,1860574106814238306080297507018726,5636842440599853997,201291,25530895,638
-8876775074,4898050474889017343,1860642916526651837211682178744646,5636842440599853997,201292,25530895,664
-1985806783,1095783318733263028,1860658310515630950174997002375065,5636842440599853997,201292,25530895,684
4125198,-2274058506142703,1860658278552793813920709367708399,5636842440599853997,201292,25530895,687
-1297220281,715825805064645307,1860668334751282825756302309076319,5636842440599853997,201292,25530895,709
1516696765,-836098764823520164,1860656583035758493268321969034208,5636842440599853997,201292,25530895,787
-1194597114,659195303361577845,1860665843666999678742710426539770,5636842440599853997,201292,25530895,795
-1474494326,813655526331401480,1860677274215348981458985317253014,5636842440599853997,201292,25530895,904
-461605201,254725058022253726,1860680852691740127358461292183736,5636842440599853997,201292,25530895,982
-1969522914,1086842000000000000,1860696121069606454170261875455504,5636842440599853997,201292,25530895,1014
-626076350,345491502812526335,1860700974668210986167119062792880,5636842440599853997,201292,25530895,1179
-1038252285,572949016875157735,1860709023678175443158424290238145,5636842440599853997,201292,25530895,1225
-1812111,1000000000000000,1860709037726563218315081652194410,5636842440599853997,201292,25530895,1245
198210430184,-109181428782150170582,1859174108151870788669077680799176,5627332992954696119,201276,25530896,5
-19168358027,10561309923622477194,1859322728253693419735145065993897,5627332992954696119,201277,25530896,1036
138330982877,-76103092082592147352,1858251189906441247806761213643488,5626167225238982534,201266,25530897,22
-6136667232,3377618211247750656,1858298730029690648451119905623483,5626167225238982534,201266,25530897,372
-394163777,216953429341124736,1858301783658646079454797778391548,5626167225238982534,201266,25530897,683
-481588538,265074246624155168,1858305514590198020337737316225257,5626167225238982534,201266,25530897,704
-342149076,188325121706393600,1858308165274478163692150303022001,5626167225238982534,201266,25530897,711
-872062,480000000000000,1858308172030499043649000077289001,5626167225238982534,201266,25530897,746
-181679599,100000000000000006,1858309579534849034659440126670195,5626167225238982534,201266,25530897,784
2080151385,-1143802233387271750,1858293472415098939433192274472227,5626167225238982534,201266,25530897,938
2080658,-1144070507945026,1858293456304201324335151121967889,5626167225238982534,201266,25530897,1093
4214877,-2317592442864629,1858293423667668609595204001388416,5626167225238982534,201266,25530898,515
-129256403,71144104003906248,1858294425024027226704210213644247,5626167225238982534,201266,25530898,574
-131008985,72108822061634749,1858295439958834471490657431687241,5626167225238982534,201266,25530898,725
-35127172801,19337234202553946112,1858567612371403367747390335577435,5626167225238982534,201269,25530898,929
-506311138,278761736881730272,1858571535954976088595662101801698,5626167225238982534,201269,25530899,210
-191150808,105242966622118368,1858573017254309354498788679505969,5626167225238982534,201269,25530899,234
767604,-422201723888650,1858573011308828984844170534049187,5626167225238982534,201269,25530899,287
-1985178142,1093000514493347243,1858588395338615902830364936816758,5626167225238982534,201269,25530899,334
-13435861699,7398000000000000000,1858692501266981100272130336447298,5627332992954696119,201271,25530899,383
41177285287,-22647586082315183259,1858373597288540749182370205138944,5626167225238982534,201267,25530899,401
-128660225,70822071725826460,1858374594112281043943206550151542,5626167225238982534,201267,25530899,443
-9082993534,5000000000000007167,1858444969329780594562558469651340,5626167225238982534,201268,25530899,519
-47294249219,26040625851711684608,1858811446381986496133872655039852,5627332992954696119,201272,25530900,59
-181581233,100000000000000006,1858812853594755531654344198884762,5627332992954696119,201272,25530900,98
-89762466,49433835268908350,1858813549233997659717217281145233,5627332992954696119,201272,25530900,248
15128,-8322700809790,1858813549116820962844779950196808,5627332992954696119,201272,25530900,426
-36878695,20309784481796223,1858813834918701554275814976801561,5627332992954696119,201272,25530900,617
-104470881,57534093408038182,1858814644545810541012712453703189,5627332992954696119,201272,25530900,884
-15504245424,8539037349688103568,1858934806969748064288113040692182,5627332992954696119,201273,25530900,892
-48417255,26667764552200101,1858935182241936059176088321567444,5627332992954696119,201273,25530900,1242
-8057098360,4437923210845942272,1858997633264039074436773242938166,5627332992954696119,201274,25530901,228
737,-404842050545,1858997633258339235487604182796675,5627332992954696119,201274,25530901,348
-30854719182,16997818303275763712,1859236828727960388873087420952088,5627332992954696119,201276,25530902,14
-6109997802,3366507458303844864,1859284202650784173725777449821290,5627332992954696119,201277,25530902,338
462225,-254429688165181,1859284199068626034578516051576692,5627332992954696119,201277,25530902,437
203572,-112055395876783,1859284197490979372075863666981782,5627332992954696119,201277,25530902,1224
133574708057,-73484828258360130487,1858249521772502588189227271400982,5626167225238982534,201266,25530903,9
-85258023936,46941367223222922517,1858910157215354378344165749555200,5627332992954696119,201273,25530904,6
-6114658559,3367891706382361088,1858957550617493879205997690306260,5627332992954696119,201273,25530904,245
-6114346785,3367891706382361088,1859004944019633380067829631057320,5627332992954696119,201274,25530904,251
222043571788,-122073437024194757268,1857285902238723114467398549876798,5624977613724307666,201255,25530905,9
10579132,-5810736133283535,1857285820394140200566429888954721,5624977613724307666,201255,25530905,350
152981028722,-83973478725957986760,1856103929621274578031392472587420,5632862167460521481,201243,25530906,5
-353867522,194313940744793760,1856106661347784196276436853736026,5632862167460521481,201243,25530906,416
-50047706,27481989094889455,1856107047698232649936736963158520,5632862167460521481,201243,25530906,649
-508806084,279394137005957975,1856110975508907301886314410842267,5632862167460521481,201243,25530906,661
-266739038,146471447681068082,1856113034650598314376817512795189,5632862167460521481,201243,25530906,668
-179014566,98300464174123966,1856114416589448728163758323669532,5632862167460521481,201243,25530906,676
4397453,-2412316516377626,1856114382659379198062820747157414,5632862167460521481,201243,25530906,699
-448188895,246110083200749846,1856117842552354385193308443907175,5632862167460521481,201243,25530906,775
39984136786,-21930587531859724714,1855809381222864618462302110575389,5632862167460521481,201240,25530908,5
-134133831233,73672500000000000000,1856845250353683394774889240868048,5624977613724307666,201251,25530908,231
7067790976,-3880127241189399165,1856790598518111477253064240417245,5624977613724307666,201250,25530909,105
-19288712953,10600394902550036480,1856939831091606787262272339762438,5624977613724307666,201252,25530911,21
-175846261,96646727768711537,1856941191686191933887074532668970,5624977613724307666,201252,25530911,660
-87919159,48321234218496931,1856941871953503028233714731427571,5624977613724307666,201252,25530912,168
-6125109320,3366507458303844864,1856989265713482006187460552779004,5624977613724307666,201252,25530912,319
-6124796680,3366507458303844864,1857036659473460984141206374130437,5624977613724307666,201253,25530912,325
-43963657,24165338270096431,1857036999673581129068101179820262,5624977613724307666,201253,25530913,281
12584374011,-6909929233937226103,1856939672886897978211940740317884,5624977613724307666,201252,25530914,35
69678415578,-38246486556801230198,1856401432655746655911175442296952,5632862167460521481,201246,25530916,9
-37684956,20699978982225433,1856401723662563344130511660747770,5632862167460521481,201246,25530916,625
419349000,-230113665797719231,1856398487033942126835699749697204,5632862167460521481,201246,25530916,718
27469156106,-15071683433347499516,1856186498572495511795344173146418,5632862167460521481,201244,25530916,897
-20088040207,11032529794682050455,1856341597347152489528363714890785,5632862167460521481,201245,25530917,105
27983955707,-15353168083974838408,1856125649706343382120166059449152,5632862167460521481,201243,25530919,39
-10200192911,5601438715166913946,1856204396493998314673419873336853,5632862167460521481,201244,25530919,797
104852634010,-57499664331276143321,1855395677410027818187836343195147,5633326185015472652,201235,25530920,56
44349780252,-24305701610184970838,1855053837435925615177037909834731,5633326185015472652,201231,25530922,19
-9352536508,5130000000000000000,1855125950649348603070499125662501,5633326185015472652,201232,25530922,475
39492038130,-21637582317254345906,1854821653382890548896984372272340,5635145255398692746,201229,25530923,5
-20463281369,11222110800000000000,1854979386577515337005329808933486,5633326185015472652,201231,25530924,90
11130663846,-6098215862042973058,1854893620118855411523547540273206,5633326185015472652,201230,25530924,412
-4595400356,2520157579698646922,1854929046368641838257872323649512,5633326185015472652,201230,25530924,503
-986142544,540821705841805310,1854936648784060386890365851149657,5633326185015472652,201230,25530925,908
134441574658,-73616129097855319086,1853901267513258281264701518773778,5594868292011011630,201219,25530927,2
3000000000,-1641771234528795354,1853878018615984644464648981559900,5594868292011011630,201219,25530927,282
-6966825762,3816523558964026522,1853932036860011279902779572830835,5594868292011011630,201219,25530927,331
27763482076,-15192693717166349843,1853716895208049273491928404698370,5594868292011011630,201217,25530928,8
-100061379,54803906449513328,1853717670890616527523825994553962,5594868292011011630,201217,25530928,513
-55008061308,30135008630471618560,1854142803936268087379292804088791,5635145255398692746,201222,25530929,2
-6110396276,3348303303078715904,1854189856366377182665737707133216,5635145255398692746,201222,25530929,263
-6110086166,3348303303078715904,1854236908796486277952182610177641,5635145255398692746,201223,25530929,269
7994566434,-4376577037119609984,1854175375660952475789460030984757,5635145255398692746,201222,25530929,369
-17251740545,9454176098648320000,1854308231594198339014091375832069,5635145255398692746,201223,25530929,613
106492459114,-58279249823175008482,1853485529339421492324248074979797,5594868292011011630,201214,25530930,2
74908446241,-40963481424891748014,1852905049079589082745252893663442,5575773222363610072,201208,25530931,39
-33159662840,18148252652140702392,1853162317516554274538186206085120,5594868292011011630,201211,25530931,470
-31727332,17366750540413985,1853162563321762639722010661362709,5594868292011011630,201211,25530931,564
-788396075,431549835654323424,1853168671384236740485071186410367,5594868292011011630,201211,25530931,723
-143867391,78750000000000000,1853169785994601742986858455519471,5594868292011011630,201211,25530931,1160
-8878667645,4860180246562264064,1853238575928298234596757990323329,5594868292011011630,201212,25530932,21
2297102960,-1256210985111606559,1853220786896834751742617257789259,5594868292011011630,201212,25530932,442
-2401106273,1314401669384679933,1853239390652066151815999542357697,5594868292011011630,201212,25530932,491
-987360198,540503472506682209,1853247040820609336485785196832196,5594868292011011630,201212,25530933,500
-438510143,240051876444659808,1853250438462636301790287000880429,5594868292011011630,201212,25530934,179
-912748768,499665276875439326,1853257510616244393340033552058091,5594868292011011630,201212,25530934,213
-6071009806,3323544741029726720,1853304551345347901771480373239005,5594868292011011630,201213,25530934,226
-101110638,55353954812591460,1853305334813180003289668879048982,5594868292011011630,201213,25530934,370
-99858382,54668441790094029,1853306108578409943286199173716418,5594868292011011630,201213,25530935,169
-11478951660,6284567847273482015,1853395058984278292272793274573445,5594868292011011630,201214,25530935,382
-8206380414,4493250000000000000,1853458655467104292160484029170037,5594868292011011630,201214,25530935,399
-6091441947,3335454426412742144,1853505864763303315865349559833027,5594868292011011630,201215,25530936,45
-6091131654,3335454426412742144,1853553074059502339570215090496017,5594868292011011630,201215,25530936,51
-84972484292,46547950699120787456,1854210028373154107382408807211245,5635145255398692746,201222,25530937,9
-145528795625,79797153676368134144,1855331534183966406981969505423194,5633326185015472652,201234,25530939,9
-34208855271,18771604321753362432,1855595409565788333322596086093909,5633326185015472652,201237,25530940,5
-5466215782,3000000000000000000,1855637581035626337938655276636464,5633326185015472652,201238,25530940,244
158329512,-86810355728121856,1855636360118401653949293784899797,5633326185015472652,201238,25530940,255
-6093396722,3344369381657001984,1855683372442570218751772600028127,5633326185015472652,201238,25530940,261
1887488363,-1034933058516561224,1855668816948736106686398427789688,5633326185015472652,201238,25530940,279
-11783558677,6467802060000000000,1855759735855233264727077475014046,5633326185015472652,201239,25530941,193
-1500000,823365738070813,1855759747429414394293626641876729,5633326185015472652,201239,25530941,204
-15864529049,8708780982806715392,1855882174540370548408865309648254,5632862167460521481,201240,25530942,76
4163984,-2283670677749911,1855882142419749413558729256575633,5632862167460521481,201240,25530942,142
-8535057167,4685766780821037737,1855948016403283455644374130135298,5632862167460521481,201241,25530942,385
-103556675,56854904659473073,1855948815687419554159160749576740,5632862167460521481,201241,25530942,632
-19640762625,10784098482103181312,1856100421936528494822974264235780,5632862167460521481,201243,25530947,37
-6052427895,3323544741029726720,1856147145374075867310901779787580,5632862167460521481,201243,25530947,248
-3277380866,1799764460000000000,1856172447029055465021982151730472,5632862167460521481,201243,25530947,502
12651766,-6940829855361197,1856172349403873201360828181618216,5632862167460521481,201243,25530947,594
-62534421689,34350000000000000000,1856655252510288127109284608098802,5632862167460521481,201249,25530947,694
36811078,-20205268963621533,1856654968316163452488839603169759,5632862167460521481,201249,25530950,627
6461675767,-3546659800788394261,1856605083314413737534999864076690,5632862167460521481,201248,25530953,19
312,-170329122186,1856605083312017999281111730833272,5632862167460521481,201248,25530953,625
3150347267,-1729081410339023094,1856580763181521979359540190560617,5632862167460521481,201248,25530953,865
65352833940,-35858964935121543940,1856076394386935629709576440874453,5632862167460521481,201242,25530954,7
75590410182,-41452009356504994674,1855493383094379889843567769672768,5633326185015472652,201236,25530955,2
10459366545,-5733620697274094427,1855412744370918941546525928177150,5633326185015472652,201235,25530956,16
15112385128,-8283434538850254459,1855296244584422290160185491062784,5633326185015472652,201234,25530956,313
21785401189,-11939232675681590069,1855128328963054464472702175412224,5633326185015472652,201232,25530957,71
-59233919757,32500000000000000000,1855585186552966181146676739623244,5633326185015472652,201237,25530959,20
47127859115,-25833193263421584702,1855221863648004457819849191008983,5633326185015472652,201233,25530960,2
-59227947852,32500000000000000000,1855678721237916174493823755220003,5633326185015472652,201238,25530960,31
9150993152,-5017425372179070046,1855608155220658449385424838879339,5633326185015472652,201237,25530960,229
856434594,-469557553335389635,1855601551274619533051325842750730,5633326185015472652,201237,25530961,275
655650720,-359471483192059796,1855596495599845126937264251098446,5633326185015472652,201237,25530961,392
546407056,-299575319215827594,1855592282316023709269070587360605,5633326185015472652,201237,25530961,413
9991894630,-5477956251863685163,1855515239305568689020041454036162,5633326185015472652,201236,25530962,209
600246879,-329064861127118206,1855510611275264947334825815061833,5633326185015472652,201236,25530962,230
2452860487,-1344679971538597511,1855491699442394675908941273196425,5633326185015472652,201236,25530966,353
165457958171,-90642289323211708403,1854217102171961398233611874455852,5635145255398692746,201222,25530967,8
138570593087,-75816742796024584759,1853145397851892335918526241047465,5594868292011011630,201211,25530968,2
-118691823949,65000000000000000000,1854064565629877296764518325090372,5635145255398692746,201221,25530969,22
135478971352,-74113903605669916908,1853015853036791091948601651505820,5575773222363610072,201209,25530969,49
-21981107,12030007666575267,1853016023890017498852761607122924,5575773222363610072,201209,25530970,553
-36543786,20000000000000000,1853016307935100664694339543838715,5575773222363610072,201209,25530970,990
-18271889,10000000000000000,1853016449957642247615128512196610,5575773222363610072,201209,25530970,1115
-235570926,128925463609059369,1853018280989843899112630088627368,5575773222363610072,201209,25530970,1153
72156652462,-39439195983290663010,1852457875301846514346124855555680,5575773222363610072,201203,25530971,5
363531163924,-198334982859346377840,1849631433346352285481692567678912,5546530894196129129,201173,25530972,5
-36677649,20000000000000000,1849631718888973226689575968204924,5546530894196129129,201173,25530972,991
-510971767,278629054643202912,1849635696912499886248941133958182,5546530894196129129,201173,25530973,170
-457810892,249641848125166144,1849639261081880399594136635176639,5546530894196129129,201173,25530973,188
-913312540,498027351757237184,1849646371483646458113085996219642,5546530894196129129,201173,25530973,205
-1214830208,662450217545107712,1849655829372214503282652965997844,5546530894196129129,201173,25530973,212
-689154061,375800596136600192,1849661194726573108941659381434877,5546530894196129129,201173,25530973,254
-455564585,248423795506907616,1849664741505656769194832937631495,5546530894196129129,201173,25530973,319
-240229717,130999982939313040,1849666611809580356442981560212600,5546530894196129129,201173,25530973,371
-337971553,184300160651566368,1849669243087125973139566896338198,5546530894196129129,201173,25530973,377
-550141066,300000000000000000,1849673526226440091257817904228387,5546530894196129129,201173,25530973,572
-13926746722,7594922241248935662,1849781959926570635950223483994112,5546530894196129129,201174,25530973,806
102619187127,-55886337392364219800,1848981983873910861407950663951067,5519013671390840460,201166,25530975,12
-399691068,217795333780937113,1848985108870035983949603928998261,5519013671390840460,201166,25530975,267
-145659674,79371477325414400,1848986247717020358053698946315745,5519013671390840460,201166,25530975,294
-74316091,40495651696640000,1848986828761400140759875732903469,5519013671390840460,201166,25530975,311
-285492262,155568095557812224,1848989060901489514003911728581026,5519013671390840460,201166,25530975,343
-203922622,111120068255580160,1848990655287267637749647623924118,5519013671390840460,201166,25530975,352
-74315737,40495651696640000,1848991236331647420455824410511842,5519013671390840460,201166,25530975,361
-203922142,111120068255580160,1848992830717425544201560305854934,5519013671390840460,201166,25530975,372
-104041773,56693912375296000,1848993644179557239990207807077748,5519013671390840460,201166,25530975,390
-145658329,79371477325414400,1848994783026541614094302824395232,5519013671390840460,201166,25530975,399
-37916028,20661046784000000,1848995079477755788944393021633867,5519013671390840460,201166,25530975,417
-74315381,40495651696640000,1848995660522135571650569808221591,5519013671390840460,201166,25530975,428
-37915992,20661046784000000,1848995956973349746500660005460226,5519013671390840460,201166,25530975,483
-74315310,40495651696640000,1848996538017729529206836792047950,5519013671390840460,201166,25530975,516
-9096059927,4956786894381298688,1849067659559082567769818959796112,5519013671390840460,201167,25530976,110
-154612631,84257563579839949,1849068868513173219238980790594011,5519013671390840460,201167,25530977,28
-110099878,60000000000000005,1849069729412092642111074037985877,5519013671390840460,201167,25530977,372
-55054258,30002374434668492,1849070159895621490886155014187067,5519013671390840460,201167,25530977,568
-13433193,7320556640625000,1849070264933276515686025742630336,5519013671390840460,201167,25530977,694
31957498615,-17395807043293877055,1848820539545815110228367589028062,5519013671390840460,201164,25530977,791
166155606680,-90369800418720864268,1847523395107254051678677530771053,5520016464954548662,201150,25530978,8
-64314975033,35000000000000000000,1848025494913070133297530099236013,5520016464954548662,201155,25530978,384
60093911520,-32670802966093531423,1847556574629353102624667371816823,5520016464954548662,201150,25530978,446
-107478700,58475794062951003,1847557413506062929735428402981744,5520016464954548662,201150,25530978,459
-6073480215,3304476627861276672,1847604818565296441941704237125188,5520016464954548662,201151,25530978,597
-6073168561,3304476627861276672,1847652223624529954147980071268632,5520016464954548662,201151,25530978,603
-987585297,537371859597361987,1847659932604711521637388353484459,5520016464954548662,201152,25530978,817
-5053837864,2750000000000000000,1847699383303739928050298198149563,5520016464954548662,201152,25530978,1454
245132661395,-133118323673961824370,1845786942234410307793469916361187,5510774797287336806,201131,25530980,5
-270700000,146997492121768400,1845789054554084511367123451053181,5510774797287336806,201131,25530980,393
-109317523,59362495538327227,1845789907579298924950083824317290,5510774797287336806,201131,25530980,423
-92273635,50107226763765643,1845790627608459866044441191054121,5510774797287336806,201131,25530980,474
-242378847,131618842496109450,1845792518940526062989553303946792,5510774797287336806,201131,25530980,491
228544,-123981770386118,1845792517158045701463459927951476,5510774797287336806,201131,25530980,494
-494391098,268469742386588501,1845796375005622460065891784057555,5510774797287336806,201131,25530980,501
295537,-160325546146794,1845796372700629261730322327959710,5510774797287336806,201131,25530980,504
-487171402,264550320040380437,1845800174227021121815691402131555,5510774797287336806,201131,25530980,513
271695,-147392164973724,1845800172107970565509927130629321,5510774797287336806,201131,25530980,516
-277905750,150912579081265959,1845802340686531171812076335620546,5510774797287336806,201131,25530980,525
270681,-146842148042818,1845802338575388184294807739052849,5510774797287336806,201131,25530980,528
-247944443,134642836499547088,1845804273361542855372650510330443,5510774797287336806,201131,25530980,535
267520,-145127859764879,1845804271275046113669612932215726,5510774797287336806,201131,25530980,538
-4001983907,2173261633178678016,1845835500537795388155415400492684,5510774797287336806,201132,25530981,24
-1248732706,678134442234391040,1845845245171553494603741430613438,5510774797287336806,201132,25530981,33
328085095553,-177745505180375980303,1843287864235662023948401945697853,5506219213185995494,201104,25530982,12
-831727111315,452015253085691732235,1849778245063800605018393854377295,5546530894196129129,201174,25530982,390
97489415533,-53093602850873772121,1849018341570582441016485155953630,5519013671390840460,201166,25530982,426
49462532349,-26921027708064602057,1848631876943875320568146008800706,5519013671390840460,201162,25530982,459
3215407798,-1749664039420187123,1848606759653882159046124012885015,5519013671390840460,201162,25530982,491
2224178108,-1210258619570354446,1848589385794655706904819040116248,5519013671390840460,201162,25530982,512
2334013682,-1269999808478326115,1848571154321205877900446346914481,5519013671390840460,201161,25530982,533
717954637,-390653447779276847,1848565546298343413354713226560655,5519013671390840460,201161,25530982,542
668101485753,-362502110576360956289,1843354800135903478050860151341056,5506219213185995494,201105,25530982,548
-38695884114,20960985276391794266,1843656253807378840995133486029178,5506219213185995494,201108,25530982,554
-3514309123,1903988609947048704,1843683636315851010119371944169947,5506219213185995494,201108,25530982,565
-3691780287,2000200165619904768,1843712402505782495231990866584919,5506219213185995494,201109,25530982,628
-1450228648,785748445075832320,1843723702869315069653836215214645,5506219213185995494,201109,25530982,665
-1866702379,1011412273587173504,1843738248652312756196035671945683,5506219213185995494,201109,25530982,682
-1059382424,573999181152550400,1843746503710856076456369926087494,5506219213185995494,201109,25530982,691
-856688065,464178203106954880,1843753179361914475338741918416796,5506219213185995494,201109,25530982,723
-1951637675,1057465906310938496,1843768387472397549375565142384335,5506219213185995494,201109,25530982,743
-828860762,449111178903491072,1843774846434702797996748798087136,5506219213185995494,201109,25530982,817
-615709645,333619089697051712,1843779644429555488281244018412003,5506219213185995494,201109,25530982,824
-796709941,431695742023732864,1843785853094407044743319168812959,5506018729162707611,201110,25530982,874
-47358329,25661111054167484,1843786222157106522108112173741268,5506018729162707611,201110,25530982,880
-617433996,334557551382229952,1843791033823787011003791399322359,5506018729162707611,201110,25530982,912
-674728320,365604564526266624,1843796292014176370506629466675177,5506018729162707611,201110,25530982,923
-847534823,459243497496492736,1843802896936486464952938576252745,5506018729162707611,201110,25530982,944
-286987792,155507367643093152,1843805133471325889150318106106183,5506018729162707611,201110,25530982,959
-392360626,212605362135850848,1843808191199758130076206267522864,5506018729162707611,201110,25530982,990
-124708585,67575006495328272,1843809163075615793535980286784097,5506018729162707611,201110,25530982,1002
-470944452,255188160737559712,1843812833237491390583502218590884,5506018729162707611,201110,25530982,1027
-181215338,98194460299243264,1843814245487822845975199013934741,5506018729162707611,201110,25530982,1050
-12026482882,6517080422596932904,1843907975306784994611266975434390,5506018729162707611,201111,25530982,1091
67377893592,-36466656084390600048,1843383257449247152433567167938560,5506219213185995494,201105,25530982,1346
-207307756074,112379080092230139904,1844999480354915885503698115058453,5506366031764771196,201123,25530983,2
-244128239,132455195342492768,1845001385229127130184028392750948,5506366031764771196,201123,25530983,179
-987421235,535742011403412403,1845009089861890002928640641227629,5506379541157702032,201123,25530984,641
-6147360266,3335454426412742656,1845057057822038376779136420794724,5506379541157702032,201123,25530984,1541
-6147040636,3335454426412742656,1845105025782186750629632200361819,5506379541157702032,201124,25530984,1547
-43494301953,23605460661892988928,1845444501503200116799898802995837,5506379541157702032,201128,25530985,6
-78268166859,42500000000000000000,1846055360234239581771513664553634,5510788306680267642,201134,25530985,76
7777905373,-4220476170738537659,1845994682786053537079890052462025,5510788306680267642,201133,25530985,100
2997000,-1626189630451973,1845994659406455347057152659262514,5510788306680267642,201133,25530985,1042
3880574419,-2105588043982670333,1845964387535635245553345079918161,5510788306680267642,201133,25530985,1118
87869645584,-47659323750653575731,1845278915637584660391595858149199,5506379541157702032,201126,25530986,29
554041517,-300392414867522918,1845274593462027148308234453649775,5506379541157702032,201126,25530986,575
-73647020,39970110819039804,1845275168281658234023208902267495,5506379541157702032,201126,25530986,790
-101407856633,55060251210770071552,1846066649921147503290635250634080,5510788306680267642,201134,25530987,9
51,-26679237053,1846066649920763938034385187791593,5510788306680267642,201134,25530987,557
1623627,-881058197154384,1846066637253860739438639016647065,5510788306680267642,201134,25530987,565
67305503662,-36512825534051978404,1845541627844928095794699084622104,5506379541157702032,201129,25530988,5
-102495514,55643030382320291,1845542428060527738831747888375910,5506379541157702032,201129,25530988,648
-235158956,127663885655282634,1845544264025106060242316731634194,5506379541157702032,201129,25530988,909
-22617095,12278458353685224,1845544440604523943782886227948594,5506379541157702032,201129,25530988,1058
-1841999749,1000000000000000000,1845558821841385861590006191137626,5506379541157702032,201129,25530988,1064
107208141409,-58117959368796529400,1844722595588645513397183933361108,5506379541157702032,201120,25530989,9
-23029041,12490967487610880,1844722775224207587243623051845357,5506379541157702032,201120,25530989,455
-73204478,39706173502309500,1844723346248093604361070697003068,5506379541157702032,201120,25530989,739
-50740740,27521837027482569,1844723742046150771687789718146573,5506379541157702032,201120,25530989,998
-95195454477,51654929530117578752,1845466603822809065283097011243330,5506379541157702032,201128,25530991,9
-5617845775,3049653855256653054,1845510461617248372014627656283815,5506379541157702032,201128,25530991,548
-6126752817,3326079857820642304,1845558294759505344574619509598976,5506379541157702032,201129,25530991,581
-82860353356,45000000000000000000,1846204986781955775755283023765357,5510788306680267642,201136,25530992,16
103672908293,-56241706571612510515,1845396220499607464993362681209204,5506379541157702032,201127,25530992,36
8161422773,-4425412667016574949,1845332545754458793895996864890886,5506379541157702032,201126,25530992,46
2997000,-1625023248682432,1845332522372923780964299288741378,5506379541157702032,201126,25530992,306
2997000,-1625023207502280,1845332498991389360550382739911401,5506379541157702032,201126,25530992,464
-2191006070,1189200000000000000,1845349601158265553206609800135798,5506379541157702032,201127,25530993,431
-266737483,144777103946160774,1845351683232089585439940270555031,5506379541157702032,201127,25530993,587
-60677164,32933790245249547,1845352156860727863091819645991614,5506379541157702032,201127,25530994,191
-1288373950,699295686805629555,1845362213597636332341475431347665,5506379541157702032,201127,25530994,194
-1010263611,548350000000000000,1845370099548869564971009663162370,5506379541157702032,201127,25530995,106
-3324292284,1804389543000000000,1845396048902278615597102415687204,5506379541157702032,201127,25530995,141
479652,-260093144338228,1845396045159946334567546668490074,5506379541157702032,201127,25530995,163
17558201942,-9520299327137190367,1845259063000361714499939761899640,5506379988183180124,201126,25530995,280
32275903165,-17496753506017568428,1845007312188899069671434319951330,5506379988183180124,201123,25530996,5
-11113290898,6030000000000000000,1845094031040136320731774409267168,5506379988183180124,201124,25530996,99
-121264546901,65834213173245440709,1846040476457890437826512730762991,5510788753705745734,201134,25530997,21
477401886,-259053415990239125,1846036752067960203547961837086535,5510788753705745734,201134,25530997,53
8365903470,-4539435108073724156,1845971488977949073345068615483361,5510788753705745734,201133,25530997,920
23654871784,-12833667898571199363,1845786980376482839621327394309210,5510788753705745734,201131,25530998,24
111256149005,-60326285671979607948,1844919108796615248441996104322931,5506379988183180124,201122,25530999,2
120046314,-65061923011231322,1844918172657696233304142421646236,5506379988183180124,201122,25530999,584
311232985,-168679728911164748,1844915745621239665528951290889497,5506379988183180124,201122,25530999,981
6589800000,-3571386421953581990,1844864358978028154131289966510866,5506379988183180124,201121,25530999,1243
-2979545,1616355467404604,1844864382223217096814075863394579,5506379988183180124,201121,25531000,97
-5955360,3230687851607816,1844864428684500545831060370706369,5506379988183180124,201121,25531000,118
110715904111,-59973495432024022578,1844001459976609229979452800694833,5506032685581116539,201112,25531001,9
24011957412,-12999590129878131484,1843814404487068468161414566348103,5506032685581116539,201110,25531002,190
-7752114252,4200750000000000000,1843874820273502334273757594562782,5506032685581116539,201111,25531002,227
1107227410,-599406288852747443,1843866195214121618777333389938475,5506032685581116539,201110,25531002,736
1044591408,-565492654503547397,1843858058149470884470017320029986,5506032685581116539,201110,25531003,145
-6270319984,3397928372259272183,1843906927640598895062774183005493,5506032685581116539,201111,25531003,190
-131100000,71045889885314997,1843907949432733707931760536068133,5506032685581116539,201111,25531003,402
-54027506253,29285363569971347456,1844329135714012410971615922262319,5506032685581116539,201115,25531004,2
-169278256,91777532564296084,1844330455671593041026879335120042,5506032685581116539,201115,25531005,319
-1750909195,949297524156424781,1844344108604160233175024252327138,5506032685581116539,201116,25531008,468
-29338489617,15908658706443400600,1844572909205685615360890163355834,5506032685581116539,201118,25531008,550
-17011416195,9226168808658625370,1844705601143445723464805771611770,5506379988183180124,201120,25531009,248
119603852318,-64774406692915159420,1843773540767809229100287610027365,5506233169604404422,201109,25531010,2
9071419534,-4910179831428133993,1843702889105651848875330802085434,5506233169604404422,201109,25531012,16
-3506769800,1900000000000000000,1843730214182049498662780402964648,5506233169604404422,201109,25531013,240
240476163,-130163724550460036,1843728341280484219200038610191910,5506233169604404422,201109,25531013,499
-236426851,128100000000000000,1843730183565898187062024028019608,5506233169604404422,201109,25531013,572
-22492350042,12187900095324491237,1843905469824040086974384237764286,5506032685581116539,201111,25531014,48
-58663830901,31799000000000000000,1844362807583442695676734045345934,5506032685581116539,201116,25531016,188
10463255002,-5667140113348089584,1844281261191779010719234338796975,5506032685581116539,201115,25531017,23
542993267,-294083992614384585,1844277029517960453087574078993561,5506032685581116539,201115,25531018,591
-3034240373,1645000000000000000,1844300688142892598479421792238374,5506032685581116539,201115,25531018,620
-15984300089,8666514439046105000,1844425331191270965783121598352972,5506032685581116539,201116,25531020,29
6052418195,-3278412579465697798,1844378157006251157250509597435162,5506032685581116539,201116,25531020,291
95819267754,-51880075713579942905,1843631642537781467111338485680792,5506233169604404422,201108,25531021,2
129039254932,-69800274548655647737,1842627273245835038964879807395092,5505613550686502388,201097,25531022,9
-2492779812,1349029715853259755,1842646676660914561086000112670791,5505613550686502388,201097,25531022,272
83499094113,-45126998386493172175,1841997279617509614335095602467990,5505613550686502388,201090,25531023,5
58467987181,-31580081551895236165,1841546066984763123628482052349760,5551041573550333716,201085,25531024,5
-4523876230,2445356317992360529,1841580951287944345759575535050616,5551041573550333716,201086,25531024,262
-988757761,534479885945612934,1841588575926631316054618313855640,5551041573550333716,201086,25531024,543
-54206172,29301651373630264,1841588993930209243459691907669920,5551041573550333716,201086,25531024,1343
15619411905,-8434228079977081423,1841468615009578063509909680693857,5551041573550333716,201084,25531025,26
-137639480,74392636810013897,1841469676259947932584256963947330,5551041573550333716,201084,25531025,438
136723660665,-73781589765159782391,1840416487648058165989589284708040,5549854296113435550,201073,25531026,5
-7234872021,3906018262267089408,1840472220988041228115800864801834,5549854296113435550,201074,25531026,303
-7234433861,3906018262267089408,1840527954328024290242012444895628,5549854296113435550,201074,25531026,309
-27037900,14598756898244521,1840528162631577143497888148680311,5549854296113435550,201074,25531026,893
-251881042,136000000000000000,1840530103158663490785154018896633,5549854296113435550,201074,25531027,488
-987272580,533068174137713499,1840537709285360431414030119658300,5549854296113435550,201074,25531027,621
-2735489893,1477024030000000000,1840558784323135437503861026337486,5549854296113435550,201075,25531027,699
6179867690,-3333427120881183907,1840511197252994230206454260826112,5549854296113435550,201074,25531027,745
-41420171,22363868537815040,1840511516353675503294588121364470,5549854296113435550,201074,25531027,1329
-166689057,89999999329447746,1840512800526002488816955647269918,5549854296113435550,201074,25531027,1371
-9071504444,4898143758496825344,1840582690089503856428559574357615,5549854296113435550,201075,25531028,125
-242901573,131159414908240383,1840584561548307230712830437835780,5549854296113435550,201075,25531028,689
744680038,-401701579505113034,1840578826969284938977536962485585,5549854296113435550,201075,25531029,39
-21035035,11358217107931136,1840578989034931634223993996282284,5549854296113435550,201075,25531029,121
22422742595,-12094294560338796591,1840406334279726089608948047014039,5549854296113435550,201073,25531030,28
25126091982,-13549721441330251851,1840212902258793844373821164522254,5549854296113435550,201071,25531030,195
-190881597,103028786260544379,1840214372333429227253265777146995,5549854296113435550,201071,25531031,422
22482021865,-12121461682921769464,1840041329304595626387878885045483,5549810577551423652,201069,25531032,53
17712198819,-9548146898309458029,1839905021565151464923605926431480,5549810577551423652,201067,25531033,20
215543949,-116184952338553299,1839903362928310268037894801541077,5549810577551423652,201067,25531033,39
-31667120397,17088903034077785067,1840147198864522139500925397852922,5549854296113435550,201070,25531033,63
-33346382677,18000000000000000000,1840404033331832809874349397072056,5549854296113435550,201073,25531033,123
117700494948,-63447495053571338543,1839498269975958717408284127693811,5549810577551423652,201063,25531034,12
-13881681,7486846245000000,1839498376803476197155487068929620,5549810577551423652,201063,25531034,570
-5472120174,2951361588523590000,1839540488878623675796219916626387,5549810577551423652,201063,25531034,665
-151016520,81451947034233404,1839541651091524918435840829330945,5549810577551423652,201063,25531034,874
134679518026,-72526965348828175517,1838503535525251863773412825523629,5527318604542674077,201052,25531035,5
-41471230208,22346500000000000000,1838823688392159851560989240162434,5527318604542674077,201056,25531035,278
-7247410136,3906018262267089408,1838879648965173959596321108548686,5527318604542674077,201056,25531035,675
-7246969045,3906018262267089408,1838935609538188067631652976934938,5527318604542674077,201057,25531035,683
8036637989,-4327294306128963299,1838873582432268885171107315216735,5527318604542674077,201056,25531036,115
-166985979,89999914169311523,1838874871839135409142029273494005,5527318604542674077,201056,25531036,700
234748449323,-126270834316829786780,1837065133546514999963661093848046,5531988083907237374,201037,25531037,11
-1014689702,545810948663822784,1837072946646631622612481911116644,5531988083907237374,201037,25531038,122
-624924692,336155065477146816,1837077758593309703005432486940661,5531988083907237374,201037,25531038,144
-291368514,156731489883644448,1837080002151862139770866304740381,5531988083907237374,201037,25531038,273
-987750995,531328910925516861,1837087607946480367621100015284859,5531988083907237374,201037,25531038,295
-124564742,67005913408041456,1837088567113589683388847876076439,5531988083907237374,201037,25531038,321
-21106764,11353765650000000,1837088729638925500275399957791737,5531988083907237374,201037,25531038,329
13355168227,-7176438399599937935,1836985949947578890160055198004861,5531988083907237374,201036,25531038,340
-11288056128,6071687500949855328,1837072864111609311901510256295936,5531988083907237374,201037,25531038,344
-536740226,288719369130473612,1837076997032251792297644918197744,5531988083907237374,201037,25531038,996
-10817089904,5818926651159986599,1837160293009747470825169441359923,5531988083907237374,201038,25531039,126
-102969871,55393970314709641,1837161085955797720579022566458696,5531988083907237374,201038,25531040,213
-4009328341,2156907061719646141,1837191961354792044505182272299990,5531988083907237374,201038,25531040,538
-3625508882,1950485295991277114,1837219881895651268746637973538696,5531988083907237374,201038,25531040,544
14664087900,-7880872074843131005,1837107013428830784333515541139825,5531988083907237374,201037,25531040,564
17151827814,-9216621309180607613,1836975014595890341311751015991328,5531988083907237374,201036,25531040,618
-18385568927,9889516817922145715,1837116579702256575322511315566592,5531988083907237374,201037,25531040,674
-3749313876,2016926591096522337,1837145451327904051190469138552305,5531988083907237374,201037,25531040,735
-321583219,172997202876983045,1837147927724666121378306139079848,5531988083907237374,201037,25531040,1173
-106392399,57234393525125120,1837148747015755500768249826687049,5531988083907237374,201037,25531040,1229
-532505586,286465161790027117,1837152847668178229160130058318251,5531988083907237374,201037,25531040,1271
355324,-190958212202548,1837152844933308225765057080677955,5531988083907237374,201037,25531040,1274
19475503301,-10465680346191846055,1837002957296040434823822240011845,5531988083907237374,201036,25531041,26
10670375712,-5733286448530809726,1836920846173674422645689340935603,5531988083907237374,201035,25531041,445
59824228242,-32134592613479577051,1836460620177650182100613301662650,5531988083907237374,201030,25531042,5
-22250817308,11962108419016259584,1836631853735556023098955608405801,5531988083907237374,201032,25531043,14
-1859920394,1000000000000000000,1836646168399151082113766409551626,5531988083907237374,201032,25531043,352
-1015898147,546211758800423595,1836653987236729975692853037874284,5531988083907237374,201032,25531043,586
-254355845130,136904514333089038336,1838614819360272649108396794154951,5527318604542674077,201053,25531044,2
-1855925,1000000000000000,1838614833687029273545681719150571,5527318604542674077,201053,25531044,90
1741627052,-937469479935811080,1838601396071139450476378322770310,5527318604542674077,201053,25531044,189
-34564221,18623446236231497,1838601662884721185257595450545121,5527318604542674077,201053,25531045,269
36470015899,-19627655208126367701,1838320321574791024762521885549965,5527318604542674077,201050,25531045,1399
25245681282,-13583356587695586014,1838125616792187621667498698172090,5527235964957349532,201048,25531046,248
-202427601,109013054141582118,1838127178619034250120577096420854,5527235964957349532,201048,25531046,495
-49957745097,26909340487749714000,1838512704155006156624516758586353,5527318604542674077,201052,25531047,22
-1763311686,950000000000000000,1838526314573799372045195504426053,5527318604542674077,201052,25531047,73
-1453763074,783238485001078318,1838537535840952875467005166254899,5527318604542674077,201053,25531047,304
-27968718404,15070463211813202863,1838753446699606058672540385431862,5527318604542674077,201055,25531048,29
-6570447196,3540886000000000000,1838804176111562935912609313475391,5527318604542674077,201055,25531048,57
-7010635104,3778323545691117568,1838858307233450433501809810846475,5527318604542674077,201056,25531048,196
-7010222367,3778323545691117568,1838912438355337931091010308217559,5527318604542674077,201057,25531048,202
12967006926,-6981710540652691513,1838812363049947036077312835895210,5527318604542674077,201056,25531049,171
305126145569,-164067346523853211809,1836461362505367044093023001235844,5531988083907237374,201030,25531050,2
99132033,-53235464813310196,1836460600076382422645681680263018,5531988083907237374,201030,25531050,565
-2281256518,1226307935756353536,1836478154261946726088760898926545,5531988083907237374,201030,25531051,69
-1475166141,793000000000000000,1836489505790177607887505864235184,5531988083907237374,201030,25531051,80
-3858925622,2074475768935518711,1836519201212946021213886442136475,5531988083907237374,201031,25531051,110
10434654744,-5603684592519784854,1836438946225617620939785381647037,5531988083907237374,201030,25531051,143
-6903425088,3710976480660661258,1836492067605547454331613481443569,5531988083907237374,201030,25531051,155
-753379640,404996619287697938,1836497864995909693916905211845090,5531988083907237374,201030,25531051,569
-6902500138,3710717349153734656,1836550982666459178773716417464366,5531988083907237374,201031,25531052,2
108521260242,-58256886474368876916,1835717527034875988540399172304119,5538978346527248250,201022,25531052,8
-1750068028,939999998976201598,1835730965837266798262241006027489,5538978346527248250,201022,25531053,18
13117408308,-7038269914933302318,1835630292182712938574206479236248,5538978346527248250,201021,25531053,230
9244388076,-4959700445251724566,1835559349866582593366885672735810,5538978346527248250,201020,25531053,318
-1483590452,796730827404949412,1835570740407178149812915736945269,5538978346527248250,201020,25531053,357
14461006948,-7757792561029788952,1835459769605236517988403472198933,5538307860785216735,201019,25531053,439
-69120532698,37126193501126754304,1835990553155476373388919265017978,5538978346527248250,201025,25531054,2
-11643122657,6255896383181954383,1836079991193096086219044174168064,5538978346527248250,201026,25531054,327
-78528783586,42209756637978574848,1836683778399446396541837110086511,5531988083907237374,201032,25531055,2
-3415916169,1836708498885312512,1836710070263730125615926737622993,5531988083907237374,201033,25531056,85
-54957942814,29557639603715920000,1837133177931321312461181611772882,5531988083907237374,201037,25531056,105
-59017512227,31756138634534958085,1837587969661471525555772380605328,5527235964957349532,201042,25531056,127
-5445610994,2930966472795169792,1837629961532627012142958340240603,5527235964957349532,201043,25531056,217
-7019597187,3778323545691117056,1837684093463847328930724755415192,5527235964957349532,201043,25531056,285
-197685386,106408096244862041,1837685617969538161214683567799576,5527235964957349532,201043,25531056,625
128157829504,-68877583783199176593,1836698868131199887679961508869400,5531988083907237374,201033,25531059,33
-89503187696,48143246951617518183,1837388064080208693675895772151808,5527235964957349532,201040,25531059,70
-1842128950,991250000000000000,1837402265690042592652141677700758,5527235964957349532,201040,25531059,141
-4314679109,2321789770909929240,1837435529904360676387107606151150,5527235964957349532,201041,25531059,383
-6210188029,3341937475626990417,1837483409745085155365509530985367,5527235964957349532,201041,25531059,436
-1114921605,600000000000000000,1837492005927582345161976157294946,5527235964957349532,201041,25531061,57
36060748481,-19384009762860333189,1837214260688288405194316493706503,5531988083907237374,201038,25531061,203
-153605390,82638873004804390,1837215443635955343772884049018272,5531988083907237374,201038,25531061,512
-6897109319,3710717349153734656,1837268561306504828629695254637548,5531988083907237374,201039,25531063,28
-6896710523,3710717349153734656,1837321678977054313486506460256824,5531988083907237374,201039,25531063,34
-20096541255,10814000000000000000,1837476595364326359579117254466694,5527235964957349532,201041,25531065,417
-27870117675,15000000000000000000,1837691499926756104490782912206170,5527235964957349532,201043,25531067,432
-298203150,160515145974566378,1837693799622570038545293410995108,5527235964957349532,201043,25531067,582
-585943341,315399518241973717,1837698318342267261459276295044983,5527235964957349532,201043,25531067,634
-17572705240,9459694735290542832,1837833847112787699841164905340858,5527235964957349532,201045,25531068,189
25260024657,-13583881290337535760,1837639133885187393900190018685483,5527235964957349532,201043,25531069,61
86296754553,-46385413422544909284,1836974552894557801095622122867315,5531988083907237374,201036,25531070,2
54446393665,-29248256725189259929,1836555664494594812902589902093395,5531988083907237374,201031,25531071,2
-17489584,9402552114216960,1836555799088965262929271532384278,5531988083907237374,201031,25531071,895
26703697897,-14340184242429431829,1836350510916394783387538698534912,5538978346527248250,201029,25531072,154
45870599417,-24625547495216317688,1835998273237008120406476896245172,5538978346527248250,201025,25531072,708
-167536832,90014645254391239,1835999560140232769482460419016049,5538978346527248250,201025,25531072,727
-116416083322,62578884058129735680,1836894822920031450737404780706573,5531988083907237374,201035,25531073,2
-15650797551,8417663794764713016,1837015318945509815493224092516237,5531988083907237374,201036,25531074,45
-39228480695,21103597281242761549,1837317409841236407653121107427328,5531988083907237374,201039,25531074,69
10483417561,-5634765151984120704,1837236709723589770065056691661908,5531988083907237374,201038,25531077,99
-6521002650,3508443292427466240,1837286720695700776519847708955142,5555351553058632638,201039,25531077,223
-6520647656,3508443292427466240,1837336731667811782974638726248376,5555351553058632638,201039,25531077,229
-33316816647,17929141867572838746,1837592518224328861151891623510016,5550599434108744796,201042,25531078,8
-5566113424,2995840000000000000,1837635258873109911793847760672353,5550599434108744796,201043,25531078,60
-74940495447,40348672076363063296,1838210899902670108278253483251911,5550599434108744796,201049,25531079,2
-16709500472,9000000000000000000,1838339298694518033932181955681865,5550682073694069341,201050,25531079,39
-9381829457,5053752200000000000,1838411397815949389405769467729016,5550682073694069341,201051,25531079,178
123535062016,-66446967215074602408,1837462949175973981910515060882856,5550599434108744796,201041,25531080,2
-91983475,49500000000000000,1837463655375942826043304805592031,5550599434108744796,201041,25531080,25
-343982972,185111380000000000,1837466296298180981486246480197346,5550599434108744796,201041,25531080,325
-7365137761,3963611111759381637,1837522843814214006412324329152544,5550599434108744796,201041,25531082,133
-5470879502,2944357939777188106,1837564849985634948336539059998849,5550599434108744796,201042,25531083,71
-1228456594,661158261214958327,1837574282509745474489633648531389,5550599434108744796,201042,25531084,174
-1447133428,778859361403251252,1837585394236144604533968077181245,5550599434108744796,201042,25531084,177
-3935561714,2118200000000000000,1837615613888144718515286001281751,5550599434108744796,201043,25531084,373
-6962638708,3747605560000000000,1837669079725108599299452174677425,5550599434108744796,201043,25531084,570
-14521841305,7817010437829124096,1837780602402434845526800433248400,5550599434108744796,201044,25531085,16
-6517143330,3508443292427466240,1837830656191198556301032457956121,5550599434108744796,201045,25531085,218
-6516788347,3508443292427466240,1837880709979962267075264482663842,5550599434108744796,201045,25531085,224
-1798725223,968413338358615042,1837894526009646652864509039041435,5550599434108744796,201046,25531086,322
-7020565611,3779932528868146190,1837948453044679372236339304353065,5550599434108744796,201046,25531086,472
-10548854630,5680010560703444878,1838029487858437010983618556802365,5550599434108744796,201047,25531086,509
-3843263648,2069522429224347294,1838059013043791363873824913752382,5550599434108744796,201047,25531087,87
-26840178791,14454765922070796288,1838265234262062313429581952423788,5550682073694069341,201050,25531089,2
-18454911,9940000000000000,1838265376070611420303759016322914,5550682073694069341,201050,25531089,7
-77303834106,41650080140338184192,1838859575007722727377106912701864,5550682073694069341,201056,25531091,2
-6509497658,3508443292427465216,1838909628051276337389141807768422,5550682073694069341,201057,25531091,111
-6509143306,3508443292427465216,1838959681094829947401176702834980,5550682073694069341,201057,25531091,117
-40310774776,21731854144233857024,1839269346809418805762682889349637,5573174046702818916,201060,25531092,7
-189113295076,102050000000000000000,1840719357901534933042469281435489,5573217765264830814,201076,25531092,54
14605492004,-7879316630338396837,1840607346527714134187724596584801,5573217765264830814,201075,25531092,84
45484526571,-24531681552418418610,1840258607229404869214506978377728,5573217765264830814,201071,25531092,93
586965967,-316514204446192375,1840254107703299101767557607510631,5573217765264830814,201071,25531092,148
-1788789801,965553124500000000,1840267827021937726035957477895176,5573217765264830814,201071,25531092,394
406463837,-219183004156986298,1840264711143928805419917530676988,5573217765264830814,201071,25531093,72
107948989165,-58184533949285881255,1839437561952490058830289280434176,5573174046702818916,201062,25531094,6
-194143133,104700925755709900,1839439049635139247201508913629875,5573174046702818916,201062,25531095,267
-46907746815,25302200000000000000,1839798565500491958341713998058544,5573174046702818916,201066,25531096,170
-147030782,79324459512446340,1839799692612035826196859140522925,5573174046702818916,201066,25531096,378
5149740968,-2775497148144158843,1839760236184285980916889366629257,5573174046702818916,201066,25531096,392
31357623925,-16897891763919839382,1839520015996722963866895171520304,5573174046702818916,201063,25531097,14
498685979,-268694590173295138,1839516196238273190004892618163231,5573174046702818916,201063,25531097,256
1507972425,-812496569088716304,1839504645798671159828098021613907,5573174046702818916,201063,25531098,279
175000000,-94289458413359682,1839503305381079325381563886015806,5573174046702818916,201063,25531098,614
16326542382,-8796086120365475456,1839378260346635070601293793479076,5573174046702818916,201062,25531100,10
39854926779,-21467212204756200476,1839072658256514877298076092784526,5550682073694069341,201058,25531101,7
6387880954,-3440064810941138476,1839023556180358773464721114533160,5550682073694069341,201058,25531101,97
1885181068,-1015191243054146159,1839009065756349634838667951021199,5550682073694069341,201058,25531101,112
554448215,-298573565109366341,1839004804039568726671171110151729,5550682073694069341,201058,25531101,125
54715857569,-29458000151341661417,1838584332610589464310315841234929,5550682073694069341,201053,25531102,13
1397436,-752181379019135,1838584321874260532851482245649372,5550682073694069341,201053,25531103,85
-242197052,130495168499705522,1838586183577531196866644460866654,5550682073694069341,201053,25531103,138
-606792610,326939506829221814,1838590847844846002593692613709871,5550682073694069341,201053,25531104,145
-31894996439,17187341077231110144,1838836050249389978811056173196709,5550682073694069341,201056,25531105,6
-21626855710,11656729285435400192,1839002350437247041616284658472948,5550682073694069341,201058,25531107,22
-8770536325,4727860815872498688,1839069800244357516610432107041920,5550682073694069341,201058,25531107,98
-22875207057,12332780893452789403,1839245471262562258926605060959299,5573174046702818916,201060,25531108,16
-18545093428,10000000000000000000,1839387560039566911146651177276721,5573174046702818916,201062,25531108,74
45966890385,-24758941827587831304,1839035010832388203991724978382320,5550682073694069341,201058,25531109,2
-90823327,48959345546364822,1839035709308621317884814892977304,5550682073694069341,201058,25531109,353
877216591,-472399250237626601,1839028966475205075254980417402390,5550682073694069341,201058,25531111,636
-14130263274,7617475929706379264,1839137640842352781402939244914860,5550682073694069341,201059,25531112,9
-985599775,531360034113417134,1839145221465641614687799744066767,5550682073694069341,201059,25531112,640
-3940061255,2124223505441078098,1839175526601787018865765733873334,5550682073694069341,201059,25531113,4
-9625315,5189426452850090,1839175600634534759116606715815922,5550829336267124754,201059,25531114,553
-8546357,4607713561758482,1839175666368522681741585163222348,5550829336267124754,201059,25531115,494
50277356465,-27073925560732756755,1838789234496043724920234279046446,5550829336267124754,201055,25531117,9
374446406,-201593498529259610,1838786357109351444408738706315211,5550829336267124754,201055,25531117,424
16685398913,-8982402027290312648,1838658149383176746739594379491610,5550829336267124754,201054,25531118,328
-26364300,14206147659000000,1838658352049146783155848609065921,5550829336267124754,201054,25531118,403
4790294740,-2578571931969956009,1838621547545944704372546451057521,5550829336267124754,201053,25531119,68
3444577228,-1854120676201160082,1838595083288920021468695753125377,5550829336267124754,201053,25531119,315
-237083362,127741417345378555,1838596905657579108755852074652130,5550829336267124754,201053,25531123,389
-111357626,60000000000000000,1838597761622087860098773321312014,5550829336267124754,201053,25531124,53
97739666118,-52588477632313387191,1837847149020556883315147927434418,5550746696681800209,201045,25531124,60
-57022015,30698664226540866,1837847586976527813367210021101725,5550746696681800209,201045,25531124,550
29768330,-16010209729177803,1837847358456011993570971669399844,5550746696681800209,201045,25531125,430
-277924445,149625000000000000,1837849493049285070094183270880742,5550746696681800209,201045,25531126,114
-7497573644,4036567952951719611,1837907079888374039265902359216128,5550746696681800209,201046,25531127,271
-29338171080,15797611320151154688,1838132453153902341274875699880763,5550746696681800209,201048,25531129,12
-35647155197,19200000000000000000,1838406363673738318191403750570086,5550829336267124754,201051,25531129,63
-17669183569,9518962702306926895,1838542161910960026597873530100404,5550829336267124754,201053,25531130,106
-175712134,94668892037744203,1838543512464487811958461465128206,5550829336267124754,201053,25531130,278
-3806153538,2050685561123729213,1838572767698803324373172245632983,5550829336267124754,201053,25531130,644
-1816897021,978933729000000000,1838586733240944051127499808067801,5550829336267124754,201053,25531130,722
13051589697,-7024761806237181260,1838486467328178151423563124279246,5550829336267124754,201052,25531133,110
-190204502,102470781520105675,1838487929184047571814269790338155,5550829336267124754,201052,25531133,326
3532293483,-1901058874171001694,1838460794968184020663678925414181,5550829336267124754,201052,25531135,143
92904725,-50000000000000000,1838460081307596434084621691247194,5550829336267124754,201052,25531135,208
-9280827733,5000000000000000000,1838531411683325712661392246237535,5550829336267124754,201052,25531135,760
-194480441,104779525338470435,1838532906475907938373614776878937,5550829336267124754,201052,25531137,345
165000000,-88807591201929989,1838531638906353552012315139807110,5550829336267124754,201052,25531137,400
100000000,-53822722949090719,1838530870683231844857596359915858,5550829336267124754,201052,25531137,462
133730574905,-71937208789551680921,1837504084437292570037273886486072,5550746696681800209,201041,25531138,2
26724236080,-14366040667326168700,1837299066612708824475435631773410,5555498815631688051,201039,25531139,28
61969604228,-33300426165251467100,1836824162078737681491739411451406,5555498815631688051,201034,25531140,2
34002855126,-18264702062168972176,1836563685237453070003956333875110,5555498815631688051,201031,25531141,5
60916762340,-32708616643205575537,1836097627870000079894071012228898,5562489078251698927,201026,25531142,2
127023235775,-68150416968373387490,1835126212250104547118922080953298,5557903069304224254,201015,25531143,12
57155179471,-30641337509381965438,1834689418582137313488289787728968,5557903069304224254,201011,25531144,5
-16973074,9106336547648714,1834689548328475772215336348125806,5557903069304224254,201011,25531144,502
-987635811,529885242173878562,1834697098090074812638276715089045,5557903069304224254,201011,25531144,843
49833123,-26709784865584982,1834696717340869642257161219198790,5557903069304224254,201011,25531144,973
139169201675,-74549334519602544205,1833634308581173216140538831588542,5558785962537332225,200999,25531145,5
159139859320,-85141356506201883216,1832421170975675051157459499488257,5564889224498648803,200986,25531146,5
117056956,-62585142548415544,1832420279941614036045799502226916,5564889224498648803,200986,25531146,1296
-47311157,25320476521861260,1832420640252790145553105233924694,5564889224498648803,200986,25531146,1888
215428699988,-115077005954481318404,1830778894371537374623888200123965,5545937773604164250,200968,25531147,5
-20940388352,11187999899855848173,1830938639566932257781736095932406,5547295426181642240,200970,25531148,8
-878908655,469624716000000000,1830945343536472582301281407460033,5547295426181642240,200970,25531148,811
-476916329,254830760542863360,1830948981287209315432231479669963,5547295426181642240,200970,25531148,892
-987591738,527703233561806666,1830956514337075730699023302588902,5547295426181642240,200970,25531149,354
8119873430,-4334253077040080786,1830894604864808277062466763701775,5545937773604164250,200969,25531149,907
-135075864,72171000000000000,1830895635369830558344512587627133,5545937773604164250,200969,25531149,1172
-115974170,61965034486384741,1830896520147362310049716664244112,5545937773604164250,200969,25531150,914
-112865033150,60332218125067188191,1831757778298390479980559944018009,5547295426181642240,200979,25531151,33
134615560539,-71880569670163087241,1830731111750112698654403691525726,5545937773604164250,200967,25531151,76
65188975943,-34779956184721733925,1830234252222774121387324094808064,5545937773604164250,200962,25531151,97
30316812489,-16168350455909485577,1830003274388221914608340199014400,5545937773604141152,200959,25531151,700
68469757858,-36500800626510789435,1829481831219908361101844793664596,5545937773604141152,200954,25531152,5
430401,-229378282405418,1829481827943055901242907821305952,5545937773604141152,200954,25531152,157
6617459439,-3526624003857819309,1829431447294893169708469985123879,5545937773604141152,200953,25531152,751
-6571644677,3505712288453231874,1829481504161500592039170015902746,5545937773604141152,200954,25531152,1173
-272378827,145307462407290880,1829483578957052623498684527162539,5545937773604141152,200954,25531152,1506
-53516473127,28556128788235137024,1829891322152147433493086364321904,5545937773604141152,200958,25531153,13
136917278,-73001575665348744,1829890279266176346784189453145620,5545937773604141152,200958,25531153,508
87499958,-46653197802102460,1829889612787883916717537293085443,5545937773604141152,200958,25531153,586
-64822482,34596613766774784,1829890106781097819632916215045200,5545937773604141152,200958,25531153,1043
-12296556016,6563171996210571600,1829983820069041604388806495236276,5545937773604141152,200959,25531154,191
-179054862,95573827363485782,1829985184735030668094859417570521,5545937773604141152,200959,25531154,1254
-9997563240,5336609500000000000,1830061384356647439478136052736919,5545937773604164250,200960,25531155,26
-7240940061,3865426313132464128,1830116577456769943307312776742744,5545937773604164250,200961,25531155,190
66792087388,-35611102202633348766,1829607844342949092925088491859767,5545937773604141152,200955,25531156,2
-7244530353,3865426313132464128,1829663037443071596984136209495783,5545937773604141152,200956,25531156,236
-2108377856,1125000000000000000,1829679100933255555182442154205814,5545937773604141152,200956,25531156,371
-50951927,27187457716997918,1829679489133664589648773970096719,5545937773604141152,200956,25531156,495
-15616285156,8333242998436802560,1829798476659980970059068215012197,5545937773604141152,200957,25531157,50
-986717340,526573625414937634,1829805995424659178176346617603594,5545937773604141152,200957,25531157,463
-10588691437,5651055467889011153,1829886684912692456784477314300571,5545937773604141152,200958,25531158,49
-749468,400000000000000,1829886690624155633302947823080912,5545937773604141152,200958,25531158,110
-504170901,269082292480674259,1829890532758168024662822926847242,5545937773604141152,200958,25531158,676
229942054328,-122483235040941997408,1828139752762788193665031234293382,5542146183321176991,200939,25531159,2
-750901,400000000000000,1828139758478158796578490443784116,5542146183321176991,200939,25531159,129
-72953662098,38873701538573541376,1828695406340820081194317385918952,5539969698768949769,200945,25531160,50
13914022499,-7408561956119870978,1828589455084302036961146582335488,5539969698768949769,200944,25531160,609
-22474512560,11979023107090964000,1828760683719669262221155285937750,5539969698768949769,200946,25531161,36
1049696,-558985910010298,1828760675725506732963248751196954,5539970742325028654,200946,25531162,278
-1176349427,627061673420716113,1828769638968456156758974541998594,5539970742325028654,200946,25531162,521
55254359236,-29417669411077414351,1828348931350799391484071304876351,5539970742325028654,200941,25531163,19
1049696,-558734222774197,1828348923360236288680213044679052,5539970742325028654,200941,25531163,575
4030243,-2145225358306933,1828348892680965364167630651649096,5539970742325028654,200941,25531163,706
87607094079,-46614679948842769929,1827682441432023734756939194531304,5542147226877255876,200934,25531164,38
-12959843000,6900533709995006670,1827781039182234609979063322179768,5542147226877255876,200935,25531165,33
-213688198,113785597572838291,1827782664999076984334760331578849,5542147226877255876,200935,25531165,758
-121034926,64449280011662098,1827783585877704481860737557424878,5542147226877255876,200935,25531165,879
-64811553875,34520509587607511040,1828276869018288773869712489218751,5539970742325028654,200941,25531166,7
58241630,-30998521099071379,1828276425702614094267054188909555,5539970742325028654,200941,25531166,319
-455129627,242480982989804912,1828279891734829548303610687220726,5539970742325028654,200941,25531166,403
-9782052268,5211840000000000000,1828354389970192407592219462508351,5539970742325028654,200941,25531166,552
-21866909915,11652141994696095744,1828520946122492233843461506099084,5539970742325028654,200943,25531167,77
-46917641,25003118146804393,1828521303517995646460075333016297,5539970742325028654,200943,25531167,633
-26392771045,14066654708344168448,1828722372805086251053162590897886,5539970742325028654,200945,25531168,6
-2807019915,1496250000000000000,1828743760258396728391411823419243,5539970742325028654,200946,25531168,272
-10499608715,5597007160000000203,1828823764087511453450406726054931,5539970742325028654,200947,25531168,1000
-7252897120,3866574555534580736,1828879033048432406173211716995644,5539970742325028654,200947,25531169,15
-1107462843,590417422425517014,1828887472497091265401881874590630,5539970742325028654,200947,25531169,34
28732168422,-15300796526363480547,1828668652931037085242653451323995,5539970742325028654,200945,25531169,37
-5838858872,3112193689627674947,1828713138743722180713523046961528,5539970742325028654,200945,25531169,41
-1407049943,750000000000000000,1828723859271697357324174291333135,5539970742325028654,200945,25531169,86
-19617489,10456775114477878,1828724008741230883845102059655242,5539970742325028654,200945,25531171,84
87807420196,-46740398383500013920,1828055612961687422054070145741528,5542147226877255876,200938,25531171,98
122124644798,-64950890261377546616,1827127107851603260637942853792432,5542351504260106222,200928,25531171,103
-23903654938,12720467281893987899,1827308858286971978351493464422120,5542147226877255876,200930,25531171,141
-19406779788,10329290865829284970,1827456447572590474062022313379424,5542147226877255876,200932,25531171,201
-50694324579,26990012454555054080,1827842092309363241179870120386215,5542147226877255876,200936,25531172,10
852884214,-453721661713866119,1827835606098860536251167980584697,5542147226877255876,200936,25531172,26
-71274190,37954626587738896,1827836148410651032182378107021143,5542147226877255876,200936,25531172,188
-700646347,373106389685123872,1827841479512875628362922618286155,5542147226877255876,200936,25531172,671
-29371376236,15642727880000002405,1828064989438476738137436926374451,5542147226877255876,200938,25531173,51
-7256763693,3865426313132463616,1828120220287871582233167437651653,5542147226877255876,200939,25531173,154
-7256325226,3865426313132463616,1828175451137266426328897948928855,5542147226877255876,200939,25531173,160
-2070000000,1102726648128160383,1828191213193861664422631237486639,5539970742325028654,200940,25531174,63
-31514679948,16790791962270000000,1828431221400470845905573391173255,5539970742325028654,200942,25531174,99
24066540612,-12810056341838369706,1828248022377791150327433036670519,5539970742325028654,200940,25531174,177
-1313164600,699600000000000000,1828258022486286395069848517420354,5539970742325028654,200940,25531174,229
-249405202,132873681705246100,1828259921787648909474403956422999,5539970742325028654,200940,25531174,271
36374052719,-19356438459734459389,1827983177621884857897622348171395,5542147226877255876,200937,25531175,7
-187757475,100000000000000000,1827984606464266542988599984288958,5542147226877255876,200937,25531175,862
-308282507,164192207620422592,1827986952512116447964196103999128,5542147226877255876,200937,25531175,936
-704866617,375415703054884037,1827992316610789197198103390825690,5542147226877255876,200937,25531175,1128
-831635378,442936251595968392,1827998645471675847699660520992884,5542147226877255876,200938,25531176,656
-1103287022,587625018366748414,1828007041706983656600983225114047,5542147226877255876,200938,25531176,762
-1938490455,1032478304862817796,1828021794194585240341274490581292,5542147226877255876,200938,25531177,293
-6026613823,3210000000000000000,1828067660035037331761656609955094,5542147226877255876,200938,25531178,40
34271413359,-18233844522689199881,1827806996805071600023273179975623,5542147226877255876,200935,25531178,333
63214161969,-33618975804979604040,1827326394329243681002805810737652,5542147226877255876,200930,25531180,2
2271915,-1207947202313299,1827326377060947958109585536486211,5542147226877255876,200930,25531181,335
-80119151137,42655147439491981312,1827935851885533682436268417631690,5542147226877255876,200937,25531182,2
1049696,-558481781288780,1827935843901717389245740592394801,5542147226877255876,200937,25531182,362
87282066952,-46420825237811903283,1827272231670676043176078557605735,5542147226877255876,200930,25531183,20
-166823603308,88843090003409534976,1828541802906587976104188043980391,5539970742325028654,200943,25531183,112
-2265891226,1207566282343949995,1828559063904070307215602600387225,5539970742325028654,200944,25531183,194
1049696,-558862661053608,1828559055911670384445079784525027,5539970742325028654,200944,25531183,424
-10778103006,5744309707588537344,1828641165288894759765960548103155,5539970742325028654,200945,25531184,83
-31932613635,17021869874582812672,1828884476531801801136922128807466,5539970742325028654,200947,25531186,9
-6058442318,3230000000000000000,1828930646272281561740126821234522,5539970742325028654,200948,25531186,109
-1897813945,1011834716965125494,1828945109475467534454451373127163,5539970742325028654,200948,25531186,463
43863883304,-23358917866975952744,1828611049202047132968717612585334,5539970742325028654,200944,25531188,18
-7252563276,3865426313132463616,1828632770663323395413772098787971,14091938609407403822,200944,25531189,11
-7252257998,3865426313132463616,1828688023211224622562482015776282,5539970742325028654,200945,25531189,176
9406059710,-5008337563841562774,1828616398034686631769813842088969,5539970742325028654,200944,25531189,664
26501357232,-14108766433507705411,1828414625914965901949349974954859,5539970742325028654,200942,25531189,673
37705500000,-20068251459722038622,1828127645220855774793370371729121,5542147226877255876,200939,25531190,29
56802637500,-30220560925759318545,1827695625028269268114305025991835,5542147226877255876,200934,25531190,34
24822787500,-13201919403580515719,1827506896044142938950959568119106,5542147226877255876,200932,25531190,39
107670150000,-57232474729609629377,1826688746253473153699425723442982,5542351504260106222,200923,25531190,44
122123925000,-64853441215041709957,1825761687151278101544239926978667,5542575451510010949,200913,25531190,49
-50552798443,26864743944324912149,1826145512341496473780067349254236,5542575451510010949,200917,25531190,107
46803060,-24852412371925301,1826145157089505138600859491844084,5542575451510010949,200917,25531190,110
-9590048376,5097611620629603216,1826217988297351467831316484015101,5542575451510010949,200918,25531190,116
8566396,-4549115401409492,1826217923270170968047170486896328,5542575451510010949,200918,25531190,119
-2834661370,1506848328688715194,1826239452094253110857491467765124,5542575451510010949,200918,25531190,127
2277372,-1209408411564656,1826239434806404345269997916874314,5542575451510010949,200918,25531190,130
-2739286800,1456182874745059777,1826260239756939145680867626040989,5542575451510010949,200919,25531190,139
2159381,-1146774873156828,1826260223364403435049965585158270,5542575451510010949,200919,25531190,142
-692762379,368272170000000000,1826265484986699010395880197133194,5542575451510010949,200919,25531190,390
-13168695553,7000876228160062759,1826365509404019877755249592177484,5542351504260106222,200920,25531190,650
-165824597817,88223040222500749312,1827626044529154950000995523785853,5542147226877255876,200933,25531191,2
-213632796779,113837944131874439168,1829252857387995415894170285577013,5545938817160220037,200951,25531192,2
-2113315400,1127129086123145088,1829268951275643534039851697101491,5545938817160220037,200951,25531192,359
-1869298331,997000000000000000,1829283187094932311332598974757817,5545938817160220037,200952,25531192,366
-4281860102,2283810868768808337,1829315796842994034730943252267236,5545938817160220037,200952,25531193,375
-35725270,19055089619782288,1829316068923737300227007181484774,5545945182085142585,200952,25531194,763
-500019082,266700000000000000,1829319877036723217365685308977792,5545945182085142585,200952,25531194,832
-57600569773,30730404680100000000,1829758665387397299194800906424176,5545945182085142585,200957,25531194,911
4245853936,-2263438146820574075,1829726330404008613283523710452424,5545945182085142585,200956,25531195,65
4948250472,-2637780400099264584,1829688647648886711443282913706569,5545945182085142585,200956,25531195,75
-8988975860,4796659514278875136,1829757137417860646123752740116207,5545945182085142585,200957,25531196,40
-6953936034,3710976480660661258,1829810125110873158105672117894529,5545945182085142585,200957,25531196,57
-9237296754,4929827116700000000,1829880516331950892321925238660411,5545945182085142585,200958,25531196,833
-10125785343,5404437900000000000,1829957684349005908259426656449310,5545945182085142585,200959,25531196,859
9224144280,-4918301381214653408,1829887422568852773119893338484634,5545945182085142585,200958,25531197,32
-12401783392,6619319606495864565,1829981937443061370143625072600463,5545945182085142585,200959,25531197,117
3514651,-1874128452740565,1829981910669671307440203843952632,5545945182085142585,200959,25531197,246
-1967780683,1050344775925437971,1829996908163412934315150204886973,5545945182085142585,200959,25531197,649
-67435028613,36005287463355089876,1830511014660416614515771598438400,5545945182085165683,200965,25531198,6
-12906401033,6893364357624270992,1830609442520660061204405068963263,5545945182085165683,200966,25531198,286
-4680481,2500000000000000,1830609478217257229531390613850589,5545945182085165683,200966,25531198,525
-1310527750,700000000000000000,1830619473264464361087343182301962,5545945182085165683,200966,25531198,592
-22269487,11895000000000000,1830619643108873687987140404875860,5545945182085165683,200966,25531199,268
57595,-30732809812045,1830619642669831474195693744005076,5545945182085165683,200966,25531199,431
40722765558,-21726185922672348884,1830309267119301884847045520448161,5545945182085165683,200963,25531200,6
-81913884282,43753492410303283050,1830934004143152690819934592605998,5547302834662643673,200970,25531201,83
44746180747,-23880535309277573002,1830592855320915539272890048296652,5545945182085165683,200966,25531201,90
2685609013,-1432996355679772367,1830572383847717987916377461849445,5545945182085165683,200966,25531201,308
5254398933,-2803567290241485848,1830532332697265142139994523682385,5545945182085165683,200965,25531202,150
172704566,-92147157943916117,1830531016303077116056726355881824,5545945182085165683,200965,25531202,402
-25409310830,13572225879607412736,1830724809215037871336756640081125,5545945182085165683,200967,25531203,12
-987331302,527434896537775729,1830732340267451562217426655369959,5545945182085165683,200967,25531203,230
-7235633564,3865426313132464128,1830787533293845058592905143005108,5545945182085165683,200968,25531204,172
-1258084955,672119000000000000,1830797130238321930098984120655063,5545945182085165683,200968,25531204,231
-12811202348,6844654861161000000,1830894862593255968214580676821685,5545945182085165683,200969,25531204,252
-45120476,24107856978067686,1830895206820639623303746005934926,5545945182085165683,200969,25531205,47
-987084868,527401414567561475,1830902737394976352928355082966645,5545945182085165683,200969,25531205,541
-89702815986,47946507961737592832,1831587185074347162796579490034436,5547302834662643673,200977,25531206,9
-985085194,526730905792041990,1831594704234033892159852954398518,5547302834662643673,200977,25531206,492
-984727094,526543749947574973,1831602220722043935424541243150486,5547302834662643673,200977,25531206,517
20892534205,-11159359864721186371,1831442839559113237538600310001906,5547302834662643673,200975,25531207,13
3033729026,-1620248647002216619,1831419698705450790021745414108989,5547302834662643673,200975,25531208,11
-30859884523,16500000000000000000,1831655238586378181244402543571350,5547302834662643673,200978,25531208,221
-7853976111,4200000000000000000,1831715194192432426282897085616314,5547302834662643673,200978,25531208,289
14100831502,-7532839960834620478,1831607608021927775116791867679095,5547302834662643673,200977,25531208,371
-99784014,53356098602070216,1831608369687934531587321370446162,5547302834662643673,200977,25531208,407
15600730362,-8333080546538132589,1831489354252963109396090849591290,5547302834662643673,200976,25531208,483
-18702485206,10000000000000000000,1831632105695949407106792140174539,5547302834662643673,200977,25531211,59
33605898934,-17949603235904942684,1831375744338975225083507995836416,5547302834662643673,200974,25531211,71
5088043658,-2717191033771329204,1831336936641032224859566643977701,5547302834662643673,200974,25531212,72
-7260855801,3881463400000000000,1831392345091157074986125728750865,5547302834662643673,200975,25531212,121
3267000000,-1744735691321267701,1831367426277993912738223826670036,5547302834662643673,200974,25531212,416
18602926098,-9933955619536844780,1831225546688273980206927204279159,5547302834662643673,200973,25531213,68
25137747413,-13421102819666972145,1831033862666865783186445494356032,5547302834662643673,200971,25531214,29
6609810006,-3528526684126358890,1830983467241575668725955335812608,5547302834662643673,200970,25531215,44
-56142826,30000000000000000,1830983895495904627619087439684357,5547302834662643673,200970,25531215,333
8100000876,-4323775118935883393,1830922142105471776357314049754488,5547302834662643673,200970,25531216,518
-7579390185,4049913670583791839,1830979955207516353342170399822487,5547302834662643673,200970,25531217,35
-1559242950,833185731588707913,1830991849054062341560676454601302,5547302834662643673,200970,25531217,107
-987210240,527524086159513056,1830999379536513271413597787847364,5547302834662643673,200970,25531217,181
-70651231,37753245295322832,1830999918469537603712542431484898,5547302834662643673,200970,25531220,262
-124823255401,66735371117088604000,1831952207573668013633462928954629,5564896632979650236,200981,25531221,2
-95357971689,51028808443651317760,1832678348153705182169575481773508,5564896632979650236,200989,25531222,5
-32671078985,17492546000000000000,1832927459411402999683650127264483,5558793371018333658,200991,25531222,206
-7861581900,4209908489819247616,1832987068026507191097664018394356,5592757720706350521,200992,25531224,216
-46911567530,25127024759642972160,1833342843942657029851008102737672,5592769287728698189,200996,25531226,9
80217850984,-42917852513498394112,1832734881029201826318032441010131,5598872549690014767,200989,25531229,9
4118202971,-2202537360486372204,1832703713506385109480225760314667,5598872549690014767,200989,25531229,47
-66795869,35759569178541542,1832704219277565058055792336427100,5598872549690014767,200989,25531229,418
150882972150,-80645114202133794415,1831562170540251889595506908591342,5581278751373008204,200977,25531230,13
49874456280,-26635169992171336735,1831184075184198282807704167536934,5581278751373008204,200972,25531232,12
32939971085,-17585375345761281608,1830934444761165645776743883252845,5581278751373008204,200970,25531232,131
2069322,-1104580115956879,1830934429081272768982520772830719,5581278751373008204,200970,25531232,178
-148631494,79417228698730465,1830935555872343664256078430089559,5581278751373008204,200970,25531232,187
157106250000,-83807109898699924772,1829745599449433269716758909521039,5579921098795507116,200957,25531233,12
-43088919142,22997600000000000000,1830071974415888627175744119402874,5579921098795530214,200960,25531233,77
82479634,-43985197620846566,1830071349879031631348220555789085,5579921098795530214,200960,25531233,191
-25183959283,13445079212185583289,1830262158366737595413177313181798,5579921098795530214,200962,25531233,780
7213493695,-3847538067028942592,1830207527957838052332774064016570,5579921098795530214,200962,25531234,373
42640797713,-22739086072910639218,1829884660308831456865234698245511,5579921098795507116,200958,25531235,9
93499852,-49851911929800528,1829883952471693603139277334986822,5579921098795507116,200958,25531235,97
1119243929,-596751424527812611,1829875479319832492748615010520086,5579921098795507116,200958,25531235,585
-35219850,18797005975322624,1829875746081242146672506332506710,5579921098795507116,200958,25531235,607
5018084313,-2675443417558620925,1829837758005401825280308902602961,5579921098795507116,200958,25531236,45
85533428173,-45585952123727583313,1829190492361447506759695413263883,5579921098795507116,200951,25531237,10
-303969872,162108950000000000,1829192792962515373113760707823986,5579921098795507116,200951,25531238,113
23338823086,-12433105601378601523,1829016178192008065827479803214066,5573953023960315733,200949,25531238,124
15977880010,-8510383993296521929,1828895211602734476138389933507185,5573953023960315733,200947,25531238,313
-987398606,526417072650833424,1828902690353214499771983602588909,5573953023960315733,200947,25531239,275
4215001,-2244928179344178,1828902658443807681778955525596183,5573953023960315733,200947,25531239,319
-11435448,6096666719420416,1828902745058493115152988340627286,5573953023960315733,200947,25531239,678
90629314,-48269564733457192,1828902058954949946437444102780583,5573953023960315733,200947,25531239,756
-8780086781,4681160505238506353,1828968563696521733163028987266074,5573953023960315733,200948,25531240,53
-7440841009,3967399410649671680,1829024928111333412880030336156529,5573953023960315733,200949,25531240,60
-7440382419,3967399410649671680,1829081292526145092597031685046984,5573953023960315733,200949,25531240,66
113462133750,-60413869280305911703,1828222569850715225818729798499800,5573953023960315733,200940,25531241,19
-120018732864,63970690841939724140,1829131350951269636666173660594176,5579921098795507116,200950,25531241,90
-39606240232,21124313902362721356,1829431140809397270864024960350032,5579921098795507116,200953,25531241,155
-7819229013,4171268587052947714,1829490338188479248690627521635125,5579921098795507116,200954,25531241,267
-18132396990,9674000000000000000,1829627628663376156660407472553546,5579921098795507116,200955,25531241,469
80763383699,-43034671167776449545,1829016508853542027579116897618843,5573953023960315733,200949,25531243,9
4386077940,-2336293181228696444,1828983300784681798766385850687801,5573953023960315733,200948,25531244,25
7967865670,-4243955202565402631,1828922977209824469067594069934890,5573953023960315733,200948,25531244,67
4129700059,-2199508015501399858,1828891713405168333409251763689519,5573953023960315733,200947,25531246,101
-986296427,525827448236552677,1828899183778918003047150696370946,5573953023960315733,200947,25531246,617
-55231091697,29452387906970132480,1829317367909034960608517518695380,5579921098795507116,200952,25531247,12
-33396424,17812963402894739,1829317620705210782880625288886464,5579921098795507116,200952,25531249,854
694088575,-369841391975844583,1829312369402658442291116423943999,5579921098795507116,200952,25531250,298
21027581875,-11203428275189908110,1829153294207796770289790413176832,5579921098795507116,200950,25531252,148
986457926,-525533775554717860,1829145832260819532212449154162469,5579921098795507116,200950,25531252,513
-27379033351,14602324954597296128,1829353064029231319776383192961920,5579921098795507116,200952,25531254,8
-40606182958,21662982318896627712,1829660498506205129851489951635400,5579921098795507116,200956,25531255,2
-147684009379,78849339936997769216,1830779504431908884686424579115164,5579921098795530214,200968,25531256,2
-187039569722,100000000000000000000,1832197225132970921203529236906547,5598872549690014767,200983,25531256,383
6042405105,-3229736400668590080,1832151521988604012277603278617515,5598872549690014767,200983,25531257,7
4207398494,-2248808686716418469,1832119699692505394672514035225797,5598872549690014767,200983,25531257,44
-205427311399,110000000000000000000,1833676508545459639379588701944501,5593643594597206846,201000,25531257,108
17231159601,-9224707991020264023,1833545830891081414116962820156190,5592769287728698189,200998,25531257,121
10007711305,-5357028589717265380,1833469942273142009405658311974453,5592769287728698189,200997,25531257,140
12553493275,-6719133459840012303,1833374757835822330822665022704787,5592769287728698189,200996,25531257,169
9908286931,-5302820245986607013,1833299637142902852311991856215630,5592769287728698189,200995,25531257,182
35253059094,-18863576463719058740,1833032412370204471708255018566867,5592769287728698189,200993,25531257,230
10723553810,-5736980839306697230,1832951141281251256046739786854679,5592769287728698189,200992,25531257,309
24939639840,-13340460037516283985,1832762157956266536850871483087878,5592769287728698189,200990,25531257,333
39521299955,-21134705041572798650,1832463075591765044103044511636170,5598872549690014767,200986,25531258,7
3286145288,-1757012954679539697,1832438212566811792487573671613176,5598872549690014767,200986,25531258,88
334769831,-178989692963110755,1832435679731074489491361467621014,5598872549690014767,200986,25531258,530
212691808,-113718596553031787,1832434070529334561246061316922912,5598872549690014767,200986,25531258,565
354396585,-189482557993043137,1832431389211843395545643933516334,5598872549690014767,200986,25531258,692
297698572,-159167828677623808,1832429136870057510179221424916173,5598872549690014767,200986,25531259,434
382845,-204691746634877,1832429133973518818900280309515879,5598872549690014767,200986,25531259,530
-383037032,205000000000000000,1832432033423771471153254743357754,5598872549690014767,200986,25531259,988
-13811789792,7392452185064938496,1832536589752335891814144883765091,5598872549690014767,200987,25531260,29
1980364947,-1058938211194126168,1832521604998183254842302252320221,5598872549690014767,200987,25531262,241
-1301639329,696705500000000000,1832531458963734470521495810452031,5598872549690014767,200987,25531264,384
348600000,-186403158254850069,1832528821222013379717904424871383,5598872549690014767,200987,25531264,551
18147224022,-9702930438583004842,1832391517623328101814786454454272,5598872549690014767,200986,25531268,232
20686778323,-11059002215064860285,1832235024612107605544995475933985,5598872549690014767,200984,25531269,12
-1048432765,561000000000000000,1832242959205238034393379170496386,5598872549690014767,200984,25531269,341
45573515874,-24356819896153948079,1831898292298117601070307587081303,5598872549690014767,200980,25531270,2
396388595,-211810158685057514,1831895295028662806825352612344859,5598872549690014767,200980,25531270,82
-65417112942,35000000000000000000,1832390323120579045138060829250506,5598872549690014767,200986,25531271,48
14756436045,-7888866941900408484,1832278689853956303788517456089055,5598872549690014767,200984,25531271,386
57491,-30732809812045,1832278689419064452134653868207524,5598872549690014767,200984,25531271,506
198694179626,-106129267572317158826,1830773507239536984191273954487336,5579921098795530214,200968,25531272,2
-102588092806,54828800294882811904,1831551467440913921436352716929609,5581278751373008204,200976,25531274,2
-107326255009,57411000000000000000,1832364363811322149392260488570295,5598872549690014767,200985,25531275,62
-82732584,44274987570210614,1832364990021682620721639906822935,5598872549690014767,200985,25531275,185
-615074186,329162694689272771,1832369645586844964664773925464602,5598872549690014767,200985,25531275,210
-35103629,18786085657417176,1832369911290848895128655267789242,5598872549690014767,200985,25531275,1164
-43377445190,23218070870113665024,1832698299785729134060883131807080,5598872549690014767,200989,25531276,12
-208121613296,111514447438305640448,1834277089368442498324049365353071,5593643594597206846,201006,25531277,12
-5368088595,2878838099170073627,1834317844737709698080182906135564,5593643594597206846,201007,25531278,262
517713564,-277371238538543104,1834313916061670177025149505763661,5593643594597206846,201007,25531278,282
293287435,-157131726416510976,1834311690453665995501326589580579,5593643594597206846,201007,25531278,296
80707732,-43239921430822912,1834311078005006317900050178370897,5593643594597206846,201007,25531278,317
-46616097,25000000000000000,1834311431927038951038791906350499,5593643594597206846,201007,25531278,545
4746085772,-2542710005324594268,1834275417075874124648134120140345,5593643594597206846,201006,25531279,198
-486690094,261000000000000000,1834279112021894814616597760247398,5593643594597206846,201006,25531279,362
985224174,-527822331342882479,1834271635965771631624204474057454,5593643594597206846,201006,25531279,675
9629098,-5158655199996140,1834271562898768768746976567790254,5593643594597206846,201006,25531279,1085
5999495265,-3214066317011128762,1834226038981452739341792517022178,5593643594597206846,201006,25531283,184
-39295917400,21075690604490366976,1834524405031768274351183138993041,5593643594597206846,201009,25531284,9
-6692059240,3589854355637659219,1834575226173784442626226693868024,5593643594597206846,201009,25531285,34
2080790248,-1115113939078820225,1834559431740890542792371110382700,5593643594597206846,201009,25531287,172
84061111032,-45033044051681450927,1833921585358242067475664659596461,5593643594597206846,201002,25531288,2
14672986313,-7857371944507741416,1833810293830487999334867521165850,5593643594597206846,201001,25531288,46
-103213266,55322596220337986,1833811077025916193111615101115093,5593643594597206846,201001,25531288,110
-8825140169,4730474320000000000,1833878045789382323703564753912561,5593643594597206846,201002,25531288,536
-18005697095,9652531699865350999,1834014695534953209740633724623428,5593643594597206846,201003,25531288,969
175714194021,-94041714722516536628,1832682614016784214901125158234381,5598872549690014767,200989,25531289,2
39704902,-21234507952629515,1832682313532886421136315743014087,5598872549690014767,200989,25531289,265
-24765141164,13259210832840925416,1832869975581644576688808597831230,5592769287728698189,200991,25531289,415
8366435733,-4475199520384042261,1832806579110836688734891657920512,5592769287728698189,200990,25531290,150
1498752258,-801648640628054531,1832795222813891206799743343271347,5592769287728698189,200990,25531290,242
9991676049,-5344067421242654570,1832719553536399317566800898040571,5598872549690014767,200989,25531291,76
27066406819,-14474305145444794066,1832514731477999748448626407374848,5598872549690014767,200987,25531291,117
2079188601,-1111754092732211137,1832498999340296459800089868673766,5598872549690014767,200987,25531291,164
5350314335,-2860756062729474457,1832458517538962341818293010455089,5598872549690014767,200986,25531291,399
842302948,-450358895213971524,1832452144629519755455545998790003,5598872549690014767,200986,25531294,164
37367638211,-19976415506851501605,1832169463664703557256491969656440,5598872549690014767,200983,25531294,206
-45274605571,24228426556684432879,1832512142286660363278352052522865,5598872549690014767,200987,25531297,27
29367824,-15703232749624280,1832511920074372934904386764123673,5598872549690014767,200987,25531297,37
-6285897357,3364575000000000000,1832559507478440337119271914092110,5598872549690014767,200987,25531299,224
-31512606873,16870000000000000000,1832798161016504151306001132421931,5592769287728698189,200990,25531299,327
-6529929643,3496290797793958162,1832847665328041633570005312339968,5592769287728698189,200991,25531301,423
-9956412279,5331280502216156160,1832923151432069919490013932329168,5592769287728698189,200991,25531303,73
-27392520501,14669920349424273808,1833130864219480558508760908519973,5592769287728698189,200994,25531304,50
-65478806001,35080307001847017472,1833627569598720096594450398380215,5592769287728698189,200999,25531305,7
-8247310239,4419849159853249526,1833690147331666251636811150613711,5593643594597206846,201000,25531306,51
-7684313,4118271716054739,1833690205633550118903100805427972,5593643594597206846,201000,25531306,70
2078970583,-1113064089546149298,1833674440234649743630887043278185,5593643594597206846,201000,25531306,145
87557100554,-46859992397432481791,1833010614137316333646167063638265,5592769287728698189,200992,25531307,9
53027800156,-28363643242157902753,1832609076388862755543038931108750,5603182367191429720,200988,25531308,22
33488691377,-17906119106892680778,1832355886536805206217839428827652,5603182367191429720,200985,25531311,31
16928447982,-9049614937329456439,1832227926332057196653865946604059,5603182367191429720,200984,25531311,135
4995751,-2670443486992601,1832227888572384798437904867346584,5603182367191429720,200984,25531311,314
-13526750,7237865366805055,1832227990863549816884273826291292,5603182367191429720,200984,25531311,330
-7659783,4098581177357768,1832228048787899374061350288982847,5603182367191429720,200984,25531311,339
-13258900,7094545976600216,1832228149053562859828937170482597,5603182367191429720,200984,25531311,348
661184572,-353430690576638425,1832223151596340247548987954980085,5603182367191429720,200984,25531312,285
2224071930,-1188844925379267281,1832206341506505634622343983086978,5603182367191429720,200984,25531313,72
-17716167717,9480000000000000000,1832340320268921179036918888722907,5603182367191429720,200985,25531313,372
-9238289995,4944000000000000000,1832410192737421437643000991408986,5603182367191429720,200986,25531314,10
-100390079,53727224951900666,1832410952052517120892887871026925,5603182367191429720,200986,25531315,319
13003536690,-6951965010436519027,1832312652304704981476205780664799,5603182367191429720,200985,25531315,379
-27225435418,14570714030642194432,1832518577012862813765937756997391,5603182367191429720,200987,25531316,2
418066,-223544632363612,1832518573851975071507179535110199,5603182367191429720,200987,25531316,495
-12175209650,6517080422596932904,1832610678321340273011857504399671,5603182367191429720,200988,25531316,503
3214126940,-1718784078195741477,1832586374970967174251465376356792,5603182367191429720,200988,25531320,35
33776621,-18062117741024007,1832586119575317709619855296247386,5603182367191429720,200988,25531320,61
985608767,-527054114025319703,1832578667108797198988619415150324,5603182367191429720,200988,25531321,723
-13211842,7072072144906455,1832578767056842946669140936556650,5603182367191429720,200988,25531321,791
2250400225,-1203385187948364244,1832561751369865436906367560440405,5603182367191429720,200987,25531324,313
201154655,-107564903519742959,1832560230418181480730054265011257,5603182367191429720,200987,25531325,47
-103980303,55657771877160048,1832561017017273770666278664801173,5603182367191429720,200987,25531325,482
-17186288314,9200000000000000000,1832691038601052569043292286304396,5603182367191429720,200989,25531325,616
-184583906,98816782717179090,1832692435156986570458131303349298,5603182367191429720,200989,25531330,168
-50542803,27058058163639181,1832692817562592702546292624590081,5603182367191429720,200989,25531330,224
229433077,-122703967168738737,1832691082546807938306639635779137,5603182367191429720,200989,25531332,39
-500000,267674236538985,1832691086329789261304402293331243,5603182367191429720,200989,25531334,609
1953598,-1044809998248923,1832691071556331802113009762283826,5603182367191429720,200989,25531335,94
453223165,-242389300746704259,1832687644207790779214189153950458,5603182367191429720,200989,25531336,290
10861897376,-5808804574278698999,1832605508577953116349941379104187,5603182367191429720,200988,25531337,85
57471,-30732809812045,1832605508143395771836958173379156,5603182367191429720,200988,25531337,722
38360278549,-20510423347908101746,1832315493818008224199794111902045,5603182367191429720,200985,25531338,6
-856154382,458154715468523089,1832321968818195283124519394376022,5603182367191429720,200985,25531341,58
630256500,-336932893749194778,1832317204637357859640939663526226,5603182367191429720,200985,25531341,514
244070798,-130478913782069113,1832315359684988231140875923497895,5603182367191429720,200985,25531341,517
13443566,-7186849127072251,1832315258064014061315889258209525,5603182367191429720,200985,25531341,607
-93907771566,50272256366330167296,1833026253976967395906155870909623,5592769287728698189,200992,25531345,9
-59005374,31600000000000000,1833026701404351174018397380558806,5592769287728698189,200992,25531345,96
-84655545158,45352699728130162688,1833668854562155970886072438923626,5592769287728698189,200999,25531346,9
-4575827393,2452323205269895744,1833703573122846640121529891537968,5593432190754525981,201000,25531347,536
-51665429942,27695499270287679488,1834095669837448206510513430805652,5593432190754525981,201004,25531348,2
-428968161,230000000000000000,1834098926043212119555358860049420,5593432190754525981,201004,25531350,506
-329460000,176647230731950268,1834101426911607287616274896357351,5593432190754525981,201004,25531350,936
-46966883627,25187258742464122880,1834458013420713291557605641113321,5593432190754525981,201008,25531352,2
-85529182694,45892501273291877795,1835107896665350883748576458409319,5591674990652909353,201015,25531353,16
67388118788,-36125096838595107873,1834596041979955880963604164637309,5591674990652909353,201010,25531353,30
82615581,-44275792565239808,1834595414638471500971216697835792,5591674990652909353,201010,25531353,321
1544378500,-827666178505639551,1834583688164316169165915123370560,5593432190754525981,201009,25531359,333
87205747145,-46718308892119562239,1833921946742758478255373750428807,5593432190754525981,201002,25531360,2
-139682015544,74922342785004240000,1834982778234204576400574503429008,5591674990652909353,201014,25531361,42
-101576234598,54537708389526749184,1835755103730840584298825101458121,5592345476394940868,201022,25531363,8
-2647037193,1421845242851527959,1835775237297579807250487159293935,5592345476394940868,201022,25531365,189
-4111457,2208476702032832,1835775268569979736811660135540103,5592345476394940868,201022,25531365,1517
-50837134902,27313013323902480384,1836162025412449616546819997215238,5592345476394940868,201027,25531366,5
22793370204,-12235259278543840245,1835988685422168913623907995885211,5592345476394940868,201025,25531367,5
32998504948,-17709183773587395150,1835737794969150401247306771309605,5592345476394940868,201022,25531368,9
6702517793,-3596423702864904799,1835686843531546368253933605162035,5592345476394940868,201021,25531368,294
21455512223,-11511213868730896652,1835523754585466798958743723679279,5592116112414536371,201020,25531370,2
-204535388,109836549299268220,1835525309953189688387994542493931,5592116112414536371,201020,25531370,518
2,-1003000,1835525309953189674177658883441286,5592116112414536371,201020,25531385,648
-573649144,308053516645075732,1835529672221485329060879885042972,5592116112414536371,201020,25531386,331
220890000,-118501025272082820,1835527993318848182324037754561074,5592116112414536371,201020,25531387,42
-1206987217,648163992454247412,1835537171805967762660686795193437,5592116112414536371,201020,25531388,256
483612522,-259445812665758090,1835533496021238633932549089541881,5592116112414536371,201020,25531389,197
37515568,-20126104143093661,1835533210877973048278495616687804,5592116112414536371,201020,25531391,128
-33009716135,17728978522500335319,1835784266479497491490991648014336,5592116112414536371,201023,25531391,137
-66105566959,35518803543383982080,1836287239314491664064767133419554,5592116112414536371,201028,25531392,2
-2075978200,1115747164914662515,1836303039129200748494522328311024,5592116112414536371,201028,25531392,165
-3146768606,1691286620000000011,1836326989013239214782304510775379,5592116112414536371,201028,25531394,88
-19534219398,10500000000000000000,1836475744947016437560130958009041,5585125849794525495,201030,25531395,6
54861596043,-29455319161532965238,1836058358851651910905088144405576,5592116112414536371,201026,25531396,2
81142161657,-43540882498620192450,1835441471517206516912324805625036,5591445626672504856,201019,25531398,2
-65055440,34931951642769788,1835441966239095848620920323088162,5591445626672504856,201019,25531398,260
54592201488,-29277728704800622690,1835027114552654089793883164858517,5591445626672504856,201014,25531399,9
72491313272,-38856550836010771801,1834476569798528916355484266465614,5593202826774121484,201008,25531400,9
-175266790861,94080000000000000000,1835808901756752154731326547616354,5592116112414536371,201023,25531401,31
137087317274,-73524035982808294957,1834767137284446700478700252561408,5591445626672504856,201011,25531401,73
-130153201,69835304260100054,1834768126323193201846200405934634,5591445626672504856,201011,25531402,111
-19954776,10706988025778418,1834768277960336162950920814213175,5591445626672504856,201011,25531402,528
2079522812,-1114669265669441181,1834752483619547290830892568555351,5591445626672504856,201011,25531405,108
-57017195922,30600000000000000000,1835185854476359513810084991631983,5591445626672504856,201016,25531405,304
29403296343,-15766194778010148269,1834962454889650647820710000567623,5591445626672504856,201014,25531406,49
58236307003,-31215272260864980310,1834520169767705494854298931696024,5593202826774121484,201009,25531409,9
1848452489,-990543570248927882,1834506138639317754196019555091119,5593202826774121484,201009,25531409,383
792681671,-424775403716670337,1834500121661968635490955320127559,5593202826774121484,201009,25531411,104
-9315694127,4997185753223111817,1834570871802505926419340506147991,5593202826774121484,201009,25531413,42
501164767,-268579121447994465,1834567067357907536498235867396244,5593202826774121484,201009,25531413,228
985806238,-528299995342194761,1834559583946491291277743936833579,5593202826774121484,201009,25531413,476
74208100026,-39756235245732119886,1833996433714941250668883085900453,5593202826774121484,201003,25531414,2
468028019,-250663798044554838,1833992883042322540940364076015021,5593202826774121484,201003,25531414,503
2075550009,-1111599636210717159,1833977137145140533298558398096706,5593202826774121484,201003,25531415,24
-125675836584,67409888372386004992,1834931634764688799412760348916332,5591445626672504856,201013,25531416,2
-180580074,96909859414446928,1834933007245368799116631206705876,5591445626672504856,201013,25531417,257
-9878839952,5301785836005978123,1835008093502570917373057214164469,5591445626672504856,201014,25531417,523
-66273256910,35578821182751449088,1835511975612569536720729824654789,5592116112414536371,201020,25531420,9
-130270979186,69993000000000000000,1836503230584403278957445783579518,5585129883407484389,201030,25531422,26
411097630,-220775692925184538,1836500098758851604554249771001637,5585129883407484389,201030,25531422,63
1793744761,-963303098082233224,1836486433770570474329464457739878,5585129883407484389,201030,25531423,429
-49588882010,26662888107631353856,1836864472500260115177943432207041,5585129883407484389,201034,25531424,56
-9456583347,5085850223000963072,1836936582031303182015124960869739,5585129883407484389,201035,25531425,36
467726859,-251306327049869887,1836933017111787250803208193679703,5585129883407484389,201035,25531426,877
-8101426270,4357333133656635904,1836994797391404096568085103559398,5585129883407484389,201036,25531427,56
-19164195862,10308584629011100738,1837140957260594490703163302716338,5585129883407484389,201037,25531429,287
-650614710,350000000000000000,1837145919722082430713583882625063,5585129883407484389,201037,25531429,470
22088707230,-11869746094522080985,1836977540795860199101834413003262,5585129883407484389,201036,25531431,5
1248097,-670624367830313,1836977531282681900718227192630583,5585129883407484389,201036,25531431,197
103416014,-55567252485864542,1836976743030411617743600274766369,5585129883407484389,201036,25531432,187
13892770454,-7464397740126457682,1836870856411913671649352679125738,5585129883407484389,201034,25531433,35
48784299,-26209627690210454,1836870484613820265187627888232120,5585129883407484389,201034,25531433,226
10281183787,-5523384793498859753,1836792132339623705254031395913728,5585129883407484389,201034,25531434,56
25033823420,-13447010130702390278,1836601379048973952441437180297498,5585129883407484389,201031,25531434,101
34411605193,-18479762661855751322,1836339335939733439621450430047575,5592120146027495265,201029,25531435,5
50236144865,-26968415915826947842,1835957252224946081252432072679989,5592120146027495265,201024,25531436,9
76203015069,-40886870045763993716,1835377959296322836005771492700885,5591449660285463750,201018,25531437,6
-10950000000,5879533648894355884,1835461227815831459488310036244182,5591449660285463750,201019,25531437,82
23921251542,-12830835547078029503,1835279421024090478555822490989133,5591449660285463750,201017,25531438,9
16323658168,-8754193831860039584,1835155378292110205667837063437181,5591449660285463750,201016,25531440,8
468247395,-251098339131709609,1835151820348959775286337535158308,5591449660285463750,201016,25531440,889
-20769337479,11149670738800000000,1835309726848160283236363989521242,5591449660285463750,201017,25531441,596
-24515415033,13163152813638934528,1835495282940654092366161810069298,5617551814682125676,201019,25531443,21
-11416567,6130560000000000,1835495369360889009047108711633251,5617551814682125676,201019,25531444,12
-242001419,129952000000000000,1835497201244370336390197955905903,5617557203206901908,201019,25531446,57
-7034459655,3777537886200000000,1835550446125196577114500984025480,5618227688948933423,201020,25531446,380
-9384757295,5040000000000000000,1835621484592520962551437003599433,5618227688948933423,201021,25531447,153
-49050663,26343245178406187,1835621855898822911853433209299028,5618227688948933423,201021,25531449,545
44926860082,-24099926543481505037,1835281972677268135614292515085944,5617557203206901908,201017,25531450,9
16120600335,-8645330194878946814,1835160041809296141409863849312018,5617557203206901908,201016,25531452,71
9115405481,-4888000000000000000,1835091103079460218361690646077146,5617557203206901908,201015,25531452,91
10546000,-5654922253593990,1835091023324313433651127914522516,5617557203206901908,201015,25531452,169
4044531350,-2168701699826763539,1835060436675258796921567267395727,5617557203206901908,201015,25531453,120
-21841768015,11724266474573263123,1835225709161141666941609602711552,5617557203206901908,201016,25531455,7
-37653080010,20216452257998263679,1835510691855130772937460011539666,5618227688948933423,201020,25531456,22
58227478743,-31229226596006211260,1835070246083583945239241255901220,5617557203206901908,201015,25531457,2
1499910815,-804251297330190431,1835058903190190566225816547894913,5617557203206901908,201015,25531457,458
-458068302,245860699561849767,1835062368994135368439916183234386,5617557203206901908,201015,25531459,77
919620569,-493096954255546922,1835055414518334971620129842106826,5617557203206901908,201015,25531459,113
-6442538929,3458000000000000000,1835104160617497969899514589512266,5617557203206901908,201015,25531460,28
178134943,-95519902335167964,1835102813436495302571486609619329,5617557203206901908,201015,25531460,326
95309291058,-51086850226933355202,1834382365113033730862762936758522,5619314403308518536,201007,25531461,9
9188921465,-4923245240485381686,1834312951009102992197962410631653,5619314403308518536,201007,25531462,15
7000000,-3750321703462392,1834312898132350406909730036865627,5619314403308518536,201007,25531462,183
-18483248,9912500000000000,1834313037821364048862248810837346,5619314403308518536,201007,25531462,586
-22853008313,12257141830218076160,1834485768015798619324220962718281,5619314403308518536,201008,25531465,24
20348042400,-10902813044795494816,1834332046443774262050650313704170,5619314403308518536,201007,25531465,241
-55923481526,29999100000000000000,1834754852847747954067235978860018,5617557203206901908,201011,25531466,17
-16068643980,8622280000000000000,1834876397820533129545655157535257,5617557203206901908,201013,25531466,85
38926174176,-20864564814776567733,1834582152485918044182953261531136,5619703861405231857,201009,25531469,56
286373174,-153472221510166327,1834579988791458850359809252348912,5619703861405231857,201009,25531469,276
10213613821,-5473411501487994281,1834502823099699623263476486198183,5619703861405231857,201009,25531470,154
-83325049558,44711531598371938304,1835133034734769685502069391763698,5617946661303615229,201015,25531471,9
30637327,-16428940228935886,1835132803042511843162571479298204,5617946661303615229,201015,25531472,48
3895824920,-2089060832128296600,1835103341664344959913515949147532,5617946661303615229,201015,25531472,65
-222693161,119532600000000000,1835105026552731249225654705223309,5617946661303615229,201015,25531473,14
207622191,-111331709281354535,1835103456476102239862176278055107,5617946661303615229,201015,25531473,25
-695071709,373086897521954623,1835108715374350177680741381031793,5617946661303615229,201015,25531473,720
59570748481,-31935497404933246579,1834658338941302164245000577519579,5617946661303615229,201010,25531474,9
-59538218608,31950000000000000000,1835108694609479243324960827870417,5617946661303615229,201015,25531475,88
2200000000,-1179684736562747984,1835092057880855995304078806261197,5617946661303615229,201015,25531476,99
231753231,-124269549618596160,1835090305345870112767924825093941,5617946661303615229,201015,25531476,107
3150346505,-1689239386348352641,1835066482525773054805742226193857,5617946661303615229,201015,25531476,432
847980624,-454686794715797929,1835063000797325965814251963356538,10346584982798466813,201015,25531477,210
2621351577,-1405556520629897420,1835052238233501440111161737190722,10346945417009591777,201015,25531477,232
2494132875,-1337327138305681585,1835041998396990370193066056570216,10347232764300053216,201014,25531477,254
5248827755,-2814288251910972380,1835002318020390165972457262857375,5619172651280730591,201014,25531478,253
7826711,-4196392609038684,1835002258849080864596674096185236,5618812217069605627,201014,25531479,478
25770439,-13817153899426437,1835002063993931802401489698826208,5618058952493694698,201014,25531479,500
54651362,-29302024999319823,1835001650805232763480188539493194,5618608650340806667,201014,25531479,522
57321,-30732809812045,1835001650371913513413539795974345,5619191969740939982,201014,25531479,586
-68572345283,36813128060092387328,1835520437900814859101533512587158,5619862455482971497,201020,25531480,2
529939288,-284293708975192806,1835516429961411556779052883911882,5619862455482971497,201020,25531481,406
-56812573093,30515519800399016444,1835946419082464629846502618108682,5619862455482971497,201024,25531482,3
43228946734,-23197486071831039706,1835619383641476516862065269639709,5619862455482971497,201021,25531482,10
-9309935,5000000000000000,1835619454095646045288481427666480,5619862455482971497,201021,25531483,309
4927034086,-2643417033087499722,1835582187511997525691391827266251,5619862455482971497,201020,25531488,489
468568289,-251387312031357327,1835578643483123258021800996646880,5619862455482971497,201020,25531488,576
14993341072,-8043428644446658048,1835465243622203840709582116806640,5619191969740939982,201019,25531489,201
-23967798,12870000000000000,1835465424992874894645584791654021,5619191969740939982,201019,25531492,251
-10358102462,5562233277436000000,1835543806022694161926653036397952,5619862455482971497,201020,25531493,505
56147937,-30122210654714961,1835543381363297255821523612308065,5619862455482971497,201020,25531495,513
5475625,-2937559082140298,1835543339949933459347034201698004,5619862455482971497,201020,25531496,576
-33317431,17892000000000000,1835543592063133699868121781581004,5619862455482971497,201020,25531498,46
985848625,-528885313303664033,1835536135899947188359413852832565,5619862455482971497,201020,25531501,380
10573889246,-5672380346544837374,1835456161716626670871578442264028,5619191969740939982,201019,25531502,17
-30200030,16216364841278645,1835456390245995227061331055799485,5619191969740939982,201019,25531502,91
11548194129,-6194484651163461479,1835369050706916066371437087531969,5619191969740939982,201018,25531502,221
6495305618,-3483841643273290416,1835319930055161585882443177469307,5619191969740939982,201018,25531503,137
132611408738,-71087108003466872004,1834317716610165135950004252149420,5620949169842556610,201007,25531505,2
915165606,-490310062181684080,1834310805612731227895297187014121,5620949169842556610,201007,25531505,262
-27101967801,14536277036736000000,1834515594278021973055688297718967,5620949169842556610,201009,25531509,368
256239273914,-137168433185177555544,1832582329507608952138733914926904,5630487942436779484,200988,25531511,2
-27659913069,14807617532298264576,1832790658382296395899343529480771,5620074862974047953,200990,25531512,14
985579776,-527156271955205817,1832783226875812373884453245175432,5620074862974047953,200990,25531512,249
690256,-369194714177913,1832783221671145260461659834987543,5620074862974047953,200990,25531513,1116
1087921067,-581890510209225573,1832775018556946178732619946999103,5620074862974047953,200990,25531518,195
559946,-299493960412878,1832775014334874988194147425359541,5620074862974047953,200990,25531518,255
11427034627,-6111602357004076032,1832688974260575507767267685900508,5630487942436779484,200989,25531519,25
-66427375485,35571433460403666944,1833190069154164885701075932212702,5620074862974047953,200994,25531520,12
-9073550879,4860338630976571718,1833258552790141974904293513882572,5620074862974047953,200995,25531522,413
16246431235,-8693607182939432059,1833135995966697702984269534125937,5620074862974047953,200994,25531524,12
27985646075,-14972639685704651866,1832925104966386462048047783797330,5624966112995870630,200991,25531528,16
13458361436,-7199150142448150382,1832823704277743612967951160634432,5624966112995870630,200990,25531529,15
-5648214405,3024270844120707532,1832866280110807011201475990743826,5624966112995870630,200991,25531532,83
379475,-202986923882145,1832866277251717610387331544024394,5624966112995870630,200991,25531532,243
57586048495,-30796387895308536323,1832433098215169369696928656717211,5635379192458602161,200986,25531533,6
113310090209,-60554524311053789758,1831580961377762963404736324036724,5617785394141595598,200977,25531534,12
352224,-188145450307161,1831580958724329756646759170348374,5617785394141595598,200977,25531535,615
2641265371,-1410857626808396153,1831561061264833024663968307218608,5617785394141595598,200976,25531536,98
15159298196,-8096893989258657811,1831446869997663806408106501828988,5617785394141595598,200975,25531542,148
8729131494,-4661951210837166926,1831381122055681017869948194659634,5617785394141595598,200975,25531542,180
-21053499,11254853305330144,1831381280704585086892717495192247,5617785394141595598,200975,25531543,541
-59147621245,31627041390736048128,1831827096862243013172956257533986,5617785394141595598,200979,25531545,9
-38993351546,20858691233523777536,1832120232333000773655180028026520,5635379192458602161,200983,25531546,9
-1923710060,1029221903420000000,1832134694995718546973378000366914,5635379192458602161,200983,25531546,394
-142089478,76021250000000000,1832135763249021824039838449797194,5635379192458602161,200983,25531546,415
-261444207,139879100000000000,1832137728835099853842125676748910,5635379192458602161,200983,25531546,433
62450983,-33379438835910338,1832137259551398720561546981783138,5635379192458602161,200983,25531547,311
-66894183,35790067825870060,1832137762474702132383199728126666,5635379192458602161,200983,25531547,463
-17667648641,9453323658572263424,1832270600914286025881295717790112,5635379192458602161,200984,25531548,33
7548730944,-4035184131473020380,1832213869998188817114968595754134,5635379192458602161,200984,25531548,276
99921574,-53411534036624619,1832213119081958645272314898008507,5635379192458602161,200984,25531550,376
-161328036,86321732076946733,1832214332078001670035177540437723,5635379192458602161,200984,25531555,358
169866668,-90799623279849138,1832213055520193621040479405886131,5635379192458602161,200984,25531556,98
-37154064,19880000000000000,1832213334874659236221514099931203,5635379192458602161,200984,25531556,120
-18757017612,10037078704579639349,1832354376260869264323271179207251,5635379192458602161,200985,25531557,118
-17106804780,9155379777551592051,1832483027982461918247394484420608,5635379192458602161,200987,25531558,43
-3505158959,1876082455085399502,1832509390759709926227928370878297,5635379192458602161,200987,25531558,311
-9939197040,5320096000000000000,1832584148937531931366859540416274,5635379192458602161,200988,25531559,30
358151787,-191521690614658043,1832581456321629645524202924696261,5635379192458602161,200988,25531561,93
-25777958638,13800000000000000000,1832775417136260785586794454649177,5624966112995870630,200990,25531561,112
-2500000000,1338508119557914286,1832794260719124102137139849422845,5624966112995870630,200990,25531563,531
1066319343,-570343434678697984,1832786227379647217583134656539862,5624966112995870630,200990,25531564,316
1862548057,-996211195868224304,1832772195653777363398149920958648,5624966112995870630,200990,25531566,407
-20170316797,10800000000000000000,1832924238582729512564652250190102,5624966112995870630,200991,25531571,20
13995518252,-7486462596044687656,1832818791071882112508047189933305,5624966112995870630,200990,25531573,145
82482569228,-44103988141926788193,1832198607363303957119539015796427,5635379192458602161,200983,25531574,5
-6290834,3365978969801390,1832198654662159911888392127538384,5635379192458602161,200983,25531574,525
18655958100,-9971329735115500705,1832058467089015897458823521107968,5635379192458602161,200982,25531575,153
174863275,-93454578975509362,1832057153205013081405397812421269,5635379192458602161,200982,25531579,14
29412287338,-15717305036918455359,1831836182556039140263929563742096,5617785394141595598,200979,25531582,15
11365138346,-6072273439484484380,1831750544705330882742269927040173,5617785394141595598,200979,25531583,62
-2765430,1478949775362763,1831750565552671551617123668057614,5617785394141595598,200979,25531583,360
-2662706,1424013277531114,1831750585625624946136856604718713,5617785394141595598,200979,25531584,500
-2393398307,1280000000000000000,1831768628561565495243321724102574,5617785394141595598,200979,25531584,516
5301609866,-2832455917485973443,1831728682165966423313186824789232,5617785394141595598,200978,25531584,562
5307100863,-2835265828572966830,1831688696141923644169760294104875,5617785394141595598,200978,25531585,25
299395738,-159945505272044015,1831686440415227794487452319556062,5617785394141595598,200978,25531588,93
-2077298536,1110869192638107139,1831702099275916152981327039744297,5617785394141595598,200978,25531589,132
2324031450,-1241569874957937180,1831684589297708626073503052689561,5617785394141595598,200978,25531589,368
-7853249906,4199744509810366478,1831743789079862673925649437159450,5617785394141595598,200978,25531590,448
-637414593,340887150479763517,1831748594240033816657475550530230,5617785394141595598,200979,25531591,6
-6281732603,3359544834574064513,1831795950530846021728544759681255,5617785394141595598,200979,25531591,110
-24850797,13290844883967318,1831796137879176363288806028880666,5617785394141595598,200979,25531591,795
-556020941,297375000000000000,1831800329690172707656411548315647,5617785394141595598,200979,25531592,238
-1888679600,1010126965951368330,1831814568484030896537010030125083,5617785394141595598,200979,25531592,246
-6239122740,3336996280547368889,1831861527589317250765667074106948,5635379192458602161,200980,25531592,389
57517,-30732809812045,1831861527157242679179228821270562,5635379192458602161,200980,25531597,1250
59113310208,-31578291860054962132,1831416254838040441344672270721304,5617785394141595598,200975,25531598,9
1814063355,-968828642860514915,1831402591355408108460231497918935,5617785394141595598,200975,25531598,203
57693865386,-30804763697469997824,1830968148838792610237896441937962,5617785394141595598,200970,25531599,12
367040148,-195928730593580400,1830965385637242606271009887697573,5617785394141595598,200970,25531600,94
-7445320903,3978460267320000000,1831021466187043602078615204888333,5617785394141595598,200971,25531601,305
48875272678,-26086295862603757406,1830653504134530524805655699797287,5616427741564117608,200967,25531602,7
97101875,-51815939364293536,1830652773192755132136545773298096,5616427741564117608,200967,25531602,188
21363750333,-11399214629804929623,1830491970121696009129217593067930,5616427741564117608,200965,25531603,12
74001101763,-39469838854084864491,1829935188667178018574059494131803,5616427741564094510,200959,25531604,5
559567994,-298364339416815521,1829930979789318371526894025407756,5616427741564094510,200959,25531604,469
-21683446,11573262354864500,1829931142965965287821543024167785,5616427741564094510,200959,25531604,607
125346660,-66835263977315953,1829930200154021515907465828258453,5616427741564094510,200959,25531606,444
-82305067,43929251637856095,1829930819532357892645422952587385,5616427741564094510,200959,25531606,794
39494761511,-21055326168204895542,1829633802481626493519553866501513,5616427741564094510,200955,25531608,12
35692266219,-19022272812508733212,1829365464706954009541571169676725,5616427741564094510,200953,25531615,5
15679603547,-8354715787816824992,1829247608872132336263349010742839,5616427741564094510,200951,25531615,129
72604,-38683431630744,1829247608326444338682778956191985,5616427741564094510,200951,25531615,165
-2812439650,1500000000000000000,1829268757503130164163904402156984,5616427741564094510,200951,25531616,169
-187493664,100000000000000000,1829270167448242552529312765221317,5616427741564094510,200951,25531619,3
31452606898,-16756366700566395555,1829033733221961846503276797468219,5610459666728903127,200949,25531619,9
-680425,362812301522134,1829033738342857676403644749586872,5610459666728903127,200949,25531619,613
-12644663889,6742661381606149120,1829128866628103116912050377880511,5616427741564094510,200950,25531621,49
100000000,-53273601760573367,1829128115123806752283358187636228,5616427741564094510,200950,25531621,488
-35317549026,18836486339592601600,1829393699242297540287422211763641,5616427741564094510,200953,25531622,7
-187468054,100000000000000000,1829395109187409928652830574827974,5616427741564094510,200953,25531622,57
-607394512,324000000000000000,1829399677409574066956753671156413,5616427741564094510,200953,25531622,606
-28127653668,15005793320250777600,1829611250859068042612170350130062,5616427741564094510,200955,25531623,2
-42941931374,22915742806796857344,1829934350254739963324188110377505,5616427741564094510,200959,25531626,114
381678880,-203512972276674703,1829931479398105955055976488352730,5616427741564094510,200959,25531626,333
-36030137232,19233053156492871338,1830146307427527880829435560165020,7861820048159285864,200961,25531628,54
-32093963101,17136034701000000000,1830387916111251803582064656129196,5616427741564117608,200964,25531628,132
20516946656,-10944250069391757369,1830233530999755106495490470969344,5616427741564117608,200962,25531628,164
24621086419,-13131063533106223749,1830048297594562868926081792001429,5616427741564117608,200960,25531629,35
28302940577,-15091408320393104205,1829835410577050159066131959755881,5616427741564094510,200958,25531630,263
3429835857,-1828583937248511903,1829809615649737348532507114586605,5616427741564094510,200957,25531631,166
-175475937,93645675997070537,1829810936002369032273208419705202,5616427741564094510,200957,25531633,400
433553693,-231141636897960994,1829807675401856638812851953365945,5616427741564094510,200957,25531633,651
18002168221,-9596816798113780519,1829672297863697688464292479866395,5616427741564094510,200956,25531634,147
906392087,-483153070100146695,1829665482262800008272968905663882,5616427741564094510,200956,25531634,229
383833592,-204601736699703420,1829662596047505902038982434098223,5616427741564094510,200956,25531634,420
-1311891,700000000000000,1829662605917121688757540292639673,5616427741564094510,200956,25531634,524
5409613918,-2883515371962034012,1829621929594908636338022952663294,5616427741564094510,200955,25531634,1014
27777375967,-14804303773433396571,1829413092618944003497267816955070,5616427741564094510,200953,25531636,161
386879849,-206168644662440710,1829410184300055864008121662473536,5616427741564094510,200953,25531636,401
260062880075,-138439494679185008993,1827455829022097868586066686318589,5612636151281130349,200932,25531637,2
700788384,-372651652936287553,1827450568658709925433856843285208,5612636151281130349,200932,25531639,116
-1872350168,996643242963974838,1827464630274248261608864888173417,5612636151281130349,200932,25531640,177
307854072,-163706507392378874,1827462319387630506160268660388247,5612636151281130349,200932,25531640,190
-1549873620,825000000000000000,1827473959292783153318542919565014,5612636151281130349,200932,25531640,217
-525383877,279664993286132809,1827477905079445415488483678424286,5612636151281130349,200932,25531640,226
-6204531687,3302800827135053993,1827524504216858671986976270684936,5612636151281130349,200932,25531640,248
3000000000,-1595386642632598595,1827501983684832606063223276494420,5612636151281130349,200932,25531640,581
-6228434269,3315612364614368256,1827548763579919945958401556255646,5612636151281130349,200933,25531640,613
-155620621,82844447551021677,1827549932430237421527454652339162,5612636151281130349,200933,25531640,881
-10639094270,5663960085843835286,1827629845106828453647739621736448,5612636151281130349,200934,25531641,582
-6227562825,3315612364614368256,1827676625001915793542917901497674,5612636151281130349,200934,25531641,599
-4468228649,2379031068902263773,1827710190694033639769239651342578,5612636151281130349,200934,25531641,855
-4062335276,2162996000000000000,1827740708352561585457431881042349,5612636151281130349,200935,25531641,1397
-43451507559,23140333992909385728,1828067194768171333516844669957394,5612636151281130349,200938,25531642,2
-1187114978,632320480273715390,1828076116162615530299335440030396,5612636151281130349,200938,25531642,276
-13141696,7000000000000000,1828076214925447128517648070108259,5612636151281130349,200938,25531642,585
-49408789327,26323224253825961984,1828447713887432001989143387486441,5610459666728903127,200942,25531643,2
-7506257452,4000000000000000000,1828504171684573017307302413172961,5610459666728903127,200943,25531643,358
-13425355475,7154836664439816192,1828605158263817527764763920280055,5610459666728903127,200944,25531644,429
-6220921498,3315612364614368768,1828651956306387437801673966126797,5610459666728903127,200945,25531645,341
2500000000,-1331132494392390353,1828633158705502940731856119653102,5610459666728903127,200944,25531645,439
-8245102095,4394626639879161856,1828695186440339140606457323214655,5610459666728903127,200945,25531646,622
-938053592,500000000000000000,1828702243664981767521227201425470,5610459666728903127,200945,25531646,946
-22833593296,12171920000000000000,1828874043612525934314078753409038,5610459666728903127,200947,25531649,741
-93470070730,49850000000000000000,1829577131404992102065054510054826,5616427741564094510,200955,25531650,244
64953686,-34620135388662558,1829576643035900741702300345417668,5616427741564094510,200955,25531651,163
-11788212,6289371000000000,1829576731712579756173561713035810,5616427741564094510,200955,25531651,230
27183893404,-14487319310295792416,1829372366279331520681098585190642,5616427741564094510,200953,25531651,534
25535409132,-13605832299351815305,1829180435546460616755378118726196,5616427741564094510,200950,25531652,418
272469171,-145162222814515277,1829178387814929243501916223469170,5616427741564094510,200950,25531652,572
1859120832,-990467098577523938,1829164415786468804630584165643873,5616427741564094510,200950,25531652,620
615035784,-327663756788605494,1829159793596249786077274768502806,5616427741564094510,200950,25531653,421
1929382806,-1027878744615824367,1829145293820240791875844408085583,5616427741564094510,200950,25531656,77
-22475503538,11986820337159188000,1829314292514170596168928275056875,5616723305691084108,200952,25531658,101
126044221364,-67127153410280753867,1828366643578274296292866489477185,5610755230855892725,200942,25531659,2
119946983,-63846827546235307,1828365742012153387165982640884143,5610755230855892725,200942,25531659,135
29930120040,-15929597690467061493,1828140817677855152228854854466786,5612931715408119947,200939,25531660,25
10906777002,-5803899628764623517,1828058893947740646935686103016359,5612931715408119947,200938,25531661,241
23786348,-12657027046714416,1828058715290125224365863600732068,5612931715408119947,200938,25531661,534
25999115738,-13832991172853854571,1827863458599278138034531765315306,5612931715408119947,200936,25531663,46
-44663051,23784499105625501,1827863794156533219249058386401689,5612931715408119947,200936,25531663,669
-26887238951,14319897212574937088,1828065822602890547407703337130028,5612931715408119947,200938,25531664,19
-104118012263,55482182140328960000,1828848838915633789750163952338050,5610755230855892725,200947,25531665,2
-25594039638,13645775638899671040,1829041431377900606182861241066497,5610755230855892725,200949,25531666,228
-10689333740,5700000000000000000,1829121846303427892813028668865823,5616723305691084108,200950,25531666,668
-18250914584,9733309231513677824,1829259073399644682782444049955011,5616723305691084108,200951,25531667,14
399706756,-212968239966492759,1829256069320325100550978454769858,5616723305691084108,200951,25531672,750
49950000,-26613870769837573,1829255693911396490904703395052675,5616723305691084108,200951,25531672,788
-7761473520,4139662179310333440,1829314057804567167600357656586397,5616723305691084108,200952,25531672,877
80,-42115743059,1829314057803973092379789870293204,5616717917166307876,200952,25531675,572
-52281650696,27891843330622844928,1829707296791581685243423555995490,5616723305857204945,200956,25531677,51
-994805905,530837267875073670,1829714780911843285893218772018380,5616723305857204945,200956,25531677,625
-39787874742,21234724140000000000,1830014163112007640468279614256043,5616723305857228043,200960,25531678,245
1726663134,-920740118183255472,1830001175370980633876527075687113,5616723305857204945,200959,25531678,972
1940512095,-1034759108769547831,1829986579305201994413335915514955,5616723305857204945,200959,25531679,666
156583245272,-83442112959891420871,1828809265742082511933022370765169,5610755231022013562,200946,25531681,2
10227888366,-5446633743819690127,1828732355100708406100926407912567,5610755231022013562,200946,25531682,134
38813211,-20668236767285253,1828732063249370385159778434556344,5610755231022013562,200946,25531684,247
-22510380370,12000000000000000000,1828901427718513872226618702302981,5610755231022013562,200947,25531686,570
10000000,-5326037390423093,1828901352510785402377496026310225,5610755231022013562,200947,25531686,631
-40305448,21488318372724426,1828901655790588234270173867588699,5610755231022013562,200947,25531693,102
-52508001292,28000000000000000000,1829296620450008506672352067545232,5616723305857204945,200952,25531693,332
29996563,-15983185037217497,1829296394995003396541714620316174,5616723305857204945,200952,25531694,1012
18797062475,-10014937260155609831,1829155126672956922868608460224727,5616723305857204945,200950,25531695,5
472620729,-251788928729085309,1829151574998238704578427445662880,5616723305857204945,200950,25531695,933
91656989107,-48811814965609080433,1828462379593272750423070756529077,5610755231022013562,200943,25531696,2
50000000,-26617398364872553,1828462003735215050959947816258288,5610755231022013562,200943,25531696,41
31691282136,-16868588366743601794,1828223806343691494878271593701687,5610755231022013562,200940,25531697,259
548625000,-291982595425125585,1828219683325743077840569501994214,5610755231022013562,200940,25531697,342
2244375000,-1194460541155320671,1828202816627771957849611760147876,5610755231022013562,200940,25531697,349
-24216072539,12901902186302099456,1828384910278998978703718182197984,5610755231022013562,200942,25531699,131
-2197518899,1170927040000000000,1828401436398710258257589311936765,5610755231022013562,200942,25531700,906
-940485809,501135384731999313,1828408509276077270942367767576529,5610755231022013562,200942,25531701,424
-60314848688,32146707500000000000,1828862218446947975464680020615932,5610755231022013562,200947,25531702,22
48010951005,-25564669556201436059,1828501225726569892979714084719958,5610755231022013562,200943,25531702,58
27487091650,-14631668648608851150,1828294615355271323621600465097774,5610755231022013562,200941,25531703,664
2090307522,-1112557441343641843,1828278905191819197379200302337254,5610755231022013562,200941,25531705,748
-32463854309,17298203491210455040,1828523046946104603492998344470392,5610755231022013562,200943,25531707,2
-517123465,275584051155427284,1828526936458315299370125874465831,5610755231022013562,200943,25531707,502
-246878356,131566165545446972,1828528793344464036767199447654459,5610755231022013562,200943,25531707,646
-7430765,3960000000000000,1828528849234792532400443885200135,5610749842331116493,200943,25531712,151
-316512367,168675854060014597,1828531229878452304043948413011552,5610749842331116493,200943,25531712,594
-18576862,9900000000000000,1828531369604273543127059506875742,5610749842331116493,200943,25531714,281
81526984222,-43389465881725157764,1827918776437202381858067761596718,5612926326883343715,200937,25531716,47
-458485144,244173151442383110,1827922221292221487656136313212737,5612926326883343715,200937,25531717,370
-269893928,143736496568323023,1827924249162151932938714628429013,5612926326883343715,200937,25531721,885
-1077271180,573721845826643932,1827932343371398492630145524708748,5612926326883343715,200937,25531721,1089
-1293838455,689065701773286153,1827942064880201672765766762361246,5612926326883343715,200937,25531721,1092
-9127181856,4861114892180474091,1828010646687561968548020526588356,5612926326883343715,200938,25531722,385
-15198608,8095045995147110,1828010760894466624300301417282925,5612926326883343715,200938,25531722,422
-16629238401,8857630866541799894,1828135726534496024053802215083563,5612926326883343715,200939,25531722,493
9251168183,-4922894981599250326,1828066238374322831033848074107488,5612926326883343715,200938,25531723,447
4453442724,-2369711146835600943,1828032789180636798038670489821172,5612926326883343715,200938,25531725,265
286750288,-152579062977928083,1828030635480749452144780925313554,5612926326883343715,200938,25531728,57
-11307425522,6022944986777912320,1828115608673522433522480511716366,5612926326883343715,200939,25531730,190
3605209014,-1918469766138003853,1828088528889189208032388549080209,5612926326883343715,200939,25531730,266
-35049971778,18672511854577315840,1828352033148735860002694877358716,5610755539626103975,200941,25531731,9
-115763419145,61710042375911677952,1829222849848240880636771692718916,5616723614461295358,200951,25531732,2
2490085586,-1326681575175028674,1829204135994639108100310359738470,5616723614461295358,200951,25531733,640
-161640016,86204821631076939,1829205351371282408718259993329996,5616723614461295358,200951,25531733,874
1262280486,-672515306029335378,1829195865030914469368613177602932,5616723614461295358,200951,25531738,417
54985073525,-29288066839483988703,1828782407040885912899791545981175,5610755539626103975,200946,25531740,2
9413128604,-5012621169483163109,1828711624993471186480504989573566,5610755539626103975,200945,25531741,94
2896732653,-1542472124842861861,1828689844106509050775576047520607,5610755539626103975,200945,25531741,137
61761937232,-32878679965704925931,1828225571981092061677587307641697,5610755539626103975,200940,25531744,2
-12490315886,6654467748318998000,1828319491175728504417573336409685,5610755539626103975,200941,25531749,156
-21709407,11566720000000000,1828319654425002236288514493652679,5610755539626103975,200941,25531750,61
-31975272618,17038590469837726000,1828560132064265206814352947910735,5610755539626103975,200944,25531753,5
-37856196121,20178140142733651968,1828844920381399293170162860256719,5610755539626103975,200947,25531756,2
985383498,-524784400391930478,1828837510024012385285628383291327,5610755539626103975,200947,25531756,787
-33347547065,17780000000000000000,1829088451698657631762916307650665,5610755539626103975,200949,25531757,240
19307859261,-10284725076029346713,1828943223508980973177016533604155,5610755539626103975,200948,25531760,10
608277281,-323984764493121129,1828938648596138643710502229569429,5610755539626103975,200948,25531763,188
99819216,-53166231782748632,1828937897848254119881097623913385,5610755539626103975,200948,25531767,378
-3751175131,2000000000000000000,1828966125258225463691816175584851,5610755539626103975,200948,25531767,481
499940254,-266288350579713941,1828962365062906601003603622073447,5610755539626103975,200948,25531767,732
18306589481,-9750074141238716258,1828824686553634093158872893171714,5610755539626103975,200947,25531769,12
22675407234,-12074867808058312361,1828654180178462585610355660548368,5610755539626103975,200945,25531770,379
24121964266,-12842701708307988481,1828472831400943782655833394069016,5610755539626103975,200943,25531771,43
-14706953989,7837617488073117696,1828583449221960989532295964968571,5610755539626103975,200944,25531773,25
-14007948478,7465985886370724938,1828688821944188416112332940247040,5610755539626103975,200945,25531773,130
-20661096368,11013565328546807808,1828844264156075950430066176307162,5610755539626103975,200947,25531774,19
-6293375680,3355107080000000310,1828891617147598409542657489106125,5610755539626103975,200947,25531775,488
-2323672318,1238833693981346000,1828909101680881572409192936463148,5610755539626103975,200948,25531776,343
-787781188,420000000000000000,1828915029436975554609443832314155,5610755539626103975,200948,25531776,515
10747369937,-5723921818908281481,1828834203279983936787176763347393,5610755539626103975,200947,25531777,102
27135531634,-14449811430272964180,1828630160883160062429789845398558,5610755539626103975,200944,25531778,12
57182423591,-30439383463539363548,1828200333491314004935096549960483,5610755539626103975,200940,25531779,9
-3191079470,1700000000000000000,1828224326789789647174207318881229,5610755539626103975,200940,25531780,118
171000000,-91007755378037018,1828223041690629253166971291437789,5610755539626103975,200940,25531780,327
30000000,-15966259681341207,1828222816234822482704006102768950,5610755539626103975,200940,25531781,33
129542511327,-68906956983311036541,1827250156909093075172363144827693,5613135735263311799,200929,25531783,9
117026050862,-62186129540456457013,1826372413521130400463356455307499,5613135735263311799,200920,25531784,17
38639335805,-20519325812397207893,1826082798429281340505994059990373,5613359682513216526,200917,25531785,5
-74829948,39771735559008558,1826083359495413872605444938228232,5613359682513216526,200917,25531785,582
-48590967,25825864047666139,1826083723824942289218585905813007,5613359682513216526,200917,25531785,1049
69329073767,-36800765383595401739,1825564309929277686041401179623023,5613359682513216526,200911,25531786,85
-36877034249,19591786513650614561,1825840694344845858789084756967424,5613359682513216526,200914,25531786,101
131399441,-69749753696069623,1825839709881862241828853655506902,5613359682513216526,200914,25531786,701
-11764915704,6251627996087059456,1825927902581841095942967738736443,5613359682513216526,200915,25531787,49
-3763546477,1999996699236279536,1825956116850022895065074074038908,5613359682513216526,200915,25531787,58
27775987640,-14744305257661869429,1825748012563252704422959014477824,5613359682513216526,200913,25531789,663
-299642093,159200000000000000,1825750258422706501336255912640396,5613359682513216526,200913,25531789,740
-3387861825,1800000000000000000,1825775651305978074476547474780032,5613359682513216526,200913,25531789,1381
-18803691155,9991472377280224112,1825916602579193310098047587118473,5613359682513216526,200915,25531791,437
-101759455240,54097371466355064832,1826679775900627179609567601887199,5613135735263311799,200923,25531792,2
-7514918816,3996875073406688256,1826736162695862284939491832988593,5613135735263311799,200924,25531792,377
-7514454897,3996875073406688256,1826792549491097390269416064089987,5613135735263311799,200924,25531792,383
6267651983,-3330395358567595078,1826745541701307506029587518972954,5613135735263311799,200924,25531793,133
574011209,-304999475525371736,1826741236701543847903281336366523,5613135735263311799,200924,25531793,307
11803343979,-6271359755293447529,1826652717853379115569115567003283,5613135735263311799,200923,25531793,354
-7063510875,3756671562979049472,1826705715924696539771715753098033,5613135735263311799,200923,25531794,235
-60260872884,32058126604167929856,1827157983005165874202819336935231,5613135735263311799,200928,25531795,2
221212873,-117594180788966050,1827156323189457561755520284171004,5613135735263311799,200928,25531795,461
354799643560,-188333721293840553254,1824523849548197960722384808826840,5771719017495966606,200900,25531797,41
-118035630375,62657754648102633472,1825383520059464013553559289023726,5771719017495966606,200909,25531799,31
-23425917184,12442396840320401408,1825557558108293391166828886570155,5613359682513216526,200911,25531799,188
-27269561904,14486913661293639680,1825761927279163717643031430059029,5613359682513216526,200913,25531799,225
-86997790720,46239133475128213504,1826414232606623227699266315914998,5613135735263311799,200920,25531800,9
-28519505694,15165246160633124864,1826628179656316911615799361504772,5613135735263311799,200923,25531800,151
8253588,-4384970723204492,1826628117763430392626318378465586,5613135735263311799,200923,25531801,547
454337,-241379963970803,1826628114356405885268855129383853,5613135735263311799,200923,25531802,964
89860525533,-47723542989053975599,1825954522907267825384789793283364,5613359682513216526,200915,25531803,14
-44654961415,23734894027692758805,1826289354792550247990264999354489,5613359682513216526,200919,25531803,110
37234110311,-19771399973495827795,1826010297012747811308057564186277,5613359682513216526,200916,25531803,253
62653738319,-33255647964644890382,1825540919664692252090541953636590,5613359682513216526,200911,25531805,56
-8603596713,4570214260345303156,1825605392396491711680051048359563,5613359682513216526,200911,25531805,389
-52761456931,28033847310869225472,1826000870292279493246368453301942,5613359682513216526,200916,25531806,12
-5515513267,2931269593316641677,1826042222173735382775553138522215,5613359682513216526,200916,25531806,253
-14848726927,7892150592157675520,1826153557984151125382215026549101,5613359682513216526,200917,25531807,51
-2607285748,1385880876132691300,1826173108823771093684575305644320,5613359682513216526,200918,25531807,315
1470874101,-781052805441991923,1826162084876954616986617744195068,5613359682513216526,200917,25531808,279
-10323356103,5487518479561029715,1826239498163733557955957336050355,5613359682513216526,200918,25531808,543
-82454727,43831790000000000,1826240116505693032459765613989508,5613359682513216526,200918,25531808,579
-30098589,16000000000000000,1826240342220211001998790427875193,5613359682513216526,200918,25531809,530
-299179570,159040000000000000,1826242585822519619216697077898908,5613359682513216526,200918,25531811,311
137841489,-73201549123884463,1826241552640154991833417435557329,5613359682513216526,200918,25531811,365
1819069090,-966019788696251737,1826227918029665083729087880712216,5613359682513216526,200918,25531811,812
141740749,-75271064006281890,1826226855637723535940444516410232,5613359682513216526,200918,25531812,191
-15255352564,8109926899490318272,1826341263652778951899942720897024,5613359682513216526,200919,25531813,2
-5960451108,3168922788989497778,1826385969612433134654672684882911,5613135735263311799,200920,25531813,61
-86751834618,46139892951673176064,1827036898312543384506226301767961,5613135735263311799,200927,25531814,2
-6886000600,3663802150622797312,1827088586208175564388385030833495,5613135735263311799,200928,25531815,603
-164375869,87461233761440964,1827089818927646913300213321499055,5618413845730600659,200928,25531816,644
-10683992984,5685000000000000000,1827169945972432647678794952603196,5618413845730600659,200928,25531817,847
-1879247,1000000000000000,1827169960066899628458808775229599,5618413845730600659,200928,25531824,600
-1997624134,1063000000000000000,1827184942485300197613502227096565,5618413845730600659,200929,25531825,526
6000000,-3189626904419767,1827184897506719822073753823482601,5618413845730600659,200929,25531826,288
-4229661901,2250796450000000000,1827216621282964803947096741921371,5618413845730600659,200929,25531826,318
1867990,-993066308028332,1827216607279222644636999746494458,5618413845730600659,200929,25531826,589
-1879151,1000000000000000,1827216621373689625417013569120861,5618413845730600659,200929,25531827,598
23180973464,-12322365110541275690,1827042857323488885371732097332054,5618413845730600659,200927,25531828,5
1867894,-992826388896822,1827042843323129949950694989924912,5618413845730600659,200927,25531829,519
10025091406,-5328335643241777538,1826967705703533967490335522741440,5618413845730600659,200926,25531829,670
-16242218843,8641598515313947648,1827089504428469217516082758223118,5618413845730600659,200928,25531832,13
-33422966908,17786162767303491584,1827340193735265764537876488380399,5618209568347750313,200930,25531833,9
-44091251473,23470799913980534784,1827671014177817583925108039410202,5618209568347750313,200934,25531834,87
26977484096,-14347394651183722663,1827468686781295320293168548480745,5618209568347750313,200932,25531838,23
-5746049576,3058704602591480000,1827511799159824092384610658545995,5618209568347750313,200932,25531838,538
-39230047885,20886573897146863616,1827806194989764664338829217042750,5618209568347750313,200935,25531839,19
-187649250777,100000000000000000000,1829215962438028850544519395847657,5622001724928584218,200951,25531840,11
14701149303,-7832108195946459644,1829105588309499811319423561015418,5622001724928584218,200950,25531840,28
10551607077,-5620836768597966826,1829026308276008802898660699927787,5616033650093392835,200949,25531840,38
6796898597,-3620447035541557328,1828975232840215891832591841004925,5616033650093392835,200948,25531840,43
-716094216,381808091337706185,1828980616502497279193852474702314,5616033650093392835,200948,25531840,190
-5832755025,3110000000000000000,1829024468872509798066796554302276,5616033650093392835,200949,25531840,451
44775000,-23850537556052537,1829024132401187993919241731706643,5616033650093392835,200949,25531840,529
6590912328,-3510720673412308854,1828974604929419609406575314509868,5616033650093392835,200948,25531840,879
54344608405,-28939997528863610388,1828566334080233888290594684187656,5616033650093392835,200944,25531841,2
249753114,-132970571658201418,1828564458198656722986455097293527,5616033650093392835,200944,25531841,543
20841663258,-11095308350311323886,1828407931199729335644630776471536,5616033650093392835,200942,25531842,7
-12341357530,6576414623698957312,1828500661542955762250337082252431,5616033650093392835,200943,25531846,21
-51059805737,27215641331669688320,1828884414074725659692741994836823,5616033650093392835,200947,25531848,2
-8033053487,4282777874890755695,1828944803129404482419550203494553,5616033650093392835,200948,25531848,238
80634352080,-42933973146866269153,1828339112349434455949637071335598,5616033650093392835,200941,25531853,30
24462543956,-13019524377593977008,1828155447588548783814622361891919,5618209568347750313,200939,25531855,12
12000000,-6386032103303260,1828155357532529486795937435611411,5618209568347750313,200939,25531855,177
27441428853,-14601841540604393336,1827949441918219861669233178964197,5618209568347750313,200937,25531856,12
21564329465,-11472273972398116187,1827787659561111985449189556286135,5618209568347750313,200935,25531857,7
98158103,-52215698269970087,1827786923213744020389283720652233,5618209568347750313,200935,25531858,65
7302190657,-3884319232286791928,1827732146425578853141982440742691,5618209568347750313,200935,25531859,345
18750000637,-9972788298481827441,1827591509861132426009776224405593,5618209568347750313,200933,25531859,389
6939765870,-3690747592835713539,1827539462826124738940693544761442,5618209568347750313,200933,25531859,599
-80177373615,42695919829602485901,1828141260938884101519541917560281,5618209568347750313,200939,25531862,19
14804586868,-7877946595910796097,1828030165895955136370880830288112,5618209568347750313,200938,25531862,136
92790491728,-49354691239287311959,1827334164536308888510751147210648,5618209568347750313,200930,25531862,266
-1068943039,568919017968866983,1827342183438178036077586340324055,5618209568347750313,200930,25531868,804
467682027,-248664183440080480,1827338676768286606337030567969369,5618209568347750313,200930,25531868,944
34571877288,-18379051084986456227,1827079501485570450457657065131821,5618413845730600659,200927,25531869,136
39914809713,-21212969846983083155,1826780366414962561385274528232142,5618413845730600659,200924,25531870,66
467720867,-248531942154396942,1826776861737371401529235432093550,5618413845730600659,200924,25531872,312
-16493584,8772918785664372,1826776985386985551140410387491722,5618413845730600659,200924,25531872,338
37494451,-19923315721713970,1826776704437995468746331722429372,5618413845730600659,200924,25531874,13
-13802753398,7342083063626937344,1826880187185305902780037134256096,5618413845730600659,200925,25531874,473
-10822560239,5757414111490061692,1826961334868394976355738544311938,5618413845730600659,200926,25531874,533
-6025770389,3205826881794947584,1827006519289526532196869877333170,5618413845730600659,200927,25531874,546
-6025472345,3205826881794948096,1827051703710658088045207085919363,5618413845730600659,200927,25531874,552
50000000,-26576343074727612,1827051328943884764753645380207460,5618413845730600659,200927,25531874,766
-37589833,20000000000000000,1827051610827569320993085091330601,5618526560533024829,200927,25531877,8
1802137,-957883820235595,1827051597320224617400487166280996,5618526560533024829,200927,25531880,473
-12333489377,6562474184665090048,1827144090040373547343099343284917,5618526560533024829,200928,25531885,19
1244034,-661303970774495,1827144080715170951365780401382236,5618526560533024829,200928,25531885,167
-1495914515,796000000000000000,1827155299685816289695480904083275,5618526560533024829,200928,25531886,394
-931648532,495750000000000000,1827162286877647227480592743548149,5618526560533024829,200928,25531887,352
-80331918,42746500000000000,1827162889354693321645053224124417,5618526560533024829,200928,25531888,91
-11537359832,6139592840000001111,1827249421907264036972774395968079,5618526560533024829,200929,25531890,112
-20669927,11000000000000000,1827249576943290542904466237085806,5618526560533024829,200929,25531890,271
-89226080458,47501211734917988352,1827919091642894648274216954208451,5618322283150174483,200937,25531892,2
-25575872199,13622224706860224512,1828111092768248331478055765906725,5618322283150174483,200939,25531893,2
-69143738286,36841680995922837504,1828630540984536733632151946368369,5616146364895817005,200944,25531894,9
-15009050747,8000000000000000000,1828743342244743172289760909614204,5616146364895817005,200946,25531894,225
-6014032648,3205826881794947584,1828788544908776940758147179478307,5616146364895817005,200946,25531894,267
-6013735354,3205826881794947584,1828833747572810709226533449342410,5616146364895817005,200947,25531894,273
-750332,400000000000000,1828833753212873719548466329790572,5616146364895817005,200947,25531895,259
-11598796557,6183582031956559872,1828920942693598043372555308954983,5616146364895817005,200948,25531895,532
-6012864713,3205826881794947584,1828966145357631811840941578819086,5616146364895817005,200948,25531897,307
-6012567506,3205826881794947584,1829011348021665580309327848683189,5616146364895817005,200949,25531897,313
-20030230362,10681015093388027904,1829161876313128928157097969402240,5622114439731008388,200950,25531904,80
-27511528132,14673242606448517120,1829368551718844363439758781992792,5622114439731008388,200953,25531905,5
5845182,-3114756108907031,1829368507824966742444369115814298,5622114439731008388,200953,25531906,406
-4197327763,2238931474560000000,1829400043599524874999680600134586,5622114439731008388,200953,25531907,467
-20494985,10932590135075091,1829400197587130906553881418953431,5622114439731008388,200953,25531909,245
1430151,-762118817537515,1829400186847172803899146838744259,5622114439731008388,200953,25531909,1105
-29311162728,15637265261359915008,1829620440694863642996277371024113,5622114439731008388,200955,25531910,5
-54590070652,29133394572094865408,1830030790084194220805429903790306,5622114439731031486,200960,25531911,12
-1415624589,755658290006400000,1830041433674561946938340806691479,5622114439731031486,200960,25531912,484
8632665,-4603522977805418,1830041368800630522453344776206201,5622114439731031486,200960,25531913,108
-24985414596,13338622831294296000,1830229245833627399170015733717222,5622114439731031486,200962,25531914,419
467959452,-249598517286553359,1830225728432460473699841525370834,5622114439731031486,200962,25531914,749
130000000,-69338758870312643,1830224751294318729054491758481816,5622114439731031486,200962,25531916,254
467899034,-249565065716596963,1830221234364559216093234469384976,5622114439731031486,200962,25531921,418
42373624,-22600931633040741,1830220915866900800944470593587348,5622114439731031486,200962,25531922,54
1800000000,-960063489299609741,1830207386425803568467086323690661,5622114439731031486,200962,25531923,98
-6425514997,3430662926677326848,1830255707963943497670752876233782,5622114439731031486,200962,25531924,29
-3146555717,1680051580000000102,1830279371809163828176318272334242,5622114439731031486,200962,25531924,775
-6712673192,3584266450782793728,1830329856882080308153393536888116,5622114439731031486,200963,25531926,91
-1872764,1000000000000000,1830329870967270014251883764241898,5622114439731031486,200963,25531928,12
38048427100,-20293231648908843014,1830043893961242317476732535051137,5622114439731031486,200960,25531932,44
2494872,-1330438519292141,1830043875212388954264539275093738,5622114439731031486,200960,25531932,577
4989744,-2660877490338105,1830043837714675861618748273921805,5622114439731031486,200960,25531932,585
70984512,-37853852639077942,1830043304269257624390331192140094,5622114439731031486,200960,25531932,620
-31281911557,16700515263013101568,1830278534194926757248622053758509,5622114439731031486,200962,25531941,5
-88810091726,47436565503468855296,1830946680908968383351421687180819,5623472092308509476,200970,25531942,5
-1344960028,718656250000000000,1830956800874769875627970709336461,5623472092308509476,200970,25531943,86
-166409486719,88979370690238349312,1832208624414137168506246754690433,5641065890625516039,200984,25531946,10
-7495291,4010480345498863,1832208680712738042311042520501202,5641065890625516039,200984,25531947,262
-373785,200000000000000,1832208683520311999729444265832618,5641065890625516039,200984,25531949,186
-28778575593,15400273840000000000,1832424870559163479161110454637964,5641065890625516039,200986,25531956,14
-9805636824,5248118754726318735,1832498542966869522687049327334353,5641065890625516039,200987,25531957,72
11770995981,-6293658426996202012,1832410149212509735792713055796410,5641065890625516039,200986,25531961,296
10117605788,-5409146650817616023,1832334178330725381075828973354652,5641065890625516039,200985,25531962,110
54689835135,-29230907129651776340,1831923633390210492570112008940383,5641065890625516039,200980,25531963,2
6875500614,-3673926419145217205,1831872033489580859977555711573412,5641065890625516039,200980,25531964,705
34815276228,-18600373219283051051,1831610088055587429129646069505591,5623472092308509476,200977,25531966,5
-2437610076,1303444897515000000,1831628442891834913800155098295828,5623472092308509476,200977,25531967,384
57532,-30732809812045,1831628442458845470562939945877668,5623472092308509476,200977,25531968,411
11984089963,-6401504630426537834,1831538252725372987808487910173164,5623472092308509476,200976,25531970,5
22490752403,-12012114724274073406,1831369016039942209872503029126225,5623472092308509476,200974,25531971,26
2177508813,-1162870602509262920,1831352632549535157291853389705744,5623472092308509476,200974,25531971,176
467518643,-249669610377097619,1831349114995941731447671241167821,5623472092308509476,200974,25531971,455
1813455717,-968433125305992006,1831335470902794922118420997036141,5623472092308509476,200974,25531974,154
-6293469592,3364303920000001004,1831382846321315565914392997155795,5623472092308509476,200975,25531974,201
200000000,-106809911166496064,1831381341494251231826114761094646,5623472092308509476,200975,25531974,462
50459077859,-26942040666080329456,1831001759566694823794380575511465,5623472092308509476,200970,25531975,2
10338313227,-5518644241327673509,1830924008306328769694212130514945,5623472092308509476,200970,25531977,5
14933181424,-7970580782995472385,1830811685837282557116833141555589,5622114439731031486,200968,25531978,42
39787051862,-21231553007110069749,1830512485785396382829959538802688,5622114439731031486,200965,25531978,55
24855884,-13261669183285505,1830512298898826831957946239951588,5622114439731031486,200965,25531978,154
41634186875,-22209805606667043545,1830199313080612249491188095537501,5622114439731031486,200962,25531979,2
2182973298,-1164300105629564929,1830182905488953797332339350254651,5622114439731031486,200961,25531982,61
9164637968,-4887779308789775469,1830114025750278612800824204738799,5622114439731031486,200961,25531983,62
7931646643,-4229890668371431244,1830054417133470141218989962952704,5622114439731031486,200960,25531983,329
224445,-119690606574437,1830054415446761887453151492849390,5622114439731031486,200960,25531987,411
49825935331,-26565515430417431901,1829680047938530053985790385739289,5622114439731008388,200956,25531988,2
1999824504,-1066012396551755732,1829665025440446527989567186990160,5622114439731008388,200956,25531989,84
4744783166,-2529150737554337986,1829629384051818442034578056927438,5622114439731008388,200955,25531989,396
190690478,-101643251540764653,1829627951671147810355054352222108,5622114439731008388,200955,25531989,432
699461083,-372830567976485400,1829622697654861485925679471596779,5622114439731008388,200955,25531990,648
57658,-30732809812045,1829622697221767482519875881125335,5622114439731008388,200955,25531991,580
-6954338891,3710644673567457792,1829674962355926604283627465813337,5622114439731008388,200956,25531992,109
5008059,-2669567243794460,1829674924735755456678216572983849,5622114439731008388,200956,25531993,132
-3178020444,1695775133598301549,1829698810050211073365339774977241,5622114439731008388,200956,25531994,598
-7341979468,3917811250000001505,1829753993164900010471870578718065,5622114439731008388,200957,25531994,929
-11336831920,6050000000000000000,1829839208562621906687846601152057,5622114439731008388,200958,25531996,227
1201487,-640572765698922,1829839199535519430019968600510705,5622114439731008388,200958,25531998,368
-12669768329,6762000000000000000,1829934443588312068402188412692301,5622114439731008388,200959,25532000,466
-1311494889,700000000000000000,1829944303221106337385855059916068,5622114439731008388,200959,25532000,550
-48237140031,25751432980000002010,1830307017039833518833383436399008,5622114439731031486,200963,25532002,110
-111016451,59277988914493700,1830307851981552775480458479776373,5622114439731031486,200963,25532002,458
-26970149282,14402497295563196416,1830510713888202353559311520282336,5622114439731031486,200965,25532004,15
-23254081,12419434572299636,1830510888818294346877847624873655,5622114439731031486,200965,25532004,67
-5479454314,2926508280000000503,1830552109242594614883067777185550,5622114439731031486,200965,25532004,514
44956225,-23987090337353865,1830551771210860849048923278680383,5622114439731031486,200965,25532005,69
-63511721156,33930426344965894144,1831029661354180207525356659744548,5623472092308509476,200971,25532006,9
-10835914314,5790735069525268147,1831111205264595093242999748875878,5623472092308509476,200972,25532007,2306
174008,-92900873925295,1831111203955730140016391162405845,5623472092308509476,200972,25532010,539
-22220557573,11876325436515698688,1831278443866695823128193906130487,5623472092308509476,200973,25532011,70
-912489984,487749166490684097,1831285312247628420716698241922541,5623472092308509476,200973,25532011,127
-5051085141,2700000000000000000,1831323333078399779271893941981134,5623472092308509476,200974,25532011,517
-58629689661,31348037687876395008,1831764769536157156506980548928667,5623472092308509476,200979,25532012,5
985986355,-526783519400781903,1831757347770813641117794499366781,5623472092308509476,200979,25532012,234
-1308005029,699528910929225008,1831767198389458868086718216934318,5623472092308509476,200979,25532013,200
13249593,-7078914943550565,1831767098655804220919712098354092,5623472092308509476,200979,25532013,664
1790760,-956756388252967,1831767085176222679340662126579533,5623472092308509476,200979,25532014,90
9998863621,-5341914512473052114,1831691823831597106460021255738239,5623472092308509476,200978,25532017,130
37112659743,-19823680943069460707,1831412531289621730055272667592382,5623472092308509476,200975,25532018,29
6583891440,-3516146063446711843,1831362992892850868330925232142102,5623472092308509476,200974,25532025,83
-4402161828,2353318800000000000,1831396131832053037438141113115083,5623472092308509476,200975,25532029,116
540796,-288815968913588,1831396127762972912883457084772118,5623472092308509476,200975,25532029,316
494328,-263999247609198,1831396124043531445069802603050114,5623472092308509476,200975,25532029,340
1414898175,-755632926540290742,1831385478056973256788644537089092,5623472092308509476,200975,25532029,377
-3146769439,1682240590000000711,1831409167014302553232349076358237,5623472092308509476,200975,25532031,133
58119688,-31039703758817710,1831408729701081569736823913498965,5623472092308509476,200975,25532032,72
-70130413059,37502386014037237500,1831907931861300017504082828350505,7888801308039082503,200980,25532034,28
32609972410,-17423012223789042485,1831662686383394096843492072266570,5623472092308509476,200978,25532035,130
467929898,-249973854532999961,1831659164543355387343491530300138,5623472092308509476,200978,25532035,1063
-290433985,155308531736715216,1831661351565356316905943765795229,5623472092308509476,200978,25532037,194
23402679363,-12500800255531456521,1831485229870797142025183376297306,5623472092308509476,200976,25532037,200
7105180238,-3794834963117857388,1831431765072495050705409572271720,5623472092308509476,200975,25532038,35
24756773222,-13220716196524464384,1831245500602043448683951103672320,5623472092308509476,200973,25532038,364
2076785034,-1108931224319278178,1831229877054559736928691709190041,5623472092308509476,200973,25532038,429
51495675174,-27490855327751458799,1830842544135791240147244190087211,5622114439731031486,200969,25532039,2
1307486774,-697847607570111855,1830832709902736140599119765636761,5622114439731031486,200969,25532039,271
708377293,-378080539773398658,1830827381902609184685560399814331,5622114439731031486,200968,25532039,294
466281611,-248866182180642000,1830823874821681273919957589452069,5622114439731031486,200968,25532039,446
3000000000,-1601152388839181485,1830801311004627574424004382048423,5622114439731031486,200968,25532040,821
1002656582,-535126527335447324,1830793769875408679501547601789346,5622114439731031486,200968,25532042,155
-21836419657,11666948954640000000,1830958091999046130428840380530197,5623472092308509476,200970,25532043,443
1250863892,-667710589316255258,1830948684735666056157307981747129,5623472092308509476,200970,25532046,64
97129839854,-51826917539982777952,1830218334385634334475024260477890,5622114439731031486,200962,25532059,2
3979803582,-2122677295015041885,1830188421116614709806633208250917,5622114439731031486,200962,25532059,254
-460327939,245763734196411261,1830191882745433745424029637168268,5622114439731031486,200962,25532062,239
4500746503,-2400454100019896441,1830158054980171552166376254054629,5622114439731031486,200961,25532063,272
-5614313,2997311747653632,1830158097197876126185386676472000,5622114439731031486,200961,25532063,290
9200607615,-4906829262341280542,1830088949002763057398103907834089,5622114439731031486,200960,25532064,79
-4101938,2189734849854682,1830088979845593823656375195587677,5622114439731031486,200960,25532065,254
56098883222,-29910399968848092860,1829667475435642338766083451624320,5622114439731008388,200956,25532067,11
100000000,-53304980490196737,1829666724249286676631991636104909,5622114439731008388,200956,25532067,356
16536156000,-8813992722861649225,1829542515385284997377636371345996,5622114439731008388,200954,25532069,198
-98454153,52526354794423349,1829543255228956846669505538500492,5622114439731008388,200954,25532071,3
-2478152,1322121424463983,1829543273851287924741939400712102,5622114439731008388,200954,25532071,311
131043302,-69843114324890759,1829542289605650175051717035954185,5622114439731008388,200954,25532075,524
-118475629,63208018464026139,1829543179902581187439638102502376,5622114439731008388,200954,25532075,544
-81118397,43277570000000000,1829543789475364656398980191333650,5622114439731008388,200954,25532076,277
-15985647,8528524440181612,1829543909601249309454901408860527,5622114439731008388,200954,25532077,225
-3032113,1617666888667895,1829543932386394317616397184201944,5622114439731008388,200954,25532077,737
-82880257,44217578714088558,1829544555199378849898819494769666,5622114439731008388,200954,25532078,304
-145926658,77853638201501489,1829545651782642228008270250626996,5622114439731008388,200954,25532082,165
-387918892,206959877624877027,1829548566851780125341395335930818,5622114439731008388,200955,25532082,236
13858961,-7386558606496817,1829548462758654314713477905164071,5622114439731008388,200955,25532085,60
-48237143124,25740294000000001311,1829911019682735064952882587713619,5622114439731008388,200958,25532086,64
4090593905,-2181035066685657706,1829880284022234894081129604948706,5622114439731008388,200958,25532087,631
-8636373764,4609461882460649984,1829945209167292382463922659146985,5622114439731008388,200959,25532089,159
2980489,-1589231673767222,1829945186771464856749210679578452,5622114439731008388,200959,25532089,350
-2401973396,1282055054800638912,1829963244760125386318372144206999,5622114439731008388,200959,25532090,51
-7493830273,4000000000000000000,1830019585518949780452304566639236,5622114439731031486,200960,25532093,315
-47368,25284828429701,1830019585875091385570793438208528,5622114439731031486,200960,25532094,300
60807961,-32426153854623926,1830019128918084400563485278561560,5622114439731031486,200960,25532095,534
7737812995,-4126095921273037762,1829960983001329332889349887030172,5622114439731008388,200959,25532096,68
16837203155,-8977330586355684629,1829834472341636305643697894832098,5622114439731008388,200958,25532098,44
1023936431,-545906681784142130,1829826779295938700426570271936452,5622114439731008388,200958,25532098,91
-11537358823,6157507880000000803,1829913508962545297131825061600922,5622114439731008388,200958,25532100,163
-124508812,66453747007587476,1829914444976178580080132406343418,5622114439731008388,200959,25532100,387
-7878142689,4204917733557477888,1829973672040154275105072155583061,5622114439731008388,200959,25532102,20
-14006238696,7476429313142530439,1830078978965354123410732387260054,5622114439731031486,200960,25532102,60
-30005987507,16019876627488390415,1830304621966720590685320307116101,5622114439731031486,200963,25532102,64
9535606002,-5086296510168939295,1830232944676828448395589318691921,5622114439731031486,200962,25532107,14
58558154004,-31226212761692455903,1829792897522699951386791072191170,5622114439731008388,200957,25532108,2
2651081266,-1413337295660639879,1829772980440230632322254960957760,5622114439731008388,200957,25532109,530
2878651,-1534641576319298,1829772958813699633499417579729365,5622114439731008388,200957,25532110,107
-9911882074,5289641682574652416,1829847464420275983797304952750663,5622114439731008388,200958,25532112,44
-8047364180,4294927373170440090,1829907959287101004957533297590243,5622114439731008388,200958,25532112,83
-259322412,138406676867835792,1829909908771401279106266026884853,5622114439731008388,200958,25532112,88
467714111,-249380611852997589,1829906394441009110622814194853023,5622114439731008388,200958,25532113,684
-66458934,35470660569058217,1829906894051992226437267869671468,5622114439731008388,200958,25532115,240
-18809833,10039244038148235,1829907035456649009573994734653329,5622114439731008388,200958,25532116,415
-3237599684,1728005073864965703,1829931374735927498450155123769738,5622114439731008388,200959,25532123,100
-8390583031,4478522400000000309,1829994455573534510218747409152878,5622114439731008388,200959,25532123,187
-99971215,53362077705857555,1829995207188522108794404976336564,5622114439731008388,200959,25532124,345
-16817730450,8977498353486257152,1830121656955917149610416342423410,5622114439731031486,200961,25532125,18
-18878174865,10078865420000001706,1830263619687380085670710288484255,5622114439731031486,200962,25532127,99
12935873197,-6899595071391938656,1830166388966543849940705122649296,5622114439731031486,200961,25532129,118
-978471628,522383159826929591,1830173746832449283411755157919138,5622114439731031486,200961,25532129,213
1495365195,-797540735482493777,1830162507700325609334445599693300,5622114439731031486,200961,25532130,247
6892909925,-3676150215321340139,1830110702524566814048317728088142,5622114439731031486,200961,25532135,107
2538485569,-1353781341280922357,1830091624718651338055638402108553,5622114439731031486,200960,25532135,395
-467929720,249795819957168294,1830095143140163225194289039419092,5622114439731031486,200960,25532137,512
12373640532,-6598517847641392426,1830002155270565320522253576537961,5622114439731008388,200959,25532142,12
-35088167052,18732016394579968940,1830265999275060726468691406894688,5622114439731031486,200962,25532143,104
15230479392,-8123411690598782468,1830151522241821284643309487128576,5622114439731031486,200961,25532143,129
-2078648198,1109728734148912173,1830167152981564080609142178914386,5622114439731031486,200961,25532147,81
468101277,-249657222374898322,1830163634753111206112379374221028,5622114439731031486,200961,25532149,287
-41208302,22000000000000000,1830163944627284740279164376004252,5622114439731031486,200961,25532152,366
-511025127,272823132665101572,1830167787392864540310581102640754,5622114439731031486,200961,25532154,95
-23376647450,12481414069634002487,1830343590477835702026897327621161,5622114439731031486,200963,25532156,131
-24997066624,13349252231256371200,1830531617227947506568852105028130,5622114439731031486,200965,25532160,12
-74962291,40036443164819068,1830532181148844640475629394829445,5622114439731031486,200965,25532162,97
207751788,-110846699632443340,1830530619071013106826558444208934,5622114439731031486,200965,25532162,137
1080983,-576761528489772,1830530610943153633131941759500011,5622114439731031486,200965,25532163,580
27184,-14503888832290,1830530610738761411342076426026705,5622114439731031486,200965,25532163,593
1998802,-1066466613021554,1830530595709862402208588415470835,5622114439731031486,200965,25532164,277
-46670715135,24931004574268350464,1830881753638854581151323403649417,5622114439731031486,200969,25532166,14
708330,-378076206340087,1830881748310915521959562318977036,5622114439731031486,200969,25532171,191
37545254,-20040068284952594,1830881465901547321134044963186613,5622114439731031486,200969,25532171,317
-5533697,2956608921392508,1830881507545944865690748402365507,5622114439731031486,200969,25532173,158
-35051671795,18730519015355814060,1831145276191839140921311059649025,5623472092308509476,200972,25532174,96
5504485727,-2938841491276995750,1831103871343117117070497389299761,5623472092308509476,200972,25532175,146
-102812045,54945000000000000,1831104645067023314217095621795953,5623472092308509476,200972,25532176,65
263566,-140714543788288,1831104643084519522897942017920052,5623472092308509476,200972,25532182,88
5000000,-2669438710937340,1831104605475241742132687998992279,5623472092308509476,200972,25532186,418
22029943972,-11760452542443057968,1830938914416412023209043902513321,5623472092308509476,200970,25532187,2
10108058420,-5395367744587484064,1830862886056392231876203463351940,5622114439731031486,200969,25532188,204
456694191,-243758598906053802,1830859450952732317379234750869003,5622114439731031486,200969,25532189,121
3880018796,-2070906780879387539,1830830267246006622620783693807943,5622114439731031486,200969,25532189,149
66599995,-35546256942473560,1830829766319771128413086343881867,5622114439731031486,200969,25532189,185
2944756976,-1571678693688787762,1830807617852980093259955677642844,5622114439731031486,200968,25532189,266
9206386028,-4913396458327757682,1830738377111392480541584777587283,5622114439731031486,200968,25532190,15
467719059,-249609111130927264,1830734859560934601871474490038428,5622114439731031486,200967,25532191,1118
3000000,-1601016407355403,1830734836999033831309081968374123,5622114439731031486,200967,25532193,19
31041017,-16565723253964800,1830734603550955141142612237597092,5622114439731031486,200967,25532193,44
-76962662994,41126929207317081675,1831313789189889194674865968130042,5623472092308509476,200974,25532194,75
53708442621,-28674503367425352148,1830909796287279343907128544854016,5622114439731031486,200969,25532194,78
-8847625,4727360000000000,1830909862873041752928887306037195,5622114439731031486,200969,25532194,411
44490920353,-23743764361718179754,1830575260146306684299869382911693,5622114439731031486,200966,25532195,8
-93613099,50000000000000000,1830575964405791989224380750600839,5622114439731031486,200966,25532195,142
44406740463,-23690205493140095529,1830242116443263390143945161067658,5622114439731031486,200962,25532196,6
20696612920,-11038322671154939790,1830086561797079953277541090009584,5622114439731031486,200960,25532196,253
-427402883,228160000000000000,1830089775473963296709071363048697,5622114439731031486,200960,25532196,710
3026161689,-1613820218472595265,1830067033138867024757694689823518,5622114439731031486,200960,25532197,9
586956,-313013295775442,1830067028727809844639412002685852,5622114439731031486,200960,25532198,174
10471254920,-5583900647930218075,1829988339083061366933156578592367,5622114439731008388,200959,25532200,405
-17850654,9528156000000000,1829988473288946176234274203259145,5622114439731008388,200959,25532204,192
-12844186574,6856212439283632128,1830085044341818798538836780601907,5622114439731031486,200960,25532205,20
-3146437410,1679675120000000110,1830108702884528612286677283599354,5622114439731031486,200961,25532205,148
-18878174971,10078722790000001111,1830250663607020940557758688217442,5622114439731031486,200962,25532206,80
-12001526985,6408215428438996550,1830340924537008051038197979837043,5622114439731031486,200963,25532206,142
-21999214319,11748121959846670362,1830506399063502872980110461257965,5622114439731031486,200965,25532206,146
10000000,-5335389330606594,1830506323875938213162489109641452,5622114439731031486,200965,25532207,335
173467653,-92551676663657835,1830505019615884761327360358591140,5622114439731031486,200965,25532208,230
17743720,-9466950793101093,1830504886205381650643560493953949,5622114439731031486,200965,25532209,105
468045337,-249719526621400659,1830501367098922641598583605472653,5622114439731031486,200965,25532218,480
20990854,-11199375462502437,1830501209274682542377616307006151,5622114439731031486,200965,25532219,269
14159996,-7554866189049520,1830501102809726587448315133635237,5622114439731031486,200965,25532221,207
468054656,-249723465994800884,1830497583647752999448533464898144,5622114439731031486,200965,25532232,492
58348763,-31131030397953866,1830497144941931187043339207707234,5622114439731031486,200965,25532233,86
-11234016422,6000000000000000000,1830581656080167777984703330404830,5622114439731031486,200966,25532234,26
-3931660697,2100000000000000000,1830611234978550584814180773348988,5622114439731031486,200966,25532235,94
-61248862718,32723341205398405120,1831072112847317052090610996729329,5623472092308509476,200971,25532236,2
-92488269182,49444807859137773568,1831768384207366910160074964578496,5623472092308509476,200979,25532237,2
-19965450,10677714541979434,1831768534568691956632065608398742,5623472092308509476,200979,25532237,429
-44234422342,23661289906715026292,1832100899696627724511140867629038,5641065890625516039,200982,25532238,146
-27922586892,14940398263238583483,1832310631062014363342005870247721,5641065890625516039,200985,25532238,335
467559476,-249952718068525489,1832307120503025693326208985342218,5641065890625516039,200985,25532238,409
432536,-231228676368267,1832307117255443852506427183079054,5641065890625516039,200985,25532238,446
90464,-48360665191814,1832307116576223521561116204806388,5641065890625516039,200985,25532238,455
-1868337088,999800000000000000,1832321151638436656151441116559228,5641065890625516039,200985,25532240,216
467872659,-250123014507125332,1832317638687652858301621829339318,5641065890625516039,200985,25532242,362
57489,-30732809812045,1832317638256013856467753554319992,5641065890625516039,200985,25532242,1205
22685156392,-12126251295486472342,1832147326363375942630333343137313,5641065890625516039,200983,25532243,138
-14148534,7569902720475392,1832147432628684633617437817500516,5641065890625516039,200983,25532244,133
-9980731,5340000000000000,1832147507590909296688764417849345,5641065890625516039,200983,25532244,171
1998684,-1068288350317271,1832147492586914542490481389403916,5641065890625516039,200983,25532246,318
802317,-428834812018762,1832147486563975821838682768854371,5641065890625516039,200983,25532247,63
43693962,-23354245539789226,1832147158556114027606089648796802,5641065890625516039,200983,25532249,122
-47553597172,25447597405639049216,1832504388614888728999534610605827,5641065890625516039,200987,25532257,12
-467785637,250377787448949185,1832507903385666517548039303481744,5641065890625516039,200987,25532257,746
-17000081604,9099782790038970664,1832635644951563905438294033957502,5641065890625516039,200988,25532258,152
-9744441,5216356211609246,1832635718178093167097449840333798,5641065890625516039,200988,25532260,251
6484574006,-3467734454498846977,1832587014221386346335021496266070,5641065890625516039,200988,25532261,14
27646613691,-14782421445867106572,1832379396705233270974193772794011,5641065890625516039,200985,25532262,17
1416508063,-757305237720287952,1832368760434781845099566926829569,5641065890625516039,200985,25532263,14
-25073722,13418458986482618,1832368948801361840777156138429935,5641065890625516039,200985,25532265,473
-74406072803,39831328620000001906,1832928420923814390125866505474337,5630652811162784508,200991,25532266,137
467793014,-250246227079973915,1832924899742627660323649456661776,5630652811162784508,200991,25532267,524
18479417,-9885558236510664,1832924760644260068955519153213872,5630652811162784508,200991,25532273,936
3716088346,-1987889820160195191,1832896789312513265866631786511676,5630652811162784508,200991,25532274,64
-104928394797,56210099631353364480,1833687315776435995242949000389051,5631527118031293165,201000,25532276,12
-24125172919,12930701692151439360,1833869142743750620636467883971671,5631527118031293165,201002,25532277,5
467897898,-250559328206591093,1833865617704314859832609261366847,5631527118031293165,201002,25532277,1627
-11909468417,6384202983573509120,1833955390115345634641417233764463,5631527118031293165,201003,25532278,18
-6287814258,3370904880978511673,1834002790591066640296695389954422,5631527118031293165,201003,25532278,111
-10892233,5839490687952647,1834002872703925457300642514218610,5631527118031293165,201003,25532278,400
397650900,-212973179104760650,1833999876452057777358752574404709,5631527118031293165,201003,25532278,432
-17071321655,9152806050808117248,1834128579983100298472023937198262,5631527118031293165,201005,25532279,8
-5001500000,2681802509836556844,1834166290544283246926607966220757,5631527118031293165,201005,25532279,156
-22385899,12003558929769913,1834166459334095984406332990414785,5631527118031293165,201005,25532279,187
43370000,-23232207103466564,1834166132487569033478626711500188,5631527118031293165,201005,25532279,197
-21643346826,11606424085331607552,1834329337930169584611025731065252,5631527118031293165,201007,25532280,8
30613376,-16401721065072591,1834329107179576571132953508449667,5631527118031293165,201007,25532283,544
10861290495,-5818890609575301056,1834247243059737381744404585293672,5631527118031293165,201006,25532284,59
5243575,-2809097661252058,1834247203539436518499721600597730,5631527118031293165,201006,25532286,300
-7971648135,4275000000000000000,1834307317081901257929959342123565,5631527118031293165,201006,25532286,427
10000000,-5357569457071172,1834307241707961875270463105680637,5631527118031293165,201006,25532288,370
27764156722,-14873142371742705109,1834097996202039821745813833164127,5631527118031293165,201004,25532289,124
10098065501,-5408649878363145694,1834021903628468851298539454179326,5631527118031293165,201003,25532289,871
9998600,-5355152137638175,1834021828288537966311581783076379,5631527118031293165,201003,25532290,214
-158089173411,84810866009571246080,1835214604961487247435341079724522,5629769917929676537,201016,25532293,16
-15645002352,8399150000000000003,1835332747710883245163017237538456,5629769917929676537,201018,25532293,541
-16616441,8921250000000000,1835332873197510231113348852026123,5629769917929676537,201018,25532294,756
-22448622,12052508966595795,1835333042728539732139350799126190,5629769917929676537,201018,25532294,821
-908716993,487885684137954023,1835339905346318317496877050242258,5629769917929676537,201018,25532294,851
-221475737,118909786776136526,1835341577935704127325496886161575,5629769917929676537,201018,25532294,1144
14604931207,-7833049437746569938,1835231342859869221020407564638684,5629769917929676537,201017,25532297,15
23355753968,-12524414896609801023,1835055085855890347314024689576922,5629769917929676537,201015,25532298,12
44666370,-23949828829647105,1835054748808203076660549843031020,5629769917929676537,201015,25532298,104
31833927957,-17066916548359901893,1834814564847291206186682710696992,5629769917929676537,201012,25532299,11
1863673235,-999020566747042998,1834800505558018078225144364969187,5629769917929676537,201012,25532300,12
91187063469,-48862062372220631113,1834113013783482713254449025321861,5631527118031293165,201004,25532304,2
4573386824,-2449658762221263679,1834078550314080899139228713269934,5631527118031293165,201004,25532304,462
6050824,-3240962174239297,1834078504718015664709560864711778,5631527118031293165,201004,25532304,573
-12387322574,6641916905752172684,1834171901011339922944100513868241,5631527118031293165,201005,25532305,356
24797431391,-13282081869664220982,1833985039629188682216267367579648,5631527118031293165,201003,25532305,409
6902915600,-3696880865323190787,1833933029389007846001679186883558,5631527118031293165,201002,25532305,630
10794224521,-5780464841414349618,1833851705869070030361201953061016,5631527118031293165,201001,25532308,98
146759,-78587769853590,1833851704763443710697744934021561,5631527118031293165,201001,25532309,360
345370,-184942307225036,1833851702161549257295816607481942,5631527118031293165,201001,25532310,381
46182362,-24730227267020307,1833851354239853443615362921800907,5631527118031293165,201001,25532312,89
49076820356,-26274880840688118715,1833481672244097902080137305094665,5630652811162784508,200997,25532313,2
-38158630533,20449000000000000000,1833769247931441659289448404407465,5631527118031293165,201001,25532314,13
8201512010,-4391291784568179246,1833707468245068250213691198738675,5631527118031293165,201000,25532315,29
170464366,-91267686065186517,1833706184229043410168669850489782,5631527118031293165,201000,25532315,71
51462971587,-27547752910744119202,1833318569279197068388456355184075,5630652811162784508,200996,25532316,5
404791,-216635538988729,1833318566230947377813089083259293,5630652811162784508,200996,25532316,665
-8934636827,4786595828901650432,1833385884104795815723612557865065,5630652811162784508,200996,25532323,15
-764311992,409484850000000000,1833391643030441616872030126575715,5630652811162784508,200996,25532323,157
-45930362445,24612197271491796992,1833737774106939717021314973802060,5631527118031293165,201000,25532324,9
-467267650,250437319106522072,1833741295668206820042129699675097,5631527118031293165,201000,25532325,445
-114801829898,61558486684193251328,1834606915966172907725712157250803,5629769917929676537,201010,25532326,2
-10836278286,5813579205468784640,1834688689982729997693845310004038,5629769917929676537,201011,25532327,11
-6989336988,3750000000000000000,1834741437619125941507050222853009,5629769917929676537,201011,25532327,39
-100977069,54178966720000000,1834742199702442436040543187884951,5629769917929676537,201011,25532327,167
-39937747,21428500000000000,1834742501116502838835743524278280,5629769917929676537,201011,25532327,497
-1863767,1000000000000000,1834742515182539211087427045588373,5629769917929676537,201011,25532328,35
-1081312012,580177981769322675,1834750675987133157954315514798776,5629769917929676537,201011,25532328,565
-334132792,179280000000000000,1834753197746133975236137215272259,5629769917929676537,201011,25532329,101
-31134016074,16707216828682019613,1834988202065725311947996101433147,5629769917929676537,201014,25532331,788
468045263,-250944222639444828,1834984670502432322041556698078973,5629758835912357288,201014,25532339,376
-2320679123,1245495483065901798,1835002189721684610329463940874727,5629758835912357288,201014,25532341,70
87094750,-46696961528309569,1835001532550646787767855380921393,5629758835912357288,201014,25532341,835
-28762845266,15438821114431318000,1835218695997466183904664476295731,5629758835912357288,201016,25532345,15
58450532638,-31338872876519406281,1834777660886435114556919265554157,5629758835912357288,201012,25532345,85
4924899861,-2639849263137210313,1834740510022156733616681382922272,5629758835912357288,201011,25532348,151
12908451092,-6918692303233370068,1834643142569275791625737397669061,5629758835912357288,201010,25532349,51
-1562465383,838251681659247381,1834654933471129115069872028140814,5629758835912357288,201010,25532349,379
1891716,-1013884113574880,1834654919202635976691329356424724,5629758835912357288,201010,25532349,384
-56800696095,30480490388124422144,1835083659733041065855012943947107,5629758835912357288,201015,25532350,5
4504000000,-2415076120622284125,1835071299353001785043340321792840,15480271865501201832,201015,25532351,40
321554,-172418209663706,1835071296926542973252893588438053,5629758835912357288,201015,25532351,470
7996214368,-4287455880253922011,1835010959128574324323588590332934,5629758835912357288,201014,25532353,305
1999056883,-1071821680649115466,1834995875274225345236723972076878,5629758835912357288,201014,25532354,187
8745074087,-4688583902208266708,1834929892361245784147643649148116,5629758835912357288,201013,25532355,168
138023917,-73997438073277977,1834928850987854812103574261811840,5629758835912357288,201013,25532355,326
50000000,-26805999458341448,1834928473744327452627047927228358,5629758835912357288,201013,25532355,511
17827700011,-9557083798440102662,1834793975942482883006110628524934,5629758835912357288,201012,25532358,67
22588051081,-12107003608459457154,1834623592862601565072516655413043,5629758835912357288,201010,25532359,5
100000000,-53594151638678402,1834622838626713385111741641034130,5629758835912357288,201010,25532363,184
42338504631,-22687005136992783339,1834303650210055850063949232463345,5631516036013973916,201006,25532368,35
28259747,-15140294002776914,1834303437205659503748619123697121,5631516036013973916,201006,25532370,138
30610341013,-16397571592097570536,1834072744536291285536337136059036,5631516036013973916,201004,25532371,9
830144004,-444640173251821032,1834066489022912387202029122137303,5631516036013973916,201004,25532373,274
37780201933,-20232551286357108874,1833781843138723749622304053290546,5631516036013973916,201001,25532374,14
36080631132,-19316512730027626641,1833510060081520227651566856059629,5630641729145465259,200998,25532375,9
18080174728,-9677442361538370104,1833373889816562036063049759428749,5630641729145465259,200996,25532376,27
51608502444,-27615627451963714114,1832985313251945552660403614971211,5630641729145465259,200992,25532381,13
6073315,-3249132131026371,1832985267533785829480661194676882,5630645897952853766,200992,25532387,8
2417966160,-1293562703964709562,1832967065963665895550116101897156,5630645897952853766,200992,25532390,72
1861993083,-996110910146798251,1832953049803086514164509133826424,5630645897952853766,200992,25532390,350
-112300778682,60165000000000000000,1833799180985476606704256319643250,5631520204821362423,201001,25532391,14
44597649072,-23875890730962128579,1833463246344927449388875595644928,5630645897952853766,200997,25532391,46
-2601768,1394026623245378,1833463265950306081332886911094856,5630645897952853766,200997,25532391,550
36939580568,-19769428780352068159,1833185092620885140521598377792571,5630645897952853766,200994,25532392,2
23122098151,-12371497250526902783,1833011014724232842995974963437288,5630645897952853766,200992,25532394,7
-8016015,4292860000000000,1833011075098363659802264702298066,5630645897952853766,200992,25532396,130
-14944805416,8003964364790545470,1833123641637131036388262686625415,5630645897952853766,200994,25532399,72
-9125504106,4887814343869309730,1833192383115447363477380292465561,5630645897952853766,200994,25532399,92
-10411971153,5577321254495965981,1833270821714196517564673713669656,5630645897952853766,200995,25532399,129
-15232310287,8160264783283739648,1833385586438302533117313342095061,5630645897952853766,200996,25532400,24
-6472944389,3468000000000000000,1833434359863402043516630899429604,5630645897952853766,200997,25532400,387
23168379,-12400807204657181,1833434185373088440978342827950167,5630645897952853766,200997,25532401,326
-9785692335,5243215496466399633,1833507925159218053485630190891159,5630645897952853766,200998,25532401,2978
1983990284,-1062001707976869364,1833492981856898046321232587958724,5630645897952853766,200998,25532404,42
-8701627907,4662647444999989248,1833558556622158752927258748223368,5630645897952853766,200998,25532405,8
-2088137618,1118949398411115449,1833574293356493685672344310414053,5630645897952853766,200998,25532405,102
-7278307218,3900303768336401454,1833629146636110263998907219032143,5630645897952853766,200999,25532406,106
-436324103,233825044100113004,1833632435116004960243883189355778,5630645897952853766,200999,25532406,131
-14760807407,7910775526208000000,1833743679442573351056648884253591,5631520204821362423,201000,25532410,445
5385805790,-2883646176647026205,1833703110292573422258640432728600,5631520204821362423,201000,25532411,70
-844340241,452517180563530405,1833709473437402263317730522905789,5631520204821362423,201000,25532411,498
-3790560145,2031558110000000000,1833738040526205473380153592983413,5631520204821362423,201000,25532412,496
12780353956,-6842555074443851111,1833641770473784968845971385154006,5630645897952853766,200999,25532415,26
2914451,-1560304121360545,1833641748518927437532463986454242,5630645897952853766,200999,25532415,220
-44344625254,23768794522763624448,1833975981544269036998031654464655,5631520204821362423,201003,25532418,2
-2977161099,1596073811849457650,1833998424998923445798320538026929,5631520204821362423,201003,25532420,116
-2627591269,1408699796087311293,1834018233663009303587792802021376,5631520204821362423,201003,25532420,274
2308731,-1236528526661990,1834018216266661692151373393446748,5631520204821362423,201003,25532421,75
-7096089379,3804495450000000000,1834071713805736052484528119739737,5631520204821362423,201004,25532422,45
907788,-486228758501289,1834071706965130017782187531477030,5631520204821362423,201004,25532422,84
-8546580000,4582455717391084655,1834136143920573782464130743456778,5631520204821362423,201005,25532425,32
18715317541,-10024219681263883967,1833995118157608959040909608706357,5631598718483532847,201003,25532431,11
151393648,-81082543711647283,1833993977447613203842260589089643,5631598718483532847,201003,25532431,62
-78576370,42125585162537561,1833994569795205365140821372319472,5631598718483532847,201003,25532431,363
218490749,-117017922698653245,1833992923528228596769303179726361,5631598718483532847,201003,25532435,373
26873547994,-14391166708675565428,1833790461358645632316234637096777,5631598718483532847,201001,25532438,7
8358580363,-4475490711953177938,1833727497904894227778317489650508,5631598718483532847,201000,25532439,162
6326307641,-3387132979947880934,1833679846014976723555575898290600,5631598718483532847,201000,25532439,430
-10581480000,5671139879816144412,1833759590570207411123525378623020,5631598718483532847,201000,25532440,91
1664914776,-891450975763164595,1833747049189631154064602394697769,5631598718483532847,201000,25532442,46
9827697600,-5261829111348079818,1833673023131881707233668338221261,5631598718483532847,201000,25532443,258
-24975001,13384661321188494,1833673211339876324034854506688115,5631598718483532847,201000,25532453,60
-27113222,14530584792003225,1833673415661237820351102441900667,5631598718483532847,201000,25532454,61
-27113216,14530584814677065,1833673619982599635494835600828555,5631598718483532847,201000,25532455,94
-12209400000,6543622281759638049,1833765632921711526410848795474293,5631598718483532847,201001,25532456,7
12125429244,-6492123602266618107,1833674298462433579750274753363968,5631598718483532847,201000,25532456,95
27782657718,-14872783229644309568,1833465029025492648633974687100015,5630724411615024190,200997,25532457,9
20000000000,-10704421694836208100,1833314410455009912584691642186893,5630724411615024190,200996,25532461,995
-12143911937,6505972481406290530,1833405908187679070700393458234846,5630724411615024190,200997,25532462,77
-10988460000,5887511003617278115,1833488708093371149463932623429109,5630724411615024190,200998,25532464,44
467953445,-250485114949934885,1833485183595643340143641810215880,5630724411615024190,200997,25532465,502
5672237665,-3036146620880006541,1833442462925919207657354423560619,5630724411615024190,200997,25532466,390
985640597,-527563846691803094,1833435039739997316660929316349712,5630724411615024190,200997,25532467,91
284829923,-152454339058308441,1833432894602663654832919841613155,5630724411615024190,200997,25532467,503
13985338,-7485599727536155,1833432789275130574615829720720452,5630724411615024190,200997,25532469,297
284747682,-152409945649155330,1833430644762442691524506118587611,5630724411615024190,200997,25532470,66
-9228543167,4944662183535362048,1833500184770473992133991431740306,5630724411615024190,200998,25532471,91
-15465240000,8287129925460473765,1833616429138520253418820492821938,5645398572873541086,200999,25532472,13
985468258,-527571711114094677,1833609025137416253367903141454722,5645398572873541086,200999,25532477,125
-13687736040,7335462496280623104,1833711913706368788022962508268578,5646272879742049743,201000,25532481,19
986608209,-528236993793513450,1833704501516543447717741237347977,5646272879742049743,201000,25532484,323
-1121708203,601171840000000000,1833712932905954186742717979253657,5646272879742049743,201000,25532485,68
44007352411,-23557720395344810806,1833382330090218040791405249400715,5645433956342237905,200996,25532488,12
468452947,-250723391987126584,1833378811431811955374837174432066,5645433956342237905,200996,25532489,200
-31257673,16746311305335186,1833379046332458058400394364150951,5645433956342237905,200996,25532489,225
-5132878631,2750000000000000000,1833417620605025027783020126670239,5645433956342237905,200997,25532489,233
18569149025,-9938146522610053723,1833278148406098786785926074859520,5645433956342237905,200995,25532490,21
5131950,-2746393484067929,1833278109863143370683323757170067,5645433956342237905,200995,25532490,59
1939289120,-1037813813890291042,1833263545157906836007925363253951,5645433956342237905,200995,25532492,261
20646251503,-11047853786308193176,1833108499299256391891330149646336,5645433956342237905,200993,25532494,2
2548911822,-1363798630870338433,1833089359714877419823762468237010,5645433956342237905,200993,25532494,46
17218531317,-9212051947465704718,1832960077545529974024555938047630,5645433956342237905,200992,25532496,694
3881183,-2076317243737641,1832960048406441413222565280183661,5645433956342237905,200992,25532501,56
438707044,-234694793838128991,1832956754693785972529841534980324,5645433956342237905,200992,25532502,96
18989254,-10158648074164978,1832956612127062710986902368042326,5645433956342237905,200992,25532502,450
5878689833,-3144836637569450440,1832912477410382117785918395444030,5645433956342237905,200991,25532505,37
818424919,-437808787472153225,1832906333190817730061546758089444,5645433956342237905,200991,25532506,45
10686591061,-5716422978724937792,1832826108766573090370544676911416,5645433956342237905,200990,25532507,34
172065168,-92036228210374582,1832824817127825344575524597517320,5645433956342237905,200990,25532507,69
16480326838,-8814588872175006271,1832701207197814503594723277132957,5655847035804969436,200989,25532508,11
8598503041,-4598482594368161970,1832636790794047006125028408542010,5655847035804969436,200988,25532508,69
-19295659,10329290865829284,1832636935416336970677550314265886,5655847035804969436,200988,25532508,98
8941065159,-4781342876118511806,1832569957471560990307858740220946,5655847035804969436,200988,25532510,34
47817497288,-25565054338527763504,1832211837411560003997468200551108,5655847035804969436,200984,25532511,9
1937326855,-1035558076960536564,1832197331120443042888555074347444,5655847035804969436,200983,25532512,153
624920449,-334034827303483220,1832192651898141681981967678893106,5655847035804969436,200983,25532513,47
3204959854,-1713100376784933832,1832168654467837089769912813638756,5655847035804969436,200983,25532515,346
78447286915,-41917287091265686029,1831580674423301304025166383023871,5638253237487962873,200977,25532518,9
-74029531,39583598510066504,1831581230369899609650694300194206,5638253237487962873,200977,25532519,19
970000000,-518138671792676950,1831573949537846737012947129889967,5638253237487962873,200977,25532521,236
588949356,-314593285915212358,1831569528904907324794415497078975,5638253237487962873,200977,25532523,37
-3964336273,2119739042579870226,1831599300369715361582975086073546,5638253237487962873,200977,25532526,70
-10068109598,5383749385000000000,1831674914443962794750368492827695,5638253237487962873,200978,25532526,98
-1177956,629918196769647,1831674923291083619701118031622323,5638253237487962873,200978,25532526,150
-755150132,403821540199852006,1831680594913170721072940055619465,5638253237487962873,200978,25532530,145
-2658832,1421832674908250,1831680614882629505220793693326569,5638253237487962873,200978,25532530,495
201338650,-107559784105865532,1831679103463454772401988007529948,5638253237487962873,200978,25532530,618
-182029326,97341604615808309,1831680470613890729036424070399776,5638253237487962873,200978,25532530,635
-15070055744,8059334104638748672,1831793662934668310077168270700588,5638253237487962873,200979,25532537,21
-124984531,66844800000000000,1831794601761368590224140189750233,5638253237487962873,200979,25532537,151
-1152970129,616640000000000000,1831803262391611492436859266817911,5638253237487962873,200979,25532538,167
-111940567,59869191662742342,1831804103246781336195504172827162,5638253237487962873,200979,25532538,321
21260586,-11359438493903199,1831803943625103990832348334713572,5638253237487962873,200979,25532540,46
-88881908,47536756240302790,1831804611272789421937731009110427,5638253237487962873,200979,25532542,235
7000068298,-3740001222481591605,1831752057155019724752572338302064,5638253237487962873,200979,25532542,521
-25070618093,13409144100954951680,1831940062759717228568766591851200,5655847035804969436,200981,25532543,5
-42547996,22759344152953286,1831940381417455910341809039583139,5655847035804969436,200981,25532543,86
-224112267,119880000000000000,1831942059879254125822249320201627,5655847035804969436,200981,25532543,111
25485504,-13618844957836186,1831941869103928211717769230219611,5655847035804969436,200981,25532545,87
396814,-212047591609620,1831941866133525910797996949112709,5655847035804969436,200981,25532545,196
999064,-533875647820502,1831941858654896039770938147235607,5655847035804969436,200981,25532545,490
-2617230558,1400000000000000000,1831961460310864522191828978616018,5655847035804969436,200981,25532547,295
468213950,-250207206866206589,1831957955361539983998341933950816,5655847035804969436,200981,25532547,693
-11216624,6000000000000000,1831958039368636991780145751799589,5655847035804969436,200981,25532548,81
11492448072,-6141109351227010596,1831872013035591401319433291797584,5655812499168492157,200980,25532554,94
57517,-30732809812045,1831872012605077827775993811689462,5655812499168492157,200980,25532557,836
1170876711,-625637793827234527,1831863248500395839579853259862886,5655812499168492157,200980,25532559,192
1094735197,-584947473724653100,1831855056921573352510036547492300,5657555706275246255,200980,25532560,842
-9285131689,4966435474780809216,1831924571891739331024345416456444,5657555706275246255,200980,25532567,32
-2089757825,1117822583004999946,1831940218003302248107471197530932,5657555706275246255,200981,25532567,319
17091184,-9133102554654587,1831940090103733772446658633621167,5657555706275246255,200981,25532570,296
-9115081198,4875928052076217344,1832008338245644142347130967709225,5657555706275246255,200981,25532571,13
-43363141302,23201210216537030656,1832333084523776014982249603308430,5657555706275246255,200985,25532572,20
2028802727,-1084597745486395399,1832317895864414395570021970492190,5657555706275246255,200985,25532574,245
102187896,-54629163854501557,1832317130839994559613663849417466,5657555706275246255,200985,25532576,211
33723777,-18028560953972669,1832316878830767596045622735131899,5667926426226293660,200985,25532581,50
-2324933914,1244153401362630326,1832334261325611921633552634895216,5667926426226293660,200985,25532581,284
-12235529540,6548048558009522176,1832425746362887336251714783754313,5667926426226293660,200986,25532582,25
43936323,-23490919872788407,1832425417998988913175221232937702,5667926426226293660,200986,25532583,192
-23783491139,12730000000000000000,1832603273204887087658611091973491,5667926426226293660,200988,25532585,245
-7461048908,3994000000000000000,1832659074751812249393619662043321,5667926426226293660,200988,25532587,68
-1998419026,1069821928140061086,1832674021601718277091240092082876,5667926426226293660,200989,25532588,1073
-7873839441,4215304888342883212,1832732915075311348960392434974381,5667926426226293660,200989,25532590,106
13053806003,-6981295470775286483,1832635328203054267431463620055953,5667926426226293660,200988,25532592,10
1771809191,-947522542306117723,1832622083417514992192077298415089,5667926426226293660,200988,25532592,180
3710133,-1984078379480789,1832622055683406877594940251134926,5667926426226293660,200988,25532593,186
32213613314,-17224706407595029972,1832381283002906500195566934186290,5667926426226293660,200985,25532594,6
-534894167,286258596736636939,1832385282420162016068382476447007,5667926426226293660,200985,25532597,14
6359618778,-3399985300359885855,1832337756293733029846025177775838,5667926426226293660,200985,25532597,915
5830085996,-3116731043874854512,1832294189589600319772302589442627,5667926426226293660,200985,25532600,19
10489073,-5607265368773171,1832294111209378261464617508555189,5667926426226293660,200984,25532600,164
3499999999,-1871008876198131593,1832267957624422898414205608543718,5667926426226293660,200984,25532601,60
7256794908,-3879123452267008909,1832213733945395058784484695652459,5667926426226293660,200984,25532603,29
25000000000,-13362005100361071694,1832026955389712097428840216646438,5667926426226293660,200982,25532604,57
57507,-30732809812045,1832026954960118650512868442835156,5667926426226293660,200982,25532605,437
-34682578097,18556436509640249344,1832286213313312560080729614849728,5667926426226293660,200984,25532608,9
-1495006644,800000823064463900,1832297390399809405271704327275467,5667926426226293660,200985,25532611,365
-1024901470,548446024163310798,1832305052927739617433508739134128,5667926426226293660,200985,25532611,392
-5110999307,2735070162928837969,1832343265533157815556683063339577,5667926426226293660,200985,25532614,19
986378057,-527325725107307898,1832335894398618482700630264891684,5667926426226293660,200985,25532615,141
55891663,-29880010172069289,1832335476725888842709269386655340,5667926426226293660,200985,25532616,257
203819,-108962757341124,1832335475202771145436550466137698,5667926426226293660,200985,25532616,261
-639989783,342485500000000000,1832340260185419978055327451021185,5667926426226293660,200985,25532620,20
-81917290,43837523132607894,1832340872654524676874169185374578,5667926426226293660,200985,25532626,252
-70714049,37842202497042833,1832341401360943903265805578243178,5667926426226293660,200985,25532626,325
74274,-39707101359611,1832341400805904821436328711750015,5667926426226293660,200985,25532630,310
221696434,-118520843020200005,1832339744082103912113797778196464,5667926426226293660,200985,25532632,227
2807948315,-1501135067315045521,1832318760716385052099788124868528,5667926426226293660,200985,25532637,51
-26138966,13987772035177292,1832318956144356408987795861168792,5667926426226293660,200985,25532639,157
57489,-30732809812045,1832318955714762962071824087357510,5667926426226293660,200985,25532639,733
-5727642787,3065111360000000000,1832361779439196083329663866480793,5667926426226293660,200985,25532641,96
-1588308941,849998732870170646,1832373655063677451091744506271367,5667926426226293660,200985,25532641,288
-64075860057,34300000000000000000,1832852837316570690097104221456528,5669890350486257601,200991,25532647,50
11796727432,-6309856400841677192,1832764666594128997415115562824847,5669890350486257601,200990,25532647,92
-186779078,100000000000000000,1832766063244567329364277665373407,5669890350486257601,200990,25532647,149
5000000000,-2674230564411108571,1832728686730048233801992516367413,5667926426226293660,200989,25532647,152
26183088975,-14002142231780219175,1832532960124432087530759089883032,5667926426226293660,200987,25532648,9
52697141,-28178260339702010,1832532566239328139636536006691026,5667926426226293660,200987,25532649,52
8135376340,-4350010155741791584,1832471760349194651337506057509495,5667926426226293660,200986,25532649,69
4854210693,-2595423522391692006,1832435480655147475380827219874457,5667926426226293660,200986,25532649,266
-12665850308,6779102747822416896,1832530193829932929926695836655754,5667926426226293660,200987,25532652,17
-17994867052,9632540588174622720,1832664773365646387920887899812647,5667926426226293660,200989,25532656,12
-29121813817,15591723758696007680,1832882565559488267565770904215139,5669890350486257601,200991,25532657,5
-190817719,102175401519359965,1832883992592681455135765847255819,5669890350486257601,200991,25532662,274
5045056566,-2698675661286316622,1832846282672268735807309939022771,5669890350486257601,200991,25532663,19
697498077,-373093339224942900,1832841069255802830383566549809063,5669890350486257601,200990,25532666,6
19028354198,-10177492059294334730,1832698835643593032865294315182320,5667926426226293660,200989,25532668,15
150000000,-80222618265324167,1832697714265127738169009564238495,5667926426226293660,200989,25532669,503
-288535390,154468280154213114,1832699872394567766800011367810989,5667926426226293660,200989,25532671,65
468031097,-250311158175825230,1832696373461866854527888887775540,5667926426226293660,200989,25532675,399
12261005503,-6557058205140243846,1832604716719343076339576011624549,5667926426226293660,200988,25532678,9
2907868576,-1555001649104902118,1832582980388611052571560267813431,5667926426226293660,200988,25532678,354
414320,-221557239306196,1832582977291610202182923246882799,5667926426226293660,200988,25532678,359
29145986513,-15583968419369375019,1832365139392932851807097692642786,5667926426226293660,200985,25532683,29
-12137733840,6495927894476817408,1832455896234501733928743743497439,5667926426226293660,200986,25532684,27
-12947091088,6929792722779375616,1832552714750726525524871212965146,5667926426226293660,200987,25532685,100
-17991876884,9631176581534170000,1832687275229434336685154858817634,5667926426226293660,200989,25532686,2
-14701072604,7870636247419223390,1832797223026559448059690582415501,5669890350486257601,200990,25532686,16
-7961595,4262721986995008,1832797282561884764297835840289979,5669890350486257601,200990,25532686,358
-13171104398,7052326808192645899,1832895778915163988446415836061343,5669890350486257601,200991,25532691,20
-2261637305,1211045730600000000,1832912692990668813702599241448881,5669890350486257601,200991,25532691,178
5672726641,-3034512965486798324,1832870290250665100648081194703734,5669890350486257601,200991,25532691,545
-1346246168,720855743453339826,1832880358085565782749685797906489,5669890350486257601,200991,25532692,182
22493276198,-12031083588370905879,1832712227967371776282779082401620,5667926426226293660,200989,25532694,2
8804837299,-4708883252520553085,1832646405629617863307559853811090,5667926426226293660,200988,25532695,41
15351838618,-8209452439245363126,1832531651170385634875385357532452,5667926426226293660,200987,25532696,11
45662161919,-24411934245359300948,1832190413026444766153655097124584,5667926426226293660,200983,25532698,11
38801096015,-20736722847023133813,1831900548210956843210681644796415,5667926426226293660,200980,25532699,10
48432192630,-25874717227364489526,1831537936980841032905676856591909,5650332627909287097,200976,25532700,2
-1882192712,1006369123102401904,1831552041090332329383103088253321,5650332627909287097,200976,25532702,29
162157,-86615454505759,1831552039875822714155664964918952,5650332627909287097,200976,25532706,416
21495737958,-11480910777824517341,1831391056173655463066427164771345,5650332627909287097,200975,25532707,12
189534132,-101221530757261196,1831389636859711153512707143898984,5650332627909287097,200975,25532707,116
467748737,-249802584712118194,1831386134163306998963497716265928,5650332627909287097,200975,25532709,552
45765448025,-24436552181594893337,1831043488295350712806632384939473,5650332627909287097,200971,25532711,76
2025304,-1081212583403340,1831043473134741256431328984711235,5650332627909287097,200971,25532711,260
190281,-101581449165181,1831043471710380587266372449599621,5650332627909287097,200971,25532711,273
3250000000,-1734996216942237321,1831019143839564883448802465356280,5650332627909287097,200971,25532711,423
23553865310,-12572735228654479573,1830842832055778487781777781715763,5648974975331809107,200969,25532713,8
7013099056,-3743029752389596496,1830790335209746587875378704107173,5648974975331809107,200968,25532715,27
48608139,-25942376184849561,1830789971362003350401773294849696,5648974975331809107,200968,25532718,9
-1130871516,604157760000000000,1830798440575665626712542577909156,5648974975331809107,200968,25532722,12
20502012564,-10941195822621176095,1830644987808655607589400686037310,5648974975331809107,200966,25532724,187
22668497774,-12095237129776824797,1830475349349085296813911688063596,5648974975331809107,200965,25532726,18
-3207011,1712720000000000,1830475373358363309983655598605242,5648974975331809107,200965,25532727,355
7378029591,-3936214040512178037,1830420167058626726364307735833495,5648974975331809107,200964,25532728,26
28022221632,-14947826010741026731,1830210520389348575601445584039785,5648974975331809107,200962,25532730,5
6443047,-3436505012046498,1830210472191581942813084672977836,5648974975331809107,200962,25532731,46
-120313915463,64267246187089720826,1831111338443573523411391475613696,5650332627909287097,200972,25532738,187
-10121672899,5409508613071094784,1831187151880235473374182266159414,5650332627909287097,200972,25532744,54
19724543,-10531639744139934,1831187004207077070459728011399879,5650332627909287097,200972,25532744,474
-12550463722,6708192213210173440,1831281018495961559106912476028292,5650332627909287097,200973,25532745,38
-6292731255,3363708760000000303,1831328160360272359998282886076133,5650332627909287097,200974,25532745,161
1347840861,-719767450280339067,1831318067883195592067872583434476,5650332627909287097,200974,25532745,169
-5836582518,3120000000000000000,1831361794206472669946595866166534,5650332627909287097,200974,25532745,372
-6749960304,3608440469204835386,1831412365948293997259398160332731,5650332627909287097,200975,25532748,198
-4442797939,2375170409335909139,1831445653598664757309756120952678,5650332627909287097,200975,25532748,267
7853383965,-4194252652983609004,1831386842382989579070329903004329,5650332627909287097,200975,25532755,63
27985755465,-14944147695497372268,1831177297664080856603891209324872,5650332627909287097,200972,25532756,32
5000000,-2669650551404592,1831177260230619559434022051873495,5650332627909287097,200972,25532756,288
6223575060,-3322869500104881721,1831130667425893757999851432353074,5650332627909287097,200972,25532757,506
15993463094,-8538398488851370750,1831010943213597857396530431093121,5650332627909287097,200970,25532758,22
2000000000,-1067657500983231779,1830995972671584161482564804498121,5650332627909287097,200970,25532758,116
22047387708,-11768372432620042080,1830830936690612766045744739413416,5648974975331809107,200969,25532759,25
33477845028,-17865623122981879121,1830580367251309653207781321335597,5648974975331809107,200966,25532759,849
97902000,-52238731395375799,1830579634591186603409138205819384,5648974975331809107,200966,25532763,149
146853000,-78358018422290852,1830578535602105404244523935000649,5648974975331809107,200966,25532763,177
22724021405,-12123979932784917605,1830408494018166905432844949688427,5648974975331809107,200964,25532765,71
195804000,-104457803225514692,1830407030660425161334759358456945,5655486402094952237,200964,25532765,200
7500000000,-4000985208854474641,1830350980537799657747712902926811,5655486402094952237,200963,25532768,35
30640839956,-16343261197164307428,1830122026481140206445693210118110,5655486402094952237,200961,25532771,17
47952977851,-25569032703021158370,1829763827851650602076799008512007,5655486402094929139,200957,25532773,5
-83127128,44359948661930274,1829764448983007544205142029769033,5655486402094929139,200957,25532773,92
-2472378,1319360000000000,1829764467456786072232568566131538,5655486402094929139,200957,25532775,22
13487802,-7190435007742618,1829764366725405455587006902856777,5655486402094929139,200957,25532777,207
-36776273458,19628237899879445353,1830039202797332607284467709965541,5655486402094952237,200960,25532778,39
-5556711654,2966241714280184186,1830080736338208644383900224039518,5655486402094952237,200960,25532778,434
492007500,-262382569475931181,1830077060599752682606231843052005,5655486402094952237,200960,25532779,85
-602623845,321694895580965093,1830081564996016446577943142324696,5655486402094952237,200960,25532779,204
-17988174010,9603242932719826429,1830216030330034387046984749464885,5655486402094952237,200962,25532784,9
-15988815267,8537041500000000000,1830335566630934504080514648236406,5655486402094952237,200963,25532784,74
311426,-166126737205201,1830335564303651721050097929791199,5655486402094952237,200963,25532784,532
-9799915557,5233101884037441536,1830408838592109996550652954233910,5655486402094952237,200964,25532786,19
-4681507,2500000000000000,1830408873597299118601024130799811,5655486402094952237,200964,25532787,212
-18614460106,9941175231562424320,1830548070684929632823237672710410,5655486402094952237,200965,25532790,108
-11713376355,6256381033219889152,1830635673005444621273492262492808,5655486402094952237,200966,25532791,23
-1872124824,1000000000000000000,1830649675081093441421962888853418,5655486402094952237,200967,25532792,473
-8513848902,4547885949000000000,1830713354924193545633620544318065,5655486402094952237,200967,25532796,11
36950115895,-19715809270811009080,1830437154571129408206631352733389,5655486402094952237,200964,25532797,14
985416164,-525716018184550856,1830429789773274063944601424775353,5655486402094952237,200964,25532798,700
1035016823,-552173238740494495,1830422054334094375668264461688102,5655486402094952237,200964,25532800,25
-37414065,19980000000000000,1830422334095565839094830904802786,5655486402094952237,200964,25532801,160
195804000,-104459382882704884,1830420870715694550748352546776968,5655486402094952237,200964,25532803,248
-385810847,206032186290499229,1830423755593953082124037775910311,5655486402094952237,200964,25532810,107
-4196153585,2240887950000000000,1830455132676549511626462813450754,5655486402094952237,200964,25532816,142
4947543703,-2639506118387012578,1830418155623677897238502259781339,5655486402094952237,200964,25532816,242
7200000000,-3840997194151162526,1830364346785979637599861823566630,5655486402094952237,200963,25532818,87
521019,-277940527454923,1830364342892288500734623492991455,5655486402094952237,200963,25532821,152
-24438265,13049790858648725,1830364525616447304815703085666247,5655486402094952237,200963,25532825,112
539772012,-287944120077907272,1830360491784179206956567736930838,5655486402094952237,200963,25532827,129
-2340855254,1250000000000000000,1830377994378740232142156019881600,5655486402094952237,200964,25532827,159
39220158675,-20919196979532206243,1830084935670766265251823966090530,5655486402094952237,200960,25532830,6
289793,-154544608377096,1830084933505738453732670545195408,5655486402094952237,200960,25532844,162
7940204594,-4234320606508006302,1830025614517887782921157734353198,5655481546557118091,200960,25532847,19
-525000,280241000895414,1830025618441846846288721122973981,5655481546557118091,200960,25532847,117
-26206530,13988847641845890,1830025814314917934751513814635044,5655481546557118091,200960,25532855,123
-1873312921,999968035000000000,1830039815955011564362545630702110,5655481546557118091,200960,25532858,47
-44018911,23497328244235455,1830040144966661659420436792245343,5655481546557118091,200960,25532858,92
-22457811,11988000000000000,1830040312823688651720022697919829,5655481546557118091,200960,25532858,152
-6361327,3395682660000000,1830040360370334957768042166144658,5655481546557118091,200960,25532859,204
-46677110,24916292500000000,1830040709250446963151069364564988,5655481546557118091,200960,25532860,109
-179842105,96000000000000000,1830042053450863317902508048644962,5655481546557118091,200960,25532860,374
1068580560,-569837655783573226,1830034070542595028605095160430937,5655481546557118091,200960,25532861,166
139003765,-74125613055367581,1830033032110046133571098310431790,5655481546557118091,200960,25532868,1491
9787460424,-5219082428207464269,1829959917503024015653630855949843,5655481546557094993,200959,25532874,23
-3749886289,2001547671172142792,1829987943348992176991674147062530,5655481546557094993,200959,25532875,4
1626046235,-867061884038845302,1829975796599101290341820790338547,5655481546557094993,200959,25532878,23
-25000000,13344084351353910,1829975983444140258705584850742618,5655481546557094993,200959,25532885,202
-1084416,578821722211868,1829975991548852758626109156754615,5655481546557094993,200959,25532885,268
-26276777571,14027088357038774160,1830172400069787929647406013723223,5655481546557118091,200961,25532888,92
3558926769,-1898105624350795973,1830145809333059798546662681638834,5655481546557118091,200961,25532888,358
70731214908,-37712102478565977623,1829617497011760590684235285026189,5655481546557094993,200955,25532892,9
8789319619,-4684723032150873145,1829551868294794566807600821831724,5655481546557094993,200955,25532894,13
52239296031,-27836704566011467348,1829161901333526672676304856470661,5655481546557094993,200950,25532896,14
6879394520,-3664932252380842705,1829110558959635953297193011474738,5655481546557094993,200950,25532897,69
-32482138592,17323680000000000000,1829353126645769250958750641202523,5655481546557094993,200952,25532901,6
13120255965,-6990975523011591689,1829255189424984294979447557557283,5655481546557094993,200951,25532906,11
-1257805,670841816559725,1829255198818170223393652051007406,5655481546557094993,200951,25532909,382
796794,-424539351157205,1829255192870759303511892333616640,5655481546557094993,200951,25532913,596
-949963514,506658387997003488,1829262287145926961866773312669306,5655481546557094993,200951,25532915,111
-25117735319,13397846932944588800,1829449884973276143318829716311568,5655481546557094993,200953,25532920,9
323673,-172492778702066,1829449882556808899806374850277993,5655481546557094993,200953,25532924,100
-8948797598,4773969288876995760,1829516728093327371478829036266354,5655481546557094993,200954,25532925,81
25292293954,-13478445168484004432,1829327907312027440673240814662879,5655481546557094993,200952,25532928,11
333509,-177710868085603,1829327904822459501793030757174780,5655481546557094993,200952,25532929,43
-1218624887,650000000000000000,1829337006179445237126401753367451,5655481546557094993,200952,25532929,241
33768553897,-17991347552816991447,1829084957739765605580256460144640,5649513471721903610,200949,25532930,41
55169509945,-29382765128261839215,1828672897037131178688668563100923,5649513471721903610,200945,25532931,12
-595566832,317440000000000000,1828677346555295954772634487910104,5649513471721903610,200945,25532931,405
17786659,-9470919208959804,1828677213736154978685446776037578,5649513471721903610,200945,25532932,174
52589217726,-27996335880290080230,1828284596166512914870795225234939,5649513471721903610,200941,25532933,5
13593295710,-7234556208308980542,1828183139537042167653302854478318,5649513471721903610,200940,25532940,11
56641975545,-30137071432916560007,1827760660634173584721152786694862,5651689389976261088,200935,25532941,12
42686741680,-22702812378111927084,1827442401440415688038629083342291,5651689389976261088,200931,25532942,11
-16999765687,9049373144664279040,1827569196576189703382984978251745,5651689389976261088,200933,25532943,5
-49438039,26318856822913017,1827569565342398249635676162600941,5651689389976261088,200933,25532945,306
-939209867,500000201717239220,1827576571086602880329143540349593,5651689389976261088,200933,25532945,323
-33422110299,17795177033484517918,1827825907902757234702897965104715,5651689389976261088,200936,25532952,20
-413137157,220000000000000000,1827828990428963674855655864058510,5651689389976261088,200936,25532955,797
-12063705764,6424380864000000000,1827919005530661095905378967984011,5651689389976261088,200937,25532957,456
-34158763936,18194270281394491392,1828173934234976794869839234445493,5651689389976261088,200939,25532959,2
-68157893,36308586104495642,1828174442972104912581633030133789,5651689389976261088,200939,25532959,478
-8248862129,4394424201366203270,1828236038345241474592225374468538,5649513471721903610,200940,25532961,685
-3784088196,2016000000000000000,1828264296373908903351283163075233,5649513471721903610,200940,25532964,125
-12199884643,6500000000000000000,1828355406089354482187530993404358,5649513471721903610,200941,25532966,6
732310634,-389797377743107162,1828349939613321449163519147826281,5649513471721903610,200941,25532967,42
-9257603969,4932779460299696515,1828419081787626633978194224712640,5649513471721903610,200942,25532974,14
-9759269342,5200488521741303808,1828491976407533379996210260626134,5649513471721903610,200943,25532975,72
-15628251387,8328796825160632320,1828608720147340214709520740145268,5649513471721903610,200944,25532977,83
-32619338775,17387319674421135360,1828852436108555264570842959580844,5649513471721903610,200947,25532978,12
-5000172,2665632759346818,1828852473472407908648013334022342,5649513471721903610,200947,25532979,22
-90729311268,48386471417511575552,1829530236414251202560102064781483,5655481546557094993,200954,25532980,9
-622201078,331947253500000000,1829534884368796645456395001831815,5655481546557094993,200954,25532985,134
-2395618055,1278089448176424951,1829552780289300576414176076166010,5655481546557094993,200955,25532987,141
4718420,-2514838101700242,1829552745058701700202392202539332,5655481546557094993,200955,25532990,17
-577192326,307942389162446600,1829557056895032173528494321949861,5655481546557094993,200955,25532990,86
1002178,-534146042506268,1829557049412131006995524648132678,5655481546557094993,200955,25532994,69
-8842189967,4717647285616043008,1829623106323022048390195583152114,5655481546557094993,200955,25532996,45
-6390773267,3409934601935205460,1829670852526268546260094106409697,5655481546557094993,200956,25533007,43
-25484568,13598196408888631,1829671042929406822321108276807511,5655481546557094993,200956,25533012,19
-221988826,118450138227491502,1829672701478626850160551240278599,5655481546557094993,200956,25533013,470
19234051031,-10251965133601046891,1829529080753670194973866381851975,5655481546557094993,200954,25533014,105
8669809998,-4620579841465406852,1829464350624577542432452477022283,5655481546557094993,200954,25533015,67
-1300202692,693616320000000000,1829474062701099776331570574828275,5655481546557094993,200954,25533022,76
-222044492,118454331567897217,1829475721309035324163504545550712,5655481546557094993,200954,25533022,470
8863971976,-4723779276112210009,1829409545449546016957976681247874,5655481546557094993,200953,25533025,88
6887043985,-3670000840827984881,1829358132069332334228185984609455,5655481546557094993,200952,25533026,14
5418986000,-2887550093054084377,1829317680113799062203293303687619,5655481546557094993,200952,25533027,61
1100000000,-586128218250553363,1829309468989538914778853669579392,5655481546557094993,200952,25533027,538
28140708115,-14992813892893667747,1829099433277128990522580327755402,5655481546557094993,200950,25533029,7
21515022164,-11460456074351766673,1828938722380255811565208911669152,5649513471721903610,200948,25533038,2
7406084009,-3944549759564033451,1828883404443417422293127628509171,5649513471721903610,200947,25533038,58
163072474,-86851242899024392,1828882186451032518308537100668297,5649513471721903610,200947,25533038,144
219520822,-116915050183465322,1828880546847083848420480042345503,5649513471721903610,200947,25533040,393
4059302907,-2161914787281426073,1828850228389226181151558471561369,5649513471721903610,200947,25533042,71
79047480669,-42085042503247002522,1828260032330121871267933417968670,5649513471721903610,200940,25533043,9
201225856,-107098401308744831,1828258530393789410245171324018995,5649513471721903610,200940,25533049,803
418169,-222561341358263,1828258527272688879582694861269183,5649650163233404004,200940,25533049,828
1280069222,-681286890578385838,1828248973210591928426379846078544,5649650163233404004,200940,25533054,33
6883946007,-3663697075132256646,1828197595164361630979064882950206,5649650163233404004,200940,25533055,36
-139557870,74346217977724435,1828198637241112055909299372940554,5649650163233404004,200940,25533056,31
38386429786,-20425847527118001141,1827912296011673278966192031030809,5651826081487761482,200937,25533056,207
4502316484,-2395313606202717541,1827878718139154083964730427595333,5651826081487761482,200936,25533057,885
14100123300,-7500950690224836104,1827773568665032230018381579825277,5651826081487761482,200935,25533060,43
4953361997,-2634873125343482735,1827736632610530668109197187629075,5651826081487761482,200935,25533061,34
-31672275,16864155320560360,1827736868896637340452658392658555,5651826081487761482,200935,25533064,90
15284645011,-8129788589044605421,1827622904276662713491882909214122,5651826081487761482,200933,25533065,7
2475000000,-1316338651389952809,1827604451640100217285509724338931,5651826081487761482,200933,25533068,297
64322628,-34209892282256134,1827603972080597455552230154398134,5651826081487761482,200933,25533072,311
-58153781,30959952515441804,1827604405864946779921196205690810,5651826081487761482,200933,25533072,331
-2939048,1564693367638522,1827604427788090687674242437774956,5651826081487761482,200933,25533072,609
-37359714,19889600000000000,1827604706464138075625115787411266,5651826081487761482,200933,25533073,33
-6293378234,3350561230000000503,1827651651690785033995433007816213,5651822329774649946,200934,25533078,166
-466271318,248247228513124352,1827655129920731313140816575084847,5651822329774649946,200934,25533080,110
119922880,-63784325262979253,1827654235781709784572884470229231,5651822329774649946,200934,25533084,9
-187825069,100000000000000000,1827655636897028216117061327517933,5651822329774649946,200934,25533086,525
-283500000,150938607934448315,1827657751720985413002551205508137,5651822329774649946,200934,25533087,203
-14822213,7891523664753340,1827657862290332337511971076693733,5651822329774649946,200934,25533088,53
-57286449,30500000000000000,1827658289630504459132945018166787,5651822329774649946,200934,25533088,91
-2003835050,1066875043414888757,1827673237780166268326726497992704,5651822329774649946,200934,25533089,182
-762522085,405984000000000000,1827678926084180649447037470287669,5651822329774649946,200934,25533090,27
-296755460,158000000000000000,1827681139846383771286836904803818,5651822329774649946,200934,25533091,96
862341,-458672927406231,1827681133416632248138159518840931,5651822329774649946,200934,25533092,292
-5475559354,2915392880123612598,1827721981432868122659801933316383,5651822329774649946,200935,25533094,329
-9310174285,4957384666894162865,1827791440108829553355397758528610,5651822329774649946,200935,25533095,87
-558882645,297600000000000000,1827795609828017205630868085819788,5651822329774649946,200935,25533096,42
-3739039626,1991040022494086656,1827823506594768473141916046862907,5651822329774649946,200936,25533102,54
-7267989219,3870380916030228480,1827877735094664623794114395865724,5651822329774649946,200936,25533105,17
-18531241499,9869375872946648617,1828016016431854066222710124445696,5651822329774649946,200938,25533106,9
44365667,-23606443332048869,1828015685512900927454784624432838,5651822329774649946,200938,25533110,270
-8260762960,4400000000000000000,1828077334586911915398566345135744,5651822329774649946,200938,25533113,108
-34505471998,18382148818733688832,1828334617785405120165395150574942,5661533129247555573,200941,25533118,9
-18968827,10106712410905408,1828334759149213646677763306808224,5661533129247555573,200941,25533120,188
26249370000,-13970356959625164908,1828139192565797596624700457065148,5651822329774649946,200939,25533121,365
6298074037,-3351496345264875518,1828092210746197617109057410283158,5651822329774649946,200939,25533121,540
-38274604484,20390728923302715392,1828377562681526705895394294234034,5661533129247555573,200942,25533123,9
-42912379565,22869062979109294080,1828697435030587635006144387184218,5661533129247555573,200945,25533124,2
-6931597957,3694769787340370741,1828749114222349690525697421096348,5661533129247555573,200946,25533124,358
-13108558432,6987863883513882843,1828846854319413548018933083670617,5661533129247555573,200947,25533125,70
-32569418957,17365224368636901376,1829089743812342930749566098120251,5661533129247555573,200949,25533126,5
41974644,-22360453129506161,1829089430897523924372800131718916,5661533129247555573,200949,25533130,55
521000000,-277543021878652559,1829085546927733390906642256064700,5661533129247555573,200949,25533131,98
-5972962,3185046905681498,1829085591477369574962689274268452,5661533129247555573,200949,25533131,157
9378680,-4996125729681080,1829085521560996709812936450491906,5661533129247555573,200949,25533136,23
-9158663639,4883985576811565691,1829153767908235416446954398285824,5667501204082746956,200950,25533139,105
-4996641405,2664682614547304000,1829190999898257520484517735940698,5667501204082746956,200951,25533142,176
-3824654995,2039741715555505408,1829219499969067692305802426899044,5667501204082746956,200951,25533144,26
194412,-103580157952261,1829219498521081129623970916053467,5667501204082746956,200951,25533148,100
-9370998195,4997952358556304384,1829289331870587308221489666056166,5667501204082746956,200952,25533150,33
-4250000,2266792541122270,1829289363543101255096247229209891,5667501204082746956,200952,25533152,108
-12493893271,6664119094915151000,1829382477227370233630516780269044,5667501204082746956,200953,25533153,71
-18538183860,9889334139188492288,1829520654880493125805462405932253,5667501204082746956,200954,25533155,9
-6877711042,3669346831912255712,1829571924432779601651663190253910,5667501204082746956,200955,25533163,415
-5250000000,2801080577235498185,1829611062228603161302845996067080,5667501204082746956,200955,25533165,110
79311,-42273939750067,1829611061637639622340772858287644,5667501204082746956,200955,25533166,203
77490,-41303363215950,1829611061060244143200568844874965,5667501204082746956,200955,25533166,223
-96903854,51703127217356200,1829611783476604785541718454641303,5667501204082746956,200955,25533177,365
24301112,-12952918244454664,1829611602402816752403723057291952,5667501204082746956,200955,25533186,218
1141700453,-608543455269519921,1829603095341585542907629820370899,5667501204082746956,200955,25533187,19
547952,-292065258409928,1829603091258693819584655732534063,5667501204082746956,200955,25533187,41
50000000,-26650620043733158,1829602718699504170055107512481091,5667501204082746956,200955,25533187,89
3264574279,-1740035085380986961,1829578394084905804304246875138981,5667501204082746956,200955,25533189,54
24297360,-12950445739341653,1829578213045681863851372655341858,5667501204082746956,200955,25533190,19
24984584158,-13315378898825132448,1829392072281816624956419321735942,5667501204082746956,200953,25533190,98
10265920028,-5470372980143219478,1829315599849985078114431699361541,5667501204082746956,200952,25533191,19
-7955349315,4243347898303642624,1829374889570174436418037387384879,5667501204082746956,200953,25533192,27
-1494890024,797398381748987459,1829386031132937236200199485442707,5667501204082746956,200953,25533193,6
-441145906,235316177429018175,1829389319062810102241581417930430,5667501204082746956,200953,25533194,223
-205725257,109738316044574702,1829390852369578311192625919396667,5667501204082746956,200953,25533194,502
-1780940514,950000000000000000,1829404126141969777716060905706067,5667501204082746956,200953,25533195,98
-2822593971,1505673291039267785,1829425163999402583581635288716528,5667501204082746956,200953,25533195,204
-1239904309,661420565859384527,1829434405626819691438169309220455,5667501204082746956,200953,25533201,161
-30912640033,16492349000553870101,1829664843191908094040211699269632,5667501204082746956,200956,25533202,15
103435857,-55136304121776104,1829664072420468248713819915317686,5667501204082746956,200956,25533202,102
-881815744,470522248889202663,1829670646741770223701581014681307,5667501204082746956,200956,25533202,415
-4947140427,2639774739222253034,1829707530709194622737273691312491,5667501204082746956,200956,25533202,460
-789480435,421273513199578221,1829713416907856480284028836983007,5667501204082746956,200956,25533203,475
-183399632,97864000363300000,1829714784302031365380196480444214,5667501204082746956,200956,25533203,497
1986768,-1059101159748346,1829714769496452013559261915986205,5667501204082746956,200956,25533208,294
-1643340098,876910321767858352,1829727022031208723268425427420852,5667501204082746956,200956,25533209,90
-587495031,313498795132793661,1829731402359263030317066059003703,5667501204082746956,200957,25533210,187
-4982013867,2658560000000000000,1829768548801714669517637971848672,5667501204082746956,200957,25533220,8
25354725995,-13515434832132883339,1829579611379600001179686766537911,5667501204082746956,200955,25533226,2
31815727655,-16955548647372603604,1829342583293433062951403098012566,5667501204082746956,200952,25533226,213
8475855506,-4516294714938254200,1829279448285825181567346231953740,5667501204082746956,200952,25533226,281
-23984234,12792164663849575,1829279627022964278514847484465044,5667501204082746956,200952,25533226,605
1142507121,-608752448781477706,1829271117040132996328854716978834,5667501204082746956,200951,25533228,131
-30309768489,16167781705283723903,1829497019623744420162772529437747,5667501204082746956,200954,25533233,99
-1551256796,827576002498407905,1829508582840053687107477384308360,5667501204082746956,200954,25533236,470
9314768295,-4964186805349468318,1829439186577961661965270627659186,5667501204082746956,200953,25533252,35
357352,-190438787765248,1829439183915745160764451587130959,5667501204082746956,200953,25533257,872
-5044414719,2691000000000000000,1829476783622592988569255322034745,5667501204082746956,200954,25533261,78
-5044207376,2691000000000000000,1829514383329440816374059056938531,5667501204082746956,200954,25533261,85
-5044000046,2691000000000000000,1829551983036288644178862791842317,5667501204082746956,200955,25533261,94
-43875815,23408458613236282,1829552310108448293823589405734623,5667501204082746956,200955,25533275,283
12241938,-6524743544319273,1829552218896567911543399058948425,5667501204082746956,200955,25533275,399
-4964497,2648640000000000,1829552255904404234631707091413833,5667501204082746956,200955,25533286,77
171950182,-91646440348750989,1829550974743834815780700150953709,5667501204082746956,200955,25533297,73
-605863,323237566317946,1829550979260236798597521923388455,5667501204082746956,200955,25533308,722
-11528610651,6150981739075992000,1829636923188224758224458753564126,5667501204082746956,200955,25533313,124
-2816571066,1502842831291369987,1829657921497364451665732247150261,5667501204082746956,200956,25533326,56
-17053494215,9100000000000000000,1829785070264482709942846326535047,5667501204082746956,200957,25533333,23
-16676399822,8900000000000000000,1829909424553202764741342514065223,5667501204082746956,200958,25533333,175
-5654229614,3017870988836573696,1829951591429637108624158346247300,5667501204082746956,200959,25533338,30
-6744447331,3599942312742259092,1830001891234775793196455001088633,5667501204082746956,200959,25533341,370
-3588450,1915437827017397,1830001917998023946706087428251472,5667501204082746956,200959,25533343,261
-22485734413,12003502891775570000,1830169635645693145128608571746242,5667501204082770054,200961,25533344,52
-3249187487,1734687500000000000,1830193873379425063013902136591874,5667501204082770054,200962,25533348,21
-5569835476,2973750000000000000,1830235423780108350817262533470100,5667501204082770054,200962,25533352,12
-40118121,21419661507975696,1830235723064015255159192173668207,5667501204082770054,200962,25533352,444
44040000,-23490102882339887,1830235394686901316810923859370074,5667501204082770054,200962,25533352,507
-2189491875,1169012480000000000,1830251728587514268124773406200977,5667501204082770054,200962,25533360,40
-4155551,2218750000000000,1830251759588758998194487977325171,5667501204082770054,200962,25533361,96
349361,-186345676581020,1830251756983761660504279045381329,5667501204082770054,200962,25533364,212
-21300903999,11374058107282500000,1830410679782165220308371041265308,5667501204082770054,200964,25533374,12
35676162908,-19029865903673760810,1830144654023343184152764440347949,5667501204082770054,200961,25533384,134
-996656532,532079040000000000,1830152088440260268345603686668246,5667501204082770054,200961,25533385,15
-6381107958,3406746240000000000,1830199688834139472769289568611854,5667501204082770054,200962,25533395,32
2144903183,-1143995942328990942,1830183696478219158688833305767643,5667501204082770054,200961,25533398,25
330597610,-176324280332246231,1830181231573804615244264085900355,5667501204082770054,200961,25533400,101
-16662108,8895619607500999,1830181355866888774227994790315565,5667501204082770054,200961,25533401,99
-6145552,3281007683870044,1830181401710407255515654666209236,5667502069878513407,200961,25533406,47
-141288632,75431680000000000,1830182455671247748184953146176809,5667502069878513407,200961,25533407,23
-25281705,13497496666974509,1830182644263533266304862344284617,5667502069878513407,200961,25533410,61
12968549613,-6916413660941821946,1830085957091867756383537132774670,5667502069878513407,200960,25533415,13
10700000000,-5705995911242645564,1830006190809334867836118192862465,5667502069878513407,200960,25533417,145
19891633260,-10606302364967000080,1829857921282992189705895752028022,5667502069878490309,200958,25533420,17
624466,-332940505422064,1829857916628690498074376451920661,5667502069878490309,200958,25533421,67
-124064169,66212405145497712,1829858841774228529180063221016779,5667502069878490309,200958,25533423,278
-33925399642,18108126720000000000,1830064748731870788156327238370050,10163301207710785279,200960,25533425,12
-16148808,8620480000000000,1830064869180578098536340439197485,5667502069878513407,200960,25533425,40
4997245,-2664938553437569,1830064831926390592468755222053368,5667502069878513407,200960,25533429,298
-3745620677,1999500000000000000,1830092769719908714990516777611486,5667502069878513407,200960,25533437,6
-16855095390,8998400000000000000,1830218498872793673079948726365762,5667502069878513407,200962,25533440,221
6291523762,-3355631186791767828,1830171589230816114740242581291008,5667502069878513407,200961,25533446,18
39908665606,-21281579312863313092,1829874085956256942636861556296935,5667502069878490309,200958,25533451,9
12592034006,-6713355698673402680,1829780237408915880534340645741953,5667502069878490309,200957,25533452,16
30704715014,-16367119678059577193,1829551435230856593179010089129884,5667502069878490309,200955,25533452,561
70807852425,-37728460365453428454,1829023944534701197101836265567466,5661533995043298926,200949,25533457,9
4044634411,-2154440608966295125,1828993795043265845080285183068063,5661533995043298926,200948,25533457,418
1393249786,-742120817276136696,1828983409718587436476287196767006,5661533995043298926,200948,25533464,73
17000443673,-9054684653121437218,1828856697412728106573577965669880,5661533995043298926,200947,25533466,11
-80140160,42723590000000000,1828857294992655898046239173305352,5661533995043298926,200947,25533466,157
-310216181,165379878852338570,1828859608180664273348474726491855,5661533995043298926,200947,25533466,175
7029677695,-3743754310105829808,1828807217649201559099087787896806,5661533995043298926,200946,25533468,96
-30299865,16152310000000000,1828807443573480007269800510088516,5661533995043298926,200946,25533469,16
-3906344678,2082435090000000000,1828836570840423460029095186914242,5661533995043298926,200947,25533473,194
213669,-113792753594693,1828836569247994485366186595975722,5661533995043298926,200947,25533475,300
-2940081986,1567360000000000000,1828842840625502931692069757869281,19791020888919023214,200947,25533477,57
1999140989,-1064673120027014580,1828827941466537902099453760947671,5661533995043298926,200947,25533478,144
2500747090,-1331786701615363654,1828809304289171785952080631506308,5661533995043298926,200946,25533478,173
282456510,-150422070955935960,1828807199265287117402897664267611,5661533995043298926,200946,25533478,232
253797,-135159254094033,1828807197373852859824638344063294,5661533995043298926,200946,25533479,79
7320409319,-3898359488809010101,1828752643279611123744431839292649,5661533995043298926,200946,25533492,175
5519652,-2939308960895021,1828752602146581058516819936259993,5661533995043298926,200946,25533493,469
-25242310,13455414756925923,1828752790349065420156577106617972,5661533995043298926,200946,25533500,154
8928000,-4754313331145037,1828752723816653961800287336071041,5661533995043298926,200946,25533503,21
3254309451,-1732952628546791529,1828728472676838457307997497797264,5661533995043298926,200946,25533509,29
4207515997,-2240476609749133661,1828697119182847651301263634905514,5661533129247555573,200945,25533517,42
206697721,-110063295783763969,1828695578944102043088128321675447,5661533129247555573,200945,25533518,113
-93382149872,49791219248771028000,1829223249788671537439978785689395,12866458972162857594,200951,25533523,9
20578921948,-10963864189323367933,1829155737288483615502656151822168,12866458972162857594,200950,25533523,55
467793587,-249217707752698647,1829154202673474623320713985749460,12866458972162857594,200950,25533524,108
22489630992,-11980878265320206853,1829067435733396126392920479858730,5661533129247555573,200949,25533529,57
53277553281,-28374815435328870420,1828670355218754454949856877782611,5661533129247555573,200945,25533530,11
27981604145,-14897643362579946509,1828461875840030603062362043450436,5661533129247555573,200943,25533531,6
1807968750,-962461066457718915,1828448407046322934898989844349868,5661533129247555573,200942,25533531,137
-25264943,13462999396826672,1828448595354923352971154890653938,5661533129247555573,200942,25533531,492
-7734462,4121484976979968,1828448653002632068024894931728168,5661533129247555573,200942,25533533,21
514642435,-273964222157840171,1828444819114987026518739645902378,5661533129247555573,200942,25533533,75
1655651702,-881360124463206635,1828432485257429286903197052688279,5661533129247555573,200942,25533533,263
71478,-38049792588727,1828432484724956000598429015890576,5661533129247555573,200942,25533538,71
112949,-60125936867654,1828432483883546546882830589734363,5661533129247555573,200942,25533538,270
774332,-412200226011402,1828432478115167955907723983923832,5661533129247555573,200942,25533538,299
-4484831004,2389845967970080768,1828465905179685933520584069146116,5661533129247555573,200943,25533539,264
-34982016,18641320582871841,1828466165918090908314406978831505,5661533129247555573,200943,25533539,1580
24441384,-13011376192161971,1828465983835357494398002365112827,5661533129247555573,200943,25533539,1618
-22097338,11775295453906586,1828466148537838797122562890460234,5661533129247555573,200943,25533539,1632
-60705617753,32357000000000000000,1828918729809227975834540136545899,5661533129247555573,200948,25533540,262
-17845315084,9514865878236608063,1829051815388739977520808060499097,5661533129247555573,200949,25533550,114
2504649,-1334204495661228,1829051796717724866184907465431177,5661533129247555573,200949,25533552,280
5009298,-2668409442562666,1829051759375688328804391406619224,5661533129247555573,200949,25533552,288
94780,-50488158398869,1829051758669151083970998692763282,5661533129247555573,200949,25533554,133
3852841619,-2052343067274281484,1829023037938148200786617651354774,5661533129247555573,200949,25533555,144
-8046600699,4290649967450082925,1829083051778039244356382646554106,5661533129247555573,200949,25533556,9
299967605,-159795412269407305,1829080815582188528371159886477198,5661533129247555573,200949,25533557,222
-6883683070,3670729789634279876,1829108907169047503089681354228242,12866458972162857594,200950,25533559,117
-4785636064,2551999360000000000,1829124613831257952132716003627855,12866458972162857594,200950,25533559,173
-81047584,43220000000000000,1829124879835219934163792985381898,12866458972162857594,200950,25533559,221
2262222,-1205161902048575,1829124872414160010987916581056855,12866458972162857594,200950,25533562,29
51860810685,-27623357219053912191,1828781876785690807939163488256000,5661533129247555573,200946,25533570,9
8732016201,-4649931217771729199,1828716805099666649238338703196160,5661533129247555573,200945,25533570,110
6560914809,-3493569043417929374,1828667915682328998635951714755746,5661533129247555573,200945,25533570,850
-292611386,155962240000000000,1828670097145037775847178969635016,5661533129247555573,200945,25533575,46
39995679,-21296457066646600,1828669799119905195093844907572709,5661533129247555573,200945,25533575,257
6430334295,-3423863070981880037,1828621885176169182169576816508609,5661533129247555573,200944,25533579,36
81252181,-43261974393653151,1828621279762995806668363342360536,5661533129247555573,200944,25533579,101
-18282795,9744245251087569,1828621416056932341735855036547326,5661533129247555573,200944,25533580,226
-13374545844,7128667548389373027,1828721125591881837736776897509758,5661533129247555573,200945,25533582,28
-11289154,6017476673099740,1828721209759055656885812129808696,5661533129247555573,200945,25533586,877
-1370387897,730464272163648623,1828731426851153199771681308875094,5661533129247555573,200946,25533587,54
-52500000,27984482945261250,1828731818273499849186793437224335,5661533129247555573,200946,25533588,134
-6091647080,3247159317120143564,1828777236683492909480220535200270,5661533129247555573,200946,25533590,47
1470877968,-783284053903755335,1828766275314036829597377259501470,5661533129247555573,200946,25533594,2
-9313322886,4964729522131946297,1828835717586164340365531079604545,5661533129247555573,200947,25533597,23
-117231572,62496000000000000,1828836591725272933192826061524110,5661533129247555573,200947,25533602,40
-5037526729,2685555443481551545,1828874154913980075705161034855272,5661533129247555573,200947,25533602,79
-57383903365,30598736341210001408,1829183704246745518870221325583192,12866458972162857594,200951,25533603,6
-48092616,25647859207977164,1829183862100335654900834712615512,12866458972162857594,200951,25533604,870
-1439800291,767849552647837694,1829188587945389112906105307272414,12866458972162857594,200951,25533606,79
-4074250,2172814635409572,1829188601318302154819303764683869,12866458972162857594,200951,25533606,83
-7911411305,4219248802859160064,1829214569316871069167934610363330,12866458972162857594,200951,25533612,120
-15897125007,8478486167261877649,1829266751429599007735285275481355,12866458972162857594,200951,25533614,28
-51783967,27618969936372216,1829266921414685285792064097684942,12866458972162857594,200951,25533616,50
-250000000,133337528152019860,1829267742060468935211064805931641,12866458972162857594,200951,25533620,276
22505736619,-11990958077138404752,1829193904994863498233343869982995,12866458972162857594,200951,25533623,11
6244574739,-3326910564181722888,1829173418782501597417677105008549,12866458972162857594,200950,25533624,16
113,-59699214724,1829173418782133985855209372774348,12866458972162857594,200950,25533624,580
1161106600,-618592404802478417,1829169609657985390232844949727734,12866458972162857594,200950,25533628,327
17578320471,-9364730243575662156,1829111944190645425084526473984359,12866458972162857594,200950,25533629,75
20555238220,-10949673649890702594,1828985829465598409970415617605737,5661533129247555573,200948,25533630,9
76543056,-40770869330114467,1828985258913243174798703073380902,5661533129247555573,200948,25533630,135
31985647357,-17035017205245449441,1828746868872814346501010255341101,5661533129247555573,200946,25533631,9
2000000000,-1065018810193795318,1828731964873941872025053072657670,5661533129247555573,200946,25533632,167
13404159962,-7137393224083725361,1828632083351149993601789720559411,5661533129247555573,200944,25533633,57
89,-46878766423,1828632083350493966614065056436100,5661533129247555573,200944,25533634,370
178,-94290246102,1828632083349174457786483918881878,5661533129247555573,200944,25533634,383
9959679997,-5302785520002700351,1828557875543026214171614055419492,5661533129247555573,200944,25533635,52
1421550203,-756834181681325053,1828547284316202364852834752555643,5661533129247555573,200944,25533636,518
-55896893158,29795938323886285262,1828964043708261517726779214992655,5661533129247555573,200948,25533640,161
11532019519,-6142128872555370387,1828878090032218461975971217628940,5661533129247555573,200947,25533641,183
29737400,-15837844796245281,1828877868395549957770609004486482,5661533129247555573,200947,25533641,217
148,-78329900737,1828877868394453799898934240446122,5661533129247555573,200947,25533642,291
296,-157192657942,1828877868392254027299318780353492,5661533129247555573,200947,25533642,304
5646185,-3007101338669337,1828877826310523139570633317164219,5661533129247555573,200947,25533642,421
3,-1065712886,1828877826310508225858779886222753,5661533129247555573,200947,25533648,357
78570254507,-41832338587298510358,1828292419629264146764346270604488,5661533129247555573,200941,25533648,671
-63148869162,33653228019075334144,1828763131398687240589656445182078,5661533129247555573,200946,25533649,20
-102257821,54509182315855906,1828763893825211173420349453565014,5661533129247555573,200946,25533649,164
28584643,-15221996577151148,1828763680806795300193581531311834,5661533129247555573,200946,25533649,373
1846802,-983465204782979,1828763667044067202897103206331301,5661533129247555573,200946,25533651,30
-371442273,198000000000000000,1828766436494008021186344220477388,5661533129247555573,200946,25533653,57
1881609,-1002003985948169,1828766422471846033203221289856183,5661533129247555573,200946,25533658,158
1956359768,-1041802439595288913,1828751843365602600768655648670395,5661533129247555573,200946,25533663,26
-1012719032,539831661759756967,1828759394056328420958888064793002,5661533129247555573,200946,25533671,38
-1300049110,693000000000000000,1828769087131121284971231614304309,5661533129247555573,200946,25533671,67
32694497,-17410689371097813,1828768843483880248329383980539447,5661533129247555573,200946,25533672,387
97902000,-52135392781364519,1828768113895043138419715984738419,5661533129247555573,200946,25533673,170
97902000,-52135351182465290,1828767384306788168413372183696138,5661533129247555573,200946,25533674,267
1563237,-832463657976674,1828767372657193531110493475813313,5661533129247555573,200946,25533675,147
-31791631876,16949000000000000000,1829004440369551759314260893803421,5661533129247555573,200949,25533677,673
-157437806,83945392483287072,1829005614523906531069022354872390,5661533129247555573,200949,25533678,16
-16404405135,8747342559668243456,1829107061775015320879121381301640,12866458972162857594,200950,25533682,107
-39597530251,21117147056503683452,1829237030418763288608781946350202,12866458972162857594,200951,25533682,150
45624,-24308332491888,1829237030269079174177230870774162,12866458972162857594,200951,25533683,344
-2430000000,1296003487891847413,1829245006716615540735586185337564,12866458972162857594,200951,25533683,561
67322398,-35869630816974641,1829244785841163651255147310509621,12866458972162857594,200951,25533685,276
-16499275416,8799934025779401728,1829298946352872068785469535831320,12866458972162857594,200952,25533688,2
-7205192720,3843072871140897426,1829322599120338730939446865313891,12866458972162857594,200952,25533688,47
-25998811206,13867953808035376256,1829407951518708032312089796277461,12866458972162857594,200953,25533689,42
-5838409239,3114427622940000000,1829427119729883606564243370835447,12866458972162857594,200953,25533689,649
-13044953,6958742881244095,1829427162558508706637898865329344,12866458972162857594,200953,25533691,200
-22223732599,11855574515591833072,1829500129467178781290052113719900,12866458972162857594,200954,25533693,75
11371132829,-6060150283612222890,1829462812706400257354632218690923,12866458972162857594,200954,25533711,73
41059696,-21881974070853492,1829462677963142491611458718662461,12866458972162857594,200954,25533713,293
-37121875,19803186534122412,1829462799844819445470034362714548,12866458972162857594,200954,25533713,313
-1544764,824076404406163,1829462804916721077768636984163326,12866458972162857594,200954,25533714,415
-28871435016,15402672324342355968,1829557602970015525855139221824545,12866458972162857594,200955,25533716,12
-18665194,9958243792434589,1829557664259518144331936907589473,12866458972162857594,200955,25533717,187
-2243400898,1196902782487675208,1829565030776923258602354143554578,12866458972162857594,200955,25533720,289
-1782014546,950750077500000000,1829570882310645371584770798138640,12866458972162857594,200955,25533721,84
25092003,-13373879461719369,1829570799957925191794148958030054,12866458972162857594,200955,25533727,233
-103880218040,55433245376257638400,1829911972167448714164073366152967,12866458972162857594,200958,25533728,10
-3499263,1867648414946721,1829911983662170555100861985325671,12866458972162857594,200958,25533728,246
382183994,-203777500213796143,1829910728855627541253375673936239,12866458972162857594,200958,25533729,271
-3770328146,2012333377016514304,1829923114062733396715673900025644,12866458972162857594,200959,25533729,617
-80327936243,42879820454544875520,1830187024338762713224400360050644,12866458972162880692,200961,25533731,2
27543016652,-14689418867308947202,1830096570883948360833433097563266,12866458972162880692,200960,25533737,12
40821503804,-21768516535193262345,1829962526266895902249933399989401,12866458972162857594,200959,25533738,5
-14140703186,7547870808316717056,1830008980768042148476158244557357,12866458972162880692,200960,25533742,21
-15052790186,8035135788163148931,1830058434214472389192130567864320,12866458972162880692,200960,25533744,31
-2622636146,1400000000000000000,1830067050724115490599794338637147,12866458972162880692,200960,25533746,590
-13540434872,7228284000000000000,1830111538280393401753646846963502,12866458972162880692,200961,25533746,630
-9337803479,4985000000000000000,1830142219209372587837363916465320,12866458972162880692,200961,25533746,952
-2794962333,1492127217854164313,1830151402729773569610005781238417,12866458972162880692,200961,25533749,933
3499263,-1866268841415928,1830151391237796532034049423709755,12866458972162880692,200961,25533750,62
-1966779617,1050000000000000000,1830157853620028858089797251789375,12866458972162880692,200961,25533751,464
-497551533,265627840000000000,1830159488466346598231096313844118,12866458972162880692,200961,25533753,19
31098521264,-16585058595056326497,1830057362176547623942925822226860,12866458972162880692,200960,25533763,18
-64244366567,34298299082736483799,1830268456194253606141398980747412,12866458972162880692,200962,25533767,50
-7305501216,3900707073481932444,1830292463680049013957166601812092,12866458972162880692,200963,25533767,157
-2054200000,1096840160697450791,1830299214347064435730263246258993,12866458972162880692,200963,25533767,261
-10100677693,5393374906369303960,1830332408680557001629720003753018,12866458972162880692,200963,25533767,1091
41136680,-21943847147589381,1830332273556301621120021843245212,12866458972162880692,200963,25533770,134
-49211780176,26280000000000000000,1830494017751602124686738911752289,12866458972162880692,200965,25533770,290
29996759,-16004221753419004,1830493919201947962842837608963376,12866458972162880692,200965,25533774,373
-37446064159,20000000000000000000,1830617012196849411523748620003769,12866458972162880692,200966,25533774,953
68081,-36327743402298,1830617011973153026661305859645810,12866458972162880692,200966,25533775,424
-86447679112,46182111612310560768,1830901246694614640550169791469681,12866458972162880692,200969,25533781,9
-7663349689,4094609559375895527,1830926446960110105880463206850382,12867816624740358682,200970,25533782,694
514430798,-274594596160704425,1830924756259509948854826991389439,12867816624740358682,200970,25533785,4
-7728750019,4129660185111093329,1830950170189869492645875717657354,12867816624740358682,200970,25533785,51
-189365392,101184000000000000,1830950792876244214517247173500358,12867816624740358682,200970,25533787,70
-5928274821,3167702094546974274,1830970286916146297198680649801877,12867816624740358682,200970,25533792,81
37548518,-20043750442952281,1830970163505192924087198645027272,12867816624740358682,200970,25533792,102
19830000,-10585438769996203,1830970098329810991647216063449498,12867816624740358682,200970,25533792,833
-11602656403,6199933325538455143,1831008252721868993471644140982040,12867816624740358682,200970,25533797,64
-11319230718,6048732501953832629,1831045476624000792834996872421169,12867816624740358682,200971,25533798,49
-1621232682,866369012334052821,1831050808259234245353325720170621,12867816624740358682,200971,25533800,225
-3554518,1899501144392321,1831050819948765014859371835285333,12867816624740358682,200971,25533809,66
-24941244808,13328964470000001024,1831132846401214225508084793147528,12867816624740358682,200972,25533809,166
467912957,-249820482143705157,1831131308236789297458936085856879,12867816624740358682,200972,25533815,188
58402989592,-31178280096962150435,1830939341105575441423515659016581,12867816624740358682,200970,25533816,133
-10246222,5474818564910235,1830939374797610985026774116538798,12867816624740358682,200970,25533820,141
34971097447,-18666289150698220368,1830846777305511587499432097034494,16763109215427309819,200969,25533823,25
303493,-161985427474112,1830846776539913296160351002173203,16763109215427309819,200969,25533823,239
84340728343,-45010569901888963697,1830634041259052357740294018433024,16763109215427309819,200966,25533824,39
468157937,-249815170785792371,1830632860547485357374070672823499,16763109215427309819,200966,25533824,213
289926228422,-154646540922414087371,1829901948333109646758222671130369,16763109215427286721,200958,25533825,9
17631235982,-9400511465893468389,1829857518314754127224996634764981,16763109215427286721,200958,25533826,43
74381154239,-39653051237962593041,1829670104491501310604731597455360,16763109215427286721,200956,25533826,183
223081341705,-118877340181639908557,1829108249700356326728730065491299,16763109215427286721,200950,25533827,2
12656248,-6742289349857544,1829108217834000899234659590312163,16763109215427286721,200950,25533827,771
94857775555,-50515337735075745184,1828435774953907496404937025700479,5661533129247555573,200942,25533828,9
154810733323,-82358797346866754680,1827281701678528523525263630933794,5651822329774649946,200930,25533829,2
109735167685,-58315787372134455676,1826464250362011729177642905943556,5652026607157500292,200921,25533830,5
-114332691235,60820976208804051132,1827316393522989728247826934864069,5651822329774649946,200930,25533830,368
105624411724,-56134308846494677184,1826529520167336159770896936630210,5652026607157500292,200921,25533830,428
11558836271,-6140032488790884702,1826443451306434346385768827584512,5652026607157500292,200921,25533830,469
-40960016,21778636615757350,1826443756439219508397748943342760,5652026607157500292,200921,25533831,538
-45513962,24200000000000000,1826444095496871794034395812556529,5652026607157500292,200921,25533831,564
-63023651,33510003378249260,1826444564993693013577648590946981,5652026607157500292,200921,25533831,1036
-11531079204,6131424800090807296,1826530470220878332508593859482172,5652026607157500292,200921,25533832,18
159442,-84699226999940,1826530469033593737442130109539241,5652026607157500292,200921,25533832,747
-2100567334,1116997510691261952,1826546118891179848169314780038100,5652026607157500292,200922,25533833,963
11511708007,-6115110355914133914,1826460399380153929004111112786577,5652026607157500292,200921,25533834,134
59431432305,-31561318838539564340,1826018005275296360641280678966652,5652395117578685483,200916,25533835,12
293105,-155616737157596,1826018003094056747168700850329262,5652395117578685483,200916,25533835,357
-18229724,9688315665465279,1826018138824775911331876363455464,5652395117578685483,200916,25533836,602
2917233141,-1548815837472054712,1825996429473196033182787216795946,5652395117578685483,200916,25533836,845
-25306743,13449130181883245,1825996617891923782367689102120346,5652395117578685483,200916,25533837,336
-32636755691,17346934934675154944,1826239643824942277792690868369164,5652395117578685483,200918,25533838,9
26226311,-13927600783257788,1826239448605359192024376416972239,5652395117578685483,200918,25533839,86
-39448553,20970298925887707,1826239742393655587456038770343087,5652395117578685483,200918,25533839,105
-62147075410,33044896253495443456,1826702715627001489707819134791093,5652026607157500292,200923,25533840,2
-116222900775,61843127600970031104,1827569188926713319706272814560754,5651822329774649946,200933,25533842,9
-2880258852,1533353591856995748,1827590672978774548372487175893458,5651822329774649946,200933,25533842,167
-1979333046,1053751689600510541,1827605437255115772342718663741522,5651822329774649946,200933,25533842,203
123387,-65623114648374,1827605436335200302837693180353822,5651822329774649946,200933,25533843,432
417055906,-221810474143844323,1827602326959981578433136440708799,5651822329774649946,200933,25533845,23
222004120,-118072204788887177,1827600671804655808586690279399904,5651822329774649946,200933,25533846,1272
7000826601,-3723258306534309889,1827548478565558632883647185941562,5651822329774649946,200933,25533848,73
66655497334,-35438827576999742395,1827051698951064919810424886149042,5652026607157500292,200927,25533850,9
9133274968,-4854401143446482906,1826983651627611884427152912229304,5652026607157500292,200926,25533851,301
-12044936,6408138365256941,1826983741409775092920366460479401,5652026607157500292,200926,25533853,11
20307467,-10793162369339091,1826983590114941986871816223278287,5652026607157500292,200926,25533858,504
-10638732507,5660255920328821760,1827062893961375150751788774538628,5652026607157500292,200927,25533859,364
-7885625050,4195803352030025942,1827121679880135130306738371007401,5652026607157500292,200928,25533860,372
-892686674,475000000000000000,1827128334937359745075633531195034,5652026607157500292,200928,25533866,622
1865755037,-991774766512909524,1827114432580233661267208510922384,5652026607157500292,200928,25533874,10
928283049,-493439489838764683,1827107515715397534368489678556980,5652026607157500292,200928,25533878,352
22998218376,-12223773719760735019,1826936167065060260832762017367788,5652026607157500292,200926,25533884,5
23873092171,-12686352562123223352,1826758334143815284152219808069173,5652026607157500292,200924,25533885,2
51928912043,-27586912961812052448,1826371630298395045376458575098410,5652026607157500292,200920,25533886,2
110668990123,-58753265580994582723,1825548099486275301115526769029083,5652395117578685483,200911,25533887,9
-3252149697,1727511233342106757,1825572301458027883765540176940546,5652395117578685483,200911,25533887,273
2999678816,-1591809728425066463,1825549989472182585590165854723491,5652395117578685483,200911,25533887,679
-6186117,3285970809491349,1825550035507757449705497396611735,5652395117578685483,200911,25533889,27
158160902159,-83875803879485643873,1824403500228586266066467628893127,5819918967096155178,200898,25533891,9
1220365,-646777457801484,1824403491423826298278393448659544,5819918967096155178,200898,25533891,869
-468790257,248701959413006814,1824406875379388172220451630699075,5819918967096155178,200898,25533891,973
277186700002,-146743314841828557837,1822372564055304634205823146663325,5652161254114895950,200876,25533892,5
-3498831,1852061240026990,1822372590003262346841762250072592,5652161254114895950,200876,25533892,604
11316,-5983809882652,1822372589919385358814899935741093,5652161254114895950,200876,25533892,620
-268014430,141870152056267812,1822374577564624448005260044503795,5652161254114895950,200876,25533893,127
5831666354,-3083765141142433686,1822331351436640150844632680010226,5652161254114895950,200875,25533893,260
-987665247,522786357951328080,1822338675837159793669597554955447,5652161254114895950,200876,25533893,307
-652805391,345542208756267255,1822343516991667518145590975958426,5652161254114895950,200876,25533893,365
-71845651,38029370828943861,1822344049795056942355984480194851,5652161254114895950,200876,25533893,422
173823108239,-91855263593927671839,1821197289593243897256608100365538,6996589062300544738,200863,25533895,14
-131724653,69636875756139922,1821198077754883724248299020454590,6996589062300544738,200863,25533895,333
-3289949436,1739267244673212568,1821217763068286632713904003088040,6996589062300544738,200863,25533895,394
-679065536,358999999691882496,1821221826289466254571914802731773,6996589062300544738,200863,25533895,438
-520173501,274999999979323392,1821224938784801271317364286010059,6996589062300544738,200863,25533895,487
-754721294,398999996487172096,1821229454732538840028091392658970,6996589062300544738,200863,25533895,522
-64311917,33999999993905152,1821229839550143856594930963228348,6996589062300544738,200863,25533895,561
-87010198,45999999988793344,1821230360185727080793487898554636,6996589062300544738,200863,25533895,579
-236440501,124999998038343680,1821231774956311810610553359427417,6996589062300544738,200863,25533895,595
-449729617,237760991102993573,1821234465974405311216154054006942,6996589062300544738,200863,25533895,925
-104976086,55498376788337578,1821235094114183011907556887496637,6996589062300544738,200863,25533895,981
-104224589,55101115949713122,1821235717757697050430141751505949,6996589062300544738,200863,25533895,989
-97902664,51758895756716930,1821236303573411961383399658191433,6996589062300544738,200863,25533895,1000
91322798536,-48218453583724693980,1820788246881027936578917719310878,14579748863377294030,200859,25533896,10
-7545365899,3987148279529999360,1820809902705665371699909550540357,14579748863377294030,200859,25533896,199
415024,-219091508176453,1820809901515094959413779287349470,14579748863377294030,200859,25533896,354
-430668767,227578336531486221,1820811137585640042330648660736367,14579748863377294030,200859,25533896,631
-468553922,247598343779952311,1820812482392990435148870523951967,14579748863377294030,200859,25533896,884
-157794067,83383333990087625,1820812935281805191463616658201553,14579748863377294030,200859,25533896,1340
57458837452,-30329958245580064427,1820648118529236311180425918168680,14579748863377294030,200857,25533897,2
-1968438834,1040000000000000000,1820653767192402053138017812920397,14579748863377294030,200857,25533897,367
-38462235,20321104513990656,1820653877564589125610748268139405,14579748863377294030,200857,25533897,372
-55607373,29379556754325504,1820654037136916110210568117817721,14579748863377294030,200857,25533897,379
-72752503,38438009011437568,1820654245909383098061361811487047,14579748863377294030,200857,25533897,386
-40561732,21430362579309991,1820654362306402069449013220646716,14579748863377294030,200857,25533897,591
-37854448,20000000000000000,1820654470934539872178966910930402,14579748863377294030,200857,25533897,802
263522,-139089766657123,1820654470178708839693745707721562,14579748863377294030,200857,25533897,882
-31839461946,16822890290400600064,1820745842140944131899359667366688,14579748863377294030,200858,25533899,11
-11718933992,6192311827973688174,1820779475106072461920262798645550,14579748863377294030,200858,25533900,35
-266436796718,140898808250689536000,1822380294936438788379708576024789,5652161254114895950,200876,25533902,2
-874663002,462997192881888891,1822386781672040357000075762741721,5652161254114895950,200876,25533902,202
-5026825620,2660981478747819021,1822424062855509025486724858749684,5652161254114895950,200876,25533902,387
-7170653566,3796018593853553664,1822477246264254330452872203748394,5652161254114895950,200877,25533904,104
-7170235071,3796018593853553664,1822530429672999635419019548747104,5652161254114895950,200878,25533904,110
-4132896178,2188111310691691624,1822561085797394064742323264426554,5652161254114895950,200878,25533904,133
2035731126,-1076724605914645313,1822545993002226834249454797591316,5652161254114895950,200878,25533904,373
-45097501771,23880711126425968640,1822880759131417266511510891157516,5646212738438702834,200881,25533905,2
103669644,-54851887399982196,1822879989444823710770407432697737,5646212738438702834,200881,25533905,195
-43828838243,23217300373456965632,1823205613788127425813469668681954,5646212738438702834,200885,25533906,9
-7525229235,3987148279529999872,1823261533835647712935727158895606,5646212738438702834,200886,25533909,103
-7524767647,3987148279529999872,1823317453883168000057984649109258,5646212738438702834,200886,25533909,146
1090787,-577414810841546,1823317445780831692385061043903902,5646212738438702834,200886,25533915,297
-84329285230,44700167277643415552,1823935020443541244521573976006385,5809548247145107773,200893,25533921,7
-36591569203,19405318260199059456,1824199529647963608620394694600703,5809548247145107773,200896,25533922,9
-41983904528,22271927690515575007,1824503112912890192959912937153068,5809548247145107773,200899,25533922,69
18084025,-9585348165459375,1824502982191964933062966460537004,5809548247145107773,200899,25533923,32
19458221812,-10312939181582214439,1824362338688078096081311136321604,5809548247145107773,200898,25533923,69
76628221,-40610135049943079,1824361784864227671184679530994222,5809548247145107773,200898,25533923,187
-179380056,95160000000000000,1824363081967194771605068777708609,5809548247145107773,200898,25533924,104
-5089287381,2699891554500000000,1824399883536616706413416053946448,5809548247145107773,200898,25533927,146
99726365792,-52832655175250627560,1823680597610716389267939752617923,5819430131411945540,200890,25533935,16
146987783760,-77793581315171912709,1822592996130454155243232832208695,5662043138381733717,200878,25533935,23
-122199803320,64732709597074427375,1823499178078114764774820527734784,5656094622705540601,200888,25533935,133
-7522806904,3987148279529999872,1823555000426520264595892814148488,5656094622705540601,200889,25533940,27
-3350914120,1776090073498910720,1823579866699839322880440368352718,5656094622705540601,200889,25533942,55
-55395061196,29367990566788723494,1823980392915334538913789532700672,5819430131411945540,200894,25533945,13
354629,-187861319710678,1823980390357711742165715237405419,5819430131411945540,200894,25533948,138
-350865688,186054366590519491,1823982922113379775442583260990800,5819430131411945540,200894,25533948,156
-2499818546,1325599556866571673,1824000960358077496795067399865940,5819430131411945540,200894,25533948,177
36874483096,-19531535148420859179,1823735049846919473371863214184371,5819430131411945540,200891,25533949,17
158843927183,-84069569534639198935,1822561142959063779450522451216510,5662043138381733717,200878,25533949,24
-150528666931,79745711251669064287,1823675640181022624810544524165120,5819430131411945540,200890,25533949,98
-11071146944,5869010163857408761,1823755503395309840844040414691328,5819430131411945540,200891,25533949,103
13009893773,-6889826327998569419,1823661702410044418319989734900891,5819430131411945540,200890,25533951,267
-1886471157,1000000000000000000,1823675310022240940043341677392132,5819430131411945540,200890,25533952,281
-22060321910,11695069665936930816,1823834451994866314659819541054614,5819430131411945540,200892,25533953,17
-32948990,17469120000000000,1823834689707876689161387382940226,5819430131411945540,200892,25533954,155
-318910629,169082445598501436,1823836990516225633050303653071503,5819430131411945540,200892,25533954,231
-660987694,350448805000000000,1823841759287658807513408881911987,5819430131411945540,200892,25533956,11
16318,-8642561441238,1823841759169995351308315154918870,5819430131411945540,200892,25533956,113
-3657119754,1939000000000000000,1823868144330044406929894571409388,5819430131411945540,200892,25533957,269
5197325202,-2752843197265107984,1823830665968197266819998411205123,5819430131411945540,200892,25533958,155
-102907522,54560000000000000,1823831408399518709045224493187445,5819430131411945540,200892,25533959,45
8603387385,-4556671470825699063,1823769371963018508582316896206588,5819430131411945540,200891,25533959,287
-7751156,4109267059572726,1823769427880331067189093674734869,5819430131411945540,200891,25533960,166
177160000,-93827222622414207,1823768150477170564415175989214158,5819430131411945540,200891,25533961,211
60810130007,-32198316779569349244,1823321643478984440220115804850695,5656094622705540601,200886,25533961,333
145268643906,-76853852346504193581,1822245585727912466693496355752043,5662043138381733717,200875,25533961,340
-4209558797,2228003424767949033,1822276746274167430183365175012920,5662043138381733717,200875,25533961,427
-1366129849,723071245440019027,1822286859048115035066527736230365,5662043138381733717,200875,25533961,461
532398,-281509385261729,1822286855108994336105992807279397,5662043138381733717,200875,25533961,465
16857642,-8913615742872237,1822286730382039877078660712663203,5662043138381733717,200875,25533961,531
1202419697,-635786084107542736,1822277833917995914146483332416285,5662043138381733717,200875,25533961,557
8998275893,-4757691240318749375,1822211260222676383305215489650544,5662043138381733717,200874,25533961,574
775892928,-410224418437774289,1822205520010866447016328396517054,5662043138381733717,200874,25533961,998
-194378741680,102954352045852573696,1823645449269862962295849285633446,5819430131411945540,200890,25533962,9
-30491746423,16164918855700275200,1823865415216839573340425190532361,5819430131411945540,200892,25533963,11
-28290954,15000000000000000,1823865619331022521166275469669729,5819430131411945540,200892,25533964,64
101000000,-53497132603404847,1823864890998622227987949308422248,5819430131411945540,200892,25533964,78
10000000,-5296743477721171,1823864818886535035106007959065528,5819430131411945540,200892,25533966,52
-40429973968,21439578916844158976,1824156560362092173682490900454414,5819430131411945540,200895,25533969,18
-1885461,1000000000000000,1824156573969704370204214252396905,5819430131411945540,200895,25533969,117
-48851958459,25914819395226181632,1824509212782177507704005723414808,5819430131411945540,200899,25533970,2
-56990952201,30245005560004419584,1824919230477624054767450272362944,5842164530645122382,200904,25533971,2
-2496031372,1324950468604267979,1824937189729508187984807844093086,5842164530645122382,200904,25533972,182
-879919340,467087502861066604,1824943520941364469197393921844210,5842164530645122382,200904,25533973,181
-7510911336,3987148279529998848,1824997565376947709676635478761027,5842164530645122382,200905,25533974,23
-6873928939,3649214752479161893,1825047029238784074334469212864512,5842164530645122382,200905,25533975,119
-7510059404,3987148279529998848,1825101073674367314813710769781329,5842164530645122382,200906,25533975,249
-7509614645,3987148279529999360,1825155118109950555299895783869631,5842164530645122382,200906,25533976,282
-20244926208,10750000000000000000,1825300830694933303981300103016583,5842164530645122382,200908,25533983,763
-5950451976,3160000000000000000,1825343663417588698012298954040245,5842164530645122382,200908,25533991,70
91620281669,-48590092901315423778,1824684711798411427784073458198605,5842164530645122382,200901,25533993,122
-54793389615,29084103925232557107,1825078936911420966712375213293568,5842164530645122382,200906,25533996,13
-4837415969,2568284068818758656,1825113749126363998613160656454874,5842164530645122382,200906,25533997,32
-21190229597,11251485347112876032,1825266259174254541542915645367802,5842164530645122382,200908,25533998,11
-4339218789,2304249306051033383,1825297492488006113717532711980598,5842164530645122382,200908,25533998,101
-243989666,129567834563620887,1825299248735829823701749439774390,5842164530645122382,200908,25533999,129
-17168234384,9117614414068133888,1825422834890727482983967928621826,5842164530645122382,200909,25534000,2
-6657595225,3536013760000000000,1825471724759322756953459370846711,5683805195662372302,200910,25534000,40
-2134073164,1133499457660020058,1825487517027638039623410377430460,5683805195662372302,200910,25534000,107
-1882699105,1000000000000000000,1825501449339831539919425528899396,5683805195662372302,200910,25534000,226
-611019159,324547525858215970,1825505971037283424694407292266151,5683805195662372302,200910,25534001,44
-188267397,100000000000000000,1825507364268502774724008807413044,5683805195662372302,200910,25534001,276
-1882658168,1000000000000000000,1825521296580696275020023958881980,5683805195662372302,200910,25534001,286
-5008159265,2660227572246188032,1825558359701738566275180037737142,5683805195662372302,200911,25534005,62
-10556168403,5607565715174935552,1825636486057927952237678036140845,5683805195662372302,200912,25534008,34
-2691811539,1430000000000000000,1825656409264364657660979702741423,5683805195662372302,200912,25534011,189
-22491466628,11949603762634981376,1825822894874574314028953611683910,5683805195662372302,200914,25534015,5
-25288037071,13438010672447840256,1826010117434522446186087630237515,5683805195662372302,200916,25534017,12
-466292032,247812500000000000,1826013570035637897978193884960910,5683805195662372302,200916,25534017,189
-48569210,25812327225224870,1826013929661039240598303929672359,5683805195662372302,200916,25534017,282
-39475023,20979188121082428,1826014221949637709691569173932012,5683805195662372302,200916,25534017,428
-42129532,22389946910742280,1826014533893368066050508729666979,5683805195662372302,200916,25534017,497
619933307,-329136441639608911,1826009945967746074232802599245127,5683805195662372302,200916,25534018,35
162726,-86394313160522,1826009944763471394197354236672928,5683805195662372302,200916,25534018,68
-799088571,424678854679810505,1826015861521856771461492273446172,5683805195662372302,200916,25534019,576
-17833000167,9478136193567887360,1826147913874318073820495496382349,5683805195662372302,200917,25534020,5
-3208223,1705275257263997,1826147937632745333874023485838854,5683805195662372302,200917,25534022,506
-3039029,1615343163832106,1826147960138210592019398863427653,5683805195662372302,200917,25534022,525
107272773,-56961953106074229,1826147166129492407577125671467196,5683805195662372302,200917,25534023,498
-96984805,51550567560997179,1826147884348093419518931699259017,5683805195662372302,200917,25534023,515
-21554012917,11457662457003206656,1826307516078452135856126008911308,5683805195662372302,200919,25534024,12
-5369459116,2854603831620786176,1826347287310223038801227222924363,5683805195662372302,200919,25534025,27
-212381,112912291597961,1826347288883352335827560014894920,5683805195662372302,200919,25534025,775
-34801502566,18504785875720069120,1826605119930227290372441327496866,5683436685241187111,200922,25534031,15
-25533327139,13580000000000000000,1826794332997474577230641850380358,5683436685241187111,200924,25534031,283
-94273852950,50164297725512736768,1827493291264269254941114854474240,5683232407858336765,200932,25534032,5
-5431092251,2891121674622022656,1827533575333673131009270928552472,5683232407858336765,200932,25534034,28
-1230977,655297790760671,1827533584464406685023623396819160,5683232407858336765,200932,25534034,1599
-53578689263,28528261386188169216,1827931089167076582051619489102494,5683232407858336765,200937,25534035,5
-15640108200,8330000000000000000,1828047157024434456368087347163761,5683232407858336765,200938,25534038,3
250000000,-133026446062266178,1828045302544425378591215808969856,5683232407858336765,200938,25534041,66
47528024925,-25285034822335247749,1827692811795443721796937796903240,5683232407858336765,200934,25534044,2
40542937954,-21561244591548868750,1827392233239453826107555816856612,5683232407858336765,200931,25534046,22
216901518,-115331884314950766,1827390625433786588819315503236686,5683232407858336765,200931,25534046,723
25903266958,-13771946512072500803,1827198637339359232384882463325628,5683436685241187111,200929,25534047,83
9176182149,-4877991276555609298,1827130637235371848769028907617724,5683436685241187111,200928,25534047,172
8303862037,-4413959357662992657,1827069105822480699296281870523180,5683436685241187111,200927,25534049,21
-23058759780,12270000000000000000,1827240066377349934182152298783890,5683436685241187111,200929,25534050,19
24794563361,-13180371226173445541,1827056329555539753620933278579170,5683436685241187111,200927,25534050,104
-16048712,8538903966626909,1827056448529929330609278472665470,5683436685241187111,200927,25534050,156
13684242443,-7273178072472317605,1826955059077343818645535937220790,5683436685241187111,200926,25534050,183
43572045923,-23153176412069356982,1826632299499805036360153968232198,5683436685241187111,200923,25534051,5
-47982325,25517708876591588,1826632655043543303165226829125685,5683436685241187111,200923,25534051,214
-6472275623,3442142733000000000,1826680615160215901749388930105082,5683436685241187111,200923,25534052,37
2948373779,-1566484923394475290,1826658778069568066796890492300553,5683436685241187111,200923,25534052,103
1597589932,-848791436280172478,1826646945759369388556922889849185,5683436685241187111,200923,25534053,237
-9401262454,5000000000000000000,1826716611837148212878793480012473,5683436685241187111,200924,25534055,220
9450829408,-5021335841309415356,1826646613483316444996338675214907,5683436685241187111,200923,25534056,144
-9307256765,4950000000000000000,1826715582900317481074990559476562,5683436685241187111,200924,25534058,71
2705223607,-1437354532964795723,1826695545911285110656465835141793,5683436685241187111,200923,25534063,316
63376868158,-33664731675326748419,1826226261272819160650959080166728,5683805195662372302,200918,25534064,12
77517778524,-41152637861339831076,1825652623055440224310227949306917,5683805195662372302,200912,25534067,9
7961595316,-4225187730953052731,1825593726972855146706765233552499,5683805195662372302,200911,25534068,180
7634648293,-4051422173524620736,1825537253057348178677109284006542,5683805195662372302,200911,25534069,259
-7568606,4020271160069609,1825537309069021083292500399530679,5683805195662372302,200911,25534070,316
1014276008,-538219495435918957,1825529806675785424032261469217292,5683805195662372302,200911,25534072,138
5972877987,-3169382244035374390,1825485627763444816350968902029906,5683805195662372302,200910,25534076,35
3150346991,-1671603665409977907,1825462326808837221329255334382700,5683805195662372302,200910,25534076,600
28965350680,-15367324841343826803,1825253218094136719778452926743992,5842164530645122382,200907,25534077,7
-233877843,124192039863000000,1825254901474896042410956022175649,5842164530645122382,200908,25534077,269
64653630041,-34288851244034681097,1824789895283348433135122975946045,5842164530645122382,200902,25534078,12
597000000,-316535683132802304,1824785602603740856243029374569361,5842164530645122382,200902,25534079,128
33457325694,-17737046101160334101,1824545062721021984588774581887092,5842164530645122382,200900,25534081,33
2524847607,-1338331405450720233,1824526913020250499352777373661559,5842164530645122382,200900,25534081,70
7819667801,-4144756829419836818,1824470496531762727044711614582389,5819430131411945540,200899,25534085,46
30876036907,-16363109619423079291,1824247722294613869187130151955186,5819430131411945540,200896,25534086,29
81307240030,-43070593343664400825,1823661341172758266331375165720932,5819430131411945540,200890,25534086,138
-20843560638,11049792789138356224,1823811702467884783218780390256944,5819430131411945540,200892,25534086,168
-10045093072,5325853944170893291,1823884174622972376391802099098363,5819430131411945540,200892,25534086,567
-17512678965,9286139818589964278,1824010536812426427213215655611451,5819430131411945540,200894,25534087,55
-1002173,531441578621029,1824010544044077334195481610040285,5819430131411945540,200894,25534091,677
-3234650,1715300000000000,1824010567385214534889193675627240,5819430131411945540,200894,25534091,751
-9116070,4834153346367488,1824010633166498570775722884690376,5819430131411945540,200894,25534092,133
-221503273,117460892062649487,1824012231528766016806565096015904,5819430131411945540,200894,25534092,806
-33881088,17966808408872164,1824012476014127253944469556076356,5819430131411945540,200894,25534093,156
-20218143,10721485443554350,1824012621907943340484750296446748,5819430131411945540,200894,25534093,166
-4917335,2607615279873934,1824012657391360826733690290820230,5819430131411945540,200894,25534093,296
-9310194119,4937288010435107955,1824079842091909363982415328793172,5819430131411945540,200895,25534094,82
-4024992838,2134606117389763072,1824108888984147126803931750862813,5819430131411945540,200895,25534095,198
-11569870,6136038170001379,1824108972480974967237527592795666,5819430131411945540,200895,25534095,620
-4241590809,2249550000000000000,1824139583484991652680293955026839,5819430131411945540,200895,25534096,243
-1885482870,1000000000000000000,1824153191097188174403645897518080,5819430131411945540,200895,25534098,105
-95009792624,50409473965882187776,1824837916722150991155973297650214,5842164530645122382,200903,25534100,2
-1981579151,1051771609365629426,1824852173127733515028219774609927,5842164530645122382,200903,25534101,203
24203,-12833114790042,1824852172953698001509843630505372,5842164530645122382,200903,25534101,237
-2825793587,1499887500000000000,1824872503417401100343599892899281,5842164530645122382,200903,25534106,642
3829868,-2030824890525284,1824872475876491627398117093357364,5842164530645122382,200903,25534107,176
54743,-29027676720208,1824872475482834537369829374712255,5842164530645122382,200903,25534107,190
-58252959818,30927215926918979584,1825291683350651374611269732555776,5842164530645122382,200908,25534109,11
-746653884,396500000000000000,1825297057772971901109146645350358,5842164530645122382,200908,25534109,233
-3344352851,1776000000000000000,1825321130847476958007581442634542,5842164530645122382,200908,25534111,349
12606,-6687371828162,1825321130756786567619610020191708,5842164530645122382,200908,25534118,201
-10926847992,5802968494720332606,1825399788016315790843579816938687,5842164530645122382,200909,25534118,663
20674422151,-10968256844237311709,1825251042661542725785526619814245,5842164530645122382,200907,25534122,98
1113800,-590848332243410,1825251034648788644192794801289177,5842164530645122382,200907,25534139,228
-236860,125775580581172,1825251036353633758070796613593334,5842164530645122382,200907,25534140,58
-9996198,5308087929466144,1825251108302955945813851101423533,5842164530645122382,200907,25534141,296
-2084190964,1106736807541500049,1825266109743060357608968007264493,5842164530645122382,200908,25534142,83
-37286765,19800000000000000,1825266378125309907229795151963945,5842164530645122382,200908,25534144,108
-11287718,5994000000000000,1825266459371936361796827369404779,5842164530645122382,200908,25534144,151
-1066875029,566533973648124184,1825274138546799693573296634667581,5842164530645122382,200908,25534149,377
-34452074,18294884466211690,1825274386527721324497910953189483,5842164530645122382,200908,25534149,435
-88255,46865983534837,1825274387162973753206743700736487,5842164530645122382,200908,25534151,257
1022206,-542273014748052,1825274379808970915013053279473715,5842164530645122382,200908,25534152,421
-490003,260203473498224,1825274383335940286633163914784128,5842164530645122382,200908,25534152,735
5475953277,-2904894130073108449,1825234988789104620835885187158411,5842164530645122382,200907,25534154,27
418634110,-222072660507694785,1825231977164090572176818118971176,5842164530645122382,200907,25534154,313
-508980122,270268770283385226,1825235640565128535037386698382323,5842164530645122382,200907,25534155,165
249250,-132219656549854,1825235638772039623939005410073675,5842164530645122382,200907,25534163,157
249250,-132219656290072,1825235636978950716363640841896526,5842164530645122382,200907,25534163,164
249250,-132219656030290,1825235635185861812311292983467972,5842164530645122382,200907,25534163,174
199400,-105775724637189,1825235633751390691605986720766806,5842164530645122382,200907,25534166,468
3831313,-2032399579345246,1825235606189126171043666747952065,5842164530645122382,200907,25534169,30
987125915,-523639451572013119,1825228504884233026157343114859092,5842164530645122382,200907,25534171,38
423697,-224757063368023,1825228501836203644351442445626857,5842164530645122382,200907,25534177,95
3292079112,-1746315636949502503,1825204819281842211795453963087311,5842164530645122382,200907,25534182,23
72907462,-38673964867486013,1825204294807196295963814990390606,5842164530645122382,200907,25534182,64
4917394571,-2608394257305844358,1825168921225532329889915498926996,5842164530645122382,200907,25534186,64
8462479234,-4488620539288317937,1825108049068357336789275245472268,5842164530645122382,200906,25534191,30
126777263,-67242204806469761,1825107137167245637673019645398267,5842164530645122382,200906,25534191,75
-1635468878,868320083415986368,1825118906949938379936971742419202,5842164530645122382,200906,25534197,9
-128799358,68383965663992882,1825119833871278684302608748953768,5842164530645122382,200906,25534201,797
65883332024,-34935680216721559665,1824646055747564811353634680693360,5842164530645122382,200901,25534202,9
4443121492,-2355382706390698646,1824614113366814263869446039797760,5842164530645122382,200900,25534203,67
-88918606,47183797601388202,1824614752927104291877971238435491,5842164530645122382,200900,25534204,1660
360057,-190869299945584,1824614750338641773277387885988189,5842164530645122382,200900,25534205,251
-65544183226,34789387168923664962,1825086308620906846401798275794633,5842164530645122382,200906,25534207,36
50000000,-26519196662744106,1825085948982418076963518671006673,5842164530645122382,200906,25534207,62
16264689735,-8625975489193521942,1824968968335208126109381884149446,5842164530645122382,200904,25534207,67
57309757886,-30385409952586724298,1824556898427700702570034523282730,5842164530645122382,200900,25534208,2
-39254609,20828767875712415,1824557180754548067750581511969831,5842164530645122382,200900,25534208,305
23335482221,-12368451788501736021,1824388921678859655430615091078419,5819430131411945540,200898,25534210,9
96382622,-51080724897613920,1824388226244447325323524564470589,5819430131411945540,200898,25534211,102
11061211052,-5861946265405445185,1824308419249453342228928169771008,5819430131411945540,200897,25534212,105
929506356,-492573363130805991,1824301713149099344750803444254351,5819430131411945540,200897,25534213,158
6590767326,-3492541885203592398,1824254164219080375889845084115743,5819430131411945540,200897,25534216,23
137094794,-72646559219170392,1824253175178354746954700105077112,5819430131411945540,200897,25534217,24
-11096797,5886077010318395,1824253255273808062229402652265909,5819430131411945540,200897,25534226,303
11625386691,-6160008797242606031,1824169390330496366784239298324520,5819430131411945540,200896,25534228,26
9576,-5073743134449,1824169390261420299792388503805537,5819430131411945540,200896,25534231,558
287492750,-152328217909410045,1824167316401174278274676969610642,5819430131411945540,200896,25534232,89
-1880261,997253640617984,1824167329971415081373647428148217,5819430131411945540,200896,25534233,927
21589699479,-11438326746108916439,1824011603793788115561691136953457,5819430131411945540,200894,25534236,2
47325487614,-25066440058279494450,1823670338765813703609128750479017,5819430131411945540,200890,25534238,6
143525,-76005170281044,1823670337731047438361457279856866,5819430131411945540,200890,25534241,75
56298,-29812795292991,1823670337325163539570739445021559,5819430131411945540,200890,25534242,151
-7172748717,3802319794258221568,1823722077818370963716346709033316,5819430131411945540,200891,25534244,175
-4094844678,2170800000000000000,1823751617222927173073399105793304,5819430131411945540,200891,25534246,30
52416054491,-27754174647132579539,1823366884429544864621931355006930,5656094622705540601,200887,25534249,138
17985111967,-9520354898943779882,1823233527356256336883163018035200,5656094622705540601,200885,25534249,861
6397027984,-3385908213184981657,1823186098997279505842048915378268,5656094622705540601,200885,25534253,61
40019325953,-21177989666116494414,1822889446745342835863639625995425,5656094622705540601,200882,25534254,12
-3745874859,1983985882939523072,1822917223274018011149314975250157,5656176983770184516,200882,25534256,895
-2092547960,1108335000000000000,1822932740369766488723809159055204,5656176983770184516,200882,25534257,186
-94399,50000000000000,1822932741069784793138881068459120,5656176983770184516,200882,25534257,255
-2500000,1324156563613043,1822932759608461441948678360595164,5656176983770184516,200882,25534258,10
-566057131,299820000000000000,1822936957198222036485875910242544,5656176983770184516,200882,25534259,7
-6665778025,3530725523239777280,1822986388648104703015098779811350,5656176983770184516,200883,25534259,111
-105393903,55826520457918649,1822987170239828549925819013761461,5656176983770184516,200883,25534259,694
-7166301067,3796018593853554176,1823020847600341875981206467574962,8925913364054195012,200883,25534261,243
-7165959776,3796018593853554176,1823073993250333824991284476934057,5656176983770184516,200884,25534261,275
15993800054,-8463609982855789461,1822955440335687918326524629390462,5656176983770184516,200882,25534263,14
-2401424079,1271988672541117240,1822973248642763666547072541712197,5656176983770184516,200882,25534263,30
31920000000,-16888486995359441084,1822736685360509989541318753574339,5656176983770184516,200880,25534263,384
-6986703350,3699857257655010816,1822765066319609113753405947400254,10323341245083859780,200880,25534265,12
-6986396026,3699857257655010816,1822816865675690742923497150661165,5656176983770184516,200881,25534265,286
-2348304419,1243662829422672960,1822834277410593073130087246959381,5656176983770184516,200881,25534267,125
4644638798,-2457320190365843486,1822799856818035497952887868942258,5656176983770184516,200881,25534268,35
360456516,-190701384448012261,1822797185593227275755644708509506,5656176983770184516,200881,25534268,125
709169,-375188757950859,1822797180337819608394811528918648,5656176983770184516,200881,25534268,183
-24073150256,12750000000000000000,1822975685005445451731709527731599,5656176983770184516,200883,25534277,26
1706058921,-902768498716075663,1822963039593264349834604222063770,5656176983770184516,200882,25534277,148
17993937423,-9520807649179457686,1822829678119982896092305512163631,5656176983770184516,200881,25534279,28
32039296898,-16948927994412375908,1822592381744183999814274941466531,5662125499446377632,200878,25534280,62
1002719096,-530371586300106629,1822584960438132687171659271617639,5662125499446377632,200878,25534280,226
102553272,-54243603692498772,1822584201426159333905665477490949,5662125499446377632,200878,25534280,710
11040480677,-5839388165463722986,1822502492888508151958033542043658,5662125499446377632,200877,25534281,40
-2038967,1079455041224999,1822502507985396735875426126773412,5662125499446377632,200877,25534283,569
-36842433,19504852959912772,1822502780773591459881118230728200,5662125499446377632,200877,25534284,435
-5883064380,3114644000000000000,1822546341118071583339242735020522,5662125499446377632,200878,25534286,15
30388386449,-16070701820395400233,1822321469349392301231991165623237,5662125499446377632,200875,25534289,15
12155792420,-6427401880929621497,1822231532939325697949943221452114,5662125499446377632,200874,25534290,25
11551271622,-6107172334314280114,1822146077390476951841745466251025,5662125499446377632,200873,25534290,34
37307816043,-19720778897128285601,1821870131356514560096890351696650,5662125499446377632,200870,25534291,12
506667,-267781462507616,1821870127609541231452865420158836,5662125499446377632,200870,25534291,308
-18741679573,9915952318961905664,1822008808723293705138972003884318,5662125499446377632,200872,25534295,9
4471875413,-2363776371633005673,1821975733218602502302287700796762,5662125499446377632,200872,25534296,29
118032301,-62389207646590940,1821974860228012123548333802411161,5662125499446377632,200872,25534296,95
-1000000,529106133898971,1821974867627909337864145546623190,5662125499446377632,200872,25534298,33
-475819803,251759664135004266,1821978388652365398000967412550190,5662125499446377632,200872,25534298,151
-162999029,86244177020822682,1821979594833893826862717436397213,5662125499446377632,200872,25534298,350
-13229080318,7000000000000000000,1822077494436981969265788711973573,5662125499446377632,200873,25534299,231
628165,-332070593104290,1822077489790433085944981096711911,5662125499446377632,200873,25534301,276
-14173144,7499942779541015,1822077594682064700351384234308723,5662125499446377632,200873,25534302,34
-4488255946,2375074855331862478,1822110811665727788433526430011166,5662125499446377632,200873,25534303,282
-1448783,766674375424129,1822110822388173081558038690168559,5662125499446377632,200873,25534310,396
-423170,223935454514778,1822110825520057669323677701646285,5662125499446377632,200873,25534310,412
-945210,500191375744215,1822110832515562976962314913240876,5662125499446377632,200873,25534312,299
-46490682255,24606823335036284928,1822454975120957275937414059084856,5662125499446377632,200877,25534313,7
-1336762869,707666083733322696,1822464872296488194857262304913018,5662125499446377632,200877,25534313,70
259590,-137287051569661,1822464870375477995784703834354362,5662125499446377632,200877,25534313,468
399000000,-211015401404371973,1822461917709996258764296752027660,5662125499446377632,200877,25534314,179
100000000,-52885958357074079,1822461177695084217946738782406750,5662125499446377632,200877,25534314,351
-2730008,1445235197671803,1822461197907648820958527109617542,5662125499446377632,200877,25534314,784
1017154,-537931208329924,1822461190380563594884852376218735,5662125499446377632,200877,25534320,168
6708487623,-3547749938763903921,1822411547943507785878957279948176,5662125499446377632,200876,25534324,57
-1055455,558715850186187,1822411555757516353347764746062021,5662125499446377632,200876,25534324,367
-2476946,1311195645255998,1822411574095449673556751986352603,5662125499446377632,200876,25534324,844
-31925428,16900040681376720,1822411810453631799305397188342898,5662125499446377632,200876,25534324,1531
