amount0,amount1,sqrtPriceX96,liquidity,tick,block,logIndex
198000000,-103054563397733671,1810220745727039721704642213754134,659292489292643797,200742,25785530,154
-350057280,183296061401072110,1810242706607446565341650144483518,659292489292643797,200742,25785663,25
198000000,-103055653774076215,1810230322255140465044141975588614,659292459017367358,200742,25785846,108
198000000,-103054243721393754,1810217938072282508058080154704013,659292459017367358,200742,25785946,63
198000000,-103052833697650534,1810205554058869216711463716704485,659292459017367358,200742,25786053,901
4971556,-2587521749532097,1810205243112504098765747546588358,659292459017367358,200742,25786082,98
-18907477,9900000000000000,1810206429241242216098542521852724,659292459017367358,200742,25786089,223
-6283668727,3290862561148488704,1810600710721744502041795585781702,659292459017367358,200746,25786110,27
-2822181137,1478490093865580544,1810777850074204679614210813478707,659292459017367358,200748,25786115,69
-4644967887,2434045399452122624,1811069475447757451881795509291910,659292459017367358,200751,25786119,38
-1815008139,951309434344219392,1811183452766840060225115279119644,659292459017367358,200753,25786121,36
-3232865090,1694754613791836928,1811386502984160811662033146097247,659292459017367358,200755,25786123,52
-1140158741,597792444933401216,1811458125085005754120249520294212,659292459017367358,200756,25786124,32
-2154784690,1129896356234976000,1811593499078866801030537369254681,659292459017367358,200757,25786125,63
-4029454836,2113363431899286272,1811847092294574734014960104341831,654129196947799478,200760,25786126,47
648255,-338006292175621,1811847051355234963998365280971331,654129196947799478,200760,25786133,160
-188731150,99000000000000000,1811859006267752451710486733274019,654129196947799478,200760,25786133,169
-56618859,29700000000000000,1811862592741507698024123168964825,654129196947799478,200760,25786139,102
198000000,-103240167702358255,1811850088336177174937947479639632,654131769445782738,200760,25786201,315
360539,-187988938438371,1811850065567036672714062874023423,654131769445782738,200760,25786219,167
-18873164,9900000000000000,1811851261053586924053443604116346,654131769445782738,200760,25786230,119
-18873139,9900000000000000,1811852456540137175392824334209269,654131769445782738,200760,25786232,188
-169857134,89100000000000000,1811863215919089437447250905045581,654131769445782738,200760,25786238,178
7074760,-3688912613316002,1811862769119558088673518879983041,654131769445782738,200760,25786251,94
325617,-169782709220048,1811862748555548348564085732896899,654131769445782738,200760,25786253,107
-1048709956,550132852668487424,1811929180517792447389729388580726,654131769445782738,200761,25786285,149
-1326293090,695805341476901248,1812013203338734737880738554656163,654131769445782738,200762,25786362,171
-2022848689,1061359485010252288,1812141369095230843401742811035572,654131769445782738,200763,25786363,119
-19057672,9999999113918057,1812142576657295814547841201130978,654131769445782738,200763,25786367,151
-6338263,3325835821973846,1812142978272648694733730766731954,654131769445782738,200763,25786367,340
-1127301979,591545267377796065,1812214411041438087419040030953383,654131769445782738,200764,25786379,87
869029,-453303370999561,1812214356137526026633736013023141,654131769445782738,200764,25786383,33
-952775822,500000000000000000,1812274734246124579127712280342518,654131769445782738,200765,25786474,819
-190548,100000000000000,1812274746321746298838211075595981,654131769445782738,200765,25786684,1049
-121279646,63647817304436705,1812282432191396835054178625878732,654131769445782738,200765,25786722,98
43950,-22926889822372,1812282429414501662492003160733881,654131769445782738,200765,25786758,528
-762188,400000000000000,1812282477716988541333998341747736,654131769445782738,200765,25786758,721
-2410948449,1265383006188734000,1812435280582121393742047792227038,654131769445782738,200767,25786908,560
49500000,-25826494083512080,1812432152488110372346146558341160,654131769445782738,200767,25786967,351
49500000,-25826404935432806,1812429024404896928506478207825796,654131769445782738,200766,25786967,360
68211,-35588532437114,1812429020094428971934295858105826,654131769445782738,200766,25787000,409
78830,-41128863857460,1812429015112918423246608433570733,654131769445782738,200766,25787052,527
198000000,-103304727210926391,1812416502888167600469142982297056,654131769445782738,200766,25787072,63
99000000,-51651828728996761,1812410246840576199867149767487553,654131769445782738,200766,25787108,24
1910298,-996666994608486,1812410126124692474563026310458254,654131769445782738,200766,25787113,708
1028956,-536841008119016,1812410061102737232102869052195232,654131769445782738,200766,25787136,187
99000000,-51651461563026163,1812403805099616818153739418237514,654131769445782738,200766,25787183,68
99000000,-51651104987440673,1812397549139684687904378708252083,654131769445782738,200766,25787190,308
546546,-285147354472930,1812397514602758038041662570608383,654131769445782738,200766,25787200,27
15554942,-8115421148616444,1812396531666390065818416124100488,654131769445782738,200766,25787209,127
171949,-89710174179785,1812396520800731813015762370528704,654131769445782738,200766,25787278,73
257400000,-134291051829455366,1812380255525483723351354492487151,654131769445782738,200766,25787287,148
-123305376,64718464672176966,1812388070682460339919110351891919,654131769445782738,200766,25787295,276
160776,-83879875481805,1812388060522965392931075346589393,654131769445782738,200766,25787375,64
99000000,-51650207593776494,1812381804671725202724656806167141,654131769445782738,200766,25787380,149
-112283959,58933805729200221,1812388921295170090016807763853485,654131769445782738,200766,25787413,356
-101472906,53259871567727863,1812395352755789012479123068521359,654131769445782738,200766,25787414,153
778668233,-406239863183162649,1812346149155836486698852148444720,654131769445782738,200766,25787463,88
-50216528,26355752762011989,1812349331776841409418279073466336,654131769445782738,200766,25787501,129
-47621349,24993778811615969,1812352349931024161316812590499865,654131769445782738,200766,25787501,143
-2969890,1558731898075508,1812352538157591797378513362222179,654131769445782738,200766,25787553,399
4920266756,-2566465941093795507,1812041688891180869769614543516308,654131769445782738,200762,25787577,46
79200000,-41304402445953871,1812036686119472785275959401864997,654131769445782738,200762,25787579,160
2766181245,-1442476410706588211,1811861973988326360817613995183191,654131769445782738,200760,25787587,69
4915256922,-2562467708653909098,1811553533997931532810923017243213,659295031515350618,200757,25787588,59
3888464522,-2026553574012437869,1811310000969119404918579567696049,659295031515350618,200754,25787593,21
832590959,-433851147693837379,1811257864630161286860364313167636,659295031515350618,200754,25787594,381
-116734722,61193889411894478,1811265196301637484437645456348249,659295031515350618,200754,25787598,21
247500000,-128964910905773910,1811249698455557262043243672784366,659295031515350618,200753,25787600,495
1980000,-1031710388857896,1811249574473857948744151265904277,659295031515350618,200753,25787610,225
5940000,-3095130319115619,1811249202528861848755227813893346,659295031515350618,200753,25787630,440
-79348853,41595269192470062,1811254186079533558729112257292639,659295031515350618,200754,25787661,144
2280330118,-1188114463167773351,1811111409141632104873784540881560,659295031515350618,200752,25787702,61
37569649,-19573247903730186,1811109057004285817876624370097868,659295031515350618,200752,25787705,244
74864,-39002805599206,1811109052317278525521146305081551,659295031515350618,200752,25787709,730
3517504400,-1832344115932021134,1810888857638933314815485781154483,659295031515350618,200749,25787715,32
58380,-30407257839620,1810888853984861843666439815653554,659295031515350618,200749,25787917,22
99000000,-51564794421771424,1810882657390443298262902961651424,659295031515350618,200749,25787927,37
-95369638,49973281151449242,1810888644715052197306492722756780,659295031515350618,200749,25787965,7
1423853937,-741589460660561570,1810799527101784348569041383848316,659294702288416974,200748,25788009,52
9166635092,-4772534826213802194,1810226006393209262338967320384812,659294702288416974,200742,25788011,34
15549406245,-8088763455153751077,1809253970878074769170232393800093,659294702288416974,200731,25788012,28
19642181380,-10205406130991823740,1808027576107020508844921216902198,659294702288416974,200718,25788013,24
14962082402,-7764508126395781769,1807094506707939704385612728681739,659294702288416974,200708,25788014,57
1290870,-669545474807420,1807094426221077509721902594478851,659074738936084782,200708,25788021,53
380064,-197130347093482,1807094402486061007869993828266002,658026724978142473,200708,25788057,24
-843203940,440000000000000000,1807147220721267050535840940004913,658026724978142473,200708,25788093,358
-247640836,129228627577372946,1807162733512282359117353879804709,658026724978142473,200708,25788109,111
160286,-83143005184507,1807162723501644072501789826501603,658026724978142473,200708,25788230,30
122655,-63623219396004,1807162715841239753581830568225845,658026724978142473,200708,25788241,732
339717,-176216549554971,1807162694624299930494898342308279,658026724978142473,200708,25788301,903
495000000,-256760536743331544,1807131816890667853244208468300228,658813427654466449,200708,25788501,442
-27302125,14246960000000000,1807133525074098227731753426187317,658813427654466449,200708,25788504,286
69286,-35938593140142,1807133520752163400175969124123807,658813427654466449,200708,25788514,264
-948102749,494761411318018368,1807192841705180895516826576418401,658813427654466449,200709,25788543,254
-2871813,1498687129187369,1807193021394919716526447208976846,658813427654466449,200709,25788547,1249
-771024455,402378254734914418,1807241265783019436431120187199173,658813427654466449,200709,25788549,688
-1121052597,585087459955062912,1807311416657621115313976449051996,658813427654466449,200710,25788555,157
-963176357,502726705187126720,1807371692634236997565389055847396,658813427654466449,200711,25788559,34
-1281167,668723641325729,1807371772829075679774167187622582,658680794974999903,200711,25788925,474
-1579794,824595941218563,1807371871716470109151512036967204,658680794974999903,200711,25788941,493
176095,-91364247680129,1807371860726895920231168280776570,658680794974999903,200711,25788990,308
198000000,-102729043556856554,1807359504159921523344053165429053,658680794974999903,200710,25788998,100
1862749,-966449621160876,1807359387912373042612435902116182,658680794974999903,200710,25789016,240
-1271329551,663608556419162390,1807438969338602665406401881641794,658680794974999903,200711,25789110,258
693000000,-359572207514962081,1807395718881765390437798533180397,658680794974999903,200711,25789114,272
539945,-280150803228111,1807395685184360614121249464577217,658680794974999903,200711,25789186,100
305217,-158361894924518,1807395666136102272806123054584207,658680794974999903,200711,25789191,46
210906,-109428592538368,1807395652973692833396061416318492,658680794974999903,200711,25789197,168
965861,-501137480678660,1807395592695327251619987911943933,658680794974999903,200711,25789200,126
104960,-54458509544585,1807395586144889349985407730995171,658680794974999903,200711,25789201,126
83501,-43324295380418,1807395580933709152533204644627016,658680794974999903,200711,25789201,139
431228,-223742790138452,1807395554021234591684567388309896,658680794974999903,200711,25789209,173
239717094,-124376353028140744,1807380593648948317482531388355198,658680794974999903,200711,25789220,831
3103205363,-1609901127077591743,1807186949763926830135453919501917,658680794974999903,200709,25789224,169
9685692442,-5022588780930966761,1806582817256627869325256051022677,658680794974999903,200702,25789225,19
17033212867,-8824503468971286623,1805506843982113480873316011727301,647594854832598103,200690,25789237,27
3653020901,-1891170866103788548,1805275474026648586436938871156016,647594854832598103,200687,25789238,157
6613058017,-3422350255220661797,1804856380517827663032570270713035,646983349764112432,200683,25789242,54
19819124548,-10247164382660515202,1803601535234226762182321810662325,646983349764112432,200669,25789243,23
4261197170,-2201323643007104613,1803331965967261472680853672751732,646983349764112432,200666,25789249,113
7791135353,-4023179454302666803,1802839162785101627836220255205280,646808152156274127,200660,25789259,27
12495709168,-6447933696567698560,1802049349086727833421430626408506,646808152156274127,200652,25789260,39
18257516196,-9410941806939616434,1800892507458789737016346651544474,607483277019418812,200639,25789262,41
1669909,-860209590770850,1800892395269980872499698699452001,607483277019418812,200639,25789290,218
495000000,-254981515731531774,1800859140499469937957362473097167,607483277019418812,200638,25789303,150
395257,-203598601772640,1800859113946075434549369983544625,607483277019418812,200638,25789304,231
464592,-239313377840262,1800859082734748458778517269780914,607483277019418812,200638,25789306,420
-595988249,308853492866134474,1800899242663366442342108478776986,607483277019418812,200639,25789306,602
1164483,-599857025264597,1800899164429822111429607167703425,607483277019418812,200639,25789375,247
148500000,-76496018558446584,1800889187794712452184759681502367,607483277019418812,200639,25789390,26
1120655748,-577250129565256893,1800813902648920505766941897649288,607483277019418812,200638,25789467,441
-1613658627,836221308435734272,1800922635717612630011812786982595,607483277019418812,200639,25789500,737
-409913592,212439254530000000,1800950258993679254409023750276508,607483277019418812,200639,25789502,460
107586,-55423532961021,1800950251765324429408430887146265,607483277019418812,200639,25789504,268
-368652745,191061168885788437,1800974160236759642496439547824489,646808152156274127,200640,25789505,558
-6069161329,3146168384241765332,1801358381344355966315871881658368,646808152156274127,200644,25789507,54
-2789225935,1446346006997529088,1801535014186882619603107390106030,646808152156274127,200646,25789508,79
-7482879904,3881629904559293952,1802009052432476463389642560282321,646808152156274127,200651,25789509,17
-149361912,77500009970414940,1802018517005262428669307989751592,646808152156274127,200651,25789510,374
-1497632309,777127443379238016,1802113422531786124544746513058534,646808152156274127,200652,25789512,71
2331689,-1202736934220639,1802113275207363931242091103132113,646808152156274127,200652,25789517,390
547875900,-282601210110629914,1802078659109025141058810397680943,646808152156274127,200652,25789531,189
351729,-181422289427871,1802078636886431652428110594530381,646808152156274127,200652,25789537,358
-95391700,49500000000000000,1802084681999884981355277877435819,646808152156274127,200652,25789647,143
198000000,-102128877002141955,1802072172133957116475669627329230,646808152156274127,200652,25789649,307
590721839,-304687369247299954,1802035130378699541426660812805709,651692130648483433,200651,25789696,1072
-963569884,500000000000000000,1802095734515462801086752367888008,651692130648483433,200652,25789707,626
-963505077,500000000000000000,1802156338652226060746843922970307,651692130648483433,200653,25789736,872
99000000,-51068678130580770,1802150130080202500857823693147673,651692130648483433,200653,25789749,412
90014871,-46433436545631682,1802144485028369402359008225969988,651692130648483433,200653,25789764,183
99000000,-51068006328856493,1802138276538018788459703858637788,651692130648483433,200653,25789765,180
198000000,-102134957071850853,1802125859685648292765591622069047,651692130648483433,200652,25789769,566
970200000,-500440945890982736,1802065019582284777930642413080901,651692130648483433,200652,25789773,1334
-196742934,102091295232556283,1802077393891922002250424243547893,651692130648483433,200652,25789775,961
-963524689,500000000000000000,1802137998028685261910515798630192,651692130648483433,200653,25789781,919
-109012005,56571506537133392,1802144854963323422050394240346547,651692130648483433,200653,25789800,117
-963452555,500000000000000000,1802205459100086681710485795428846,651692130648483433,200653,25789806,545
5241071749,-2703245536434356866,1801876817450749191263413497479440,651692130648483433,200650,25789808,96
985047115,-507958585389928985,1801815063405455223025716104722068,651692130648483433,200649,25789809,87
984546648,-507665720356110408,1801753344964639815906759598573419,651692130648483433,200648,25789809,304
215012373,-110863061275271838,1801739867010522423308157658152349,651692130648483433,200648,25789816,624
2756270,-1421156330074195,1801739694236294560141229120296501,651692130648483433,200648,25789828,990
4985273,-2570448687810630,1801739381739155504942016100445637,651692130648483433,200648,25789828,1088
10445831227,-5384001047624372200,1801084832620150969858211788984070,651692130648483433,200641,25789844,20
-190993368,99000000000000000,1801096832239230095270909916890365,651692130648483433,200641,25789853,375
2491868666,-1283800655168198178,1800939539228524408933086876497172,612367255511628118,200639,25789855,179
8230467042,-4238639410038747807,1800391143459489794678874383056896,612367255511628118,200633,25789862,274
6701904826,-3449533060015865465,1799944842382125812560772582221864,612367255511628118,200628,25789863,27
17769879056,-9138049347947683580,1798762560259288141301491930511772,612367255511628118,200615,25789865,54
1073680593,-551748977890096168,1798691174898144307733755395427009,612367255511628118,200614,25789867,578
13001803034,-6677964697284681823,1797827178876902208227842827571947,612367255511628118,200605,25789875,47
10302732733,-5287118367150571107,1797143130751443933853119855441522,612367255511628118,200597,25789880,53
17634990077,-9040527960028984191,1795973465959629594252361481004452,612367255511628118,200584,25789881,29
18875355331,-9663158893571467762,1794665517350229762096435418359587,573075087455535516,200569,25789884,192
2885521513,-1475971465958594093,1794461462925720412541019105153157,573075087455535516,200567,25789886,357
2668839303,-1364837726185366181,1794272772843839644673577742884857,573075087455535516,200565,25789886,449
85137679828,-43388506055396198658,1788200831528497508806571124562935,551883568225973848,200497,25789887,50
12700155417,-6446927342385241339,1787275313472502391173423885017098,551883568225973848,200487,25789891,42
47814615062,-24212194064664770284,1783799645242685731769148036058985,552004023562556089,200448,25789892,30
-983365039,500000000000000000,1783871194067200567860113931330064,552004023562556089,200449,25789900,530
41828143509,-21105393614917195317,1780841974199456831592637373854947,552004023562556089,200415,25789935,60
20486781900,-10310968371975557249,1779362607643072519852580996596401,554618502230035107,200398,25789936,98
43921875968,-22048363845360828934,1776212962712566128230968377380299,554618502230035107,200363,25789937,90
26248131260,-13139089918613042029,1774336022172040049523402685290129,554618502230035107,200342,25789940,64
39163759499,-19555925107880018532,1771851040174591612515928328504122,629127609816387676,200314,25789943,90
68348617197,-33998383252715874328,1767415894080254475729584567186378,560980155612203213,200263,25789944,63
-95779306,47807554652286107,1767422629538052370242371433910449,560665912932179598,200264,25789960,390
3233537802,-1604128142484451307,1767195974431204492659228857394780,560729148943299833,200261,25789991,427
7856749448,-3895946808720040536,1766645497061711769804630216218540,560729148943299833,200255,25789994,39
36077269277,-17858612605353640159,1764122166386924037087071930323528,560729148943299833,200226,25790028,29
7816250088,-3862401169650489465,1763576428844759456212752473272649,560729148943299833,200220,25790032,123
6187913,-3056811343827335,1763575996932941815556521778969538,560729148943299833,200220,25790033,497
8280930562,-4089415379915331106,1762998393712353204445720964322487,560948559824742248,200213,25790034,46
6711004939,-3312166251339821413,1762530584603230256979673082441556,560948559824742248,200208,25790034,93
4136686893,-2040755316960009256,1762242349093802312018778071660924,560948559824742248,200205,25790035,626
4993655653,-2462635425543829723,1761894527397336366007846471969390,560948559824742248,200201,25790035,646
2028672064,-1000167713234862157,1761753264087648131350964964053207,560948559824742248,200199,25790038,1105
7629188593,-3759876521929693842,1761222220549170945061168134214925,560948559824742248,200193,25790041,136
16721831833,-8233060751344117213,1760059386161288571834681954846540,560948559824742248,200180,25790042,60
25186403493,-12380127517162971892,1758310821631265438727505341746563,560948559824742248,200160,25790044,49
59014738342,-28912183162841171093,1754239162349431166856934993075044,562609604586225878,200114,25790045,47
221658409325,-107396850772804136804,1738703223725821753347978949436139,533482648388792724,199936,25790048,64
-18975061130,9173158630877392916,1740061453815322024810968534940106,533482648388792724,199951,25790049,275
31893799637,-15318042535966032882,1737786552528269356493550062748735,533482648388792724,199925,25790049,412
118483028236,-56553593524420174069,1729294943134667045767945388979313,526344512772768480,199827,25790050,40
-14348582253,6860429374471012352,1730324513278570072113111072586689,526344512772768480,199839,25790050,321
-11820804727,5657973446740446208,1731173626390562312907416065490730,526344512772768480,199849,25790051,788
-14298817855,6851488362051006464,1732201514691672414937809130644625,527789559758956011,199861,25790051,957
-1924738296,922887615481328076,1732339636661999195857827938437159,527789559758956011,199863,25790052,685
-2866447519,1374698091315199993,1732545377865794515403193060826545,527789559758956011,199865,25790052,1338
-1742612403,835886034346575359,1732670478933460672785136998814882,527789559758956011,199866,25790053,917
22369471,-10666532081946817,1732668877746545118689560728090615,527789559758956011,199866,25790053,1324
-3478118257,1668721117754585144,1732918623267932315946024558898522,527789559758956011,199869,25790054,77
-1144475604,549198257575361216,1733000817832214968363057775598606,527789559758956011,199870,25790054,385
-6127615714,2941338680910427647,1733441026896884059234516352760711,527789559758956011,199875,25790055,242
-2835413952,1361542927634918912,1733644799261682071321052318353250,527789559758956011,199878,25790055,490
-297883815,143059989381402327,1733666210024246028845370275361415,527789559758956011,199878,25790055,638
-337166456,161929910668862505,1733690444912591299336196983587157,527789559758956011,199878,25790055,784
-2094096595,1005826802104249600,1733840979796128193958106143718174,527789559758956011,199880,25790055,921
99000000,-47270253881637728,1733833883908596172010548000294190,527789559758956011,199880,25790055,1130
-920944769,442395617624176190,1733900094087761178536041356621159,527789559758956011,199881,25790055,1499
-22459067442,10799164768788963000,1735516327625547627760997880620679,527789559758956011,199899,25790056,50
-14644669533,7052558653313650688,1736571833497227166397346652385774,527789559758956011,199911,25790057,69
-316602122,152563523844009254,1736594666585633430439601407647432,527789559758956011,199912,25790057,1413
-14435138348,6960231096917979136,1737632566922017459397260009813231,533482648388792724,199924,25790058,55
-14394866229,6949063637099730944,1738661484845009736725547869924330,533482648388792724,199935,25790059,133
198000000,-95066547438064590,1738647366395435339601111454665646,533482648388792724,199935,25790059,273
-103561478,50022890000000000,1738654773069308073411142392752066,533482648388792724,199935,25790060,1265
-35366927862,17108108963730282496,1741187897078607499753412213404550,533482648388792724,199964,25790063,80
-7970371638,3862407977947844608,1741759787192435487831535560631165,533482648388792724,199971,25790064,60
-25672194954,12457901276130840576,1743604368015015771446320573805426,533486014528065099,199992,25790065,19
16870593,-8146328682269161,1743603158201384003822099797073103,533486014528065099,199992,25790082,27
50489040021,-24329181970617812422,1739990008498601391776978491820544,533482648388792724,199951,25790086,45
28875457004,-13868962365071339234,1737930311885257572404406034508454,533482648388792724,199927,25790096,14
-335565350,161954676738815448,1737954291816700326601702641208902,533482648388792724,199927,25790102,387
9907931,-4753302781893559,1737953585897873499245207869114163,533482648388792724,199927,25790116,274
9677613003,-4640965313096680840,1737264166151060668169052339918298,527789559758956011,199919,25790126,45
12475318019,-5977149414088723499,1736363445440826791435119787382906,525755164471014940,199909,25790165,32
-1037825345,500000000000000000,1736438566412872969325156278785085,525755164471014940,199910,25790180,703
-20548035,9900000000000000,1736440053808119483647379001314848,525755164471014940,199910,25790198,134
16217135164,-7761346939506892302,1735270465189296242772807939214837,525755164471014940,199896,25790219,166
10321870272,-4934493638261059208,1734526866475832147161768802700688,525755164471014940,199888,25790220,66
-61850485,29733906022399582,1734531333755678411880451327539548,525755164471014940,199888,25790221,89
14041756218,-6706078274333983274,1733520767820702034706193557185985,525755164471014940,199876,25790224,118
14103476099,-6727693392643687584,1732506944616521408534209195077138,525755164471014940,199864,25790225,61
28691874703,-13662418568791567363,1730443608533244835696081362711350,524310117484827409,199841,25790226,53
-62071858,29700000000000000,1730448083017179358510985317441938,524310117484827409,199841,25790229,244
6237100597,-2965673948677469900,1729999941946209202988651301506652,524310117484827409,199835,25790230,118
3874293219,-1841411268353962785,1729721687481228432854504586608640,524310117484827409,199832,25790235,1034
-22982277322,10997830076480897024,1731378576841222560614194061504999,524310117484827409,199851,25790266,27
-2630669132,1260211978035948317,1731568435368152360924632580096000,524310117484827409,199854,25790271,459
-7052959103,3380057286658960709,1732077661362324828821983619241342,524310117484827409,199859,25790276,87
25542089,-12171010925629784,1732075822208741059597701192197630,524310117484827409,199859,25790290,906
15759769894,-7504732639431974344,1730941786916736177268454009480875,524310117484827409,199846,25790343,25
990000000,-471105580434676466,1730870598457381040963762643999352,524310117484827409,199846,25790350,286
-12483970369,5979344458068328000,1731771422723933389809176771794839,524310117484827409,199856,25790416,23
-9847332453,4720886716601806848,1732481539624166751466059209683576,525755164471014940,199864,25790417,213
65836,-31385814405945,1732481534894512013982556281489492,525755164471014940,199864,25790440,980
38926508,-18557435489586861,1732478738399842681978333305175297,525755164471014940,199864,25790457,447
-8360964720,4011335086230816256,1733081409181603877426329558604404,525755164471014940,199871,25790522,21
-7913399164,3799178395557930496,1733652205129706177952946503386718,525755164471014940,199878,25790523,39
-8706121398,4182652063192527872,1734280614907142126280722116927690,525755164471014940,199885,25790524,67
-2785253348,1338750000000000000,1734481751309795767581294822657026,525755164471014940,199887,25790527,1025
-408219496,196239427754459396,1734511234702929168960927903781534,525755164471014940,199888,25790527,1061
-5924209577,2848639355777485824,1734939219817759174372327968090224,525755164471014940,199893,25790549,245
-6917866241,3328216098584145920,1735439257474769932096928468240407,525755164471014940,199898,25790581,65
-3367086232,1620614333845280256,1735682741722910785098779503126566,525755164471014940,199901,25790590,161
-13548840976,6525800069246133248,1736663190612072354128399031405712,525755164471014940,199912,25790591,29
-4833564411,2329871190985674240,1737013234989290814173638211084960,525755164471014940,199916,25790594,761
-5389607591,2599001863562687488,1737402404188859158013291123344273,531448253100851653,199921,25790603,191
-9693714434,4677464292685024256,1738097627361155476830800863684408,531448253100851653,199929,25790604,34
-2572178040,1241769958249473280,1738282194724071869793863625145497,531448253100851653,199931,25790605,139
-13753711709,6644354863700137984,1739269761742686659381747555812579,531448253100851653,199942,25790607,38
-2956094834,1429061647317111518,1739482166736009332692246495870439,531448253100851653,199945,25790629,427
-192626637,93133395106496266,1739496009384577259427194053689264,531448253100851653,199945,25790636,87
-2047588,990000000000000,1739496156530743965547488685704713,531448253100851653,199945,25790666,455
2850987858,-1370025015665652087,1739296668762502408092545690564039,544116391428723880,199943,25790690,858
12873481124,-6182362782349806557,1738396462021889424446957693383353,544116391428723880,199932,25790705,51
1901469515,-912619653731889339,1738263576522796619892782456216089,544116391428723880,199931,25790705,296
5974619759,-2866640434318252974,1737846168303199032032429524900912,544116391428723880,199926,25790707,186
6119580498,-2934766142131423363,1737418840377569709619087059490410,544116391428723880,199921,25790720,31
2997000000,-1436744108939240407,1737208878551217329007748735571467,538423302798887167,199919,25790721,35
6138079045,-2941469357465370389,1736776045850491812163036491687101,538423302798887167,199914,25790734,34
13664081509,-6542794244445895493,1735813283720766575185472099289389,538423302798887167,199903,25790735,37
3153199600,-1508821682222353088,1735591262926304769500164125573029,538423302798887167,199900,25790751,34
12856690800,-6147997294260717559,1734686594561776561153323183169454,538423302798887167,199890,25790763,23
1596649507,-763061451844981454,1734574311240455072401732844175498,538423302798887167,199888,25790765,102
274153,-131012866707128,1734574291962112844318143575246773,538423302798887167,199888,25790782,49
737702,-352534984655950,1734574240087131001791808674818629,538423302798887167,199888,25790783,850
719097,-343644035575565,1734574189520438668625505114941681,538423302798887167,199888,25790790,54
480290,-229522448618640,1734574155746562676817040265484431,538423302798887167,199888,25790794,17
-377034792,181267315592811203,1734600748934180793308949931865735,538423302798887167,199889,25790815,173
-1605108996,771751724528474724,1734713970329543061306251301236406,538423302798887167,199890,25790862,367
-1039800959,500000000000000000,1734787323839333689934475567041475,538423302798887167,199891,25790876,536
9752801,-4661842913883806,1734786637856304951823114870867409,538423302798887167,199891,25790882,57
445629,-213010717231925,1734786606512104887668968556216357,538423302798887167,199891,25790968,423
376148,-179798563791332,1734786580055022220851533962948021,538423302798887167,199891,25790979,416
1834108,-876703642423512,1734786451049426999200797694741917,538423302798887167,199891,25790994,696
102489,-48989501752713,1734786443840697016340876272087116,538423302798887167,199891,25791076,886
1976758599,-944815176451321935,1734647415737796000175287761500093,538423302798887167,199889,25791110,69
4500340365,-2150426226974134961,1734330983819452225271371170423625,538423302798887167,199886,25791120,27
4385300661,-2094701479924623649,1734022751712097972196529078060837,538423302798887167,199882,25791122,162
745288,-355934110260328,1734022699336940014724792223212210,538423302798887167,199882,25791125,260
6111682361,-2918090558705983847,1733593306790564928766908224785806,538423302798887167,199877,25791131,346
2450713875,-1169714630303402401,1733421185078255596421086841900116,538423302798887167,199875,25791133,43
6495279072,-3099043977570810168,1732965165514062358485973581563224,538423302798887167,199870,25791138,353
2550499888,-1216455159051748307,1732786166004695531756528095883149,538423302798887167,199868,25791149,68
1957661237,-933531648771887785,1732648798255572060630168808267230,538423302798887167,199866,25791169,66
19206372642,-9150914055325853835,1731300168625891610656571229257371,536978255812699636,199851,25791170,38
-8354109,4001204506368871,1731300754947710478829659063531010,539050477860198579,199851,25791188,667
-9594868,4595469797414279,1731301428350983389493574366264798,539050477860198579,199851,25791195,614
126530,-60238404412364,1731301419497307731273450479742315,539050477860198579,199851,25791269,544
434382,-206800849105692,1731301389102285457899406534137906,539050477860198579,199851,25791273,44
167674,-79826029269063,1731301377369674358279883400370444,539050477860198579,199851,25791289,116
8600975745,-4093342823573817995,1730699749055123800363310604405540,539050477860198579,199844,25791366,12
1245342660,-592442855721017972,1730612673427179263102304565954902,539050477860198579,199843,25791370,41
101628106,-48344580512667618,1730605567873174847706308059627114,539050477860198579,199842,25791379,71
1184179308,-563285893838721196,1730522777655612660437492037046028,539050477860198579,199842,25791381,85
2243013489,-1066800387204316525,1730365982257186867870565588193436,539050477860198579,199840,25791382,57
12505320994,-5944118300407943122,1729492332033226078085473607871142,539050477860198579,199830,25791385,48
170394,-80951607362899,1729492320135180593740126731123029,539050477860198579,199830,25791404,23
4797751936,-2278908764562546667,1729157372368005496296678896040205,539050477860198579,199826,25791417,43
1873904934,-889856007475759130,1729026583769775427947466403465729,539050477860198579,199824,25791417,206
10215528100,-4848653146231525569,1728313942013163241572535061039098,539050477860198579,199816,25791423,19
2353765486,-1116614353435796929,1728149825094445445175328900782770,539050477860198579,199814,25791425,60
6298596248,-2986979228370019191,1727710807070249560658689257437544,539050477860198579,199809,25791425,223
21186237142,-10035975423780841868,1726223319169601809123847870013973,528993998593851163,199792,25791438,60
4681299077,-2215199574168292291,1725891545666820572392098835949021,528993998593851163,199788,25791440,64
778569088,-368337781273928102,1725836379208084770891549003202457,528993998593851163,199787,25791443,181
6767250611,-3200566438191782280,1725357025947789189613999018628174,528993998593851163,199782,25791445,27
13028260,-6159991624976771,1725356103357327204286351304733785,528993998593851163,199782,25791446,232
2831925281,-1338828024104596133,1725155585233200335774753676067886,528993998593851163,199779,25791446,416
4801261434,-2269145365738510064,1724815732194634483575413548580479,528993998593851163,199775,25791448,171
7198648201,-3400510295647261167,1724306433066381383059742292349400,528993998593851163,199770,25791449,42
1576839,-744649803225275,1724306321539150860651265372904122,528993998593851163,199770,25791517,397
396326,-187161865140613,1724306293507659563491404418524916,528993998593851163,199770,25791521,1202
1097945405,-518472831917464275,1724228641114824146568676171341773,528993998593851163,199769,25791528,1048
7800447524,-3682190818377712043,1723677154305252707374688799797276,528993998593851163,199762,25791529,128
19981738659,-9421616779865546592,1722266065734557183552837768377648,528993998593851163,199746,25791530,21
4112739590,-1937289479520912057,1721975915210867591203495410112835,528993998593851163,199743,25791532,166
35331057640,-16615588428023511914,1719474263490088557306004035747589,525901017479533447,199713,25791539,56
12099676347,-5679171098652768497,1718618683683632135196350083204120,525901017479533447,199703,25791544,92
-1059366645,500000000000000000,1718693783821682158674857785048253,525901017479533447,199704,25791596,1028
36198449728,-16958092982152069386,1716140938379413968322911883133462,528323861780014507,199675,25791652,83
22083876222,-10321084582488929988,1714593174544046285034742499811515,528323861780014507,199657,25791653,104
15120959702,-7056176283720193579,1713535020783108150919518790987852,528323861780014507,199644,25791654,357
189137557929,-87526085082944292217,1700289626337528260149327191759935,521023756736244010,199489,25791655,51
231299426138,-105223349017022569782,1685051524364243806963162321194426,756767819056082043,199309,25791658,31
17239309549,-7770921043721371387,1684237964670194703418453220441221,756767819056082043,199299,25791658,483
-341802909,154928923922249120,1684254135957414670569428724403813,756767819056082043,199299,25791660,1459
-43980142405,19960049085143547904,1686483407834645255089903793897420,553800965250241030,199326,25791662,38
-223625177,101632884281945567,1686497904071770876207993383548901,553800965250241030,199326,25791665,1953
-21114204874,9603833486568718336,1687867730860805655226800850027716,553800965250241030,199342,25791666,63
-5154295362,2346809924518295491,1688202464184522038521394899180782,553800965250241030,199346,25791668,1037
24941,-11290048851940,1688202462569339181569702214755663,553800965250241030,199346,25791668,1362
32418422304,-14656732952821000252,1686105633395721611336419496481654,553800965250241030,199321,25791686,14
29426338,-13287438410537863,1686103732461277929606359466451679,553800965250241030,199321,25791696,70
1965352862,-887385657863358831,1685976780831494732933410781814006,553800965250241030,199320,25791698,87
30214563702,-13629586451246377646,1684539872479897705447481577515051,756767819056082043,199303,25791701,42
27785328409,-12513426099763127797,1683229806523500583783341978763249,756767819056082043,199287,25791702,272
6186414621,-2783470651919320948,1682938397111510766564545384370812,756767819056082043,199284,25791707,391
19503160212,-8768805726132689235,1682020366048836089925094463796172,756767819056082043,199273,25791709,41
106727962598,-47815467813037784080,1676945389645963240910600582847694,743521108364986507,199213,25791724,638
156426671823,-69559769767283728366,1669521283056587397421326142343842,742106835262920973,199124,25791725,40
-1723857316,767807180201583044,1669603009101025439396158256621157,742106835262920973,199125,25791726,329
-1135804620,505929205253604612,1669656860632734486183388578681709,742106835262920973,199125,25791726,336
-562419512,250534444231003810,1669683527730477838272750490306523,742106835262920973,199126,25791726,345
3431710,-1519549121320616,1669683365501700239500203749192066,742106835262920973,199126,25791730,194
144519932725,-63732151511168816362,1662879285040813192746150290216509,742115862938527947,199044,25791733,21
191593169114,-83696258361146831829,1654044268912222783055882596524757,777214178129412839,198937,25791737,28
208142385015,-89944779428719516713,1644871526604382185752307648819271,776789168696633754,198826,25791738,11
-19361694194,8374864568591075447,1645723153509520479474026940921537,776789168696633754,198837,25791739,1095
160541550300,-68767697951450563568,1638736101369533732626117301296013,785886399227216717,198752,25791740,148
-136551138205,58807066792627961856,1644689230710264765265542161716201,776789168696633754,198824,25791741,13
48116433300,-20646227301105423269,1642583430683903622336830428039187,776789168696633754,198798,25791742,44
-12234367956,5276232465513799679,1643119962527325615627275299698253,776789168696633754,198805,25791742,79
-1452336145,626567990621329819,1643183677248243345261002284711310,776789168696633754,198806,25791743,1157
-156803520,67651203141470562,1643190556593489873237596015011953,776789168696633754,198806,25791743,1675
-149864391878,64917427220192026624,1649792368478093380195490111334897,776695905650356661,198886,25791746,14
-105172199550,45870242696040775680,1654455033558417191380271530306945,777214178129412839,198942,25791752,242
-42039941390,18408137631973810176,1656346298284934283694526387518831,744240409043114753,198965,25791754,17
-34536140725,15154558590456627200,1657954737994467417836600194199392,744240409043114753,198985,25791755,27
-28004807801,12310217396855060480,1659261291555622027506401449166152,744240409043114753,199000,25791756,26
-124376916496,54908555286201892864,1665101212687224408636872914103833,742115862938527947,199071,25791758,20
24398812790,-10737097068495219497,1663954922041844907703809967190476,742115862938527947,199057,25791760,40
-58787412896,26051712308239613952,1666727865480383492466933426991742,742106835262920973,199090,25791763,19
-54900190207,24407614408114668000,1669325832562718495927100090159937,742106835262920973,199121,25791764,28
-27935819934,12448984418011191000,1670650912973516114369248332047883,742106835262920973,199137,25791767,41
28311322909,-12540631243570266326,1669312061041442164820349601447620,742106835262920973,199121,25791769,33
47754343426,-21107522758005511632,1667058598111468866547591052348787,742106835262920973,199094,25791770,30
18019695878,-7949942948577198265,1666209853238116701222094737378614,742106835262920973,199084,25791778,381
27708801009,-12208807745584929623,1664906438393938157762525759132978,742115862938527947,199068,25791803,8
8000000000,-3521336823236496296,1664530501077365861179745712571382,742115862938527947,199064,25791807,532
92488510503,-40595240165036511159,1660198398164453094666106831434922,744240409043114753,199012,25791846,271
8416062144,-3683513921879752874,1659806269443571805191057546664880,744240409043114753,199007,25791846,483
17509005069,-7657709861252140653,1658991067428198272875551590964503,744240409043114753,198997,25791853,108
9647208641,-4216074219691629729,1658542244965199521921563417903104,744240409043114753,198992,25791854,211
45557997923,-19879213524561524680,1656426001960059927657708781793694,744240409043114753,198966,25791857,30
9345193368,-4071502502140396790,1655992569888921035864105581472803,744240409043114753,198961,25791858,865
15400562897,-6705134381326299543,1655303671124623173342417696963331,777214178129412839,198953,25791859,64
-35400694926,15514361019810265088,1656925401952800582409795243955834,744240409043114753,198972,25791864,37
-13821386895,6065574152801988517,1657569175921554003680628387118283,744240409043114753,198980,25791865,256
-12939414199,5682790074901181440,1658172322833610412220587172977325,744240409043114753,198987,25791866,88
-25358078101,11148877431390533632,1659355616762650280111031067318349,744240409043114753,199002,25791867,22
-32890873218,14484455925789487104,1660893085011242412240937935898406,742115862938527947,199020,25791868,28
8440387396,-3697249187922793888,1660499343746130023791007013255060,744240409043114753,199015,25791869,1117
12295230247,-5382700036471243788,1659926328053790245382296953909269,744240409043114753,199008,25791876,36
22828034103,-9983986005798630881,1658863482155883980958707216684367,744240409043114753,198996,25791877,18
-3341705251,1469521484922048320,1659019450849808803470842351583232,744240409043114753,198998,25791889,307
-12414515323,5461728664227266560,1659599135253930652439499976247216,744240409043114753,199005,25791897,26
-20938511488,9220487753384144896,1660577758191397559468544401059562,744240409043114753,199016,25791901,41
15746403,-6896608490804653,1660577024012479474045910761343299,744240409043114753,199016,25791906,1029
147024735,-64393593036720024,1660570200594619110647768269426794,747687765632302367,199016,25791909,505
9292329199,-4068761985234928099,1660139057341224505776746383627002,747687765632302367,199011,25791926,58
45344313005,-19824300238922572025,1658038390521121236774005569812427,747687765632302367,198986,25791931,17
-338055110,148500000000000000,1658054079003033266302966272273379,747687765632302367,198986,25791931,329
94301227482,-41069675143003623032,1653793542413640127874386957804851,780661534718600453,198934,25791932,14
570443744,-247801990830584288,1653768393363087815591365686370597,780661534718600453,198934,25791942,396
-32342821027,14146489525928890368,1655199792145219341340874403611992,780661534718600453,198951,25791943,11
-15025226195,6580247095132028047,1655865608046813346517103354000323,780661534718600453,198959,25791944,30
-10128776985,4438904825724510574,1656334562107874623100584423004260,747687765632302367,198965,25791947,161
-45512997067,19976999663880000000,1658445059063318403301100165685531,747687765632302367,198991,25791991,23
-1137649080,500000000000000000,1658497882234739378146085695857086,747687765632302367,198991,25791996,943
-24925665646,10962900183605727232,1659656072546078662009134590628872,747687765632302367,199005,25792009,35
-16501598685,7266223030361122816,1660423722435510263801272363384460,747687765632302367,199014,25792010,81
-6112196138,2693117031906896195,1660708240400776593718873650394086,747687765632302367,199018,25792012,163
-8673905089,3823426776168581120,1661112945851149613289992655980867,745563219527715561,199023,25792023,54
-350656330,154607289258761831,1661129326090095280889062599488993,745563219527715561,199023,25792025,130
-27204654866,12004060189458704384,1662401124950059874449737004318348,745563219527715561,199038,25792027,28
-2264409666,1000000000000000000,1662507072341183539118658195020687,745563219527715561,199040,25792028,457
11649987,-5114324628044007,1662506528861392465127428922796409,745563219527715561,199040,25792105,38
-16146190762,7134111428205296640,1663262421044897352980261334371394,745512236145764545,199049,25792117,48
-9194519874,4065451087786621952,1663693174437328234275965075564669,745512236145764545,199054,25792120,37
-4493697585,1987700558342552300,1663903780527563835213941650802257,745512236145764545,199056,25792127,307
-45474776905,20143242256523706735,1666038052957217683401552160321563,745503208470157571,199082,25792128,467
-82114460175,36504148952279340682,1669905883629088785101473329984704,745503208470157571,199128,25792128,473
21103428101,-9341459262764284686,1668913122438819145798859077305769,745503208470157571,199116,25792129,18
8195256273,-3624647152808877172,1668527913991133299523287728153264,745503208470157571,199112,25792132,19
18575417326,-8209455930695485966,1667655456165008639173460875214778,745503208470157571,199101,25792133,11
-4954406215,2201966455599008000,1667888767545765136536502842623587,745503208470157571,199104,25792169,48
-26080905410,11601722486114269184,1669118038720857892515996570795961,745503208470157571,199119,25792170,16
-27208696693,12121645235107160064,1670402398788947089025870953829961,745503208470157571,199134,25792171,27
10818947711,-4793257504735361897,1669892996575458034384833060389343,745503208470157571,199128,25792190,66
3326800705,-1473327647619774834,1669736419057110504757469474441280,745503208470157571,199126,25792192,46
3031471538,-1342295766114720951,1669593766918405184683116022065999,745503208470157571,199125,25792199,48
11532818097,-5104484979013394606,1669051289084810343393046915390253,745503208470157571,199118,25792200,11
22276856206,-9850465981196741856,1668004433335924953453262155092171,745503208470157571,199106,25792202,24
14729628495,-6506420266978325860,1667312965188717244890372617479087,745503208470157571,199097,25792203,28
6467903933,-2855319807443898026,1667009516807591439521140655634799,745503208470157571,199094,25792206,44
-5182649816,2301639104249336576,1667253389095495788655366351142386,745503208470157571,199097,25792240,30
-8048855507,3575869866957212672,1667632273675660015053432386821489,745503208470157571,199101,25792241,11
-6321113562,2809424498340208640,1667929948831960511107947542714345,745503208470157571,199105,25792243,17
283874,-125434394662904,1667929935501452349212082654014395,745503208470157571,199105,25792244,36
-4498560243,2000000000000000000,1668141847340675194157327170426729,745503208470157571,199107,25792244,385
-5376558855,2391013260543633920,1668395189349499200568729033305864,745503208470157571,199110,25792246,118
-8991451493,4000217946665618000,1668819036120684272257600200064602,745503208470157571,199115,25792247,17
-16468650167,7332031045681681408,1669595908212748974343861439873024,745503208470157571,199125,25792249,26
-10992534669,4897802064727441000,1670114859334591894088364772382438,745503208470157571,199131,25792266,11
-2243541430,1000000000000000000,1670220815254203316560987030588605,745503208470157571,199132,25792267,585
-2329258159,1038340250738139648,1670330833550339831139264784625026,745503208470157571,199133,25792274,497
544854,-241446421851733,1670330807890683197049109137526493,745503208470157571,199133,25792275,68
-2232017222,995120360418271232,1670436246783595365153178344373395,745503208470157571,199135,25792278,514
-5404480133,2410048567755210513,1670691605695900060104509350964769,745503208470157571,199138,25792279,723
-6336632644,2826665606092479671,1670990339577736702115897668542904,747426649619870437,199141,25792335,566
1473209,-653353322783123,1670990270321464848520302160482175,747426649619870437,199141,25792425,12
158565,-70321856103089,1670990262867259882088049705772771,747426649619870437,199141,25792444,1606
309336,-137186979421067,1670990248325267960952741881665755,747426649619870437,199141,25792499,101
16707739076,-7406233733900811551,1670205166517198886363971531860141,747412714450597364,199132,25792513,45
9417777938,-4171661695854095932,1669762956899402096528382345021369,747412714450597364,199127,25792516,49
13850930728,-6131341611281891326,1669113014879127270316480381990807,747412714450597364,199119,25792521,40
159220,-70453758337804,1669113007418034918942318948985645,748137344031156982,199119,25792617,1288
8014380424,-3545518212743821439,1668737535059386220155901724260730,748137344031156982,199114,25792622,83
21257259,-9401974317571063,1668736539385055657080066652841065,748137344031156982,199114,25792627,28
445941,-197237172016709,1668736518497528997612859600618590,748137344031156982,199114,25792634,263
460001,-203455463706079,1668736496951481775768851358528710,748137344031156982,199114,25792635,392
497046,-219840316935568,1668736473670269447149688786050797,748137344031156982,199114,25792640,117
43724243,-19338966953415333,1668734425662869646281328791875610,748137344031156982,199114,25792646,30
108671,-48064026179785,1668734420572862433510321991481644,748137344031156982,199114,25792656,31
4242764,-1876545892241922,1668734221845604528006737040166835,748137344031156982,199114,25792669,15
44090319,-19500827415589651,1668732156697091395350564479578992,748137344031156982,199114,25792672,53
8944568,-3956111354107982,1668731737742689789192807017011098,748137344031156982,199114,25792672,762
5596122,-2475119085304238,1668731475626196477939604604207601,748137344031156982,199114,25792672,780
628952,-278180255244885,1668731446166752103667800406970709,748137344031156982,199114,25792681,205
8407968,-3718774407875110,1668731052346465639333556637576832,748137344031156982,199114,25792686,619
12773905,-5649788657707156,1668730454030691784007575509407127,748137344031156982,199114,25792688,124
1627561,-719855860044130,1668730377797554217161730523825383,748137344031156982,199114,25792688,260
15200723222,-6720279382713530131,1668018696458127971721734618563688,748137344031156982,199106,25792689,18
10170414319,-4493166969926527534,1667542867566899360368168114062466,748137344031156982,199100,25792692,14
230124,-101636740300112,1667542856803511805713408300686392,748137344031156982,199100,25792693,538
401077,-177140112950159,1667542838044274924168434054244647,748137344031156982,199100,25792695,202
1,0,1667542838044274924168434054244647,748137344031156982,199100,25792697,126
18614293265,-8216935037696928508,1666672660035210464351280192722124,748137344031156982,199090,25792699,5
10008980410,-4414734703958443974,1666205137164746701407501594425258,748137344031156982,199084,25792702,17
2542914301,-1121227402114737223,1666086398556737189622036661211130,748137344031156982,199083,25792702,500
1,0,1666086398556737189622036661211130,748137344031156982,199083,25792702,561
8087891,-3565875716043761,1666086020928507573245470541124348,748137344031156982,199083,25792704,327
3380237,-1490314423640303,1666085863103377875390380214796234,748137344031156982,199083,25792708,12
4982592,-2196777115445886,1666085630463454606281170699548190,748137344031156982,199083,25792711,209
209955,-92567080647564,1666085620660549073589497642395377,748137344031156982,199083,25792723,280
49139,-21664654556680,1666085618366250057872108340988829,748137344031156982,199083,25792739,1260
251628,-110940312236687,1666085606617609039752543478803096,748137344031156982,199083,25792766,268
21944600,-9675156838647995,1666084582013096941669449476261886,748137344031156982,199083,25792774,232
734765,-323950097964665,1666084547706600664179172078660863,748137344031156982,199083,25792788,79
4844310775,-2135517356694454897,1665858395225992539038980160816838,748137344031156982,199080,25792794,66
27914774215,-12294382322795747467,1664556428642510055134948954175015,748146371706763956,199064,25792799,13
98076,-43161084692823,1664556424071782238152026940767728,748146371706763956,199064,25792808,821
2001575,-880855797313970,1664556330789787029095865520287595,748146371706763956,199064,25792826,347
-7992673875,3539421178603195000,1664930009486574033811084846870595,748184398093018118,199069,25792939,27
-10337171678,4580000000000000000,1665413548558338273914558535511367,748184398093018118,199074,25792942,33
-36592000569,16233894909727363072,1667127477416142045705530306360265,748175370417411144,199095,25792943,29
-1237001105,549374491667544384,1667185478996290689167233898108134,748175370417411144,199096,25792952,54
-1425753990,633250473802597607,1667252335992142354583859443075966,748175370417411144,199097,25792955,286
-21690199630,9639997577725749248,1668270102744362716404443781983918,748175370417411144,199109,25792956,34
1538738,-680194572585163,1668270030715038751847715783838464,748175370417411144,199109,25792959,144
2801873466,-1238463076018116532,1668138883449659063239515711872584,748175370417411144,199107,25793098,61
3137444838,-1386558739620308547,1667992053567920343469951866947811,748175370417411144,199105,25793103,24
6048516704,-2672385709731454094,1667709060812901855012269560527261,748175370417411144,199102,25793104,42
-448213,199191469595459,1667709081843037334361468808090616,748175370417411144,199102,25793106,265
4300000000,-1899296005206682953,1667507955558327834007348076193966,748175370417411144,199100,25793106,274
2871922072,-1268263492497764014,1667373652572600755402897584542174,748175370417411144,199098,25793107,40
367642,-162340503240188,1667373635381524596099037409426507,748175370417411144,199098,25793116,388
2336043841,-1031464746208192263,1667264408240707698516583615213623,748175370417411144,199097,25793131,60
8955497419,-3952989034705028332,1666845805771230541631926171295175,748175370417411144,199092,25793133,27
2241064688,-988903583897261993,1666741085652186473973824530410611,748175370417411144,199090,25793134,34
3160134561,-1394245899563440985,1666593441737292789675942847664771,748175370417411144,199089,25793135,164
999450801,-440904550353567672,1666546752072342709433525324796812,748175370417411144,199088,25793135,422
5080686828,-2240946945399000151,1666309446601197806217929211071916,748175370417411144,199085,25793143,34
1043006045,-459961449373499915,1666260738902572376883558603111061,748175370417411144,199085,25793145,246
2531058272,-1116074671433263234,1666142551978834114537013229839178,748175370417411144,199083,25793146,156
9494225201,-4185085141286497628,1665699373229500512601318374300637,748184398093018118,199078,25793147,103
4431904834,-1952835860187210744,1665492579827648045757688842300852,748184398093018118,199075,25793149,137
375000000,-165214477321022485,1665475084622599314123782394278288,748184398093018118,199075,25793149,357
5055350244,-2226906711518609409,1665239268789906198793407655916158,748184398093018118,199072,25793155,118
-300157374,133000000000000000,1665253310426706339390298922420355,748184398093018118,199073,25793298,6
-2185534824,968480056581689600,1665355558886877013827711926149318,748184398093018118,199074,25793344,201
-6768291412,3000000000000000000,1665672287536504245336537486394365,748184398093018118,199078,25793358,141
-1308559130,580141744146371456,1665733536706909534360145449332524,748184398093018118,199078,25793390,1312
-4898850450,2172254497584423168,1665962876719418720641579938030996,748175370417411144,199081,25793391,32
-2003462080,888550048765290368,1666056687603708428437113798012553,748175370417411144,199082,25793393,595
-3958753162,1756030161715077120,1666242084861340456872256943754760,748175370417411144,199084,25793394,40
-3428404400,1521093016235959552,1666402678044738826129210448097198,748175370417411144,199086,25793395,17
-2088200788,926623553181920000,1666500508634077557656993328539381,748175370417411144,199088,25793433,422
-2607387103,1157161364995517952,1666622678827041881475710560184356,748175370417411144,199089,25793436,60
119790,-52848034258883,1666622673230689993433450041876795,748175370417411144,199089,25793437,486
-2703510043,1200000000000000000,1666749366219232482861045896278686,748175370417411144,199091,25793440,105
-4825978554,2142548176118812160,1666975571078839776435341139399346,748175370417411144,199093,25793448,179
-2026317222,899779987014625664,1667070567591827780814666470250504,748175370417411144,199094,25793452,75
-7415670055,3293780277218809856,1667418316647597081087683587299020,748175370417411144,199099,25793454,22
-1383679096,614733801910412928,1667483218699698845179731007374761,748175370417411144,199099,25793455,36
-8753859279,3890228736938572288,1667893939287029363226666160860815,748175370417411144,199104,25793468,29
-1774210379,788695444543766528,1667977207772795277408676034714757,748175370417411144,199105,25793469,68
-637910107,283591478497880355,1668007148649408677069080489845073,748175370417411144,199106,25793474,435
-2445062664,1087079648311800000,1668121919790598960663932299089232,748175370417411144,199107,25793477,258
-914552056,406650078609355261,1668164852885390675223197826669167,748175370417411144,199108,25793479,291
-152178729,67667389339671672,1668171997038542601218405642683930,748175370417411144,199108,25793493,346
-24984858220,11117565299205324800,1669345761682769766434882049601632,748175370417411144,199122,25793501,21
-13346420206,5945198116683819008,1669973440780169643771977422981346,748175370417411144,199129,25793502,46
-540815996,241002167341408308,1669998885184191060574035162625184,748175370417411144,199129,25793503,327
198000000,-87706368276446058,1669989597502887858351802194336412,748175370417411144,199129,25793510,4
-3705582908,1651486705396942080,1670163957324758632014780951985673,748175370417411144,199131,25793511,48
-4256290059,1897348861395080448,1670364274656056825588232619673430,748175370417411144,199134,25793512,25
-9995939503,4457732739151301863,1670834910891762472170814868866970,748175370417411144,199139,25793516,11
2,-444741764,1670834910891715376163436065745490,748175370417411144,199139,25793518,286
-2011998008,897562981833535058,1670929671573891294969658768328709,748189305586684217,199141,25793519,279
-252278589,112550000000000000,1670941554099123243079142740024212,748189305586684217,199141,25793519,718
-5653342481,2522566960488267570,1671207875427930710774706847862635,748189305586684217,199144,25793523,161
-1771055267,790424550000000000,1671291324914019793227503107832700,748189305586684217,199145,25793524,857
-2009990859,897157489157489157,1671386042786093938739350669797666,748189305586684217,199146,25793524,1147
-203590294,90878004210018296,1671395637279013126912798317216821,748189305586684217,199146,25793525,389
49500000,-21963376879114772,1671393311506672160281117005761092,748189305586684217,199146,25793527,101
1,0,1671393311506672160281117005761092,748189305586684217,199146,25793527,225
1407905,-624692880683570,1671393245355941719818226187033250,748189305586684217,199146,25793530,1119
699581,-310406719184373,1671393212485979787156218189769014,748189305586684217,199146,25793530,1138
333839,-148125454408547,1671393196800500875937062975115143,748189305586684217,199146,25793530,1160
49500000,-21963312739815006,1671390871034951825238300200113005,748189305586684217,199146,25793533,192
198000000,-87852639717908915,1671381568037481927323078510552558,748189305586684217,199146,25793536,477
-64161984480,28692016521524023296,1674410742717823830782557377167755,748189305586684217,199182,25793544,47
-1590710894,712656823141163264,1674485981835395530950034308201941,748189305586684217,199183,25793552,78
-14618401863,6552212577253047296,1675177735111933043931380498497254,748189305586684217,199191,25793553,21
-22576259193,10129698990865547264,1676246450160029151303649258689348,749589643519476678,199204,25793554,18
-27963499139,12564807597572166000,1677570508152327466517809852302281,749589643519476678,199220,25793556,8
-4911562314,2208956458383124480,1677803284215999647087105208132921,749589643519476678,199223,25793557,385
-9963260740,4482822165853141504,1678275676369294281323413154180472,749589643519476678,199228,25793559,56
179429,-80270042878244,1678275667885121564735911993487693,749589643519476678,199228,25793561,981
-1110923361,500000000000000000,1678328357032250015641114055816243,749589643519476678,199229,25793569,725
99000000,-44291851888746497,1678323675588116098448921011568010,749589643519476678,199229,25793580,11
-161201066,72554942939733046,1678331321304242994358227791055977,749589643519476678,199229,25793582,321
198000000,-88583769599782273,1678321958409018048069842989193258,749589643519476678,199229,25793588,45
8967744371,-4011068194399356932,1677898007030408303567269145870336,749589643519476678,199224,25793597,11
3500039854,-1564938525129262088,1677732600257695130740176814490963,749589643519476678,199222,25793598,168
5464715079,-2442767659806433379,1677474411000667722762274434717397,749589643519476678,199219,25793599,20
2498574517,-1116630659192416335,1677356388298380203515429684429380,749589643519476678,199217,25793600,434
19374043973,-8653067661517305544,1676441799020285668051536735534790,749589643519476678,199207,25793601,11
3199623309,-1428146296393052970,1676290850554224272219532711821982,749589643519476678,199205,25793605,125
6088215021,-2716754037921706081,1676003702202738073901401384193097,749589643519476678,199201,25793607,23
266100,-118721578834211,1676003689654415637556877417583586,749589643519476678,199201,25793648,193
334905,-149419468838830,1676003673861468039755267271603073,749589643519476678,199201,25793660,215
10942187471,-4880409470204435222,1675487150510003758040260742323204,748189305586684217,199195,25793666,27
4282942893,-1909449002764124247,1675284952837871743499770039042177,748189305586684217,199193,25793667,92
-147464690,66132189770509975,1675291934778463410007394188706077,748189305586684217,199193,25793667,185
99000000,-44131731716654711,1675287261528008778995193101324744,748189305586684217,199193,25793671,4
3756106199,-1674196635428133073,1675109975482723055797647678545005,748189305586684217,199191,25793684,141
21372183164,-9519411517997301493,1674101934500104828927502345315796,748189305586684217,199179,25793686,29
1237460761,-550828105716556854,1674043605547323400078421519774506,748189305586684217,199178,25793686,550
175731,-78219655942529,1674043597264393442980045466403305,748189305586684217,199178,25793713,491
7244860295,-3224118186466398167,1673702185060643412292751354234453,748189305586684217,199174,25793722,17
12145967672,-5402266601054702216,1673130121743221194056497958605343,748189305586684217,199167,25793723,21
22492270528,-9994335562443049725,1672071789532040465387218086397608,748189305586684217,199154,25793726,12
11814887495,-5244826696926458740,1671516398030450634089070082233352,748189305586684217,199148,25793727,168
5224113449,-2317960837357303596,1671270941731419683146506837579502,748189305586684217,199145,25793728,51
3268361095,-1449839239901582980,1671117413609511541769458562367488,748189305586684217,199143,25793729,208
1222343229,-542160871705922113,1671060002457906387778925907353319,748189305586684217,199142,25793730,354
201815,-89510157501580,1671059992979389049641233119415061,748189305586684217,199142,25793739,1228
10000,-4435270117032,1671059992509724087842064340691209,748189305586684217,199142,25793753,241
3566673,-1581915221981013,1671059824995653310497216643066309,748189305586684217,199142,25793780,475
130909,-58061544257233,1671059818847330379532380218126849,748189305586684217,199142,25793782,254
2733126,-1212214585270329,1671059690482044419384446008072386,748189305586684217,199142,25793783,34
957008,-424458299261665,1671059645534795289618273808375441,748189305586684217,199142,25793785,375
178294,-79078119273262,1671059637160959900202187821115554,748189305586684217,199142,25793788,247
3561471,-1579607498401253,1671059469891261365884692444470369,748189305586684217,199142,25793803,63
942345,-417954759936867,1671059425632692850363463217419689,748189305586684217,199142,25793819,629
11198599739,-4965315284672226165,1670533626878534211857459064677198,748175370417411144,199136,25793839,40
167958,-74446931298692,1670533618994963320810316622125598,748175370417411144,199136,25793841,80
950366,-421247073501099,1670533574386930341345201959198492,748175370417411144,199136,25793869,64
6920776,-3067616563497771,1670533249541134510541169539368336,748175370417411144,199136,25793900,23
-239541154,106816659749239778,1670544526976009308396772632257599,748175370417411144,199136,25793907,68
1876616,-831816362838031,1670544438890669182607748070909386,748175370417411144,199136,25793915,253
78360,-34732925826664,1670544435212619889892333983628192,748175370417411144,199136,25793919,38
118015,-52310122756343,1670544429673230235073176072109854,748175370417411144,199136,25793951,151
4808142,-2131224630465983,1670544203986822938936380207251861,748175370417411144,199136,25793970,28
-95454365,42565582348920304,1670548697954186969061613703752539,748175370417411144,199136,25793971,747
99000000,-43882186393597040,1670544051042336431302207279631131,748175370417411144,199136,25793972,17
6420348,-2845838697389458,1670543749681746760510123686687797,748175370417411144,199136,25793997,451
-263193702,117365403777885886,1670556140826543524128366961379310,748175370417411144,199136,25794024,363
89400,-39627051636971,1670556136630229917462137994291740,748175370417411144,199136,25794025,354
-77090397,34377085386046848,1670559766076634032973801866249841,748175370417411144,199136,25794087,60
21042343,-9327254881542947,1670558778365336941533494421400742,748175370417411144,199136,25794107,39
2502926,-1109449280937057,1670558660880010095803142334849186,748175370417411144,199136,25794122,131
86103,-38165788381054,1670558656839264942534739352570276,748328629904653756,199136,25794149,253
101185,-44851158816133,1670558652090716300088128600892609,748328629904653756,199136,25794155,188
116719,-51736596754264,1670558646613182324000517443011876,748328629904653756,199136,25794155,201
73274,-32479421482825,1670558643174472670544585127215200,748328629904653756,199136,25794155,214
95104,-42155580414373,1670558638711314316735948510261428,748328629904653756,199136,25794161,216
1160209,-514275121833148,1670558584263213173216720961027613,748328629904653756,199136,25794170,49
-52873712638,23598657945140719191,1671885575493396091659815496689001,1577369354549934765,199152,25794181,45
-52778996996,23587887681415294113,1672922003617298300313079863743655,1797730571590908589,199164,25794187,18
11270102397,-5008152803629516594,1672391782883184331564977270120910,748342565073926829,199158,25794188,8
2688954250,-1194435255977570107,1672265326210812622616699435955948,748342565073926829,199157,25794188,1692
1578009703,-700868850737309534,1672191124162447358625157954237147,748342565073926829,199156,25794188,1695
241591475,-107296726576070209,1672179764495247915424043973653836,748342565073926829,199156,25794188,1719
4008365333,-1780001091245746251,1671991313079660116763495510292986,748342565073926829,199153,25794189,37
5253970818,-2332531575955187825,1671744364423530721530488900654582,748342565073926829,199150,25794190,32
99000000,-43945024651929413,1671739711897111256843711285452859,748342565073926829,199150,25794195,47
4725555736,-2097338408185188403,1671517663498414746448015865296855,748342565073926829,199148,25794196,19
550000000,-244069722338713146,1671491823466684956139331212875627,748342565073926829,199147,25794197,632
1984073087,-880395777898671257,1671398614630219349691053404254765,748342565073926829,199146,25794210,27
3332897230,-1478690589072873426,1671242063414550085245314741306938,748342565073926829,199144,25794212,36
9825408229,-4357580383196351259,1670780718760299033457297883396140,748328629904653756,199139,25794213,17
99000000,-43894376752433407,1670776071509511305025210292224743,748328629904653756,199139,25794242,250
743061,-329455273860082,1670776036628932191148730002686847,748328629904653756,199139,25794269,33
568090,-251877308605297,1670776009961866802146253768478738,748330423641809260,199139,25794302,242
52684,-23358414159539,1670776007488835939521209242531337,748330423641809260,199139,25794319,20
355852,-157776135441350,1670775990784566134765554670534855,748330423641809260,199139,25794337,42
169859,-75311260840986,1670775982811119346345475530274351,748330423641809260,199139,25794401,380
216586,-96028983026334,1670775972863637091478421623369866,764836737413378454,199139,25794418,825
-18828774639,8402909619782330368,1671643790194243694790770652366069,764850672582651527,199149,25794421,53
-2768647739,1236328915851553536,1671771472911357105497120857491143,764850672582651527,199151,25794422,83
-1708875211,763185867792533888,1671850291455526792539889043008503,764850672582651527,199152,25794423,120
732600000,-325228745632990257,1671816602165790910900987342252274,764850672582651527,199151,25794426,23
-357699714,159751822451015206,1671833100644871063652808677833044,764850672582651527,199151,25794434,645
722700000,-320827252097516582,1671799867290205431048127433946589,764850672582651527,199151,25794442,100
-1466258218,654850667718846720,1671867497442251404123908877341643,764850672582651527,199152,25794444,79
-2891184494,1291397179119890432,1672000867372039910210913659571381,764850672582651527,199153,25794445,31
-2984288956,1333200000000000000,1672138554516838550772309251344598,764850672582651527,199155,25794445,563
-17879888157,7992254739910000000,1672963960109128986962932039909010,764850672582651527,199165,25794446,332
8434442733,-3748562379806360380,1672575659856454420360838925290000,764850672582651527,199160,25794507,22
3179752820,-1412742130461274876,1672429318920746033944020293927525,764850672582651527,199159,25794509,199
3858151252,-1713817930380029511,1672251790613096757271981360939008,764850672582651527,199156,25794510,174
1199517935,-532760163272918336,1672196603881477126632215218942567,764850672582651527,199156,25794517,263
3402469473,-1510999254479668869,1672040084839546218316580507563908,764850672582651527,199154,25794518,38
12246569631,-5436226305836897983,1671476965479568637929186504255870,764850672582651527,199147,25794519,19
1639418045,-727456307802092985,1671401610866383875710916562628288,764850672582651527,199146,25794531,189
145758,-64673721592170,1671401604167062938455560703156961,764850672582651527,199146,25794547,1296
3489675823,-1548249792147932451,1671241226474341857775808224416459,764850672582651527,199144,25794573,66
8383805558,-3718393647235830145,1670856051293439636457548596126880,764850672582651527,199140,25794574,25
29889625798,-13242739411140223775,1669484258380937676761811028834794,764836737413378454,199123,25794576,39
2292455553,-1014785435217927121,1669379138449525307797419380048717,764836737413378454,199122,25794576,602
2470042937,-1093253800927853334,1669265895355988297787477846751746,764872162212181441,199121,25794582,83
9000016789,-3982199559664521324,1668853405047849968925250544716264,764872162212181441,199116,25794602,55
5587905556,-2471466910572257718,1668597401768199785374602368796328,764872162212181441,199113,25794603,97
1137336078,-502937910130257734,1668545305681498004339741079146231,764872162212181441,199112,25794606,159
150512,-66555167346051,1668545298787478486873921752028872,764872162212181441,199112,25794611,1000
1322019736,-584566834182259936,1668484747288251360865427377392757,764872162212181441,199111,25794614,511
7697956980,-3403017560767961101,1668132250699064962676147810347053,764872162212181441,199107,25794623,38
4965765568,-2194441350131132592,1667904942706297433395729116219200,764872162212181441,199104,25794624,53
9084883069,-4013189517184021931,1667489242348804498751305315286122,764872162212181441,199099,25794625,30
9654031382,-4262415390939028185,1667047726294252447513136902182696,764872162212181441,199094,25794626,11
119800,-52879421198339,1667047720816815062100666212909230,764872162212181441,199094,25794626,743
-1737255719,771482791803852671,1667127390609759441535573194418399,764904642798813911,199095,25794790,8
-2247915689,998366784887565400,1667230490349480869926877490918105,764904642798813911,199096,25794794,193
-1568056897,696494217040497408,1667302416192348771718198834968287,764904642798813911,199097,25794795,88
-1994811477,886135483002931328,1667393925985180885337801192868312,764904642798813911,199098,25794796,30
-7575019546,3365862623741660672,1667741513230368464479631204743684,764904642798813911,199102,25794815,17
-18351249317,8159962644296358912,1668584179510435341917703293840711,764904642798813911,199113,25794817,14
3947743,-1745745671628852,1668583998687605878764192661710658,764904642798813911,199113,25794845,19
-3359885297,1494880417105264128,1668738372595323141223251940773787,764904642798813911,199114,25794852,147
-4722718118,2101699814286506752,1668955411770810050021360251422732,764904642798813911,199117,25794853,155
-2060116635,916962535046553216,1669050105023959740487118606493602,764904642798813911,199118,25794856,245
-11427171314,5088149497895069650,1669575550077658894192572778520199,764904642798813911,199124,25794858,95
-1683828151,750025000000000000,1669653003958792642873318277395324,764904642798813911,199125,25794860,969
-3359896081,1496801362363317504,1669807576239451716211188722946916,764904642798813911,199127,25794864,32
158764,-70310297095786,1669807568956771846014123537966455,764904642798813911,199127,25794867,466
626147,-277296730628361,1669807540234615893985839455269006,764904642798813911,199127,25794872,32
-3969430144,1768700000000000000,1669990191052336985004984902234686,764904642798813911,199129,25794879,56
-37320004104,16647999745666012587,1671709387405112342080635305874583,764918577968086984,199150,25794894,35
-797210868,356000000000000000,1671746150285486109240282362922172,764918577968086984,199150,25794895,54
254233215,-112851128596432254,1671734461475965876482513593751738,764918577968086984,199150,25795027,855
5811595301,-2579268395520579175,1671467307949441467829762650590693,764918577968086984,199147,25795030,95
13651316730,-6055406625866691924,1670840105585604861870641737621591,764918577968086984,199140,25795031,81
28243723851,-12513842661992715873,1669543932661244501975134300065610,764904642798813911,199124,25795032,22
2684322317,-1188322545990313986,1669420847237879058985038781654231,764904642798813911,199123,25795032,296
12245524595,-5418748740264574094,1668859577921684613543122598494757,764904642798813911,199116,25795034,156
2998119567,-1326138194343993728,1668722217672446991945568423893309,764904642798813911,199114,25795035,253
38863217115,-17170372878026333031,1666943725273926415939620249113781,764904642798813911,199093,25795041,87
2375919148,-1048530889497073394,1666835119349650244074453527004669,764904642798813911,199092,25795047,145
17357517382,-7656005167489882676,1666042116944277896195229739151454,764904642798813911,199082,25795048,47
40363767216,-17775402000784418423,1664200975379878821245604655282404,764913670474420885,199060,25795049,17
26257228624,-11542086544751180824,1663005470130307222352751655626729,764913670474420885,199046,25795055,28
1,0,1663005470130307222352751655626729,764913670474420885,199046,25795055,544
2488516227,-1093035472220821721,1662892255795971615980970342837046,764913670474420885,199044,25795061,383
17569008187,-7712634860431307121,1662093397164308729332460398407667,764913670474420885,199035,25795062,40
24833432288,-10889019727828206102,1660965535213453121962073969722415,764913670474420885,199021,25795063,30
5168899648,-2264613199438527960,1660731274438440802608948319993520,767038216579007691,199018,25795065,14
990000000,-433668821478538998,1660686480341976207355824268179926,767038216579007691,199018,25795072,179
6335413541,-2774669774081275389,1660399881860919057947312797301416,767038216579007691,199014,25795072,570
-8185013756,3606513887181819392,1660771284810343231675912593372168,767038216579007691,199019,25795079,27
465300000,-203837108141081455,1660750450008653802472437681242036,775128065578516972,199018,25795130,444
-964078845,424891759053948950,1660793749180297441402926395596252,775128065578516972,199019,25795147,291
495000000,-216853680111483420,1660771583915778389420250920777282,775128065578516972,199019,25795150,144
-8491399231,3743211478379168768,1661152731091520928070305350555826,775374576672077902,199023,25795170,27
-17964669681,7924923185186597888,1661960074393141305783316154328981,775374576672077902,199033,25795171,26
-905741444,399762202846363532,1662000799751503428384098063196256,775374576672077902,199033,25795171,452
-1005691598,443899616418586201,1662046021562937170667783960526150,775374576672077902,199034,25795171,651
-5683619166,2509132073410831042,1662301636781534571750257177133056,775374576672077902,199037,25795172,125
-2248531698,992866319557605100,1662402784004513041041126831850537,775374576672077902,199038,25795173,577
221080,-97041267795086,1662402774090716648187851161672096,775525442604594557,199038,25795213,623
-450272147,198837621110627394,1662423026525876576938403097663158,775525442604594557,199039,25795216,94
17720233,-7778364584527461,1662422231883303241860915082023882,775525442604594557,199039,25795235,233
3961381442,-1738677277196152621,1662244814281860724894193620343593,776429197314940081,199036,25795264,37
2433693014,-1067980408478441701,1662135835735384633684375803382248,776429197314940081,199035,25795268,37
15987312085,-7012251233921024230,1661420293632803717151580959713930,776429197314940081,199026,25795271,8
11217424335,-4916510831093880011,1660918604463364813734170738202611,776429197314940081,199020,25795272,56
640828,-280784940613360,1660918575811589502598069574210736,776429197314940081,199020,25795278,550
5963413603,-2612510410221669515,1660652656083993037682637292507834,778996196679701917,199017,25795284,30
1515551596,-663814400187705829,1660585142538482102511963523681996,778996196679701917,199016,25795285,129
963500070,-421986747571557967,1660542224184377208334894117960990,778996196679701917,199016,25795285,879
10146371760,-4442510226712954180,1660090450903519955002360916701589,779089727363729823,199010,25795327,75
53404985211,-23343169845430693740,1657716608213577233732292441358641,779089727363729823,198982,25795328,13
2619812046,-1143394869569944291,1657600332678985348730778727658869,779089727363729823,198980,25795332,89
8048533870,-3511711596510570234,1657243215331265948110814905665331,779089727363729823,198976,25795347,109
557882,-243360761989737,1657243190583120358050329790860594,779089727363729823,198976,25795353,621
18336798801,-7995007605928443105,1656430152315950969643966429398572,779089727363729823,198966,25795365,12
2939740739,-1281023567409878015,1656299880872471945483939653249018,779089727363729823,198965,25795369,55
33529533,-14609691382030302,1656298395165546999279291691744345,779089727363729823,198965,25795378,166
13267448,-5780965417900094,1656297807280414476027108138406992,779089727363729823,198965,25795378,201
11435068155,-4981026817600066530,1655794288969705717932718779392932,812063496450027909,198959,25795418,53
-41150298467,18047187714360395776,1657621041750327178442732454078695,779089727363729823,198981,25795444,14
-8803016051,3865897631993261056,1658012998018300087236421060273287,779089727363729823,198985,25795445,35
5214416609,-2276443819076474762,1657781499059299976546764977549138,779089727363729823,198983,25795474,46
255350,-111461480311838,1657781487724420352207972155763947,779089727363729823,198983,25795518,19
449719,-196304826019133,1657781467761545587056260664043423,779089727363729823,198983,25795519,59
80184271,-35000867100226336,1657777909573998376697500405008024,779344638236113251,198983,25795550,259
1652355,-721259888719284,1657777836250730498951359035559858,779344638236113251,198983,25795551,731
-5097897020,2238972897248562176,1658004767355104063890596931441752,779344638236113251,198985,25795556,73
-15611926249,6860500724519527424,1658700113425565238406547261472264,779344638236113251,198994,25795557,37
-750315771,329863491684105412,1658733546740703793224839689371402,779344638236113251,198994,25795558,617
-2670214547,1174022018073652224,1658852539745687344910987767368299,779344638236113251,198996,25795577,74
-1329104309,584434455678355900,1658911775101606139191154697153092,779344638236113251,198996,25795577,379
-1183932230,520634462314651184,1658964544009015957031085359955957,779344638236113251,198997,25795580,390
-487181510,214247796927036500,1658986259095083324516724798087104,779344638236113251,198997,25795596,557
1454596,-635863472149386,1658986194453213685999723611982679,779344638236113251,198997,25795631,41
-127295839,55981807037092317,1658991868489425275218436269172655,779344638236113251,198997,25795640,169
191610,-83761083716928,1658991859974274945685806771952072,779344638236113251,198997,25795657,649
7743485995,-3384316278526897971,1658647810439627907145545744604435,779344638236113251,198993,25795667,152
23053444767,-10067279425248009398,1657624370986467248654824096512507,779344638236113251,198981,25795668,84
1910150015,-833591946741219300,1657539628043503693712897679496722,779344638236113251,198980,25795668,691
268001,-116949568065462,1657539616154412616324517889008277,779344638236113251,198980,25795669,1098
1937213,-845358835386507,1657539530215247955541784049664512,779344638236113251,198980,25795670,168
152273839,-66448824966333493,1657532775028845146690339065742460,779344638236113251,198980,25795671,413
680564,-296981233952854,1657532744837738012679416253616136,779344638236113251,198980,25795672,222
161430,-70443763977327,1657532737676426178746786460098714,779344638236113251,198980,25795707,40
371839,-162261164622973,1657532721180958974919106485363804,779344638236113251,198980,25795786,130
1145109,-499697032764672,1657532670381767221474579424523593,779344638236113251,198980,25795804,16
131406,-57341993480562,1657532664552381150823936734671633,779344638236113251,198980,25795884,94
373136,-162827081379484,1657532647999382859266092894878280,779344638236113251,198980,25795890,383
11927963451,-5203407661630529675,1657003669666027426608818445611675,779344638236113251,198973,25795911,41
5859891143,-2555079367071306198,1656743920341531735584589495070652,779344638236113251,198970,25795920,17
-234711293,102942133867555111,1656754354041802892649745034354371,779344638236113251,198970,25795954,66
190355,-82987824340788,1656754345605262097991397583805920,779344638236113251,198970,25795968,370
208728,-90997871509939,1656754336354420045932024200004197,779344638236113251,198970,25795974,167
353408,-154073390088266,1656754320691321860429991363219322,779344638236113251,198970,25795991,53
198000000,-86320730008814769,1656745545327394334015992235067555,779344638236113251,198970,25796017,197
1565765,-682612097112010,1656745475933060286120416996155828,779344638236113251,198970,25796018,269
350419,-152768669318571,1656745460402599991617486862539778,779344638236113251,198970,25796032,681
145444,-63407609012952,1656745453956583550304451385018644,779344638236113251,198970,25796032,698
2056039789,-896303711315536556,1656654335736712341825427298406135,779344638236113251,198969,25796033,121
4639886504,-2022335715909112027,1656448745122627812030927868779661,779344638236113251,198967,25796036,90
1989038665,-866786456977041661,1656360627626324803217977810774409,779344638236113251,198965,25796037,572
3046041799,-1327230238433370873,1656225701423120994110991946865281,779344638236113251,198964,25796045,85
6284099424,-2737443090001041580,1655947413005689879537824972957507,779344638236113251,198960,25796046,22
59013194379,-25663714809709291112,1653441023433405571220125171087889,812318407322411337,198930,25796047,11
59057528801,-25605438465102355561,1650943638391191527960643936023734,812318407322411337,198900,25796048,27
20054284751,-8677304998850657728,1650096877659360026266181682579139,811882715581669266,198890,25796056,22
784827712,-339406759589874778,1650063756405032101783605519114069,811882715581669266,198889,25796104,200
297000000,-128437129739745205,1650051222774752024003060768514968,811882715581669266,198889,25796116,4
12278123304,-5307945804063622388,1649533243041090657318709987395264,811882715581669266,198883,25796129,42
19974174099,-8627902640860782946,1648691282916225052513584595040897,811882715581669266,198873,25796136,17
4482479058,-1935009936680979790,1648502453570818627909789803845217,811882715581669266,198870,25796137,116
-371875835,161483058911241675,1648518164736694942340056961218798,811882715581669266,198871,25796138,47
3424097002,-1477853991365717158,1648373947285142977244904010190057,811882715581669266,198869,25796139,147
2667960151,-1151323079408722382,1648261594589006977586872551735296,811882715581669266,198867,25796142,672
-7290212000,3165331850849696768,1648569559115425909057698956833880,811882715581669266,198871,25796163,20
-9053176421,3932438954308188672,1648952157767731444282706218347042,811882715581669266,198876,25796164,30
-20859388198,9067668715795415040,1649834378158315160073403800957551,811882715581669266,198887,25796165,18
-17429103606,7583952639556338688,1650572243410073079676335886222692,811882715581669266,198895,25796166,14
-2270916089,988646753849590725,1650668431785792096995003840703592,811882715581669266,198897,25796166,214
-14232560091,6198791203644317696,1651271334358190400191358029834050,812318407322411337,198904,25796167,27
-600578229,261672952599261764,1651296779641008268784683450213525,812318407322411337,198904,25796170,761
338489,-146598703289087,1651296765342740762015828361601850,812318407322411337,198904,25796171,91
-12304559120,5362892896547775488,1651818257247498600668326908090891,812318407322411337,198911,25796173,23
-2143406710,934541682404110336,1651909132812503122287325492513487,812318407322411337,198912,25796175,101
-6179104512,2694712323944950784,1652171168749020348132886513171069,812318407322411337,198915,25796178,76
-13984221386,6101687770647112000,1652764501645860538798939525806844,812318407322411337,198922,25796209,16
-28820893445,12589156243350792192,1653988681057100540130063229416151,812318407322411337,198937,25796210,40
-2353427081,1028816107356763141,1654088723941010527205505732781918,812318407322411337,198938,25796214,328
-5213866299,2279719252845440256,1654310405626327192837851394838160,812318407322411337,198941,25796215,86
-7081223095,3097184034061390848,1654611578227097936698086183750504,812318407322411337,198944,25796217,39
-21875521860,9575038575132139520,1655542662476028164763696565108831,812318407322411337,198956,25796218,19
-3951005159,1730526149476098048,1655710940193918908216906910076979,812318407322411337,198958,25796220,278
-10776552239,4721904632737638400,1656182984914599550594800275346992,779344638236113251,198963,25796221,53
-52101402678,22867520303493259264,1658500722500049448212496656505864,779344638236113251,198991,25796223,18
-7453604304,3276651808773173248,1658832827553454204353215617423508,779344638236113251,198995,25796224,116
-6745319014,2966416437592553984,1659133488699929905334135992972111,779344638236113251,198999,25796226,85
-21774498445,9583202553364959232,1660104794222003515222611650727652,779344638236113251,199011,25796227,197
-5488667081,2417395246673302016,1660349809324110880024366298280503,779344638236113251,199014,25796234,191
-2732168092,1203605574301657088,1660471800770520126779869572269942,779344638236113251,199015,25796235,327
-194786603,85816350988698549,1660480498687018851087590685361816,779344638236113251,199015,25796281,13
-15788548920,6958890641135773696,1661186803929097659068732605571781,777124289458004674,199024,25796429,39
5377115062,-2356456641210577283,1660946562139900902609569418457464,777124289458004674,199021,25796450,28
2763672037,-1210881200872414931,1660823161564109499564787602377486,779344638236113251,199019,25796451,271
8408920368,-3683198228673722247,1660448727695552873387482549671277,779344638236113251,199015,25796452,20
15203013961,-6654870969482064773,1659772193627294042001787263599793,779344638236113251,199007,25796453,20
6546268194,-2863851983100999216,1659481054483965282278314557508694,779344638236113251,199003,25796456,12
7864126734,-3439058680661824052,1659131439837659063838785943470549,779344638236113251,198999,25796457,38
3261269480,-1425759655160639837,1658986497135645983765326673901688,779344638236113251,198997,25796465,68
7154291751,-3126836103657229866,1658668623031146185038644574616007,779344638236113251,198993,25796466,17
7803564356,-3409239480057819768,1658322039804260322888873997731624,779344638236113251,198989,25796467,30
6002234894,-2621301220307266108,1658055558367304027686479475470532,779344638236113251,198986,25796468,61
3515707514,-1534991625426858898,1657899511540313370340678796036288,779346612184784208,198984,25796469,144
898178221,-392106892024247452,1657859650061378892847456255416590,779346612184784208,198984,25796472,448
218869,-95546544007733,1657859640348143474912337510344689,779346612184784208,198984,25796493,873
3439247573,-1501256727835714343,1657707023001575219853877200355835,779346612184784208,198982,25796509,39
14339494467,-6256316741118264093,1657071007560234589680203115234268,779346612184784208,198974,25796515,24
472330786,-205996097142414537,1657050066053584614350956739151649,779346612184784208,198974,25796516,832
9725759693,-4240507033893760585,1656618977273353210077533581519813,779346612184784208,198969,25796517,45
13019487906,-5673145696547568451,1656042246840211095601537369856846,779346612184784208,198962,25796518,18
3134647217,-1365309413304114769,1655903449860294455107701978693077,779346612184784208,198960,25796519,107
1151803,-501630553975186,1655903398938409977912483201193859,780475181947853861,198960,25796615,62
-20575150281,9019823530597051392,1656816278923421641611933883538299,780475181947853861,198971,25796638,46
-9807406301,4302914198230609408,1657251769067487378521513843240690,780475181947853861,198976,25796639,44
-25559260802,11224539822031452160,1658387784390818281298792472516180,780475181947853861,198990,25796640,27
-13824306785,6077462188287066112,1659002873319391278566655397148479,780475181947853861,198997,25796641,11
-22511281993,9906096514309629952,1660005451386116324392333493606226,780475181947853861,199009,25796644,51
-6684729116,2943923084256839680,1660303400503625720237608926953865,780475181947853861,199013,25796645,47
-5886691516,2593346316588685824,1660565868382136512561913344365419,780475181947853861,199016,25796646,55
1102712836,-482945154305869269,1660516843303497460658744088640277,780475181947853861,199016,25796647,1534
-2866154014,1262889044709569999,1660644658013873457848280504928445,780475181947853861,199017,25796669,177
-112647644773,49789816536921718784,1665697613156047637661275208219131,778254833169745284,199078,25796671,40
6323131495,-2786035049615299184,1665413988270889727637667820754517,778254833169745284,199075,25796693,322
2836739585,-1249587584707310623,1665286777331725017814181527939725,778254833169745284,199073,25796695,78
3034547852,-1336511080162681231,1665150717377391077501007939367495,778254833169745284,199071,25796696,256
16340521772,-7193131141186670818,1664418439801010061201884440889148,778254833169745284,199063,25796701,37
6023857163,-2650118490039449605,1664148651539553666180101694138670,778254833169745284,199059,25796704,38
5772699945,-2538819086770891261,1663890193817702129196124180052611,778254833169745284,199056,25796705,54
500000000,-219861647263979541,1663867811387709195094607090746369,778254833169745284,199056,25796711,483
4304292284,-1892452974387195277,1663675155248081149685027726047851,778254833169745284,199054,25796712,88
2660055529,-1169318120371163992,1663556115928152590595273757090195,778254833169745284,199052,25796720,290
32227138240,-14153254970405901421,1662115281464800708782364836341341,778254833169745284,199035,25796745,37
11084464414,-4862321066477230157,1661620286958042639387819666093998,778256644047310981,199029,25796798,52
-1133306799,500000000000000000,1661671035306052836160597734214055,778256644047310981,199030,25796806,776
14117975164,-6189189737801881643,1661040962779041585596586405526080,778256644047310981,199022,25796816,17
5958422490,-2610709124784435171,1660775372664797024645609115938485,780476992825419558,199019,25796817,146
6421332216,-2812601821574924363,1660489858452006514864688353151212,780476992825419558,199015,25796820,50
6534327123,-2861102051174255074,1660199420860169603862248687849480,780476992825419558,199012,25796825,208
990000000,-433391303744182799,1660155426230012717719273903527715,780476992825419558,199011,25796828,77
5270129687,-2306712830543323157,1659921266068096317852307741999104,780476992825419558,199008,25796837,178
7620600704,-3334353249265189935,1659582787568997447502665030403646,780476992825419558,199004,25796848,49
6681061440,-2922144360997690474,1659286153420327478114448881004692,780476992825419558,199001,25796850,36
5932594727,-2593906552139922233,1659022839508772206555957765985983,780476992825419558,198998,25796852,32
-4010593611,1764029303773008128,1659201373301874475762340476949780,780476992825419558,199000,25796887,147
-3385773038,1489502272756141568,1659352122776398978127968690735850,780476992825419558,199002,25796930,288
-12239018683,5386566702231729152,1659897286160641465592674936387245,780476992825419558,199008,25796931,27
-10657839606,4693551110491462656,1660372310856140081535420870536603,780476992825419558,199014,25797026,20
955417,-418349801550998,1660372268400320409665490604634481,780695940421421196,199014,25797060,14
1746657841,-764776385873334966,1660294655818199979106478081014529,780695940421421196,199013,25797085,515
3105010585,-1359356377379202260,1660156702868267045188696907475248,780695940421421196,199011,25797090,297
4390879784,-1921917219620156215,1659961658982509379824993589798858,780695940421421196,199009,25797092,46
15860792594,-6938613925751692171,1659257500547361830007416599231665,780695940421421196,199000,25797093,36
5382520625,-2353351274227389163,1659018672999332066131976040330767,780695940421421196,198998,25797095,43
23019049102,-10056773415452710808,1657998071203838525631674218481477,780695940421421196,198985,25797096,48
1987299551,-867649462598742713,1657910018648331345599976525786259,780695940421421196,198984,25797096,448
21775672759,-9501164367455411591,1656945802292635741921911683854553,780695940421421196,198973,25797101,11
32919366654,-14342452752609784747,1655505482910615163879744598111688,813669709507719282,198955,25797104,18
3324869972,-1447221261873971077,1655364564943545674607900589003262,813669709507719282,198953,25797104,403
1296582658,-564298755287722089,1655309618381116084029788198671095,813669709507719282,198953,25797104,513
12414537876,-5401159736887433192,1654783699870940108192046062804358,813669709507719282,198946,25797105,53
20707554819,-9001547642293650503,1653907206533225699357975823329290,813669709507719282,198936,25797106,33
14445448972,-6273774057061630279,1653296320340999885961547655325723,813669709507719282,198928,25797107,100
-4608872084,2013228472904760832,1653491763132581701633060404521933,813669709507719282,198931,25797116,83
-906215720,395905406472434707,1653530197348511334233790378053567,813669709507719282,198931,25797120,118
15028674,-6526505684068151,1653529561853485594043174548732769,813669709507719282,198931,25797160,15
198000000,-85985042324975003,1653521189369137810432465482657416,813669709507719282,198931,25797169,126
-198020565,86512269475947477,1653529587918870251727624513009377,813669709507719282,198931,25797177,68
52557834329,-22793660212968894793,1651310137207425415642670891319704,813669709507719282,198904,25797186,53
12493373319,-5409217610099801976,1650783368585117199705617218788620,813234017766977211,198898,25797189,73
-140868271,61339551654308378,1650789326575561848006819192152476,813234017766977211,198898,25797191,371
-4707320680,2050000000000000000,1650983538871855479237861451197268,834041856268205459,198900,25797206,177
-2669699152,1162846669342251923,1651093669812638369352873295101912,834041856268205459,198902,25797206,739
99000000,-42866057190637971,1651089597836010432003570409977378,834041856268205459,198902,25797218,149
49500000,-21432949307251795,1651087561855228277020977718025326,834041856268205459,198902,25797219,502
1287000000,-557238129244278137,1651034628117273627913077226203417,834041856268205459,198901,25797225,51
25286472971,-10941151355014084460,1649994819172914484682201511491730,833606164527463388,198888,25797233,48
19112516528,-8260613981354939918,1649209708295821358852802950736486,833606164527463388,198879,25797240,2
1053230,-454999414224800,1649209665051458411354578450561308,833606164527463388,198879,25797244,493
37290962338,-16094901136753287125,1647679962540637191960165509302677,833606164527463388,198860,25797245,34
3971903835,-1712527417622714192,1647517199348224312671449354897624,833606164527463388,198858,25797247,486
-6042725667,2621222796344108032,1647765579999074141521872086901359,833606164527463388,198861,25797256,48
-152938045,66351954350651364,1647771867347722931997068412677731,833606164527463388,198861,25797258,67
43560000,-18785275079007386,1647770081944867042099391770907094,833606164527463388,198861,25797259,190
-4872449264,2114165706144716288,1647970415108010979745418989522345,833606164527463388,198864,25797262,245
-5415371550,2350344066186672128,1648193127953975349102016554147261,833606164527463388,198867,25797263,77
-10572786844,4590563006757108224,1648628118458779349780098894636430,833606164527463388,198872,25797266,27
-31286947357,13598580711153655808,1649916686653890860182175766818537,833606164527463388,198888,25797268,11
-4434000932,1928917232531372800,1650099466125487023254570453721582,833606164527463388,198890,25797271,316
-14579752658,6345623576260769792,1650700761870403457234958812605998,833606164527463388,198897,25797280,17
31481237508,-13613943187954493844,1649406856247756534582050515689600,833606164527463388,198881,25797325,14
12767552846,-5515199234557899600,1648882676941210986826157880532740,833606164527463388,198875,25797327,45
11011703241,-4753910261602029509,1648430852577606456575163725074390,833606164527463388,198869,25797334,40
5607283710,-2419743854892541011,1648200873640865996924040694409682,833606164527463388,198867,25797336,90
18438392379,-7952068844326091000,1647445087719968900087199175810931,833606164527463388,198858,25797338,174
1227960,-529348943423194,1647445037409227568105031486546703,833606164527463388,198858,25797339,242
32222106936,-13879183380491437227,1646125922648292250051420931755873,833606164527463388,198842,25797341,58
28243099697,-12146889794582582573,1644950775506211246903468789208135,816540606986199039,198827,25797342,24
12696850476,-5455041298982116543,1644421478010336576240721471955655,816540606986199039,198821,25797345,72
21432785098,-9200364910919941442,1643528775308087231265552352566317,816540606986199039,198810,25797346,16
4628410584,-1985507733450654061,1643336123371327133503315375822260,816540606986199039,198808,25797349,148
24318026185,-10424367837721424443,1642324656823198165120088979160248,816540606986199039,198795,25797356,27
4411726965,-1889792636397359370,1642141292031742936668444921532743,816540606986199039,198793,25797358,9
4696297,-2011465216578989,1642141096861176148673247747844566,816540606986199039,198793,25797358,38
-6570350397,2831571827615743488,1642415017362271503894666669854682,816540606986199039,198796,25797390,222
-7984466343,3442273927721584640,1642748015942774731700783741075159,816540606986199039,198800,25797393,465
-17381813646,7498500000000000000,1643473405585880849234278514581996,816540606986199039,198809,25797394,397
-6208608553,2679993983282903240,1643732662754522594583395036288132,816540606986199039,198812,25797394,481
-9567057962,4131350403318141440,1644132321192158023182300566144217,816540606986199039,198817,25797473,57
5473668298,-2349783075417022997,1643904323963631268072353857943498,816540606986199039,198814,25797574,57
94223505,-40443364995815625,1643900399782191793933032133269905,816540606986199039,198814,25797576,475
6549527325,-2810767317789541951,1643627673688794485908385705635981,816540606986199039,198811,25797581,245
28822040975,-12358070289188311381,1642428581821399994119240736218273,816540606986199039,198797,25797588,14
8390950524,-3594412443206464534,1642079819382940556960465990384962,816540606986199039,198792,25797589,49
39908690758,-17074746088107646663,1640429764911013695439549047650244,825637837516782002,198772,25797592,45
14170455465,-6054541215008129695,1639848771461422396488292926599477,825637837516782002,198765,25797597,80
40967063412,-17479699759332139214,1638171420411962087994538650582953,825637837516782002,198745,25797598,35
40990742739,-17454049865622456467,1636496530724923608968639673445946,825637837516782002,198724,25797599,21
17936281596,-7626128730179893474,1635763148743519461597622649177645,821931910675278924,198715,25797603,47
34153958046,-14502623037858359461,1634365203049961277681133154281286,821931910675278924,198698,25797604,21
-5981310737,2553321215506058752,1634610585983448908494801503930114,821931910675278924,198701,25797615,41
-8197147337,3500470318968200192,1634946993197017827935354029102385,821931910675278924,198705,25797631,41
-5197381402,2220211205812422912,1635160363115121290943792365584903,821931910675278924,198708,25797636,53
-6801451427,2906311458283561472,1635439669622634482533479881033738,821931910675278924,198711,25797645,71
-14054689874,6008821708218906624,1636017138015021877160068408717286,821931910675278924,198718,25797647,14
-3812798937,1630823091158384640,1636173601261774635441583988409690,825637837516782002,198720,25797654,81
1410364,-599688432324156,1636173543715704899827065330780852,825637837516782002,198720,25797654,328
50330378,-21400521784523304,1636171490122784626471499033915207,825637837516782002,198720,25797684,24
200000000,-85039649647551778,1636163329722574897243235174771002,825637837516782002,198720,25797688,861
200000000,-85038801381807125,1636155169403764703281973424942273,825637837516782002,198720,25797690,477
841588,-357836281021556,1636155135065814408338534654421831,825637837516782002,198720,25797700,33
-12117945502,5185077866957285376,1636651202179875668482077773895626,825637837516782002,198726,25797713,14
-5031449805,2153801929476128512,1636857260861120078526198863776816,825637837516782002,198729,25797719,40
7360695,-3132393383107507,1636856960276819385786343440291718,825637837516782002,198729,25797730,29
2150532,-915173116007803,1636856872456856359590658343049442,825637837516782002,198729,25797732,200
-10348141868,4431148475612370944,1637184211701321357380570109888544,1069283754436681819,198733,25797738,31
-15841897906,6787048599538915328,1637685586767615714030014444619661,1069283754436681819,198739,25797740,8
-2014490393,863353872708870129,1637749364726299302409184351386989,1069283754436681819,198739,25797741,838
99000000,-42175997060691818,1637746700850476580349118876200758,1254385328634093081,198739,25797796,29
-108164170,46357855580900916,1637749620072416633227412742099337,1254385328634093081,198739,25797799,169
-116438120330,50000000000000000000,1640898193171271938725717556206372,1254385328634093081,198778,25797823,10
20417541466,-8728844733536556890,1640346871090788528287985983230679,1254385328634093081,198771,25797823,284
16560915137,-7075764534420562652,1639899959117530533926947256712605,1254385328634093081,198766,25797823,291
28223400447,-12049761101800034879,1639138884821587491677786270072832,1254385328634093081,198756,25797823,300
10761058433,-4591440196469880338,1638861294581432709788793146145686,1310461671338321282,198753,25797831,82
4120850931,-1757839133244492139,1638755018779882255421562332811460,1310461671338321282,198752,25797832,277
4734559861,-2019348686826281738,1638632932579704078237412557534260,1310461671338321282,198750,25797833,49
10509306875,-4481275152270212414,1638362002720555578412735928028829,1310461671338321282,198747,25797839,52
7676637624,-3272459776877670278,1638164155671157274105462123754170,1310461671338321282,198745,25797842,296
872409300,-371847747690618396,1638141674423190282180189111264060,1310461671338321282,198744,25797842,883
5184983611,-2209789349146189651,1638008074522097680867907980589143,1310461671338321282,198743,25797845,42
8668843531,-3693771428739354693,1637784755725792989507723008134319,1310461671338321282,198740,25797855,15
21780000,-9279132289787758,1637784194726095611205589430790555,1310461671338321282,198740,25797876,192
583805,-248723437855437,1637784179688722610137756704197544,1310461671338321282,198740,25797885,95
99000000,-42177793152555452,1637781629694988744592437708138853,1310461671338321282,198740,25797895,250
99000000,-42177661812978329,1637779079709195434340315258524645,1310461671338321282,198740,25797897,259
153450000,-65375116251711772,1637775127246908239111218307582299,1310461671338321282,198740,25797898,466
-247381620,106028676892037121,1637781518319654143619723940742733,1310461671338321282,198740,25797914,151
99000000,-42177656076502482,1637778968334207650409698906438128,1310461671338321282,198740,25797923,382
7909731762,-3369413447095139708,1637575259639781224605424123752686,1310461671338321282,198737,25797942,45
22886634941,-9744604071571154852,1636986118353236658149462769099031,1310461671338321282,198730,25797948,45
350960,-149376904047808,1636986109322176926588639752763446,1310461671338321282,198730,25797949,63
99000000,-42136697891666223,1636983563490012947936967197239600,1311324915919864086,198730,25797968,228
5392496504,-2294973698479213667,1636844904834982721270405636045385,1311324915919864086,198728,25797975,82
29796756934,-12674091274019224133,1636079054989256605974971732365892,1307618989078361008,198719,25797976,75
-108642578,46468114600629504,1636081862029086985985542594137156,1307618989078361008,198719,25797989,12
-10980510820,4697355493142801408,1636364910852494418586485139885835,1311324915919864086,198723,25797997,43
-14342036219,6137830915095666688,1636734636305084099065673787581916,1311324915919864086,198727,25797998,420
-40090193686,17171757700712232960,1637769014080470765263458282702830,1311324915919864086,198740,25797999,5
-55922797373,23989593415262339072,1639214078860780380943416033568977,1311324915919864086,198757,25798014,8
-11981576979,5145328597393686528,1639524018800591244188582727078576,1311324915919864086,198761,25798016,23
-1733894367,744759000000000000,1639568880961532825947631293393759,1311324915919864086,198762,25798016,1496
-18562368027,7975641528650000000,1640049310891041109115860295548311,1311324915919864086,198768,25798016,1549
477657,-204063776606487,1640049298561832794705017535790149,1311324915919864086,198768,25798032,67
-4729613781,2032907338563695104,1640171755109792560384577567944520,1311324915919864086,198769,25798033,230
-1463788843,629234897299705641,1640209658427822579577176193394811,1311324915919864086,198769,25798034,489
198000000,-84605492413556049,1640204546698745245237680336366470,1311324915919864086,198769,25798044,296
-7559443591,3250000000000000000,1640400317442113423019899605317025,1311324915919864086,198772,25798047,152
-423183104,181960275542089125,1640411278210853839403392478685048,1311324915919864086,198772,25798048,100
-6913473974,2973000000000000000,1640590363263171867879250289943510,1311324915919864086,198774,25798049,191
-4270600898,1836810114938929664,1640701007472903493212918162278536,1311324915919864086,198775,25798051,87
495000000,-211639484284760016,1640688220552399061379590096751775,1311324915919864086,198775,25798063,4
-8370563657,3600890458307866112,1640905127937571464251686926100625,1311324915919864086,198778,25798066,101
-8400911218,3614903549909679616,1641123525358979542866876158285284,1302227685389281123,198781,25798067,84
-10723383600,4615663537065734144,1641403502104439643459422992246927,1302227685389281123,198784,25798068,12
-7831347454,3371840251893522432,1641608031063787632792471770280932,1302227685389281123,198787,25798069,35
-6438164765,2772625341230632331,1641776212867592041686048389414543,1302227685389281123,198789,25798070,300
495000000,-211916951193676382,1641763319737736888157929903497006,1302227685389281123,198788,25798074,4
99000000,-42382990827152999,1641760741136066251389390827708603,1302227685389281123,198788,25798082,231
-100160527,43138267818749035,1641763357815495263145354055014236,1302227685389281123,198788,25798089,43
-912430012,392982000533456450,1641787195302922629260748578854948,1302227685389281123,198789,25798110,9
990000000,-423836244265077089,1641761408900731348244920879139155,1302227685389281123,198788,25798111,4
297000000,-127148277101070200,1641753673138026717281436751403728,1302227685389281123,198788,25798127,4
-6648082764,2863545120762174464,1641927369950402867419576955949018,1302227685389281123,198790,25798141,96
-9017353957,3885035612015173632,1642163028294628729823858576370916,1302227685389281123,198793,25798145,47
-234110640,100879050471644428,1642169147412283070666573206117108,1302227685389281123,198793,25798146,743
-5210456067,2245397363677438464,1642305348641228530093229414563330,1302227685389281123,198795,25798149,58
-43350168810,18695800645906333696,1643439397814565654143468788053923,1302227685389281123,198809,25798150,8
-14397980331,6215187754360768512,1643816398439917912630448046943732,1302227685389281123,198813,25798153,11
-1585358778,684527378841156109,1643857920475951786300645093748462,1302227685389281123,198814,25798153,113
-15614379142,6743836161610955776,1644266987836534201013981143122437,1302227685389281123,198819,25798155,8
-3471977311,1500000000000000000,1644357974780191955316191141564687,1302227685389281123,198820,25798155,249
-21326949290,9217534942220472320,1644917091668492752431141656505468,1302227685389281123,198827,25798156,11
-3182406770,1375977797055517952,1645000555678022759961461431339600,1302227685389281123,198828,25798158,1350
-15760748239,6816536299456636928,1645414032880835891982966860668594,1302227685389281123,198833,25798159,22
15354049,-6602511655903461,1645413631180831856306404923375123,1302227685389281123,198833,25798162,551
-3442991663,1489552018755837184,1645503984371235743998031085978991,1302227685389281123,198834,25798185,343
-4406473757,1906624903940473856,1645619636353043279400269092155607,1302227685389281123,198835,25798186,1472
-1056051365,456979748201491099,1645647355813444841945891407396864,1302227685389281123,198836,25798190,582
-8796610230,3807110793536842240,1645878287396958418570360939684689,1302227685389281123,198838,25798195,5
-4580890482,1983000000000000000,1645998100174106120469564882038856,1318640736114573224,198840,25798197,562
-16562923,7170368103271240,1645998529700351285505701987777148,1318640736114573224,198840,25798344,115
-34262747,14832931083872095,1645999418236769707415553697637228,1318640736114573224,198840,25798344,126
99000000,-42601987912986240,1645996858572769225991090840646648,1318640736114573224,198840,25798347,134
13255381,-5704086351326997,1645996515852975986518531415106485,1318640736114573224,198840,25798366,109
18285512128,-7866379181307263942,1645518373530982191250817060657181,1302227685389281123,198834,25798367,20
12498066961,-5374004291087708767,1645191416509484546845460886477431,1302227685389281123,198830,25798368,216
8615886778,-3703474511781430796,1644966095328112840950713696767230,1302227685389281123,198827,25798371,21
14460918007,-6213876382067413150,1644651190223228359087758201877523,1563372584965187573,198824,25798395,14
5172775179,-2222170935034925909,1644538575660539617660321463841045,1563372584965187573,198822,25798400,84
5637479384,-2421456545775334672,1644415861756909160083652477848846,1563372584965187573,198821,25798402,5
10596350858,-4550453985659838701,1644185255111150709893580584903242,1563372584965187573,198818,25798403,11
5855073778,-2513831764009872730,1644057859841815774656931683827184,1563372584965187573,198816,25798409,52
2053161254,-881417048520311549,1644013191632948234954542115007896,1563372584965187573,198816,25798409,652
9490545778,-4073645532485044222,1643806748553814658647010103207835,1563372584965187573,198813,25798413,8
368244311,-158041607732751677,1643798739365025061901852839890735,1563372584965187573,198813,25798480,367
6783954237,-2911234610967693376,1643651204624366912540260043316976,1563372584965187573,198811,25798487,20
4546650558,-1950836035859144159,1643552340696488086919380411234872,1563372584965187573,198810,25798492,273
416666666,-178767856552005019,1643543281148605875377769983649633,1563372584965187573,198810,25798493,629
7571406810,-3248114754986737247,1643378674089387935029516338993451,1563372584965187573,198808,25798496,23
8849397858,-3795545223939916624,1643186324500605010516992601024132,1563372584965187573,198806,25798498,25
-7155608298,3087500846052120576,1643342322610129871400677102691044,1563372584965187573,198808,25798669,21
-6944639,2996756931971501,1643342474023340556294030461751431,1563372584965187573,198808,25798672,433
198000000,-84929037857723156,1643338170013101230246485928628683,1563372584965187573,198808,25798674,174
712058,-305425108691986,1643338154534852231832315591874717,1563372584965187573,198808,25798711,937
452357,-194030626609662,1643338144701821919280701243694170,1563372584965187573,198808,25798739,148
-26010225253,11227771227314515968,1643905435586253023996880379320565,1563372584965187573,198815,25798834,16
-11900030776,5139442578073649152,1644165109466898669057658853918799,1563372584965187573,198818,25798838,16
-2552163775,1102452237516015116,1644220811626499323639045283495575,1563372584965187573,198818,25798838,130
-3719336330,1606766805878852352,1644301994627464295290655785102121,1563372584965187573,198819,25798839,131
-6888371549,2976220620053523968,1644452370226826777648222203443096,1563372584965187573,198821,25798847,13
-3010208894,1300775246880687616,1644518092793247961380019152909929,1563372584965187573,198822,25798855,28
-2098866115,907026184436353441,1644563920916742257045728888478341,1563372584965187573,198823,25798865,19
104545,-44909606830472,1644563918640825650451540842152728,1563372584965187573,198823,25798890,567
-2204873079,952891578973237120,1644612027539483299304029940946994,1564562137794155865,198823,25798913,103
-13789571167,5960776278226726912,1644912970887307953567333473431457,1564562137794155865,198827,25798914,16
-155332043,67157338409865663,1644916361478282804020805131542504,1564562137794155865,198827,25798916,543
-192688262,83308571162553421,1644920567500978157670714771237140,1564562137794155865,198827,25798929,22
1958989,-841894808379252,1644920524868105300202531102157133,1564562137794155865,198827,25798938,64
581275,-249808574110040,1644920512218000948993370792485261,1564562137794155865,198827,25799006,121
318116,-136713197793648,1644920505294955075014156469293019,1564562137794155865,198827,25799041,167
198000000,-85092223548350804,1644916196293507875330590961303629,1564562137794155865,198827,25799065,271
1398513,-601021351248239,1644916165858272264699208391859727,1564562137794155865,198827,25799132,122
71971,-30930044042928,1644916164291999825394581228380359,1564562137794155865,198827,25799150,17
-13808859489,5971322056885346304,1645217202758625324575876743833238,1566834926486855273,198830,25799198,18
-15448892631,6683107432979075072,1645554125201386164966558253807862,1566834926486855273,198835,25799200,11
99000000,-42578951260887981,1645551972165343147658650572170938,1566834926486855273,198835,25799200,366
-44418675124,19230435663384834048,1646513920443521263209027463494079,1588175730126315562,198846,25799201,10
-5850416306,2534524580310404192,1646639979105904469037418754322352,1588175730126315562,198848,25799201,503
-153038876,66304899791611043,1646643276886893501444357980662929,1588175730126315562,198848,25799204,92
356501,-153530683920727,1646643269227820424165879160495533,1588175730126315562,198848,25799206,1485
49500000,-21317680840444530,1646642205768248529293163589454670,1588175730126315562,198848,25799207,123
-42503840,18415035945103435,1646643121669722522531701221378532,1588175730126315562,198848,25799216,26
49500000,-21317677019829175,1646642058210341223906336556999482,1588175730126315562,198848,25799223,338
49500000,-21317649484452900,1646640994752333562483089585273219,1588175730126315562,198848,25799223,348
-87063638,37720794232912372,1646642870746191974173684743219372,1588269361674783187,198848,25799232,560
49500000,-21317670523659675,1646641807349827711947431328477523,1588269361674783187,198848,25799240,242
49500000,-21317642989919248,1646640743954836924343200506627901,1588269361674783187,198848,25799250,210
-5495861251,2381279358179493376,1646759038748377511969200641211997,1590081771039443167,198849,25799279,100
-2227411024,965203295330332565,1646806987143912711538190193318769,1590081771039443167,198850,25799285,35
-88523846,38361170838729189,1646808892811455982043170366586337,1590081771039443167,198850,25799286,114
-1153802226,500000000000000000,1646833731307018095536113426341637,1590081771039443167,198850,25799427,1208
141529,-60964871774252,1646833728269353708355379359318059,1590081771039443167,198850,25799499,17
12161961877,-5238057979127981901,1646572734327791695216553727606790,1590081771039443167,198847,25799555,14
1191442177,-513055157007306738,1646547170600127812709488616217410,1590081771039443167,198847,25799557,659
10043213394,-4324144541022774017,1646331713739561851908536529282997,1590081771039443167,198844,25799559,12
21515848419,-9259922722078903469,1645869095647169782237111481345875,1568740967399982878,198838,25799573,11
6152441814,-2646907786552022101,1645735415425494443335746610717324,1568740967399982878,198837,25799574,69
16838141915,-7241918919470119294,1645369667388699142860071551188240,1568740967399982878,198832,25799576,39
5334872633,-2293804713746516840,1645253820390110268876152180299128,1568740967399982878,198831,25799577,29
9389459695,-4036347926988826231,1645049967468455774331736156289654,1568740967399982878,198828,25799578,8
3599410690,-1547052147984010709,1644971834684557317534269922249260,1568740967399982878,198827,25799579,119
11707400207,-5030907145648857180,1644717752246976650491014561594761,1568740967399982878,198824,25799580,11
19216366805,-8254294100092609941,1644300874911589305559929306665030,1568740967399982878,198819,25799592,14
74173,-31852357846021,1644300873302908308295156106166267,1568740967399982878,198819,25799593,103
13150606367,-5646365913635110214,1644015707551827095070520048359093,1568740967399982878,198816,25799596,14
1660400041,-712772838386996834,1643979709459440259459240120180021,1568740967399982878,198815,25799601,446
65632,-28173697348478,1643979708036547431045082432988601,1568740967399982878,198815,25799602,854
2512229186,-1078384817713458670,1643925244967521878573475701737351,1568740967399982878,198815,25799603,433
58124386368,-24930199148652411258,1642666162741259857114058803247600,1568740967399982878,198799,25799606,36
13091512696,-5609827830113233284,1642382842320465408134279241458376,1568740967399982878,198796,25799608,17
16316418745,-6989020026873414471,1642029866764901051656799982240946,1568740967399982878,198792,25799610,23
19864382592,-8504710762678227584,1641600342311568864795670043967935,1568740967399982878,198786,25799613,86
46001,-19689228096206,1641600341317178206424506888159441,1568740967399982878,198786,25799657,18
49439,-21160918661252,1641600340248460848055571898166313,1568740967399982878,198786,25799663,565
342056,-146408741994824,1641600332854189999439826997230698,1568740967399982878,198786,25799730,83
6,-2146573184,1641600332854081588266359210101257,1568740967399982878,198786,25799767,1142
610358,-261249116684345,1641600319659878145182635620778215,1568740967399982878,198786,25799769,184
108137,-46285268832367,1641600317322273099306226374643032,1568740967399982878,198786,25799770,451
