amount0,amount1,sqrtPriceX96,liquidity,tick,block,logIndex
24697167987,-13153665235423696508,1828810922830355304788708689863914,6447198853812269356,200946,25598871,7
-12250722814,6530950777919574871,1828891140072558879850707137086054,6447198853812269356,200947,25598878,76
31048881199,-16534727632396124487,1828687948559827120914062496542117,6447198853812269356,200945,25598880,5
-207038,110354108772613,1828687949915265643204104503776433,6447198853812269356,200945,25598880,398
111996,-59635565407057,1828687949182417723536389650332911,6447198853812269356,200945,25598880,420
-38448355052,20496267826589575383,1828939697225914480979817015541760,6447198853812269356,200948,25598885,6
-24867067910,13259283525948035072,1829102544738922463181936743113859,6453338879901167174,200950,25598890,4
-16087357726,8579142000000000000,1829207818894584198839102617780016,6453338879901167174,200951,25598890,20
-155655,83013733202313,1829207819913240921294798487106843,6453338879901167174,200951,25598890,227
-48927032206,26098108568187201561,1829528068295175177255392394852892,6453338879901167174,200954,25598894,50
-2154357,1149354453323547,1829528082398837248554847824992930,6453338879901167174,200954,25598894,318
-25369369128,13535842374349127680,1829694179938326622625164631894675,6453338879901167174,200956,25598897,8
-22405519556,11956522621499961852,1829840897736403499155574160569598,6453338879901167174,200958,25598900,250
14791649497,-7885766616961985837,1829744083542897548771052045963501,6453338879901167174,200957,25598904,2
12498764,-6663023745660264,1829744001740417006224602779610631,6453338879901167174,200957,25598906,64
-11440910405,6105441367208361943,1829818921258578040657637903990834,6453338879901167174,200957,25598907,195
-100152298,53448477676822045,1829819577121758628246381600904507,6453338879901167174,200957,25598908,526
-22169146016,11831995500868943872,1829964766854735123232734743234042,6453338879901167174,200959,25598910,2
-14019056314,7483143399951996928,1830056631941918984370480606930981,6448320551635352820,200960,25598913,21
-24351088279,13000000000000000000,1830216278336881160295236314853535,6448320551635352820,200962,25598914,157
-15989773527,8537486936265266000,1830321122876220500443877977310388,6448320551635352820,200963,25598923,41
-48418076309,25858033213643374592,1830638672244172067626585107916393,6448320551635352820,200966,25598925,12
1166940819,-622695765463986325,1830631021408437697516322728905171,6448320551635352820,200966,25598929,481
325591,-173739026692769,1830631019273769649974246584051543,6448320551635352820,200966,25598930,111
13929286972,-7432458377475094024,1830539699368765584703271907803456,6448320551635352820,200965,25598933,89
103587,-55269600335782,1830539698689688165639282750964062,6448320551635352820,200965,25598933,390
1113360,-594042370159001,1830539691390906247705618690297354,6448320551635352820,200965,25598933,434
572123022,-305260397124171805,1830535940767754241225152388117084,6448320551635352820,200965,25598934,8
-198096198,105801300000000000,1830537240059764034430049915507901,6448320551635352820,200965,25598935,54
35727283162,-19060100939167859148,1830303055551929091395387161798672,6448320551635352820,200963,25598937,2
179703687,-95857555186221588,1830301877785113732323010230824930,6448320551635352820,200963,25598941,235
80000000,-42673566793308771,1830301353470564247629335402067297,6448320551635352820,200963,25598941,245
655227,-349510607154119,1830301349176254905789460547544825,6448320551635352820,200963,25598945,485
-3018330000,1611664538775844020,1830321141209601362827139132078335,6448320551635352820,200963,25598947,170
-34689251384,18525141360000000000,1830548639058392801354776686903888,6448320551635352820,200965,25598952,13
10981110247,-5858890071819414791,1830476653013182068791297779433472,6448320551635352820,200965,25598954,38
23735637171,-12662399163476788949,1830321074733425179463310098768557,6448320551635352820,200963,25598958,54
-12075702,6448000000000000,1830321153918037080702568777599686,6448320551635352820,200963,25598958,98
-28654457154,15302042497087143936,1830509070527284617235139717623931,6448320551635352820,200965,25598959,2
-9980433318,5330485084306095979,1830574531506293010975959125178314,6448320551635352820,200966,25598960,22
-13327831096,7118903177550000000,1830661955139245367630021088165804,6448320551635352820,200967,25598961,317
10663783773,-5690293758499092803,1830592040575438837389708913818598,6448320551635352820,200966,25598962,23
20026560875,-10685183823176508841,1830460755619354773058447955530116,6448320551635352820,200964,25598963,35
-12738417023,6803214479279664128,1830544302439798732695242508101040,6448320551635352820,200965,25598966,5
-55437021638,29614519200000000000,1830907983303553974402739097915046,6448320551635352820,200969,25598968,29
-12593423937,6729061417563134202,1830990604738455074664534714247948,6449678204212830810,200970,25598969,523
19908400755,-10626769772249177025,1830860052243975109786456396102198,6448320551635352820,200969,25598972,17
22809909781,-12173683731307806819,1830710478632468357820888120514025,6448320551635352820,200967,25598973,2
23387301500,-12479773507324898527,1830557144207533668149019288338840,6448320551635352820,200966,25598974,2
15311031037,-8169036492338939112,1830456774235908134574814948746278,6448320551635352820,200964,25598975,2
1723832770,-919676389985082937,1830445474507567583785127752912489,6448320551635352820,200964,25598975,208
6454202934,-3443259884244300757,1830403168429340971879611807956877,6448320551635352820,200964,25598977,10
590697252,-315123782136851796,1830399296618375104752172719118656,6448320551635352820,200964,25598980,122
14475482329,-7721929694220674249,1830304420084890384843867871410856,6448320551635352820,200963,25598980,208
10795624593,-5758392634075086966,1830233668815039548970753819006520,6448320551635352820,200962,25598983,5
11217381196,-5982886263399208429,1830160159273852000817333680251278,6448320551635352820,200961,25598985,5
84343674638,-44970038712680313820,1829607938104139837724969427785377,6453338879901167174,200955,25598986,23
19957385979,-10636833478350412712,1829477348840637094069277661798782,6453338879901167174,200954,25598987,8
109441,-58325255147441,1829477348124573227053168456693918,6453338879901167174,200954,25598989,149
7994573432,-4260500131341289484,1829425041620439490651891265536645,6453338879901167174,200953,25598989,331
20983612,-11182349985157031,1829424904333825785194173799529698,6453338879901167174,200953,25598990,77
-16404890635,8751571400846861312,1829532294360699981525364055040725,6453338879901167174,200954,25598997,29
-95625300595,51034004141705945088,1830158648874798646403589767571470,6448320551635352820,200961,25598998,2
-6411702738,3423094318566061782,1830200686156919767784801491747792,6448320551635352820,200962,25598999,86
3176338451,-1694115013314486648,1830179871183700315253842164624110,6448320551635352820,200961,25599001,92
-25130135881,13417744539750490112,1830344647687107591112813930235250,6448320551635352820,200963,25599006,12
419715099,-223894444718990556,1830341896777733562172956087928552,6448320551635352820,200963,25599006,61
-32501231797,17356928303358736384,1830555048395521883626277307404957,6448320551635352820,200966,25599007,2
-904664014,483183777124416807,1830560982129992815982437069624780,6448320551635352820,200966,25599007,195
-17669894645,9438172138496790528,1830676887526680774689638046883460,6448320551635352820,200967,25599008,10
-21663561004,11572974391203534848,1830819009345184253689289964024747,6448320551635352820,200968,25599009,2
-40103590628,21428636250716971008,1831082129520097423829911882552817,6449678204212830810,200971,25599010,5
-3474907503,1857044620548581246,1831104930141030808018822022459772,6449678204212830810,200972,25599010,270
1640925806,-876067782514065962,1831099320705739088384124593684299,12373659207548756570,200971,25599011,55
-33292357828,17794189247957127168,1831317796104429142274701773139042,6449678204212830810,200974,25599014,5
-30030584632,16054470842846693376,1831514911402534194087717308410179,6449678204212830810,200976,25599015,5
-2465668735,1318309914671862734,1831531097488912816381610550660795,6449678204212830810,200976,25599015,501
-7561953949,4043267057542209536,1831580740345358681670841563302863,6449678204212830810,200977,25599017,79
-4299434341,2298942897811053538,1831608966552193174020214379081170,6449678204212830810,200977,25599020,15
-5949124271,3181162526734542421,1831648024569484182596856702446055,6449678204212830810,200977,25599020,65
-15858357751,8480568696172022784,1831752148202272188631905599660145,6449678204212830810,200979,25599021,5
76536,-40890145425999,1831752147699975642282208772997230,6449678204212830810,200979,25599021,648
-17909230992,9578472771467032576,1831869693571635798129507417344641,6460792001488576967,200980,25599022,9
-10157228533,5432981177863307264,1831936284462201493384164831966191,6460792001488576967,200981,25599023,27
-101079,54067948485369,1831936285124900796553262013191198,6460792001488576967,200981,25599023,714
-16265941153,8701281981420624896,1832042934880759865176273375559357,6460792001488576967,200982,25599027,92
-8054799680,4309199425643585536,1832095751818272548114891157604910,6460792001488576967,200982,25599028,58
-161675011,86496298305918580,1832096811984937269086070993775670,6460792001488576967,200982,25599028,199
-21683420765,11601559609191493602,1832239009824582812280826319863808,6460792001488576967,200984,25599029,66
-11021249879,5897531471834798949,1832311294608938193599567010083461,6460792001488576967,200985,25599029,162
-29080247681,15563234562655328256,1832502049852823947747347861898473,6460792001488576967,200987,25599032,5
-421656072747,226027823009779613696,1835274835016287838951059266514493,6453453476130415583,201017,25599033,5
915049394,-490759778954317066,1835268810025844153086774477043519,6453453476130415583,201017,25599033,557
-49218683745,26427989721850585088,1835593091277860594469379759633413,6454123961872447098,201020,25599034,41
802399328,-430492674513627390,1835587806727427560807737378698584,6454123961872447098,201020,25599034,608
563325977,-302226721518595369,1835584096716905593425778882066311,6454123961872447098,201020,25599034,627
758838451,-407118042479589487,1835579099103810058098950284343441,6454123961872447098,201020,25599034,641
528931974,-283771539055193605,1835575615641492630717278863122182,6454123961872447098,201020,25599034,655
439411971,-235743317097187824,1835572721753809505229881223505530,6454123961872447098,201020,25599034,689
384767818,-206426268449321237,1835570187750118139625536711713231,6454123961872447098,201020,25599034,697
498885602,-267649116867126175,1835566902200002706766375175331810,6454123961872447098,201020,25599034,737
323781705,-173706419391422216,1835564769851676796731010655043562,6454123961872447098,201020,25599034,766
295955665,-158777607739682547,1835562820763282470924005542457962,6454123961872447098,201020,25599034,775
408822590,-219329164103473580,1835560128368968329738694139867059,6454123961872447098,201020,25599034,781
347911479,-186650465592293417,1835557837124872513039585034304120,6454123961872447098,201020,25599034,790
324071810,-173860341107731424,1835555702887067128134878319842415,6454123961872447098,201020,25599034,799
319598985,-171460332064473709,1835553598110782414079072407659384,6454123961872447098,201020,25599034,812
-97341638356,52292885241390089362,1836195203028832072287565891664878,6454123961872447098,201027,25599034,1022
-6807169752,3658246180693172224,1836240087695840488520841218474128,6454123961872447098,201028,25599035,189
225820254,-121239767803707031,1836238599406479532858217522943158,6454123961872447098,201028,25599035,634
111273739,-59741257960615694,1836237866047448551824452990415109,6454123961872447098,201028,25599035,907
-17000000000,9136741678543494446,1836349968838656998108268069533004,6454123961872447098,201029,25599035,1016
70990011,-38118136558412344,1836349500916141745603920252074531,6454123961872447098,201029,25599036,79
1158464745,-622035726122635273,1836341865062245839824406529563604,6454123961872447098,201029,25599036,365
3241913872,-1740712792315477791,1836320496790298330067893420958655,6454123961872447098,201028,25599036,395
69185537,-37148030721913452,1836320040776402020152358369553876,6454123961872447098,201028,25599036,804
69510133,-37322298310524928,1836319582623268702543315447961395,6454123961872447098,201028,25599036,860
42303203,-22713985461258105,1836319303795755921226231427491433,6454123961872447098,201028,25599036,880
58153873,-31224722169606582,1836318920493951194403093698365429,6454123961872447098,201028,25599036,991
150330066,-80717083226600644,1836317929644344751578826617067902,6454123961872447098,201028,25599036,1082
18698990,-10040087292337597,1836317806396376111083720091926803,6454123961872447098,201028,25599036,1200
23170098,-12440766097915904,1836317653678665073864099329553894,6454123961872447098,201028,25599036,1223
23247312,-12482223407774684,1836317500452041207839317609971326,6454123961872447098,201028,25599036,1358
39583523,-21253651616220589,1836317239550984113336550067528778,6454123961872447098,201028,25599036,1452
25799831,-13852746069471907,1836317069500389587329636316155084,6454123961872447098,201028,25599036,1596
81303202078,-43641523650527099744,1835781344164374975929938242759272,6454123961872447098,201023,25599037,2
-4403893083,2365612309709128154,1835810368925298032636579660065572,6454123961872447098,201023,25599037,111
62739871,-33668424259379353,1835809955625614825525453085125466,6454123961872447098,201023,25599037,146
-47416125,25470625429532802,1835810268136168908590150564029586,6454123961872447098,201023,25599037,182
60740669181,-32588482982418537416,1835410215691322109953339674088438,6453453476130415583,201018,25599038,2
36700936763,-19683842676395955784,1835168559856622296121482336534528,6453453476130415583,201016,25599040,6
38241865123,-20504776490520444735,1834916825530169271502167249350139,6453453476130415583,201013,25599041,2
1064833398,-570868923921555337,1834909817050748742682710210671561,6453453476130415583,201013,25599041,35
39072568562,-20944219395041863899,1834652687744075601922480318447616,6453453476130415583,201010,25599043,2
12493824984,-6695874611464838969,1834570488106851280638488484396855,6455423485558175329,201009,25599044,99
26655672859,-14283695549666034426,1834395182651702606736796170642032,6455423485558175329,201007,25599046,5
74949085313,-40147554767838003264,1833902447047165956495187128242492,6455423485558175329,201002,25599046,345
673670563,-360763517425782745,1833898019354598339280082524885966,6455423485558175329,201002,25599046,364
74948860556,-40125678168161557241,1833405522272040008476810618995118,6454688739527260389,200997,25599047,51
-20609829334,11042860614593593355,1833541000238198565377799782137856,6454688739527260389,200998,25599047,70
-387783149,207792000000000000,1833543549508584792642155884607701,6454688739527260389,200998,25599049,432
7630162988,-4084397768107547307,1833493415514026253537561034765059,6454688739527260389,200998,25599049,473
7997127041,-4280592534679724072,1833440873324204131974553487281964,6454688739527260389,200997,25599052,201
572037876,-306183190377098219,1833437115074574249845196505608868,6454688739527260389,200997,25599056,148
-10203040676,5466830090791180284,1833504184201667641615939869962638,6454688739527260389,200998,25599057,19
-16299593800,8734217588285552640,1833611338867124837639806632548203,6454688739527260389,200999,25599059,2
-164857437664,88397078779318222848,1834695744108329243098955922468237,6453453476130415583,201011,25599060,2
-1872408698,1004591985369529665,1834708071179622634758883425447418,6453453476130415583,201011,25599060,434
-61406266245,32953410966910459904,1835112433400569595626539848261059,6453453476130415583,201015,25599061,2
-9859446623,5292383396173669376,1835177374778150462285365087801960,6453453476130415583,201016,25599063,55
60656319515,-32520804817091973097,1834778121321272955156284492153564,6453453476130415583,201012,25599064,2
402158852,-215569712222741176,1834775474801505468203713875640381,6453453476130415583,201012,25599064,174
10856160160,-5819006138467240453,1834704035661870355489293996604902,6453453476130415583,201011,25599065,6
93400000,-50061331234133565,1834703421065778298964102626493394,6453453476130415583,201011,25599066,326
406681351,-217976159397341746,1834700745002389162542729722259505,6453453476130415583,201011,25599068,95
-49770149638,26707609871201837056,1835028466720014943717013562522469,6453453476130415583,201014,25599069,6
-45643986185,24501820895551107072,1835329121809241313575458690118910,6453453476130415583,201018,25599070,2
5978000,-3206324281024227,1835329082445638221058855582967605,6453453476130415583,201018,25599070,421
-33362626025,17914230880900337664,1835548898301559909453463881079469,6454123961872447098,201020,25599071,2
3029070,-1625042552094720,1835548878353208100511276525815770,6454123961872447098,201020,25599071,624
245032,-131455113526886,1835548876739519370737070716838234,6454123961872447098,201020,25599077,111
-86003242849,46199668958800740352,1836115721247704414279798865899800,6454123961872447098,201026,25599078,2
45420482015,-24378370823587367639,1835816462427010205952669505438044,6454123961872447098,201023,25599079,2
36070689978,-19354430276194697675,1835578875427387644871819044678318,6454123961872447098,201020,25599081,2
6705393664,-3597357210207010349,1835534715754695294701749787468024,6454123961872447098,201020,25599081,129
43463987,-23317303787125077,1835534429521095699434657477304971,6454123961872447098,201020,25599081,716
52762918206,-28300577386156238758,1835186990446256733641839066776807,6453453476130415583,201016,25599082,2
74948887478,-40182107251893163510,1834693680230990798749563226740142,6453453476130415583,201011,25599083,100
-9527760525,5112000000000000000,1834756408173647675839742054331507,6453453476130415583,201011,25599085,9
9912317,-5313192948364973,1834756342944307146819021123125061,6453453476130415583,201011,25599085,123
14243846366,-7634586511306781036,1834662614173644386041664128162499,6453453476130415583,201010,25599095,5
70323559296,-37681432032273700306,1834200122160624291775187348547854,6455423485558175329,201005,25599096,2
16210213694,-8683215372776286200,1834093552049424035919655732571023,6455423485558175329,201004,25599097,5
39998500,-21424477229112321,1834093289104325625463127065794832,6455423485558175329,201004,25599097,123
14946047688,-8005151830071084693,1833995040945771331518986085805558,6455423485558175329,201003,25599098,2
29169341974,-15620724616492234218,1833803325977531876716350413613876,6455423485558175329,201001,25599099,2
-555178,297574907637645,1833803329627877208611140903965583,6455423485558175329,201001,25599099,281
12939487776,-6928290532628715009,1833718297913150334382734449478212,6455423485558175329,201000,25599100,5
6320876437,-3384202420502992011,1833676763203622351473259539679682,6455423485558175329,201000,25599101,32
8657331841,-4634893767321316170,1833619873038864935700236004344450,6454688739527260389,200999,25599102,5
10666865775,-5710346662755205307,1833549781313041036165210382062189,6454688739527260389,200998,25599106,20
-39027436,20912864794955901,1833550037879929621653531495865601,6454688739527260389,200998,25599116,167
49405087,-26447264054127603,1833549713252636332287658027354289,6454688739527260389,200998,25599116,204
-44666903,23934773968985483,1833550006893442908950352505534524,6454688739527260389,200998,25599116,224
-580509816,311067060000000000,1833553823181096855106196308897278,6454688739527260389,200998,25599118,218
243746,-130481285778706,1833553821579502582800100619255577,6454688739527260389,200998,25599123,66
17303665232,-9262370114504359419,1833440130494724889422363861759606,6454688739527260389,200997,25599124,2
-6281746717,3365748822490381749,1833481422766807808955845354860007,6454688739527260389,200997,25599126,38
498503747,-266835931331726486,1833478147485630773692566147893222,6454688739527260389,200997,25599131,25
8948846,-4790072643351780,1833478088689820602619660935966013,6454688739527260389,200997,25599141,31
95595,-51169283566256,1833478088061742553046230267498073,6454688739527260389,200997,25599146,181
58256998165,-31176871077827017086,1833095407144332234218241750280270,6454688739527260389,200993,25599156,2
110316,-59024043649291,1833095406419840827861500179091037,6454688739527260389,200993,25599157,120
34972684,-18712106059940500,1833095176737846896470732167939099,6454688739527260389,200993,25599158,362
37390166895,-20002896623157363507,1832849650918033064408260037569686,6454688739527260389,200991,25599159,12
9504049446,-5083598170312991922,1832787252224889532146421025096575,6454688739527260389,200990,25599163,20
174412,-93287214568952,1832787251079834380050378129873314,6454688739527260389,200990,25599163,693
45410195483,-24284576054462824080,1832489418293594670178169707314834,6460792001488576967,200987,25599164,2
-11182410455,5985408560311284046,1832562780168665147798882586360837,6460792001488576967,200987,25599168,31
1719072538,-919248405226210744,1832551507500852368760329576906752,6460792001488576967,200987,25599168,179
2204604877,-1178863032570449930,1832537051200153471352111893982902,6460792001488576967,200987,25599168,301
-2819650,1509241945924254,1832537069698609837756166430855650,6460792001488576967,200987,25599171,113
25108897456,-13425108162628644582,1832372438698101656554881574016156,6460792001488576967,200985,25599175,15
28894771059,-15446336574344407529,1832183021539326041771042950450895,6460792001488576967,200983,25599176,2
18929010206,-10117188360586818046,1832058955288093172203058264118155,6460792001488576967,200982,25599178,67
-185184954,99070170434185468,1832060169570024533903338777177868,6460792001488576967,200982,25599178,310
10000000000,-5344259783964758391,1831994633350535522124128382474845,6460792001488576967,200981,25599178,447
5509786625,-2944409741492816747,1831958526295324051486830407712768,6460792001488576967,200981,25599179,101
-16714449,8940903475571889,1831958635882069414445222819046861,6460792001488576967,200981,25599179,972
13094662277,-6997274597773504741,1831872828877469730299956201435407,6460792001488576967,200980,25599182,2
-10097915954,5401272925212604416,1831939031126751171597954557171052,6460792001488576967,200981,25599185,5
-615026320,328983959840067286,1831943063412921578460972999921084,6460792001488576967,200981,25599187,71
-468317201,250508701459345661,1831946133844601445660348456857902,6460792001488576967,200981,25599187,315
-662839545,354562560000000000,1831950479642213970869181150377572,6460792001488576967,200981,25599188,226
162182,-86666509731884,1831950478579429668882708508635310,6460792001488576967,200981,25599189,323
-17741650774,9490893415732051575,1832066806434087587569942905683435,6460792001488576967,200982,25599189,377
-8059682,4311799884358189,1832066859282898367620395372599860,6460792001488576967,200982,25599189,585
23916066158,-12780824158947831546,1831910129084294535512256969551762,6460792001488576967,200980,25599190,10
22700854573,-12129387929041879135,1831761258491528025480903891420561,6449678204212830810,200979,25599191,8
90709769407,-48447827659401403067,1831166123006977041204053387537485,6449678204212830810,200972,25599192,5
7168125341,-3827133061593906726,1831119110317263371526474237987348,6449678204212830810,200972,25599193,118
133760211634,-71379866268014689802,1830242133742600181703609428902644,6448320551635352820,200962,25599194,5
120490,-64267145462368,1830242132952973207633737136325913,6448320551635352820,200962,25599198,825
614920321,-327988500184976550,1830238103077909246231676497516222,6448320551635352820,200962,25599199,138
-201274235,107463682081160756,1830239422784788755362250299766780,6448320551635352820,200962,25599199,953
-6218055067,3320000000000000000,1830280194017963711059957142097770,6448320551635352820,200963,25599202,3
-17494828112,9341789883268482490,1830394915793145091020193097223974,6448320551635352820,200964,25599202,326
-21347341,11399648826647170,1830395055786440399406299727081238,6448320551635352820,200964,25599204,962
-9774059184,5219607843137254901,1830459155138384488744395761058780,6448320551635352820,200964,25599209,10
19990609601,-10664454961383966089,1830328124870264163870407316357882,6448320551635352820,200963,25599219,3
1628324188,-868600107780174199,1830317452697572367028326373426317,6448320551635352820,200963,25599219,590
-4811722,2569280000000000,1830317484249594647675969446991336,6448320551635352820,200963,25599222,19
196859,-105009962363273,1830317482959087346900254083963264,6446880508721847851,200963,25599222,352
-9083203382,4850249300244886040,1830377046406384099405735194838501,6448320556583069876,200964,25599227,34
-8746651453,4670835649234843648,1830434406565790945911447119160675,6448320556583069876,200964,25599228,37
-41623181,22228067652466706,1830434679537395943514942737256299,6448320556583069876,200964,25599228,435
-17403975566,9294842846781061120,1830548824779787481653230172307587,6448320556583069876,200965,25599229,2
-112338962,60000000000000000,1830549561609302126335734964926877,6448320556583069876,200965,25599231,325
-1549351018,827510000000000000,1830559723839163186689393980600031,6448320556583069876,200966,25599233,541
36169365886,-19296390500980443724,1830322636127853670560751164633724,6448320556583069876,200963,25599240,105
-16450217583,8784369152116631552,1830430512502167234207511525645830,6448320556583069876,200964,25599242,15
-3197764226,1707717161699732700,1830451484108957327688112753231909,6448320556583069876,200964,25599243,542
-69998065352,37391203870299209728,1830910666485619543366557453706851,6448320556583069876,200969,25599244,2
-6391358160,3415037252436955648,1830952598075564759777955466518830,6449678209160547866,200970,25599246,53
-16001314010,8550525066661057869,1831057580626075145500109619632268,6449678209160547866,200971,25599247,49
20000000,-10677205432898157,1831057449466761486355038795648724,6449678209160547866,200971,25599247,114
9122981987,-4870238162153045667,1830997623223020179633122443186312,6449678209160547866,200970,25599250,12
-18210084304,9731367870421415936,1831117104051510470301290984056448,6449678209160547866,200972,25599252,2
-13986577548,7475211718928816662,1831208884004874751791677267575202,6449678209160547866,200973,25599256,179
-19010877806,10161681208340293632,1831333648180455562369586054304933,6449678209160547866,200974,25599263,2
-10980993362,5870183871213855191,1831405721751372021846149624218117,6449678209160547866,200975,25599269,67
-311456,166503706828455,1831405723795689028814530825100889,6449678209160547866,200975,25599272,160
-460921841,246408210000000000,1831408749172744919990477033543874,6449678209160547866,200975,25599278,216
-18698076813,9996653696498054474,1831531487155903333929575754968550,6449678209160547866,200976,25599280,2867
14824463,-7918288745182964,1831531389887257179274592828798073,6449678209160547866,200976,25599289,137
-13175941121,7045128557259479666,1831617889319613497810287827810100,6449678209160547866,200977,25599290,109
5645391194,-3015634075350682298,1831580845123165666972860534632559,6449678209160547866,200977,25599293,304
71663313159,-38270242537830242522,1831110731592394313293500556247040,6449678209160547866,200972,25599295,6
23348470,-12465543633412065,1831110578465046748279496988381715,6449678209160547866,200972,25599295,261
-21109239,11281316988237920,1831110716976006169844006828862641,6449678209160547866,200972,25599295,275
43350364334,-23140789125275502972,1830826434579457150810193571118318,6448320556583069876,200968,25599296,2
355450,-189712593695987,1830826432248527713841733788964197,6448320556583069876,200968,25599297,506
38286654032,-20431762857807381439,1830575394631221503002510941501716,6448320556583069876,200966,25599299,2
1139709790,-608122928529763585,1830567922846624656435062051573934,6448320556583069876,200966,25599299,336
20007343825,-10674650020498055005,1830436767315632403108058101824049,6448320556583069876,200964,25599300,2
3996878,-2132327546227939,1830436741116501655223789307682558,6448320556583069876,200964,25599300,135
4160105365,-2219376281430489397,1830409472449697247223321211458309,6448320556583069876,200964,25599301,1386
56660962862,-30221497472356882331,1830038151934199628068206355152896,6448320556583069876,200960,25599302,73
17643153199,-9407900213729268021,1829922624887366943924594129381399,6453338884848884230,200959,25599306,5
4685240278,-2498122170155178301,1829891955239792380537616306314210,6453338884848884230,200958,25599306,122
-10913650356,5825000000000000000,1829963433478089340586479080536920,6453338884848884230,200959,25599308,6
115361034990,-61487722572864916251,1829208543743711317596385106477142,6453338884848884230,200951,25599310,70
2567956374,-1368150037344087306,1829191746855242143015568004533241,6453338884848884230,200951,25599310,326
-35537837784,18954953413131714568,1829424341992919671755644153915101,6453338884848884230,200953,25599311,15
-8415434206,4489278486769551399,1829479429669736621147029416080209,6453338884848884230,200954,25599311,106
-2753749190,1469067521171892881,1829497456512372269037345043807679,6453338884848884230,200954,25599312,405
-22674944563,12097708797934753366,1829645906797746691424514389451609,6453338884848884230,200956,25599312,559
-23840493350,12721678678427611136,1829802013781457250150090688288151,6453338884848884230,200957,25599316,2
-129643258636,69217803291202871296,1830651884199347111035303822696718,6448320556583069876,200967,25599318,2
-759571012,405731878982005227,1830656866786404880801468610657082,6448320556583069876,200967,25599318,237
-4853886680,2592800601269213521,1830688707653214941394263913086585,6448320556583069876,200967,25599320,164
-30919863,16516752122756879,1830688910487055776685600747502914,6448320556583069876,200967,25599321,15
-10848515470,5795278765951783936,1830760079361061558144530373711590,6448320556583069876,200968,25599321,39
-10936662019,5842822779630935040,1830831832098942730754349819726762,6448320556583069876,200969,25599323,29
-11593288090,6194120006584713216,1830907898939577776285005099456328,6448320556583069876,200969,25599327,62
-17630383937,9420636294927616000,1831023567297868433722165399550309,6449678209160547866,200971,25599328,2
-1696561354,906605005650163656,1831034698509701229776546397177413,6449678209160547866,200971,25599329,90
-16862649013,9011627374685282673,1831145342431409900472200523271348,6449678209160547866,200972,25599331,45
38669054933,-20642993525825848080,1830891756828434102244679563744211,6448320556583069876,200969,25599335,2
25640339830,-13684623767357773452,1830723618847967246903602257551147,6448320556583069876,200967,25599336,2
40630868127,-21680141178414871663,1830457242861608740568816201133725,6448320556583069876,200964,25599337,2
31653450570,-16885527870981356051,1830249776540019705189713179233169,6448320556583069876,200962,25599338,2
-77327660,41287040000000000,1830250283565180443782919223784241,6448320556583069876,200962,25599339,54
6344335081,-3383925890859038230,1830208706502119659390696685660134,6448320556583069876,200962,25599339,295
356646,-190222286269525,1830208704164927815692580418503273,6448320556583069876,200962,25599346,209
202238,-107866287708066,1830208702839614085186356299528154,6448320556583069876,200962,25599355,539
-17262362603,9216931485804729402,1830321891292167398372035087853069,6448320556583069876,200963,25599356,3
11579846446,-6176797613939935789,1830245999233005520835422910986843,6448320556583069876,200962,25599356,15
8851243807,-4720990241815033632,1830187994147987697698456459018240,6448320556583069876,200961,25599356,40
6850372786,-3653579724205160390,1830143103946638660825099637096448,6448320556583069876,200961,25599357,2
4001334965,-2133990184750962066,1830116884387657727562999104531009,6448320556583069876,200961,25599357,237
57079834701,-30435138285787918484,1829743143016390904386691699735837,6453338884848884230,200957,25599362,2
5578632456,-2973876785575282629,1829706632490991698755681201014764,6453338884848884230,200956,25599363,20
17723318522,-9447220841713967270,1829590648197975140958626962188562,6453338884848884230,200955,25599364,2
444173,-236746057581437,1829590645291424677800562213266711,6453338884848884230,200955,25599366,107
-185553439,99000000000000000,1829591860114702171198817563420882,6453338884848884230,200955,25599370,147
11797091836,-6287655025225490873,1829514666066309366043649728114479,6453338884848884230,200954,25599379,8
-6731402417,3591251661297570907,1829558734107859680452386343604098,6453338884848884230,200955,25599379,533
-37112002,19800000000000000,1829558977072515179132037413634932,6453338884848884230,200955,25599393,41
-17067146309,9106223333598551040,1829670719012673856411652641324254,6453338884848884230,200956,25599397,2
106033759,-56521476651296394,1829670025093941618631446766670967,6453338884848884230,200956,25599399,19
-3363247715,1794600000000000000,1829692046526808180778002841283855,6453338884848884230,200956,25599400,410
-9778998,5218052052397246,1829692110557223296175724752122875,6453338884848884230,200956,25599408,348
11239193962,-5990973099280598962,1829618558896788605706766507851997,6453338884848884230,200955,25599411,163
-11318823114,6039458647029791744,1829692668744746894356085921505922,6453338884848884230,200956,25599417,5
11237886994,-5990280111803349923,1829619125592175411991774825794667,6453338884848884230,200955,25599418,25
-65688556560,35056716424959049728,1830049338728598575529180721531393,6448320556583069876,200960,25599418,80
-543267245,290000000000000000,1830052900071252691494620552524631,6448320556583069876,200960,25599418,403
-19281095572,10293119747581220864,1830179304645049189292376053962150,6448320556583069876,200961,25599421,2
-18049870300,9637124789942913024,1830297653278074920533033351959776,6448320556583069876,200963,25599422,79
-12649319191,6754423895628290226,1830380599983958939352051464736991,6448393798108322639,200964,25599424,946
-629603528,336208721644707228,1830384728745549984182636933959624,6448393798108322639,200964,25599425,219
-7892924953,4214956105237810176,1830436489891989356284179580918402,6448393798108322639,200964,25599428,46
-12558071228,6706714924176885760,1830518850714889991426763383635429,6448393798108322639,200965,25599429,268
17952419479,-9577829671166897923,1830401172752054693947365213887136,6448393798108322639,200964,25599436,5
18496159778,-9866633718469262815,1830279946399541154196348568451971,6448393798108322639,200963,25599437,5
66478303,-35459980166025004,1830279510720648191644492227652052,6448393798108322639,200962,25599437,61
-411858274915,220232627625290589100,1832981853743712548297519893161809,6454761986000230208,200992,25599438,68
28601965759,-15299997031842812407,1832794055858378320404867129727582,6454761986000230208,200990,25599438,346
4637037211,-2480186467722080716,1832763613122154032734480683100966,6454761986000230208,200990,25599438,376
7414806779,-3965745579830030924,1832714971369158831172005269812164,6460865247961546786,200989,25599438,457
790168522,-422602422645271211,1832709789089056204792893821180975,6460865247961546786,200989,25599438,477
1256600338,-672057216809080415,1832701547799948831211947750798293,6460865247961546786,200989,25599438,486
921034547,-492585487889844574,1832695507332985212368012348838269,6460865247961546786,200989,25599438,538
515667914,-275786859549772911,1832692125419682717493360152385367,6460865247961546786,200989,25599438,559
405036900651,-216305576079545634441,1830036336080825336904554331069081,6448393798108322639,200960,25599439,32
4948501136,-2638815562707952088,1830003915412793024559870403106896,6453412126374136993,200959,25599439,172
6202092863,-3307168308967015809,1829963313501259430862364146037536,6453412126374136993,200959,25599439,357
473889326,-252687982220590555,1829960211265708883005575792606403,6453412126374136993,200959,25599439,399
28878801011,-15397181150216112355,1829771180974981690972349125582223,6453412126374136993,200957,25599439,537
1410044243,-751705531603573310,1829761952330219122372083948894705,6453412126374136993,200957,25599439,642
8227082503,-4385770367111635430,1829708108484422310410958318024992,6453412126374136993,200956,25599439,682
6112304480,-3258237529967625831,1829668107293195214688693272508241,6453412126374136993,200956,25599439,745
-6954641107,3710976480660661258,1829713643954269680592337879628957,6453412126374136993,200956,25599440,293
-6434134988,3433400414259012857,1829755774534135066712262584784173,6453412126374136993,200957,25599440,441
878485,-468321243415308,1829755768784582604294599739462351,6453412126374136993,200957,25599440,531
1147669,-611823941622744,1829755761273255925048467127852783,6453412126374136993,200957,25599441,1220
3763250650,-2006167436792600434,1829731131673193123413734026634996,6453412126374136993,200957,25599443,220
190000000,-101286483061752602,1829729888184975825329098184078976,6453412126374136993,200956,25599443,433
-234896224,125345400000000000,1829731426273677488887704922815415,6453412126374136993,200957,25599444,104
-586557638,312999998008590336,1829735267034970346297215338602949,6453412126374136993,200957,25599444,462
-10745958916,5734511517090445312,1829805634095700108752012435474516,6453412126374136993,200957,25599445,55
-22160814564,11827368264286248960,1829950765400859395118812370099981,6453412126374136993,200959,25599446,38
-4999283,2668360949211216,1829950798143790750733134575563248,6453412126374136993,200959,25599446,117
-17502862109,9342715929568763904,1830065487522660834392828240605621,6448393798108322639,200960,25599448,5
-12537788437,6693168190131734528,1830147681986893151508226811207960,6448393798108322639,200961,25599449,23
18685323788,-9964774540512560598,1830025249827593988507900109423659,6448393798108322639,200960,25599449,76
-23858977666,12736823959366525752,1830181662514623875712009308733440,6448393798108322639,200961,25599449,82
-9490995,5067085450267223,1830181724740218985983164056683555,6448393798108322639,200961,25599449,192
-33313783024,17787800402703654912,1830400165198076783427019799446114,6448393798108322639,200964,25599450,17
-16344534249,8728670678704790233,1830507356350236125065335044833280,6448393798108322639,200965,25599450,67
-14481485846,7734578469520103762,1830602339699721103066187085153846,6448393798108322639,200966,25599450,347
427010348,-227850188017161375,1830599540219371372399953580222187,6448393798108322639,200966,25599451,606
151609779,-80897911056665722,1830598546267537019130481463914726,6448393798108322639,200966,25599453,114
-9017273065,4816521619539161189,1830657694850500329033380723840654,6448393798108322639,200967,25599454,635
-1162028391,620713044368322825,1830665317425441608167850567913402,6448393798108322639,200967,25599454,671
-14469725000,7729630559575116800,1830760240012848681481748940538338,6448393798108322639,200968,25599456,80
-6905385290,3689093309099684913,1830805543378822890837819876058860,6448393798108322639,200968,25599457,438
-4852825462,2592654796448696040,1830837382093446503710144900868331,6448393798108322639,200969,25599457,661
-20192367467,10788877052615741440,1830969862923657701844060090642646,6449751450685800629,200970,25599458,5
46480520,-24811722878909449,1830969558138701639683437493976098,6449751450685800629,200970,25599460,260
-112287340,60000000000000000,1830970294804748743750724771832010,6449751450685800629,200970,25599462,345
-2760675990,1475164203267549635,1830988406527789585860887783291328,6449751450685800629,200970,25599463,71
-1777835671,950000000000000000,1831000070406868733592936349343283,6449751450685800629,200970,25599465,406
-1755183761,937907653269877781,1831011585818926783142839926551099,6449751450685800629,200970,25599469,213
861259,-459768698352137,1831011580171169744669417323345307,6449751450685800629,200970,25599470,301
123173,-65753651162915,1831011579363457850641658496632441,6449751450685800629,200970,25599472,287
-67914637,36291398809828195,1831012024940812935864790501284100,6449751450685800629,200970,25599473,685
35135489829,-18754150062006813557,1830781621416313939980526290354261,6448393798108322639,200968,25599474,8
57504477,-30690098462709476,1830781244342551897776715042482158,6448393798108322639,200968,25599478,310
10964357159,-5851438695626615479,1830709350666322731985497730766850,6448393798108322639,200967,25599485,9
901267444,-480966371406772001,1830703441275080390301267038591907,6448393798108322639,200967,25599488,759
-5842223850,3120910505836575874,1830741767155987201685291650528736,6448393798108322639,200968,25599489,82
196997038,-105132550226519358,1830740475445363491136868808118540,6448393798108322639,200968,25599490,269
-2574991440,1375597563438569728,1830757368268241125820296630217202,6448393798108322639,200968,25599491,15
-62762139969,33536291561685630976,1831169153406583709180626855749214,6449751450685800629,200972,25599493,2
-805605881,430565119016601720,1831174439784987823384964774764450,6449751450685800629,200972,25599493,369
-1683923738,899999999999999900,1831185489775694384393045551662500,6449751450685800629,200972,25599493,382
-18542290670,9910942441930782720,1831307174022223935753841973517147,6449751450685800629,200974,25599494,8
-9899548996,5291895323109788661,1831372146682379998903012727799506,6449751450685800629,200974,25599505,313
57321735724,-30606030565384410779,1830996184975624154389092413076744,6449751450685800629,200970,25599508,2
1088439,-581034996329420,1830996177838242897508647855965365,6449751450685800629,200970,25599512,64
-92634368,49500000000000000,1830996785587731758364159860196493,6449751450685800629,200970,25599513,37
42474886743,-22670701461525775347,1830718258162888062317752913643226,6448393798108322639,200967,25599517,2
13233820648,-7062058602267473913,1830631490210411300918491785199616,6448393798108322639,200966,25599519,2
19826308295,-10578802450630677065,1830501513799849846288840665432547,6448393798108322639,200965,25599520,2
-1402077,748807637287236,1830501522995471532687878406444176,6448393798108322639,200965,25599520,71
1017617,-542935314009996,1830501516324699145037470048530166,6448393798108322639,200965,25599520,264
5199026131,-2773816525903194487,1830467435839949054295663018081840,6448393798108322639,200965,25599521,21
59853,-31932508389074,1830467435447610428066004919919845,6448393798108322639,200965,25599521,140
17845016872,-9519997964988042507,1830350468033783002852627613593120,6448393798108322639,200963,25599523,216
24885248093,-13273804489607847361,1830187379492324239428134057905222,6448393798108322639,200961,25599527,5
6266086551,-3341961088901564936,1830146318501857820466469306105856,6448393798108322639,200961,25599528,29
58018394223,-30936471706140032919,1829766403642584883936104771180677,6453412126374136993,200957,25599529,2
4435698797,-2364667524123494989,1829737372757957541631589611931319,6453412126374136993,200957,25599531,220
59764827632,-31853267602468618315,1829346312058160476698050434170880,6453412126374136993,200952,25599533,6
364235087,-194087114079223411,1829343929262034168712391574052232,6453412126374136993,200952,25599537,134
-37420653012,19962653710624419840,1829588887051690059830003316695703,6453412126374136993,200955,25599550,2
-28413855149,15161402687727788032,1829774929636223402269198545040835,6453412126374136993,200957,25599551,2
-16864090272,9000000000000000000,1829885366862599256727843606031983,6453412126374136993,200958,25599551,209
-16420786903,8764462587610399744,1829992913855804883045359775403326,6453412126374136993,200959,25599552,2
-21892495665,11686546080000000000,1830136419070629140624399178291095,6448393798108322639,200961,25599555,154
-9889227,5279433977305038,1830136483903939000411115590345065,6448393798108322639,200961,25599557,139
55101,-29385934224400,1830136483542888846643019734700021,6448393798108322639,200961,25599557,399
88310,-47097333054037,1830136482964227667747836931696451,6448393798108322639,200961,25599562,888
-43592077114,23275572800132247552,1830422315201168587825657293071987,6448393798108322639,200964,25599568,2
-3673285218,1961647659070000000,1830446404925760831228640183122700,6448393798108322639,200964,25599568,364
-5899157709,3150440304074870000,1830485093442997126099883975258136,6448393798108322639,200965,25599571,109
-84640755123,45216993145561563136,1831040348832061719240522250380562,6449751450685800629,200971,25599576,2
-52517835031,28070000000000000000,1831384985764431905386420407305180,6449751450685800629,200975,25599582,298
8865006560,-4734217429634915873,1831326831066415891858077255482880,6449751450685800629,200974,25599583,38
2569500356,-1372145079429386344,1831309975760567692050333151364337,6449751450685800629,200974,25599583,1583
13001841,-6943080150204417,1831309890472400125303599285863235,6449751450685800629,200974,25599584,69
318849690,-170267914117442686,1831307798916768283527417896695735,6449751450685800629,200974,25599585,46
973821012,-520024669565415372,1831301410980838229278508273591150,6449751450685800629,200974,25599585,57
45149033,-24109692380217528,1831301114819561213605706637635482,6449751450685800629,200974,25599585,179
38356786714,-20479799642868347507,1831049542816086224202797647138892,6449751450685800629,200971,25599587,2
863867789,-461179249707805188,1831043877731962684625898168992737,6449751450685800629,200971,25599588,461
171673521214,-91591983921083717740,1829918626685212021968301590601521,6453412126374136993,200959,25599590,2
49590,-26441098779862,1829918626360596201660590725423955,6453412126374136993,200959,25599594,38
3366419432,-1794941015418552142,1829896589974931026327240057420887,6453412126374136993,200958,25599598,44
196283859,-104655247546915518,1829895305128589548944537593922494,6453412126374136993,200958,25599601,9
521006023,-277790922788766750,1829891894705708643987528473089369,6453412126374136993,200958,25599601,359
1543751640,-823094181214814208,1829881789626678076591704861202085,6453412126374136993,200958,25599608,19
797892458,-425415022001866934,1829876566831381705152221448642927,6453412126374136993,200958,25599608,244
41710561,-22238893807992552,1829876293805785593556252624397500,6453412126374136993,200958,25599609,70
5000480046,-2666066776277629233,1829843562660201143879929138433110,6453412126374136993,200958,25599616,47
82940887,-44220138393634704,1829843019772153325587566930623358,6453412126374136993,200958,25599618,202
-76082605,40604222451474005,1829843518018565179919418185765802,6453412126374136993,200958,25599618,449
-3627450235,1935945108000000000,1829867273619470004809255285114043,6453412126374136993,200958,25599620,85
-15785653546,8425279507329970176,1829970658563940098969361977864968,6453412126374136993,200959,25599623,2
-1871852602,999127341949434136,1829982918658655785125398905356288,6453412126374136993,200959,25599624,134
-6975885312,3723593672499713024,1830028628232997223353621522471067,6448393798108322639,200960,25599625,19
-30851822694,16470342314008238080,1830230889841217190167150231352931,6448393798108322639,200962,25599626,2
-20616353871,11008134632606201856,1830366073614076553110781659575133,6448393798108322639,200963,25599628,5
-28828889866,15395958298149963776,1830555141407939152330532649304267,6448393798108322639,200966,25599630,2
-18043435185,9637645935313291264,1830673495096597654946644184324645,6448393798108322639,200967,25599632,8
-36940890027,19735342482984153088,1830915852057568964804150057311405,6448393798108322639,200969,25599633,8
-24396102085,13036265893364590592,1831075909287657631515770498911534,6449751450685800629,200971,25599634,5
-767254,410024972452048,1831075914321848892685829906707923,6449751450685800629,200971,25599634,1143
-54004137626,28865681766731202560,1831430320449916589757459746689641,6449751450685800629,200975,25599635,2
-125167428444,66946048214431481856,1832251552742041600962939275045516,6460865247961546786,200984,25599637,2
-2634979984,1409969270702779706,1832268834238497099154935243347298,6460865247961546786,200984,25599637,160
-61062651002,32681878662920560640,1832669404507656774530742990732815,6460865247961546786,200989,25599638,2
118803,-63535596046747,1832669403728533803250606159743561,6460865247961546786,200989,25599638,812
-29598811785,15846983635123369984,1832863739898551667312986732375920,6454761986000230208,200991,25599639,2
-4820321869,2581082787706971082,1832895405233352120394276648896961,6454761986000230208,200991,25599640,143
-4842037880,2592800601269213522,1832927214325063953809626073071152,6454761986000230208,200991,25599640,162
730458,-390758883402128,1832927209528743286181025151237799,6454761986000230208,200991,25599640,741
1137209577,-608349011448919105,1832919742425471468452374496241777,6454761986000230208,200991,25599640,1157
-10225841683,5475955552320244733,1832986922744809720649340026541210,6454761986000230208,200992,25599642,13
-30556613711,16365510568900153344,1833187698703571183628064866369247,6454761986000230208,200994,25599643,69
-7987622657,4278601885153949720,1833240189604605633854247216591625,6454761986000230208,200995,25599643,89
-67857925513,36358253108703019008,1833686239283925510145726972515821,6455496732031145148,201000,25599645,2
51526762415,-27582037715610700690,1833347689016998539736566354299034,6454761986000230208,200996,25599660,2
10187722957,-5452235106296386502,1833280766244322408406475266517758,6454761986000230208,200995,25599666,297
41392396472,-22148165527686257428,1833008911377849212414095771791820,6454761986000230208,200992,25599667,2
87582111671,-46841629072368661673,1832434260421075163877352998395736,6460865247961546786,200986,25599669,2
1237500000,-661642999326814736,1832426146839214958802703318910724,6460865247961546786,200986,25599671,84
210411702,-112498350121313617,1832424767296812521268961211542358,6460865247961546786,200986,25599671,150
-671186,359214099912133,1832424771699573151152981931827875,6460865247961546786,200986,25599678,302
287460497,-153692849856769171,1832422886998125527800660401445178,6460865247961546786,200986,25599680,31
-233842,125150682426851,1832422888532053337223614813562286,6460865247961546786,200986,25599682,443
-130852507,70031221814183282,1832423746880059001763016889637524,6460865247961546786,200986,25599688,73
-836722237,447808640000000000,1832429235512744623461861317272024,6460865247961546786,200986,25599688,97
-519087493,277813810000000000,1832432640578707806075699770765037,6460865247961546786,200986,25599688,281
319060,-170589143831005,1832432638486810839972540352317664,6460865247961546786,200986,25599695,498
151778,-81149934944667,1832432637491687124020316906661598,6460865247961546786,200986,25599695,570
112660382,-60235248874451627,1832431898840143754048595560113241,6460865247961546786,200986,25599696,1130
-101855716,54512900231378724,1832432566985550680498095812590770,6460865247961546786,200986,25599696,1147
43907559,-23475716571175528,1832432279108027120209019474567429,6460865247961546786,200986,25599697,134
-39696614,21245523496913855,1832432539506921362859626196932685,6460865247961546786,200986,25599697,154
-27487101,14711027725678209,1832432719814803797295138047550093,6460865247961546786,200986,25599697,326
-3208155777,1717016804172091136,1832453764684668614220364172539020,6460865247961546786,200986,25599703,14
-10225895333,5473200109916344992,1832520847769573441259698911151101,6460865247961546786,200987,25599703,87
-74013433292,39626120044073074688,1833006771549384494978281903518474,6454761986000230208,200992,25599704,2
-224686,120327053096452,1833006773025585273968402465674107,6454761986000230208,200992,25599704,890
-129507161253,69387557343298523336,1833858014476905595178385940676608,6455496732031145148,201002,25599705,6
-111119297318,59587066261918679040,1834588960453942083234968245897099,6453526722603385402,201010,25599706,5
280903,-150541663659924,1834588958605783718624565342401542,6453526722603385402,201010,25599708,116
991926,-531594449822506,1834588952079545698302534018972150,6453526722603385402,201010,25599711,167
519706,-278521538671954,1834588948660213807673474445431868,6453526722603385402,201010,25599715,417
78392,-42011526802047,1834588948144449913601882469442165,6453526722603385402,201010,25599715,483
-110966,59528972604612,1834588948874905234063585733337128,6453526722603385402,201010,25599715,494
-18991930709,10189064070832177075,1834713974652025533509775605180145,6453526722603385402,201011,25599722,237
578660156,-310158042144601377,1834710166927532494523627374940212,6453526722603385402,201011,25599723,14
25009298386,-13403589606559830363,1834545627050742547629840449088030,6455496732031145148,201009,25599724,8
15742597159,-8435921660299379159,1834442093178756602169766528942080,6455496732031145148,201008,25599725,109
1015479840,-544128370335470658,1834435415103816272002474804190339,6455496732031145148,201008,25599725,137
215050000,-115230539545748505,1834434000882061896729726044102674,6455496732031145148,201008,25599727,89
28596701804,-15321427856576936984,1834245961351323954787330827564244,6455496732031145148,201006,25599730,2
99922305544,-53511323788012120834,1833589209043530041587993281053625,6454761986000230208,200999,25599730,79
-48836518766,26174769634931507200,1833910299831472222758813852219932,6455496732031145148,201002,25599731,2
-16095402599,8628615616532443136,1834016145682538836716306685080164,6455496732031145148,201003,25599732,93
-24761792015,13276542149808859136,1834179006906809367120711416222633,6455496732031145148,201005,25599734,8
-1491922255,800000000000000000,1834188820379168832350828857212903,6455496732031145148,201005,25599734,870
-2446404610,1311831982738723072,1834204912412797418510489937489234,6455496732031145148,201005,25599735,1499
-34651855259,18583786320569225216,1834432876754536311187854724599348,6455496732031145148,201008,25599736,5
-12876023604,6906587301648708608,1834517598759015015124688827416242,6455496732031145148,201009,25599739,45
-290400778,155775813073501240,1834519509636059852658251542279867,6455496732031145148,201009,25599740,493
17017854033,-9118987054726296943,1834407592518241096076479987248985,6455496732031145148,201008,25599749,5
98785644,-52930864877750758,1834406942898957153610223866977298,6455496732031145148,201008,25599753,19
34972685,-18738892313574000,1834406712916963949190624934708453,6455496732031145148,201008,25599755,273
-6969938,3738335152724677,1834406758774524813791676039682867,6455496732031145148,201008,25599758,669
58744029799,-31469308705691062649,1834020536674531344832832082673935,6455496732031145148,201003,25599760,5
-12900108,6916077000000000,1834020621512944439124344976350099,6455496732031145148,201003,25599760,272
216665,-116043142775429,1834020620088749624051618724825338,6455496732031145148,201003,25599760,460
43723484970,-23414170526662363388,1833733258513858170133476976046602,6455496732031145148,201000,25599762,2
-1690077180,905815040000000000,1833744370002430454998223774815726,6455496732031145148,201000,25599762,39
728388705,-389998814227593345,1833739583555977670227802052630956,6455496732031145148,201000,25599762,229
29924481965,-16020608966123912050,1833542948661351083956473773998468,6454761986000230208,200998,25599763,5
-18493413,9909626956171208,1833543070235001030120332460489252,6454761986000230208,200998,25599763,353
1749518,-936535438289294,1833543058739614822838824148723848,6454761986000230208,200998,25599763,390
5306580611,-2840614926750535958,1833508191969694388390204580522232,6454761986000230208,200998,25599764,58
27982225823,-14977111094914508439,1833324357307100210460301020747950,6454761986000230208,200996,25599766,2
-6942781,3719376662509802,1833324402937293797546292517087999,6454761986000230208,200996,25599767,439
298000000,-159484348950806274,1833322445366752147573831587916635,6454761986000230208,200996,25599771,612
29270981259,-15663653831179377751,1833130183821865523354128508154191,6454761986000230208,200994,25599774,25
10527040858,-5632486726672893068,1833061048573391891900067538263508,6454761986000230208,200993,25599775,47
-2288748,1225773000000000,1833061063611465300168584184743221,6454761986000230208,200993,25599775,163
-157441222,84320000000000000,1833062098069190984452153517049775,6454761986000230208,200993,25599776,23
447557984,-239456482625758930,1833059158890773295997557423426655,6454761986000230208,200993,25599778,264
26220191728,-14027221741179483200,1832886983525338566484214373283679,6454761986000230208,200991,25599779,5
19754283807,-10566363866246803896,1832757288023723548085213262029092,6454761986000230208,200990,25599781,25
15188856,-8123787712104379,1832757188309315103286129963157204,6454761986000230208,200990,25599781,142
70287161852,-37583764117906815908,1832296302294660547204916715052862,6460865247961546786,200985,25599782,2
27514929778,-14707562402485899616,1832115946707677753635581011646300,6460865247961546786,200983,25599784,5
992000000,-530199936723283919,1832109444983041874800581199954799,6460865247961546786,200982,25599784,56
5482151017,-2930008875035553737,1832073514931816492037966334525440,6460865247961546786,200982,25599785,563
25036128164,-13379432582762093397,1831909445907261280085802572840058,6460865247961546786,200980,25599786,8
8875715205,-4742651420759718616,1831851287821139454502370602457065,6460865247961546786,200980,25599787,24
43546957539,-23264521872490384727,1831565534550945108019468854608890,6449751450685800629,200977,25599788,2
248297,-132629013091668,1831565532921742326536178245912355,6449751450685800629,200977,25599790,35
472768894,-252532171724752167,1831562430839422648719107902232501,6449751450685800629,200977,25599795,84
40392951225,-21572964499688809790,1831297430497880175346876220964864,6449751450685800629,200974,25599796,2
30532390375,-16302519010750149631,1831097171831255392586111501087525,6449751450685800629,200971,25599797,10
432827269,-231078934031239738,1831094333278564016649640207761005,6449751450685800629,200971,25599797,929
11124609736,-5938989386707786663,1831021379270971903358657392514726,6449751450685800629,200971,25599799,38
20331222693,-10852813415486496941,1830888057454482818750176402971103,6448393798108322639,200969,25599800,12
-63410809,33880125988079821,1830888473514370245367339486423328,6448393798108322639,200969,25599802,124
174177098,-92969006596680664,1830887331251072741371449826188936,6448393798108322639,200969,25599802,153
114395146122,-61034663010893605851,1830137429127934881865724236025264,6448393798108322639,200961,25599806,2
81852085898,-43640888756723452757,1829601549797584271123537055087033,6453412126374136993,200955,25599809,5
179100877,-95462785580032700,1829600377806559695310520455120880,6453412126374136993,200955,25599812,32
-74122283450,39558017276728786944,1830085849027346078523514315753411,6448393798108322639,200960,25599815,2
-2620804900,1399070918135490560,1830103030111292050498837532263442,6448393798108322639,200961,25599823,13
-2473098107,1320244317000000000,1830119243176795405288854726988618,6448393798108322639,200961,25599823,186
34998410,-18665114406857416,1830119013848631948801343550892173,6448413030850537118,200961,25599841,142
71506197316,-38125439254303334548,1829650863083991607769969710823077,6453431359116351472,200956,25599844,2
77222288846,-41151229463727501778,1829145653356920083881046855262231,6453431359116351472,200950,25599845,5
5386364131,-2869508758010415294,1829110424671037402736707721637563,6453431359116351472,200950,25599857,14
-200015,106660158950145,1829110425979839293216914468032296,6453431359116351472,200950,25599857,369
30276226482,-16127170560729831220,1828912270448081945261790648598528,6447505163404710443,200948,25599860,17
330967335,-176276328525170505,1828910104331227463355713498820182,6447505163404710443,200948,25599860,185
418215722,-222745046457194238,1828907367197980928846726547111499,6447505163404710443,200947,25599862,609
-126538,67462733996229,1828907368026561262338435708096591,6447505163404710443,200947,25599870,1184
-97536481,52000640000000000,1828908006700760789907497768706878,6447505163404710443,200948,25599872,94
-147383182,78576000000000000,1828908971774727227210319820022283,6447505163404710443,200948,25599873,32
13595145415,-7240533058423157990,1828819998735496697005193599383324,6447505163404710443,200947,25599873,77
11593979672,-6174191174903554697,1828744129106950159884775299092440,6447505163404710443,200946,25599874,1116
-7415966150,3953149083088324194,1828792681861805765105292372114205,6447505163404710443,200946,25599875,78
15054730205,-8016820567350252321,1828694169654888459267771269379258,6447505163404710443,200945,25599876,82
22170199066,-11804318911749583150,1828549115952191394025442889334857,6447505163404710443,200944,25599877,13
2492571323,-1327029607495242660,1828532809161465482671368926887567,6447505163404710443,200943,25599878,486
-364470715870,194488048864041369600,1830920550491026991134667941764922,6448413030850537118,200969,25599879,2
-202383743805,108158297182826205235,1831288138429551943024869360506144,23300272088356785156,200974,25599879,31
218109007207,-116378136995927425025,1829858454938706898058720704625502,6453431359116351472,200958,25599879,57
124959584888,-66593848766167260886,1829040842870632767356799018082174,6447505163404710443,200949,25599879,78
30142977780,-16054979090794460864,1828843556251959184840358565257759,6447505163404710443,200947,25599882,35
150000000,-79885465428400911,1828842574604255602891371712191565,6447505163404710443,200947,25599882,1909
696033000,-370685011897561088,1828838019556741889329395503039043,6447505163404710443,200947,25599883,163
22630595587,-12051328641938345387,1828689930551776734779319539409617,6447505163404710443,200945,25599884,2
189733548,-101029362061760474,1828688689083873525722858008835668,6447505163404710443,200945,25599885,263
20507892470,-10919238495977633296,1828554506861824891091460717439231,6447286301293816990,200944,25599897,59
28526347427,-15185926554107897596,1828367892990386128004591353380119,6447286301293816990,200942,25599900,14
-31591949,16833006273582081,1828368099741144551928008352206815,6447286301293816990,200942,25599900,627
-39459987,21025305043224266,1828368357983652938750667258054543,6447286301293816990,200942,25599900,687
53886226575,-28677750815618551428,1828016002751057912002662597809953,6449471582821760069,200938,25599902,5
2433067481,-1294595203041529858,1828000099370785650094120278548897,6449471582821760069,200938,25599903,622
-43292523,23058095625354029,1828000382485006521252468744578281,6449471582821760069,200938,25599911,36
-41019394,21847407529309198,1828000650734035461606878760266649,6449471582821760069,200938,25599919,193
-29725129,15831954244343630,1828000845123522936306166955013297,6449471582821760069,200938,25599928,958
-5547883357,2954927022626491904,1828037126604671021634695751308540,6449471582821760069,200938,25599932,43
-2745879944,1462560597279054439,1828055084362792217644979599278436,6449471582821760069,200938,25599932,77
-938711104,500000000000000000,1828061223512908323807285868175370,6449471582821760069,200938,25599933,31
-1405243,748498997995993,1828061232703203744712178971884623,6449471582821760069,200938,25599934,949
-51341779257,27352071069282476032,1828397144450521831948985266516158,6447286301293816990,200942,25599936,2
-16366657378,8721366490425875456,1828504264302263254076667565686179,6447286301293816990,200943,25599937,79
155447,-82755555412760,1828504263285312821476104156399464,6447286301293816990,200943,25599939,396
377893,-201179799329186,1828504260813093489035218928889290,6447286301293816990,200943,25599940,67
109348816,-58214275523032834,1828503545440785474197238964291630,6447286301293816990,200943,25599941,9
108283795,-57647243264129125,1828502837036513600431215952147784,6447286301293816990,200943,25599943,5
21315694189,-11347005593809526161,1828363398153047823635369510538362,6447286301293816990,200942,25599962,2
63305,-33696461381299,1828363397738965278869596850832458,6447286301293816990,200942,25599962,935
-731948286,390000000000000000,1828368187899111056050227750379528,6447286301293816990,200942,25599972,285
-39529346,21062263415366102,1828368446595559241043717508316501,6447286301293816990,200942,25599976,582
128778,-68547351701781,1828368445753207828874949547520321,6447286301293816990,200942,25599982,907
6548421471,-3485599748185472785,1828325612590478030569597945422767,6447286301293816990,200941,25599987,1780
64090479861,-34105521091324345082,1827906594709749046747896150928935,6449471582821760069,200937,25599989,2
7053074949,-3752314030578530935,1827860499623973172870850285388369,6449471582821760069,200936,25599990,19
19124,-10173690222024,1827860499498995060799280246185146,6449471582821760069,200936,25599990,68
-649279130,345761459140560984,1827864744861999116421392305558525,6449471582821760069,200936,25599995,5
-3641501851,1939243477208399872,1827888555475635640553372160442112,6449471582821760069,200936,25600000,18
76921,-40922761476242,1827888554972922332162663438226622,6449471582821760069,200936,25600004,137
-20653950669,11000000000000000000,1828023616275476667733401353959190,6449471582821760069,200938,25600008,709
-399018,212527473554536,1828023618884952795629550408675769,6449471582821760069,200938,25600010,1158
116704,-62096992272055,1828023618122125867531839077663514,6449471582821760069,200938,25600010,1162
263010,-139945416540183,1828023616402974451421399206850319,6449471582821760069,200938,25600010,1166
22558204992,-12002086286934414820,1827876177464661395711167148775464,6449471582821760069,200936,25600012,2
15060550317,-8011883631646159358,1827777755941244788246351189717533,6449471582821760069,200935,25600014,2
2973914026,-1581955263309284041,1827758322502848750336020928690912,6449471582821760069,200935,25600016,22
116423,-61929420219355,1827758321742080351476503670109773,6449471582821760069,200935,25600024,89
-2347397,1249920000000000,1827758337088972597377084903753240,6449471910759225692,200935,25600030,1632
583446350,-310356752483699864,1827754524529500533052381533911211,6449471910759225692,200935,25600033,175
65390,-34783131355186,1827754524102209179295745561878220,6449471910759225692,200935,25600042,251
1475386071,-784806793942896656,1827744883188802133081949513434740,6449471910759225692,200935,25600049,872
209663714,-111526412745494324,1827743513149072385227825460705081,6449471910759225692,200935,25600049,893
36203414,-19257663791508852,1827743276579421779661033813469557,6449471910759225692,200935,25600049,911
9012882,-4794216753302496,1827743217685144959011248653184645,6449471910759225692,200935,25600049,930
230745638,-122740286956739529,1827741709889229787525314361549030,6449471910759225692,200935,25600051,312
1998584838,-1063096679287015765,1827728650339914685338319606161143,6449471910759225692,200935,25600058,1092
313017,-166500028522462,1827728648294554770458960842678239,6449471910759225692,200935,25600060,349
99933107,-53156490758358180,1827727995296736225743486305681445,6449471910759225692,200935,25600072,99
-28842264943,15358730883825907900,1827916574396124875902445583448183,6449471910759225692,200937,25600076,66
15969974,-8496509678188496,1827916470021245986276598703662864,6449471910759225692,200937,25600081,124
57090,-30373364557809,1827916469648127492536956371682893,6449495009406572036,200937,25600085,798
45626,-24274312462471,1827916469349932181137578072355166,6449495009406572036,200937,25600087,594
2507674626,-1334146785326441417,1827900080160054282086396860924188,6449495009406572036,200936,25600096,679
218216641,-116095680352625488,1827898653994530195848831183661931,6449495009406572036,200936,25600097,8
1631730346,-868107910091710831,1827887989811601090386300447193068,6449495009406572036,200936,25600115,120
-14610362202,7781097800000000000,1827983528119499395267236349261413,6449495009406572036,200937,25600126,30
-3369456379,1794600000000000000,1828005562677059422072107966458134,6449495009406572036,200938,25600127,2141
-2843967909,1514754217065292031,1828024161216558596547927589200245,6449495009406572036,200938,25600133,113
-51541715,27452433172024593,1828024498284550846500629936109358,6449495009406572036,200938,25600133,202
-1333012495,710000000000000000,1828033215846050689937305991057353,6449495009406572036,200938,25600135,56
-470549800,250629694224112186,1828036293141505740153275620066257,6449495009406572036,200938,25600137,287
-40123185533,21373980836708663296,1828298769816346958306211853121122,6447309727878628957,200941,25600145,2
-8847138514,4713776071834418176,1828356666381041645367788083825225,6447309727878628957,200941,25600150,2
210809250,-112210837811495332,1828355287471253032483950312398305,6447309727878628957,200941,25600151,364
-4757866240,2535121875000000000,1828386424895986009841575571920596,6447309727878628957,200942,25600157,3
2921967,-1555374258484945,1828386405782673679134755006302505,6447309727878628957,200942,25600165,48
-33357344222,17776134406935582720,1828604739683145129173505856715978,6447309727878628957,200944,25600174,2
-4566354628,2433741523690220484,1828634631912098984053172148894005,6447309727878628957,200945,25600174,29
12080150889,-6431778800510626586,1828555596948953656566552875966111,6447501153706580879,200944,25600183,112
58769482054,-31282433130491608772,1828171194009652778671554265572980,6449686435234523958,200939,25600184,2
37257146337,-19824812386523039196,1827927665355454392874809290452308,6449686435234523958,200937,25600185,2
86971704460,-46257759920269916407,1827359433495299519423213525793981,6449686435234523958,200931,25600186,2
-38070706969,20265441375741714432,1827608257765038252069419948146645,6449495009406572036,200933,25600199,2
-110404734,58777637371453853,1827608979451895436780525607141679,6449495009406572036,200933,25600203,153
-33573735541,17876250000000000000,1827828468619165262463455645541821,6449495009406572036,200936,25600204,27
-9588479941,5106150000000000000,1827891163234168678751037952545632,6449495009406572036,200936,25600204,35
6187927,-3292072563930717,1827891122793039609972579197367765,6449495009406572036,200936,25600216,412
265718,-141366017136121,1827891121056443215476649054164217,6449495009406572036,200936,25600224,368
88032884,-46834842905924611,1827890545718600536526054995271025,6449495009406572036,200936,25600224,594
-13586858184,7236000000000000000,1827979391176365138086319690487495,6449495009406572036,200937,25600225,94
6984364649,-3716056265288044755,1827933741662834390956062522998784,6449495009406572036,200937,25600233,459
1520484,-808958356249250,1827933731725268112866170489512305,6449495009406572036,200937,25600234,87
159928,-85088121027839,1827933730680011783340404304163781,6449495009406572036,200937,25600234,98
4686175270,-2493192293695614997,1827903103314003106828132620310280,6449495009406572036,200937,25600234,112
-363374522,193517129382452938,1827905479366787141606749835697114,6449495009406572036,200937,25600235,266
2833056521,-1507238365225453927,1827886963851080307375932878118505,6449495009406572036,200936,25600235,308
4692685972,-2496528384679408664,1827856295503202780530767602156045,6449495009406572036,200936,25600236,17
-2762719,1471224168254681,1827856313567269212666226565354306,6449495009406572036,200936,25600237,478
469622,-249836562306037,1827856310498177488195052971600702,6449495009406572036,200936,25600237,482
17068,-9079846499716,1827856310386637041534514229243652,6449495009406572036,200936,25600241,39
-38893656353,20714828324587962368,1828110652344212103987638398172163,6449495009406572036,200939,25600246,2
23221,-12356691939639,1828110652192417584307481668374838,6449495009406572036,200939,25600251,88
-7688862742,4095784022253865511,1828160941275662759225287377975434,6449495009406572036,200939,25600255,13
-8661956280,4614411647663737856,1828217612177060153100404997827681,6447309727878628957,200940,25600256,12
-46616161825,24838352623546052608,1828522687188614308025335830751622,6447309727878628957,200943,25600258,2
-11745472309,6259613030678847488,1828599570367889595096510994645681,6447309727878628957,200944,25600259,2
-5146955333,2743175935296343040,1828633263199408633859657515531387,6447309727878628957,200944,25600265,77
-53188465580,28353810188465213440,1828981516527717144522748397332461,6447309727878628957,200948,25600268,2
-7240968142,3860864535101158912,1829028937277011863914890007469896,6447309727878628957,200949,25600269,20
-26605463952,14187679932826449920,1829203089189186879913631345506915,6453449753967526775,200951,25600270,5
-24603625509,13122579828693045248,1829364112841333795128883775549552,6453449753967526775,200952,25600275,2
-43723593414,23326100225722343424,1829650341151446874666683235533320,6453449753967526775,200956,25600276,5
-2850074795,1520739837028342098,1829669001741492452376783777431552,6453449753967526775,200956,25600278,82
-3301040737,1761404529824578063,1829690615463337017582293308407808,6453449753967526775,200956,25600278,286
-4977178,2655807534735390,1829690648052037884718096087078520,6453449753967526775,200956,25600290,103
13598201864,-7248352890678157735,1829601660967195343234430983201107,6453449753967526775,200955,25600297,2
3167947282,-1688533758429121667,1829580931058057769560404564390815,6453449753967526775,200955,25600317,131
56897,-30325784011615,1829580930685752067084361202975926,6453449753967526775,200955,25600326,547
-43738868269,23339782436293726208,1829867326886595811479009257336479,6453449753967526775,200958,25600351,5
2299566,-1226051380219155,1829867311834522624867170434384528,6453449753967526775,200958,25600352,176
4599132,-2452102699926990,1829867281730376994533100659436264,6453449753967526775,200958,25600352,184
-7113952970,3796813500232842275,1829913871408954632523953735416061,6453449753967526775,200958,25600357,8
-29477850654,15734790954857396224,1830107027857312070889728888023319,6448431425701712421,200961,25600372,2
-2276225,1215140207599478,1830107042779574994995266064921815,6448431425701712421,200961,25600372,308
-3944918132,2105984404580364597,1830132904859360254136913630950346,6448431425701712421,200961,25600374,80
-24555512182,13110235515140036608,1830293902232445573734931677719934,6448431425701712421,200963,25600377,2
-561850382,300000000000000000,1830297586316676541112236545951824,6448431425701712421,200963,25600377,295
-1533178944,818647009922799903,1830307639531809825049485076594688,6448431425701712421,200963,25600378,163
217017,-115761617650405,1830307638109513509768061100718674,6448431425701712421,200963,25600383,159
434034,-231523234761075,1830307635264920885836645248009703,6448431425701712421,200963,25600383,167
7000000,-3733961561782926,1830307589387886005720592685978186,6448431425701712421,200963,25600385,244
19593454898,-10450867578419380160,1830179185597839038707455965677009,6448431425701712421,200961,25600387,2
26515173147,-14140478093549533980,1830005449688675171839187930939518,6448431425701712421,200960,25600388,2
-11551602,6166021750872147,1830005525409153505805626587765711,6448431425701712421,200960,25600391,386
66391130442,-35394465739340167240,1829570992036070230299329991540736,6453449753967526775,200955,25600396,6
24040220742,-12812187174514356917,1829413698482029381014890166363321,6453449753967526775,200953,25600397,2
116933986667,-62288318576583727990,1828648572309011110544007432398456,6447309727878628957,200945,25600400,2
15993173141,-8515181716562934127,1828543932974257090688978847270530,6447309727878628957,200944,25600403,295
19329327876,-10290136793504054764,1828417481994766455976340587632622,6447309727878628957,200942,25600404,12
4293626,-2285591159795755,1828417453908138778319205845665585,6447309727878628957,200942,25600404,65
50229,-26737525969954,1828417453579573044364015594083701,6447309727878628957,200942,25600404,100
81666990233,-43460431940557324546,1827883486655818635237338521835605,6449495009406572036,200936,25600405,2
17282251,-9194347402756398,1827883373708797329577928279487916,6449495009406572036,200936,25600406,63
16318868116,-8681310501375229151,1827776729036890988773902461559988,6449495009406572036,200935,25600410,11
-1031863506,549450000000000000,1827783475324448860571482262110940,6449495009406572036,200935,25600410,81
121793,-64788075991178,1827783474528566360293691634932927,6449495009406572036,200935,25600414,71
1402,-745638734463,1827783474519406637440226053561205,6449495009406572036,200935,25600415,70
-6760588017,3600000000000000000,1827827676239687533738865205410195,6449495009406572036,200936,25600416,145
-68069946,36248000000000000,1827828121301897739830263280959145,6449495009406572036,200936,25600424,393
-156608106,83395616783199726,1827829145254599324223336558733945,6449495009406572036,200936,25600426,145
-40128,21369088499553,1827829145516974455477489284275725,6449495009406572036,200936,25600426,687
-89111574,47452979199999997,1827829728156783648141401509043615,6449495009406572036,200936,25600433,105
-13455887646,7165768336056121288,1827917711292224774913608806306726,6449495009406572036,200937,25600438,115
8560791576,-4554466828624614551,1827861762409787032133338822834342,6449495009406572036,200936,25600454,24
-130217125,69344661957039694,1827862613841273365016519495914248,6449495009406572036,200936,25600454,184
17988525743,-9569260385321963368,1827745061239737301607698447123853,6449495009406572036,200935,25600455,6
-16483779,8777000000000000,1827745169005986997559590990411569,6449495009406572036,200935,25600456,955
87237,-46403820926873,1827745168435944000345855237983617,6449495009406572036,200935,25600458,85
37534279870,-19962950678342923436,1827499935607900688989844148804640,6449495009406572036,200932,25600462,43
-650922753,346500000000000000,1827504190023477725258588167170105,6449495009406572036,200932,25600472,35
2289818340,-1217693164603719575,1827489231396205819020338843179833,6449495009406572036,200932,25600473,64
11532,-6132380596217,1827489231320873216116104608469801,6449495009406572036,200932,25600473,123
2794884935,-1486253456933602826,1827470973592128317481896309379453,6449495009406572036,200932,25600473,193
1574043438,-837025859899739647,1827460691233469219881457384952711,6449495009406572036,200932,25600485,9
-7852577862,4180022026560721867,1827512014612465337188804913732406,6449495009406572036,200932,25600485,38
-638703665,339999999179912018,1827516189219370685922666912606265,6449495009406572036,200932,25600487,15
-1358951159,723413250000000000,1827525071472182906507197890221909,6449495009406572036,200932,25600489,218
-3881156839,2066102880000000000,1827550439611508827132642249031896,6449495009406572036,200933,25600490,281
-999163335,531905914220381847,1827556970488296639282425463804776,6449495009406572036,200933,25600490,294
-5579002,2970000000000000,1827557006954715871021871841105051,6449495009406572036,200933,25600506,13
-4867360069,2591200000000000000,1827588822370713609491047888402579,6449495009406572036,200933,25600507,696
-20496952,10912000000000000,1827588956351039083141161985742850,6449495009406572036,200933,25600516,18
-36922431,19656465780244985,1827589197698150785751944743678802,6449495009406572036,200933,25600517,67
-1700603398,905359124705020239,1827600313928924110311452658812539,6449495009406572036,200933,25600526,211
-13830230073,7363280927448668160,1827690722174453206062202975858363,6449495009406572036,200934,25600529,5
-4011358391,2135802769144773296,1827716946106835678562523453654179,6449495009406572036,200934,25600531,104
-1441789387,767679556465940278,1827726371872674642459083633852416,6449495009406572036,200935,25600543,163
55246,-29385934224400,1827726371511686135766919183936475,6449495009406572036,200935,25600544,1329
-6701853032,3568500000000000000,1827770186466914574222945243206786,6449495009406572036,200935,25600545,70
-92257399,49125000000000000,1827770789636222573953687089966392,6449495009406572036,200935,25600547,196
-11155394,5940000000000000,1827770862569061037432579844566942,6449495009406572036,200935,25600547,879
-5633923803,3000000000000000000,1827807697335961784348112471107767,6449495009406572036,200935,25600548,72
64515142,-34319913868120772,1827807275736486251268209273536133,6449495009406572036,200935,25600553,158
-58327832,31059522050649301,1827807657093237846026816792980227,6449495009406572036,200935,25600553,178
1000000,-531966904431372,1827807650558344758269093362990989,6449495009406572036,200935,25600558,13
-82743380768,44073835052187623424,1828348858817738293042898062242806,6447309727878628957,200941,25600576,2
-8476177,4516231487874074,1828348914287977975457095474751225,6447309727878628957,200941,25600577,298
18680633438,-9942700619254261265,1828226732799304226638976699379365,6447309727878628957,200940,25600585,111
13862192384,-7377243671039682548,1828136090737213884141921363576703,6449495009406572036,200939,25600586,56
-9908,5278275958658,1828136090802021905666907751785494,6449495009406572036,200939,25600586,189
39428170899,-20979062598303286782,1827878375650911457278765349565061,6449495009406572036,200936,25600588,2
18236982094,-9701589078891851498,1827759197471058926570800224910668,6449495009406572036,200935,25600590,10
23813040688,-12665999560290095660,1827603603293514071275870943303933,6449495009406572036,200933,25600591,2
1040000000,-553120005988731350,1827596808547311391717007403318349,6449495009406572036,200933,25600591,227
5354599729,-2847758202766023101,1827561825552617852803875101644280,6449495009406572036,200933,25600593,28
6056937781,-3221154054210128775,1827522255614736169966772090656215,6449495009406572036,200932,25600603,20
4970243687,-2643132569441526827,1827489786322729116139641102450663,6449495009406572036,200932,25600604,43
18037243221,-9591260978468310715,1827371963457154292058922851361866,6449495009406572036,200931,25600606,2
16575843325,-8813074640000400541,1827263700142149023160408021167716,6449495009406572036,200930,25600607,5
-9655769774,5138807931148509184,1827326795739579544773915711963623,6449495009406572036,200930,25600616,5
-1885586855,1003552160000000000,1827339117609541658464814413602129,6449495009406572036,200930,25600616,56
-29874502233,15901694833935499264,1827534362683719933647440264679623,6449495009406572036,200932,25600617,2
-1176590492,626348871861615977,1827542053155284456455197239180103,6449495009406572036,200933,25600617,26
-12504531488,6657016605901494963,1827623789706928717441991650050048,6449495009406572036,200933,25600618,5
-187831345,100000000000000000,1827625017532492075672509404268075,6449495009406572036,200933,25600623,88
-10765695467,5731800108521109504,1827695394039465092653453084246282,6449495009406572036,200934,25600634,2
22000000,-11701833444625496,1827695250289487689236906356645411,6449495009406572036,200934,25600635,158
-2982202504,1587842286564431219,1827714746222987939173518274277295,6449495009406572036,200934,25600639,47
2662448868,-1416177220885720720,1827697349338605256799318343417856,6449495009406572036,200934,25600639,66
6302731859,-3352364556526265299,1827656167558713320568141964259623,6449495009406572036,200934,25600639,91
12712650534,-6761281147052914913,1827573109291245550400151965179308,6449495009406572036,200933,25600656,72
18534592,-9857258246625276,1827572988200763711178107872678044,6449495009406572036,200933,25600660,63
-37568377,20000000000000000,1827573233765876382824211423521649,6449495009406572036,200933,25600690,934
-14476902541,7707361867704280155,1827667866725148580339512185398780,6449495009406572036,200934,25600696,39
-14737235222,7846780337371069440,1827764211500031389534089147272733,6449495009406572036,200935,25600706,5
11315272343,-6018820788687578594,1827690273910980638603556465672192,6449495009406572036,200934,25600707,41
31789682064,-16906965345502972580,1827482582022536213713349871927296,6449495009406572036,200932,25600708,6
11589439163,-6162750025077688925,1827406876349485918939401001910885,6449495009406572036,200931,25600709,42
16028649552,-8522483957649784040,1827302182766029062230179127821167,6449495009406572036,200930,25600714,2
62113097000,-33016509038254575735,1826896583065045579942812515126578,6449287604724484807,200925,25600723,541
-375961566,199999999591610260,1826899038795139344034022136743625,6449287604724484807,200926,25600725,54
-20052672863,10668184939345387960,1827030029709413777338290226813545,6449287604724484807,200927,25600725,193
-1599638307,851086467743759615,1827040479902691284756870906150531,6449287604724484807,200927,25600726,33
30972216,-16462363581619476,1827040277665964199118719306287354,6449287604724484807,200927,25600727,21
-2621898401,1395000000000000000,1827057406383403179617319440509714,6449287604724484807,200927,25600730,384
50000000000,-26571766173244870327,1826730977739234377281413288631193,6449287604724484807,200924,25600731,210
-3179868269,1691302487051889488,1826751744651352339136894940455911,6449287604724484807,200924,25600731,422
-527323586,280475616455078123,1826755188513418850177986198558454,6449287604724484807,200924,25600732,188
-2534689105,1348178406111063038,1826771742324870901431206688945199,6449287604724484807,200924,25600732,209
903515,-480095295247951,1826771736426999631684443906939883,6449287604724484807,200924,25600732,212
-160026942,85117715127926159,1826772781557674526224218239802910,6449287604724484807,200924,25600732,307
-46243442,24596727381753823,1826773083572293340343104470848340,6449287604724484807,200924,25600734,156
-25020168520,13309333943694209201,1826936504232094465858928451824986,6449287604724484807,200926,25600734,223
-1221817997,650000000000000000,1826944485354915496198777976731462,6449287604724484807,200926,25600736,64
-469004720,249509265598969343,1826947548991982773821129433514315,6449287604724484807,200926,25600737,313
-232864313,123883507010541362,1826949070114267313980754413034188,6449287604724484807,200926,25600738,259
-1645075543,875183892070399992,1826959816191395931247311812287875,6449287604724484807,200926,25600738,280
-18835970875,10021512779430838482,1827082866844234643025132634371038,6449287604724484807,200928,25600751,623
-1001396,532820000000000,1827082873386545199181110601484669,6449287604724484807,200928,25600754,108
12852547038,-6831394686926096738,1826998951117664156683695008444259,6449287604724484807,200927,25600758,232
103333146583,-54900908289136747630,1826324504676649430165769228372951,6449247588919248975,200919,25600760,5
3841741928,-2040336272998643213,1826299439412586901869808095110642,6449247588919248975,200919,25600760,445
70317829127,-37335672048021527331,1825840775568190190249488051561504,6449247588919248975,200914,25600761,5
31003280119,-16455420774795372257,1825638622877754472916133718119550,6449247588919248975,200912,25600762,5
11536499723,-6122227009647234595,1825563412120254180733001784973336,6449247588919248975,200911,25600763,280
286079,-151810565063411,1825563410255281258792221111771755,6449247588919248975,200911,25600773,337
-18050804441,9589069134939607040,1825681151814300373592322940683421,6449247588919248975,200912,25600775,2
-5752354825,3056064325839588864,1825718676392872443659661857964619,6449247588919248975,200913,25600775,65
4341834,-2304435450469129,1825718648083184552766351942172417,6449247588919248975,200913,25600789,144
29654500202,-15737507534752824950,1825525314862938033837341635017069,6449247588919248975,200910,25600790,2
-15589377049,8281074735178091520,1825626995916224110968769589606247,6449247588919248975,200912,25600804,47
-2484780001,1319999999045073613,1825643203835429375501337857694333,6449247588919248975,200912,25600809,22
-6846546,3637151518778486,1825643248495018766647924597096728,6449247588919248975,200912,25600809,277
-19988084339,10619206228368683000,1825773638825850550501314260872710,6449247588919248975,200913,25600810,5
-41187398161,21886694555548641984,1826042379566216658941907908858596,6449247588919248975,200916,25600813,22
-37626329503,20000000000000000000,1826287954099807413679451959122037,6449247588919248975,200919,25600813,27
73135696,-38841091383387336,1826287476942083520171309551657274,6449247588919248975,200919,25600813,83
-16376015074,8706226596475165941,1826394378038518984153680644575259,6449287604724484807,200920,25600814,445
6967701367,-3700764694227952790,1826348914908981107412192430101803,6449247588919248975,200919,25600819,8
14660336,-7786369504357125,1826348819254450872405833530428108,6449247588919248975,200919,25600821,50
36919654934,-19606110327782584878,1826107960755237561361915534669944,6449247588919248975,200917,25600822,2
1530528802,-812672684732161960,1826097977177673026737494122764088,6449247588919248975,200917,25600822,149
-8373099709,4450465552758068207,1826152623227792040891057339453710,6449247588919248975,200917,25600827,242
1021564033,-542452584424890331,1826145959268791778662395808669274,6449247588919248975,200917,25600828,1374
65338295691,-34686545881844292964,1825719839592613278075488060053797,6449247588919248975,200913,25600837,238
55331136410,-29361333577410274982,1825361036983973718792652782103614,6611859926551260750,200909,25600838,2
15227493277,-8078422588936141284,1825264235390345739425243111396109,6611859926551260750,200908,25600840,5
-97086495,51554727192402236,1825264852848074211823278671415097,6611859926551260750,200908,25600840,183
1998893504,-1060381266469342836,1825252146580815048162421405789186,6611859926551260750,200907,25600840,558
-95591239,50760046085059003,1825252754520851969815610738149560,6611859926551260750,200907,25600842,39
50616987963,-26846606936880638654,1824931058755820661846205651746816,6611859926551260750,200904,25600843,17
18296061370,-9701669996031842558,1824814806219371920446632689426407,6611859926551260750,200903,25600845,5
-5756293339,3055253513439119711,1824851398206121749459262551637945,6611859926551260750,200903,25600849,101
52435425638,-27798678806497785604,1824518301688882162143647244093225,6621004273901321604,200899,25600850,5
4968208434,-2633373046399732761,1824486790259641246525020365797373,6621004273901321604,200899,25600851,53
9516101622,-5043706217178899070,1824426436337589872409935998102853,6621004273901321604,200898,25600852,54
-11631046872,6170880292973220415,1824500241312294482080253916683533,6621004273901321604,200899,25600857,254
3927716472,-2081832007371398905,1824475329725202237200618354788334,6621004273901321604,200899,25600860,66
222976323,-118183822536190013,1824473915515709069640344209387332,6621004273901321604,200899,25600862,321
8916790563,-4726003647671676895,1824417363281402761116887369960040,6621004273901321604,200898,25600866,289
-18849,10000000000000,1824417363401004780927012958427632,6621004273901321604,200898,25600869,347
-11046419,5860409651203304,1824417433492687900793884315496355,6621004273901321604,200898,25600875,618
-5228911,2774071936812452,1824417466671148574929505563806560,6621004273901321604,200898,25600875,630
55446,-29385934224400,1824417466319511047441187772929919,6621004273901321604,200898,25600879,509
16231240,-8602481323934377,1824417363380627433490735627929878,6621004273901321604,200898,25600881,92
-22619072,12000000000000000,1824417506903051205641441789040904,6621004273901321604,200898,25600883,43
-1426132335,756603728891303991,1824426556036468332904438855223954,6621004273901321604,200898,25600883,447
-7676172827,4072556734942235136,1824475264637597375063643793336587,6621004273901321604,200899,25600888,5
-2993545182,1588270000000000000,1824494260667597757880483335654140,6621004273901321604,200899,25600888,643
-22953896885,12179632023888883712,1824640092071095255493435693359071,6611859926551260750,200901,25600889,2
-14191846457,7531350040699811218,1824730293116502907932026175750144,6611859926551260750,200902,25600890,2
-3996261663,2120876404639897000,1824755694308566099560973685300568,6611859926551260750,200902,25600891,69
-30783975,16337750000000000,1824755889981602360658651044670160,6611859926551260750,200902,25600900,47
-36987,19629870114306,1824755890216704274121463838889480,6611859926551260750,200902,25600901,376
-38510412727,20441088505121410598,1825000707884515259642209382717497,6611859926551260750,200905,25600908,3
-19057398128,10117577753301442827,1825121883515100635743136042063335,6611859926551260750,200906,25600908,13
8916678513,-4729301472665364393,1825065213550851904133797542251481,6611859926551260750,200905,25600912,1257
37999979,-20154113718090910,1825064972049456725493608246323103,6611859926551260750,200905,25600917,111
3997186214,-2119964685960698701,1825039569075326962912380797036515,6611859926551260750,200905,25600922,229
17432805044,-9245046745983649088,1824928788134082066059224244182131,6611859926551260750,200904,25600924,28
615950851,-326633408667454082,1824924874172644290803429498014287,6611859926551260750,200904,25600927,199
-1126891,598177381173262,1824924881336861174822591879444464,6611859926551260750,200904,25600929,243
-2449036,1300000000000000,1824924896896560356588956783322761,6616137738931714588,200904,25600944,36
55416,-29385934224400,1824924896544664180264766304334300,6616137738931714588,200904,25600944,754
24263358547,-12865535673541053333,1824770831923974925863769956035413,6616137738931714588,200902,25600945,2
53808169,-28529122705499406,1824770490288105285450227412966341,6616137738931714588,200902,25600950,141
12084804025,-6407099671520731094,1824693765353702348085423418354312,6616137738931714588,200901,25600951,9
-121730677,64600850000000000,1824694538561235337632865111205319,6616137738931714588,200901,25600951,853
261316,-138538157697808,1824694536902242719035870971121696,6616137738931714588,200901,25600951,895
5234,-2774635228842,1824694536869016498618034049937685,6616137738931714588,200901,25600951,911
17906,-9492954824429,1824694536755338489294739696681485,6616137738931714588,200901,25600951,928
3473,-1841093266644,1824694536733291421611228204227194,6616137738931714588,200901,25600951,940
5000000,-2650781745861467,1824694504990214835532112889707057,6616137738931714588,200901,25600952,11
29119360946,-15436249920469730314,1824509675689756203710200533530492,6625282086281775442,200899,25600953,2
13258467159,-7027312812255853223,1824425639859390459573057941730248,6625282086281775442,200898,25600954,39
-169925020680,90203750000000000000,1825506887823722956929757981542811,6453525401299702813,200910,25600955,10
2158799986,-1145512001694315830,1825492824686849892232231371810861,6453525401299702813,200910,25600955,43
10287892336,-5458764618507268767,1825426066622772858473872181187190,6616137738931714588,200909,25600955,329
150889395095,-80017101426781814245,1824467940157694471225557332579234,6625282086281775442,200899,25600956,2
117684846,-62375848616599998,1824467194238681997202825342790387,6625282086281775442,200899,25600956,210
8999720979,-4769921318833247560,1824410153331365571447655220599851,6625282086281775442,200898,25600957,5
15399825671,-8161334221523794166,1824312556352759185546422968001558,6625282086281775442,200897,25600961,5
9302746981,-4929686487748418692,1824253604900261123018492924416084,6625282086281775442,200897,25600962,15
10750409696,-5696431182562816539,1824185484362960846756981732366008,6625282086281775442,200896,25600963,79
35749885485,-18940103631118096752,1823958989915029288588865067564965,6625282086281775442,200893,25600964,8
991385,-525165244917971,1823958983634862372019800909325308,6625282086281775442,200893,25600964,296
-39123320,20745501537104408,1823959231595044571596063092444260,6625282086281775442,200893,25600968,822
-10778687,5715499458372195,1823959299909434779265120325114244,6625282086281775442,200893,25600968,1026
21568951,-11425702138801520,1823959163275647099957475628935171,6625282086281775442,200893,25600969,367
5570000,-2950591174459540,1823959127991124261711004718614711,6625282086281775442,200893,25600970,154
47425251251,-25118398635050308784,1823658750657263038640057215972064,6625282086281775442,200890,25600972,9
62082976,-32876320879415093,1823658357507136057824759031676774,6625282086281775442,200890,25600972,574
71664472462,-37940606860648183086,1823194513818349218662625601607562,6464431024320804937,200885,25600973,8
72709825111,-38474271342717643311,1822722972578123980879476112954371,6464431024320804937,200880,25600974,5
74460079025,-39379803255589612756,1822240756021499245951146715893261,6470379560550689943,200874,25600975,5
15880507415,-8396049969889356241,1822137948511481137669924999517115,6470379560550689943,200873,25600976,11
-2118775807,1121266420682033047,1822151671270622168156944705792349,6470379560550689943,200873,25600981,120
-22964932770,12154237319313905664,1822300422422176689499161354151857,6470379560550689943,200875,25600984,154
-9008106052,4768100308931450880,1822358777413365972884858072650642,6470379560550689943,200876,25600985,40
-1889171057,999999999999999999,1822371016038270733111581822721675,6470379560550689943,200876,25600985,61
-15079261,7982000000000000,1822371113726974722907711629432314,6470379560550689943,200876,25600985,278
-3995512773,2115000000000000000,1822396998418648290787258258473043,6470379560550689943,200876,25600985,630
-3426937389,1814076000000000000,1822419200214361018600334585009066,6470379560550689943,200876,25600988,156
-45087,23867667000435,1822419200506468442370372611907112,6470379560550689943,200876,25600990,240
26382268447,-13950559350702458319,1822248379432826778774088415777086,6470379560550689943,200875,25600996,153
-45734000,24205409674600643,1822248675673756452265642527442957,6470379560550689943,200875,25600999,660
8052245619,-4257390697348579874,1822196545000602010205962252395416,6470379560550689943,200874,25601003,61
52732062040,-27874524489163171332,1821855228492726651300955157751032,6470379560550689943,200870,25601004,8
991250000,-523881459527576753,1821848813696650897086221164800107,6470379560550689943,200870,25601005,13
39279835022,-20756948042437602244,1821628262998462516924521420991287,7821333187543666678,200868,25601006,5
57215266816,-30226096670992974432,1821322080146792777126241328525416,7821333187543666678,200864,25601007,5
27899302819,-14735161278000606917,1821172816622990133955350081408955,7821333187543666678,200863,25601008,5
76436428078,-40358276297031093540,1820820472400265904915395307940407,15416371868928159636,200859,25601009,5
-9127209,4823144692688850,1820820497175085190780690209029978,15416371868928159636,200859,25601009,637
15354622589,-8105636214425987935,1820778840508475299393550951560771,15416371868928159636,200858,25601010,327
52712519678,-27823880177599074459,1820635847402235348311323953072268,15416371868928159636,200857,25601011,2
800309173610,-421900488015025262275,1818466947227010500195463830895190,15401395626040831238,200833,25601012,2
519694508028,-273429988056376485833,1817047392718667652976770154505170,14361025705747596773,200817,25601013,5
-753362894,396456271661295945,1817049578829695743060283852343321,14361025705747596773,200817,25601013,1013
-16076297696,8460358739774688864,1817096230339243360518228805184812,14361025705747596773,200818,25601013,1256
-1430236379,752701361049821952,1817100380831652912359092343930071,14361025705747596773,200818,25601013,1658
103448504027,-54379345498726192464,1816800376102821593475612358865500,14361025705747596773,200815,25601014,2
-1764098911,928103930082271360,1816805493787625177518356699247277,14361025705747596773,200815,25601014,211
-11728508032,6170577426057153536,1816839519147608161449050883618298,14361025705747596773,200815,25601014,239
-152137882,80043974055690240,1816839960520407441556586222393681,14361025705747596773,200815,25601014,483
-399158296,210008473599999997,1816841118534223708156426504343938,14361025705747596773,200815,25601014,493
-90261190,47489003047805971,1816841380394712989318385781420993,14361025705747596773,200815,25601015,250
-125180023,65860826198851617,1816841743559805243021726033503630,14361025705747596773,200815,25601015,456
-1137011425,598215760138500849,1816845042198681445064135416279482,14361025705747596773,200815,25601015,595
-799738683,420767771725984072,1816847362366457277135836031461700,14361025705747596773,200815,25601015,980
-151825902,79880522102653759,1816847802837961401541596547775516,14361025705747596773,200815,25601015,1098
-66579878,35029841546080462,1816847995997026826942248065862854,14361025705747596773,200815,25601015,1598
358452751375,-188297411473386569976,1815809171398729763866802877584744,14360779434910874946,200804,25601016,2
-1266209277,665433733822696268,1815812840749108593248173149357978,14360779434910874946,200804,25601016,444
10600000000,-5564989111920264228,1815782138804012389173145289233891,14360779434910874946,200803,25601018,115
-563852467,296313466590178432,1815783772742713751466716495093234,14360779434910874946,200803,25601019,294
-3236647685,1700920309429395200,1815793151997573449212001623993440,14360779434910874946,200804,25601019,356
-1115103933,586012530764035584,1815796383401682473114425799334383,14360779434910874946,200804,25601019,387
-11237588226,5905725144209852515,1815828948890466278306928955038173,14360779434910874946,200804,25601019,425
-614785888,323096476073268877,1815830730516669788116189419911048,14360779434910874946,200804,25601019,535
-153547027,80695678468433132,1815831175490681936611531874755855,14360779434910874946,200804,25601019,599
708698834,-372079543860027774,1815829122734513457892884819178969,14360779434910874946,200804,25601019,604
-23986727,12606049314637807,1815829192247087703990451994852748,14360779434910874946,200804,25601019,625
-150251517,78963609392119808,1815829627670083728283137687751884,14360779434910874946,200804,25601019,1286
-198573327,104358848929573624,1815830203128108157143867739278949,14360779434910874946,200804,25601019,1509
-29682445,15599411174383980,1815830289146748921593852815139647,14360779434910874946,200804,25601019,1578
-11719125197,6159023525438682112,1815864251379436555567678678438808,14360779434910874946,200804,25601020,169
-57086799,30002712679550455,1815864416821101955042251035818696,14360779434910874946,200804,25601020,302
-38057867,20001812015839908,1815864527115565200802281996294802,14360779434910874946,200804,25601020,327
-149884186,78773626797267974,1815864961490954722812783987734628,14360779434910874946,200804,25601020,339
-76115730,40003648357459516,1815865182080015352120609155717677,14360779434910874946,200804,25601020,348
-26759437,14063785287861020,1815865259630871659531629186519912,14360779434910874946,200804,25601020,366
-38057867,20001830583004777,1815865369925437288789791692755811,14360779434910874946,200804,25601020,380
-160891086,84558529417747917,1815865836200073186555894360674659,14360779434910874946,200804,25601020,391
-19028933,10000921075930024,1815865891347387897812173340093440,14360779434910874946,200804,25601020,413
-28541564,15000418080127788,1815865974063046824087457322600840,14360779434910874946,200804,25601020,441
-14271700,7500692020315171,1815866015423539548310178816816844,14360779434910874946,200804,25601020,461
-47217365,24815750585536572,1815866152263136316087256496653871,14360779434910874946,200804,25601020,776
-19027173,10000000000000000,1815866207405372008741121769340602,14360779434910874946,200804,25601020,1299
231572464203,-121539611264366380254,1815195675887368156625999136406687,14360800586407739668,200797,25601022,2
-27176632789,14273136103840456704,1815274381034957188300351951166755,14360800586407739668,200798,25601022,66
-50735519,26647393444040476,1815274527974425754839557582697876,14360800586407739668,200798,25601022,895
232805386293,-122106865485500252423,1814600867580314496418724384352716,14360800586407739668,200790,25601023,2
-17947733597,9419813588443564032,1814652810461917098974340397817373,14360800586407739668,200791,25601023,361
-20584929,10804247220280897,1814652870038864020386409983238047,14360800586407739668,200791,25601023,1446
-40831589369,21432346520166850560,1814771052615123145830233433521926,14360800586407739668,200792,25601024,22
-12745146599,6690450848144238592,1814807945202541174448074123182556,14360800586407739668,200793,25601024,122
-2779176768,1458940141964888321,1814815990112809073682150424026979,14360800586407739668,200793,25601024,730
-3528760324,1852455715168539388,1814826204952729590902144481568617,14360800586407739668,200793,25601024,969
-6213735656,3262009302986709722,1814844192374818229390882901558647,14360800586407739668,200793,25601025,19
-19467123,10219708594770656,1814844248728493232314455840916323,14360800586407739668,200793,25601026,155
247453791724,-129725442904838859232,1814128549316201849335279996992887,14360522395144453003,200785,25601027,2
-3610599310,1893982426915045097,1814138993345675020732881610612034,14360522395144453003,200785,25601028,304
910359,-477064439369701,1814138990713671957603442159691849,14360522395144453003,200785,25601028,611
-215254553,112915001521448800,1814139613363379312096023632017569,14360522395144453003,200785,25601028,779
-159892186,83873892531520967,1814140075871052657107283454561624,14360522395144453003,200785,25601028,825
3091622,-1620136573614124,1814140066932628258771733932964498,14360522395144453003,200785,25601028,1164
287497,-150660081606608,1814140066101424413849166109543946,14360522395144453003,200785,25601029,82
-81976409,43001995645330913,1814140303228286597332995960677738,14360522395144453003,200785,25601029,90
-148396412,77843666076660153,1814140732483347917296576406166409,14360522395144453003,200785,25601029,104
-186708695,97941027649057696,1814141272561737697063862922765610,14360522395144453003,200785,25601029,711
-17639711,9253195107661571,1814141323586837535415034971301690,14360522395144453003,200785,25601032,610
44602201216,-23371752909592413851,1814012379737386034189142250142962,14360522395144453003,200784,25601033,205
-1361644075,714172413665228978,1814016317914230364632478376833925,14360522395144453003,200784,25601033,213
-24240867,12714186523453049,1814016388024352238692727949921645,14360522395144453003,200784,25601033,319
-15272699,8010437746958836,1814016432196487488390798221872860,14360522395144453003,200784,25601034,357
-64844282581,34013949279025392667,1814203996074441585523607598006272,14360522395144453003,200786,25601036,6
-346556779088,181905037544239202304,1815207065706075580411493174220752,14360800586407739668,200797,25601037,2
-1258093131,660730026742784058,1815210709113795717215536497312025,14360800586407739668,200797,25601037,140
-206003503142,108225471752539717632,1815807488246113407652918666680394,14360779434910874946,200804,25601038,2
-106149145971,55794028800000000000,1816115148994746639423664227017728,14360779434910874946,200807,25601039,67
1952572,-1025456612907936,1816115143337320902399154810079402,14360779434910874946,200807,25601040,8
143923,-75585845797938,1816115142920315147119665045320834,14360779434910874946,200807,25601040,549
22756851372,-11951070160482010100,1816049209080638434597903023717187,14360779434910874946,200806,25601042,5
146827758187,-77087738715394185455,1815623917409076855360449854297819,14360779434910874946,200802,25601044,2
6921555708,-3633074849723194778,1815603873800307221600678934076971,14360779434910874946,200801,25601045,241
502927,-263979571849991,1815603872343936659419778419002150,14360779434910874946,200801,25601045,339
3322409,-1743888926112835,1815603862722932738907220239638915,14360779434910874946,200801,25601045,374
1345651,-706314640230790,1815603858826207539829852101498623,14360779434910874946,200801,25601045,403
-126576600900,66518337540474191872,1815970655810861573180708110904634,14360779434910874946,200806,25601047,2
9842000000,-5167944321627660617,1815942144354750547202304376920818,14360779434910874946,200805,25601047,104
-13948055868,7331374358574048004,1815982571192033704123015393742010,14360779434910874946,200806,25601047,299
-11846689599,6227111004425330688,1816016908874302738136156544165174,14360779434910874946,200806,25601049,11
-85892437816,45155669123856785408,1816265907329271458508647553622458,14360779434910874946,200809,25601051,2
-33065819685,17386778181029480448,1816361781406529732303399539712318,14361025705747596773,200810,25601053,2
-2900047348,1525000000000000000,1816370190453267390058470570018765,14361025705747596773,200810,25601054,233
-26920666118,14157000000000000000,1816448253977637895526366029722621,14361025705747596773,200811,25601055,6
-4054522140,2132291532573399439,1816460011708231811329206440083484,14361025705747596773,200811,25601057,83
-2000600000,1052134759706475872,1816465813315030949733781982597189,14361025705747596773,200811,25601057,132
-26833049379,14112408076317222912,1816543630953781540093307966291383,14361025705747596773,200812,25601058,7
-28442207,14959360000000000,1816543713441622461698498064237563,14361025705747596773,200812,25601062,122
-4931017,2593500000000000,1816543727742516044724981852248775,14361025705747596773,200812,25601062,415
-5988842153,3149900000000000000,1816561096697479289421833156092892,14361025705747596773,200812,25601064,539
-32603322728,17149146967261552640,1816655659306239069188015965935745,14361025705747596773,200813,25601066,2
-732669201,385400000000000000,1816657784451558868072477851234174,14361025705747596773,200813,25601071,230
14799350724,-7776824260183358414,1816614880587381249719240437069638,14361025705747596773,200813,25601075,130
-182072721963,95797664369335336960,1817143121267407605048846796564371,14361025705747596773,200818,25601076,2
-116119175691,61124883474293874688,1817463973575277451953314216127863,15402869789943335724,200822,25601077,2
-4528559949,2384255022717337992,1817476231401053942348175958920778,15402869789943335724,200822,25601077,294
-82028804670,43193157871940321280,1817698294141358991410906037307075,15402869789943335724,200825,25601078,2
-4901140255,2581082787706971082,1817711563889278134643172409371603,15402869789943335724,200825,25601078,315
-4923318811,2592800601269213522,1817724893880298690602359003467251,15402869789943335724,200825,25601078,526
-189602214334,99880433530031144960,1818238403227565345610827288520556,15401395626040831238,200830,25601079,2
-66906959221,35259348166282416128,1818419694369470754941025326115901,15401395626040831238,200832,25601080,2
-174321330067,91898760368845258752,1818892205407632585267859702487581,15401395626040831238,200838,25601082,2
-9879266831,5209584286300528475,1818918991254031726977396550664192,15401395626040831238,200838,25601082,110
-144902311031,76428237318270713856,1819311735936322006228625076375807,15414933833365691625,200842,25601083,2
25675949116,-13531557177649115225,1819242187768115061257162598346668,15414933833365691625,200842,25601089,2
684371,-360658148510683,1819242185914439741519562341849241,15414933833365691625,200842,25601104,255
-9977654808,5263492398944064320,1819269225169182331713857106859144,15414933833365691625,200842,25601115,8
159325985243,-83946222173019215222,1818837572371394965062272190686373,15401395626040831238,200837,25601117,2
30603102102,-16119705963540161304,1818754649062704541967397636899661,15401395626040831238,200836,25601118,39
-565020,297900000000000,1818754650594401353800877734722347,15401395626040831238,200836,25601119,5
875953460,-461373164231339268,1818752277189489033031651610449138,15401395626040831238,200836,25601122,307
156952039001,-82648724943973187117,1818327113991915805492308418123611,15401395626040831238,200831,25601123,2
101683922589,-53524692873919245636,1818051780566304370482029619465972,15402869789943335724,200828,25601124,2
495750000,-260914689133481868,1818050438492283429069620779338714,15402869789943335724,200828,25601124,272
92418425788,-48633361847663406911,1817800281739118025969042450346419,15402869789943335724,200826,25601125,2
12402911276,-6525767266770494443,1817766714971587501946617867311849,15402869789943335724,200825,25601128,134
-98533320827,51901653511206821888,1818033549441973587050235974038931,15402869789943335724,200828,25601129,2
-12831188939,6759849430826409984,1818068302878920923773528651662189,15402869789943335724,200829,25601130,74
-5544782419,2921235171181378048,1818083321403130505607813931528674,15402869789943335724,200829,25601130,116
-466848450908,246129516430422081536,1819348571541813837796949701629081,15414933833365691625,200843,25601131,2
-3093031542,1631834881817680160,1819356954492851472937178925719527,15414933833365691625,200843,25601131,183
-6144585086,3241831234371044605,1819373608207521266996925617542734,15414933833365691625,200843,25601131,292
-57395535506,30284266707357418961,1819529182480290627667796128998183,15414933833365691625,200845,25601132,98
-4090228697,2158372121297104754,1819540270322581188445675036026393,15414933833365691625,200845,25601132,126
-4891222194,2581082787706971082,1819553529685323409688681551330802,15414933833365691625,200845,25601132,202
-4913355998,2592800601269213522,1819566849244019556734764400382612,15414933833365691625,200845,25601132,229
-4891079301,2581082787706971082,1819580108606761777977770915687021,15414933833365691625,200845,25601133,135
-6119197824,3229229030187632640,1819596697582246368355571280774429,15414933833365691625,200845,25601135,80
7591903,-4002437452374930,1819596677010911560316218200419180,15414933833365691625,200845,25601138,51
-136760130532,72186554050863489024,1819967508860951398614299974053365,15414933833365691625,200849,25601138,721
-25186822404,13297652598730104832,1820035814373378442142572276717816,15416371868928159636,200850,25601139,31
-76934374997,40624508794102915072,1820244488366816082995280465664203,15416371868928159636,200853,25601140,5
-50070275,26442194485699634,1820244624191186207728367094152581,15416371868928159636,200853,25601140,768
-8946461048,4724704094163416064,1820268893355304282403399319970643,15416371868928159636,200853,25601143,90
-728809117,384896000000000000,1820270870432388100170203121050957,15416371868928159636,200853,25601143,231
656152,-346178039409685,1820270868653302190826031948750965,15416371868928159636,200853,25601143,1062
754909,-398281337654856,1820270866606445847815965866263535,15416371868928159636,200853,25601143,1074
75721,-39949487085934,1820270866401136551821019794186964,15416371868928159636,200853,25601143,1086
334682,-176574167447047,1820270865493682648058367332698935,15416371868928159636,200853,25601147,233
-8712697259,4601382464238101976,1820294501197415412431868198414899,15416371868928159636,200853,25601150,84
4666697277,-2462144604552400896,1820281847688890733903792435115199,15416371868928159636,200853,25601152,89
9398015136,-4958279082542140930,1820256365990324906655458670467059,15416371868928159636,200853,25601154,227
70000000,-36930632255589921,1820256176195595058598121511627456,15416371868928159636,200853,25601156,379
-38935936632,20563587721451864064,1820361804204317307952056875227060,15416371868928159636,200854,25601160,2
-70707581930,37349536519715860823,1820553655802526551532674209546240,15416371868928159636,200856,25601161,108
-1854728879,979820755948546079,1820558688801473890219655039923966,15416371868928159636,200856,25601161,253
-1451745384,766935419054820337,1820562628282377254923711819510201,15416371868928159636,200856,25601161,294
-90389498368,47757960646018711552,1820807944340645239897917204795019,15416371868928159636,200859,25601162,2
-139047571850,73501722180579450880,1821483485575376795485407919544963,7821333187543666678,200866,25601163,5
-3015354450,1594596218284598377,1821499630362567785494514999224530,7821333187543666678,200866,25601163,341
28466,-15038223774978,1821499630210234313872644874560215,7821333187543666678,200866,25601163,749
-19692302516,10414486169378445312,1821605073620283913467896846488160,7821333187543666678,200867,25601165,11
-42616132359,22542150993597116416,1821842503944675682511150401408972,6470379560550689943,200870,25601166,5
-130222052325,68923173258236477440,1822686028809429039526105905509464,6470379560550689943,200879,25601168,5
-40381122920,21385655421176451072,1822947987509584404677647183829435,6464431024320804937,200882,25601171,8
1615520,-854839256390505,1822947977032661799413136320458505,6464431024320804937,200882,25601173,492
5496188355,-2908206876404520619,1822912334083555861527198728249655,6464445081243102932,200882,25601174,332
-1925784088,1020000000000000000,1822924828940946797077644405215472,6464445081243102932,200882,25601177,350
-16784851423,8890762355493722112,1823033739536759142467352266689883,6464445081243102932,200883,25601178,2
1668076831,-882727215232946570,1823022920842441951186548472535518,6464445081243102932,200883,25601184,61
4912420623,-2599536052696770939,1822991060959303282170754513304720,6464445081243102932,200883,25601185,176
39480396939,-20888787166722726721,1822735048230666605853970209888957,6464445081243102932,200880,25601186,2
29466389280,-15586627331095344773,1822544162413150217127413380159976,6470393617472987938,200878,25601187,2
20376765642,-10776644522688634194,1822412205411137797258867486991688,6470393617472987938,200876,25601188,30
21585615293,-11414265920084846078,1822272440913216773141408338057360,6470393617472987938,200875,25601190,205
30600060669,-16178018178307768463,1822074345599520806710407567595161,6470393617472987938,200873,25601193,2
16270420334,-8600614627833892944,1821969033475755033744833610692635,6470393617472987938,200871,25601195,15
29712213768,-15703440805348345025,1821778908718118327231112147081866,7821347244465964673,200869,25601196,8
10000000000,-5284479400134152368,1821725378350570287513419163705075,7821347244465964673,200869,25601196,296
-8507026804,4500000000000000000,1821770939359027068236809872713495,7821347244465964673,200869,25601197,12
16760101750,-8856587834185889778,1821681224485320978615257056782927,7821347244465964673,200868,25601197,27
5823345322,-3077042599001289790,1821650054864093704466978779101899,7821347244465964673,200868,25601198,33
30659011557,-16198416501723391731,1821485969223224052780707901350441,7821347244465964673,200866,25601199,2
67691089393,-35753654039529970928,1821123794239275225638742795950077,7821347244465964673,200862,25601203,5
4777704892,-2522991541240303072,1821098237007560071243870322151416,7821347244465964673,200862,25601205,404
10993900829,-5805346809939486145,1821039430392007362017441286556663,7821347244465964673,200861,25601208,87
1624614180,-857848303896407077,1821030740617380390931268112762710,7821347244465964673,200861,25601208,713
999994976,-528025294549558731,1821025391861911463894913043376414,7821347244465964673,200861,25601209,58
2467632083,-1302965432775243278,1821012193169431542642248548714002,7821347244465964673,200861,25601211,59
-1002748,530000000000000,1821012198535505871996422636953062,7821347244465964673,200861,25601211,765
118884,-62772685751531,1821012197899635299736881169545292,7821347244465964673,200861,25601219,752
44162425340,-23315845299489799365,1820826569201209900481326049656299,15416385925850457631,200859,25601222,2
-4758031570,2514349224021619616,1820839484528204281375468098538814,15416385925850457631,200859,25601228,79
1998004599,-1054780631075665919,1820834063780977421131928142901888,15416385925850457631,200859,25601230,198
64312139585,-33948118809481161374,1820659597009904890990617738063106,15416385925850457631,200857,25601231,2
67566092473,-35658759236014709610,1820476338885374504691609041278091,15416385925850457631,200855,25601234,2
44747665745,-23612128816812431508,1820354991016411957413451103932675,15416385925850457631,200854,25601236,2
27071170045,-14283193591999646066,1820281586575930734860817383764467,15416385925850457631,200853,25601242,49
15098240,-7965757338005736,1820281545638170097560454569043385,15416385925850457631,200853,25601247,27
-226992454,119880000000000000,1820282161419536223759570492450757,15416385925850457631,200853,25601247,40
55699,-29385934224400,1820282161268515512189273653590029,15416385925850457631,200853,25601252,438
2540995000,-1340612373903745500,1820275271569753484067663836918633,15416385925850457631,200853,25601253,61
856405,-451831555600640,1820275269247692782656829637157112,15416385925850457631,200853,25601262,237
-9088729611,4800000000000000000,1820299925158248386225034778593446,15416385925850457631,200853,25601263,61
19004116249,-10026397488476231097,1820248397319397544510029190258661,15416385925850457631,200853,25601268,13
55701,-29385934224400,1820248397168376832939732351397933,15416385925850457631,200853,25601268,741
59297919,-31284149990638273,1820248236392321309914996219714560,15416385925850457631,200853,25601270,199
-47485874133,25079244181408120940,1820377059642600255718790621298688,15416385925850457631,200854,25601271,21
-3786577089,2000000000000000000,1820387332938665090538876096897160,15416385925850457631,200854,25601273,193
-100190448045,52926943889064943616,1820659200020854722645731143231324,15416385925850457631,200857,25601274,2
-46206232544,24414387145000083456,1820784608134545764233435455183834,15416385925850457631,200858,25601275,2
-1588076421,839165473153582414,1820788918632222311207468015815845,15416385925850457631,200859,25601275,225
-18539395493,9796812793695952896,1820839241411383011233961692914410,15416385925850457631,200859,25601276,19
-494984774,261573295500000000,1820840585021336674246738146636398,15416385925850457631,200859,25601278,55
-96684958982,51105524865127251968,1821321067198883188214095531191397,7821347244465964673,200864,25601279,2
-222988499,117900000000000000,1821322260897304755869048367767417,7821347244465964673,200864,25601279,127
-13147135716,6951516435174351872,1821392642697102628943038019497490,7821347244465964673,200865,25601281,123
-6336119824,3350400000000000000,1821426564386598984084293182044559,7821347244465964673,200866,25601282,106
-970593,513237771706697,1821426569582961307877201316344711,7821347244465964673,200866,25601282,313
43609420193,-23034120825277854354,1821193240079606298528594620611233,7821347244465964673,200863,25601301,5
29287390418,-15466035595204918042,1821036573262076199488016889695848,7821347244465964673,200861,25601301,278
14935200940,-7885931238453184386,1820956690880920119933313487371529,7821347244465964673,200860,25601305,18
63826821662,-33695238417712183611,1820745066317285623172119283391032,15416385925850457631,200858,25601307,2
29569785048,-15608132697323794407,1820664852726380752625297403473683,15416385925850457631,200857,25601308,22
2271825596,-1199104867904701098,1820658690265489922388904507472215,15416385925850457631,200857,25601308,130
57239807,-30211955113677536,1820658534999677225885822807972372,15416385925850457631,200857,25601310,226
-51750236,27341819377878173,1820658675444979935975949784551908,15416385925850457631,200857,25601310,246
796799203,-420561076798486635,1820656514090074835131875230084915,15416385925850457631,200857,25601311,245
-1406146870,742926188429936824,1820660330240418865132881155725528,15416385925850457631,200857,25601314,92
-20867588071,11025585403406880768,1820716964791987525203144641137572,15416385925850457631,200858,25601315,7
-10827671268,5721171723162398317,1820746352437462429459803390607360,15416385925850457631,200858,25601316,448
64251267,-33915965141948728,1820746178135936052342844859233497,15416385925850457631,200858,25601317,34
60575991,-31975911520329731,1820746013804767472397964620205470,15416385925850457631,200858,25601317,84
167771,-88560276355659,1820746013349636937838041732511631,15416385925850457631,200858,25601317,204
458669,-242114680889505,1820746012105356898607979675578567,15416385925850457631,200858,25601318,508
1324959,-699398398895313,1820746008510996308751550553228494,15416385925850457631,200858,25601321,10
-25912432023,13692467506019213312,1820816341897270041665208931746760,15416385925850457631,200859,25601321,172
-38610623135,20404507820932014080,1820962444797379285623429293515055,7821347244465964673,200860,25601322,2
-18178320215,9608087768887142400,1821059723501399676407300574496297,7821347244465964673,200861,25601323,44
-1948237417,1029794999999999976,1821070149834444954297067268712910,7821347244465964673,200862,25601325,71
-499434717,263991991096873025,1821072822665853595855580017683976,7821347244465964673,200862,25601326,106
-90746218,47966862565250000,1821073308314438258209791870487306,7821347244465964673,200862,25601327,96
-26275792097,13890000000000000000,1821213939960541521375991192293297,7821347244465964673,200863,25601328,99
607727569,-320962079652026372,1821210688700239074174231959162425,7821347244465964673,200863,25601335,314
-33026558044,17461594024242934008,1821387481828865087974588069428004,7821334996742673894,200865,25601345,13
1440663801,-761007841118391263,1821379773010238105816981224059697,7821334996742673894,200865,25601348,74
1112648434,-587734508288770487,1821373819383730014161356576247955,7821304388956318785,200865,25601348,338
14332701168,-7570622132627963905,1821297130579557546268118367440340,7821304388956318785,200864,25601352,30
-23648682930,12504225206658668544,1821423732408888325127800246891682,7821304388956318785,200865,25601355,2
135819,-71747347813109,1821423731682102836439898053267083,7821304388956318785,200865,25601355,280
285326,-150725400667912,1821423730155283788755723143142345,7821291303155888434,200865,25601361,107
-49153292444,25995332667560268003,1821686926164764552301228488392704,7821291303155888434,200868,25601365,41
47017188,-24844353587777409,1821686674496285867708922390094667,7821291303155888434,200868,25601365,99
-50577727794,26756819980618641408,1821992726040381207849809514041772,6470337676162911699,200872,25601367,2
-22107861864,11698553896270878720,1822135901180254335350135965252207,6470337676162911699,200873,25601368,2
-10992815189,5817621478297165000,1822207101328261485308082356601983,6470337676162911699,200874,25601369,249
-20869607148,11045871741488812032,1822342288484351984357943942762203,6470337676162911699,200876,25601371,2
-7742510212,4098374881214161920,1822392447281932717663499226598533,6470337676162911699,200876,25601372,74
-68145019,36072485996977132,1822392888762416030645301717898289,6470337676162911699,200876,25601372,371
-30132180329,15952146876037070848,1822588122368253529185071847350809,6470337676162911699,200878,25601373,2
-19987267887,10583258451241167000,1822717663674413975987590576555045,6464389139933026693,200880,25601374,11
-33728311061,17862554492671303680,1822936479363098643691952684096673,6464389139933026693,200882,25601376,5
-13486146719,7143479998420466688,1823023986751591193201552754182070,6464389139933026693,200883,25601378,5
-82024780460,43462499020880183296,1823556400895330404448180015988600,6464389139933026693,200889,25601381,5
-10729895294,5687330856472147968,1823625725516967166053839376465949,6625240201893997198,200890,25601387,14
264737,-140187295492131,1823625723840532577839112474494665,6625240201893997198,200890,25601387,68
-54728093247,29014985225058717696,1823972527049587655786416389797597,6625240201893997198,200893,25601388,5
-14772854586,7833959765895891968,1824066162885185968224883814602725,6625240201893997198,200894,25601389,30
4737144151,-2509656366226077539,1824036151073330229699183346915507,6625240201893997198,200894,25601395,9
3738357146,-1980458127073522594,1824012467696793991756885626623083,6625240201893997198,200894,25601395,514
9129244071,-4836155804323832452,1823954634361498505385804993291402,6625240201893997198,200893,25601396,75
923252757,-489069878695642683,1823948785802555834481558702414847,6625240201893997198,200893,25601396,133
46416895015,-24584138239663973188,1823654795541015064845934240579451,6625240201893997198,200890,25601398,2
484639734,-256641676500435034,1823651726482711654664075802687257,6625240201893997198,200890,25601398,169
13490999768,-7143829499815291848,1823565162996854472170734335072242,6464389139933026693,200889,25601399,185
73337,-38831787368229,1823565162520928426610712941460535,6464389139933026693,200889,25601400,1695
17216893908,-9115791836256064347,1823453438517095238109947579663212,6464389139933026693,200888,25601405,9
5526443412,-2925837311890275119,1823417579179264727700896234348762,6464389139933026693,200887,25601407,11
3812341551,-2018281859278521221,1823392842926591026975235793870851,6464389139933026693,200887,25601407,50
5907649476,-3127445224412307225,1823354512663184767171562879329389,6464389139933026693,200887,25601409,64
15593249015,-8254264497562492869,1823253347619606437818094992981471,6464389139933026693,200886,25601411,9
34155043250,-18076724282753375957,1823031797583215161587752161509376,6464389139933026693,200883,25601413,6
9914711890,-5246587234435271999,1822967494915622441608096089067759,6464389139933026693,200882,25601417,608
42693614195,-22588034572522553129,1822690662729536953852207478865920,6470337676162911699,200879,25601419,6
55551,-29385934224400,1822690662369711286493076941199490,6470337676162911699,200879,25601420,843
-106954524125,56656333356729581484,1823384691643339967694081493434886,6464389139933026693,200887,25601425,6
100039381747,-52941551711147662105,1822735834996264480484699819095894,6464389139933026693,200880,25601425,33
10634229035,-5625494184714481091,1822666919152610310283863136714801,6470337676162911699,200879,25601427,2
283069910,-149737826026464362,1822665085638903805755223909865099,6470337676162911699,200879,25601427,116
70293191,-37183522361621725,1822664630333122258601624763447890,6470337676162911699,200879,25601440,120
172103,-91038104916067,1822664629218376455171130991268631,6470337676162911699,200879,25601440,332
11441912517,-6052267663812105754,1822590520250645934014403308209050,6470337676162911699,200878,25601447,46
3282274465,-1736087753752279672,1822569262157239149266504553642223,6470337676162911699,200878,25601448,24
6317898329,-3341601033744492713,1822528344832207614626931276621491,6470337676162911699,200878,25601451,8
8144819338,-4307656851504704824,1822475598321257494939363447340348,6470337676162911699,200877,25601453,190
7212336523,-3814274352273560557,1822428893193429432077440290860530,6470337676162911699,200877,25601454,52
642423,-339738967186555,1822428889033384709242012039586481,6470337676162911699,200877,25601454,282
16951125309,-8963903864425208819,1822319127585423605775745873101300,6470337676162911699,200875,25601456,54
12848444267,-6793650765079092218,1822235940510216730525810724127728,6470337676162911699,200874,25601457,2
131290475,-69417003333708246,1822235090511051827931711906512913,6470337676162911699,200874,25601460,144
17131517014,-9057364191865453212,1822124184657592638741658913800778,6470337676162911699,200873,25601483,5
99990578,-52861380088129139,1822123537379162676759078508195110,6470337676162911699,200873,25601492,241
434979,-229957218670133,1822123534563376422009851901665938,6470337676162911699,200873,25601498,496
294520,-155701560625096,1822123532656837819801186113244189,6470337676162911699,200873,25601511,118
-62922394429,33305507176012832768,1822531148905029926643589825601796,6470337676162911699,200878,25601516,2
-10765010949,5699530090177291264,1822600903767477699527208200899932,6470337676162911699,200878,25601521,102
-5248868023,2779168984968649728,1822634917194409107211576533417153,6470337676162911699,200879,25601524,32
-10834174712,5736803446434897003,1822705132651234668970005071905454,6464389139933026693,200880,25601524,143
379233,-200614419605316,1822705130192485436036377099655798,6464389139933026693,200880,25601525,267
-1027363844,544022336644799504,1822711794447718449558725799759321,6464389139933026693,200880,25601525,280
-32550224982,17238455366670196736,1822922964943207515776192549571657,6464389139933026693,200882,25601528,5
-4738836555,2510000000000000000,1822953712141783328799432017602669,6464434672861651104,200882,25601538,7
55535,-29385934224400,1822953711781629086366101066203496,6464434672861651104,200882,25601538,506
1986445142,-1051110610914551651,1822940829361662555746468949343854,6464434672861651104,200882,25601539,487
-16849188948,8925000000000000000,1823050159539865396874920045828630,6464434672861651104,200883,25601545,9
-12928792889,6849095711369583616,1823134060139826444662423231656942,6464434672861651104,200884,25601546,5
-2297432794,1217143015542927936,1823148969995600971468091840004096,6464434672861651104,200884,25601546,158
-716656,379676409386318,1823148974646591391369595149596142,6464434672861651104,200884,25601553,295
-43192038531,22886154688534917120,1823429327293143246886774476565662,6464434672861651104,200887,25601555,2
-15086093560,7995323279809282048,1823527269043167994562814938361954,6464434672861651104,200889,25601556,2
-2224224603,1178866531675102028,1823541710016611737325870524661760,6464434672861651104,200889,25601556,546
-188673,100000000000000,1823541711241599728394118462489171,6464434672861651104,200889,25601559,150
656864362,-347800112887825783,1823537448600663462585661170715667,6464434672861651104,200889,25601560,243
-1782960182,945000000000000000,1823549024737179057528673639755231,6464434672861651104,200889,25601565,264
156773,-83009555131826,1823549023719813292842276341092659,6464434672861651104,200889,25601572,562
2165131838,-1146408816900820050,1823534973324279943543249514643517,6464434672861651104,200889,25601578,224
-385563,204353651234529,1823534975827587630475711148604672,6464434672861651104,200889,25601581,371
-4996748210,2648386842212107300,1823567419215631767271267487719692,6464241941641284366,200889,25601582,1041
-85171050297,45156752830238441472,1824108248784872779907370025008248,6625093003602254871,200895,25601583,5
-19984408306,10599385935080000000,1824234941343909134424793282069426,6625093003602254871,200896,25601585,4
-1942511192,1030352990000000000,1824247256968400344551275742602495,6625093003602254871,200896,25601586,365
-91248023022,48415754330482466816,1824826379366497387501782643527902,6615948656252194017,200903,25601588,5
476710743,-252767335223011369,1824823352394470568481552035065174,6615948656252194017,200903,25601589,316
-391849408,207978998425712985,1824825841766115603675030579502729,6615948656252194017,200903,25601589,501
-60869544857,32314167670931460096,1825212621072400523571833211358588,6615948656252194017,200907,25601594,5
-107285910128,56989096495861071872,1825906295119286442462567600575041,6453336318620182242,200915,25601595,5
56878780525,-30188582140197574409,1825535667311623972739434508489755,6453336318620182242,200911,25601597,2
-25428336182,13508155635745691648,1825701425174532094438551601741249,6453336318620182242,200912,25601598,12
18176649832,-9646478659828668142,1825582994530099990630857413359279,6453336318620182242,200911,25601609,27
1000000000,-530670864646061187,1825576479438459027937586764855592,6453336318620182242,200911,25601610,286
699188271,-371036593882518023,1825571924190428014322726008805740,6453336318620182242,200911,25601612,356
55376,-29385934224400,1825571923829654383844708800300757,6453336318620182242,200911,25601612,692
-13426238040,7132324480000000000,1825659444205881291092055245860771,6453336318620182242,200912,25601613,48
4696522691,-2492483618590394324,1825628843771090989564180645578556,6453336318620182242,200912,25601613,572
382760433,-203130459737548877,1825626349921044890493086320013688,6453336318620182242,200912,25601615,722
7674227,-4072696065537874,1825626299920206592229445899642453,6453336318620182242,200912,25601620,52
56873976,-30182895508431069,1825625929362214194842908886236452,6453336318620182242,200912,25601623,186
44187310,-23450100787044263,1825625641463319049537831200563344,6453336318620182242,200912,25601628,758
-12285252208,6526564223014594560,1825705728587491407704546260511886,6453336318620182242,200912,25601630,23
-27779674272,14760117750946453504,1825886849211257011489287634233268,6453336318620182242,200914,25601631,11
-7656017145,4068370784303703040,1825936771973839010255005899102148,6453336318620182242,200915,25601632,31
-40400726852,21472437512309363293,1826200259118157221615098767867904,6453336318620182242,200918,25601633,2
-2150867,1143321985761604,1826200273147800800359045050754663,6453336318620182242,200918,25601634,609
-177058779637,94177476048941137920,1827355910729275905150677407633568,6453583739107505303,200931,25601638,5
-10314902877,5490165952225910784,1827423277682272661850003729875671,6453583739107505303,200931,25601639,633
429735588,-228508621327690501,1827420472369919348452186202108539,6453583739107505303,200931,25601640,795
804227911,-427640172965984906,1827415222396185210040492179311041,6453583739107505303,200931,25601641,300
35987905782,-19133695317070776559,1827180322743837268337579180948928,6453376334425418074,200929,25601647,2
3000000,-1594805409933436,1827180303164396112426089994556821,6453376334425418074,200929,25601647,172
79650050,-42342097195162649,1827179783330066929172282543672808,6453376334425418074,200929,25601647,262
900000000,-478439807580266569,1827173909520007835864561995501045,6453376334425418074,200929,25601649,21
377215768,-200526906741055302,1827171447649270341116425228289755,6453376334425418074,200929,25601651,793
-53606611654,28531079022914511579,1827521540515460689112611250757369,6453583739107505303,200932,25601658,30
27838491800,-14803048226209225879,1827339809192526806917990447434985,6453583739107505303,200930,25601659,14
-90158071645,48000000000000000000,1827928792070636948238590242281975,6453583739107505303,200937,25601660,12
9844435,-5237607189636360,1827928727770550301532069058159455,6453583739107505303,200937,25601660,54
66875423178,-35571724773624162284,1827492027402939184007986284948795,6453583739107505303,200932,25601660,112
75669479565,-40228883193738976774,1826998144397221938817025621312787,6453376334425418074,200927,25601660,116
15464748305,-8218994936185792625,1826897239718374316391567657533440,6453376334425418074,200926,25601660,119
-16723956250,8897156889482042368,1827006415582719990403229083278336,6453376334425418074,200927,25601672,12
-90372580733,48096683620701359098,1827596593046611782890481942779022,6453583739107505303,200933,25601678,16
94099107644,-50029232361291580355,1826982394421767013051413883394719,6453376334425418074,200926,25601678,37
-300601180,159925570000000000,1826984356847804072744860951841664,6453376334425418074,200926,25601685,234
45867691619,-24374124983865910798,1826685115484013895198146771418755,6453376334425418074,200923,25601687,2
21632885380,-11492960458914613333,1826544016299366704764604918942541,6453376334425418074,200922,25601688,6
-5628411548,2993042590000000000,1826580743538848449809249248003571,6453376334425418074,200922,25601690,135
33911024029,-18013151480323765761,1826359595907140679589403160352181,6453376334425418074,200920,25601690,146
201583969,-107066077357588822,1826358281455892671424945235809219,6453376334425418074,200920,25601690,399
2719764,-1444530730537190,1826358263721375180893463880612097,6453376334425418074,200920,25601690,402
4996287,-2653645311389374,1826358231142546504122645491914783,6453376334425418074,200920,25601691,94
-16954,9013846213643,1826358231253154248110705718346031,6453376334425418074,200920,25601698,299
712924899,-378650243612954764,1826353582560519200658932205701817,6453376334425418074,200920,25601727,70
-8315631660,4421156622323404800,1826407834003046911137573292982624,6453376334425418074,200920,25601731,18
36628245692,-19452636889372505643,1826169012678046452533317803678319,6453336318620182242,200918,25601743,5
98745,-52434595508784,1826169012034302434055150297785048,6453336318620182242,200918,25601743,410
1480022243,-785907650609667108,1826159363378786984370981558290889,6453336318620182242,200917,25601744,173
3453810723,-1833978155554051129,1826136847471947200299100097437678,6453336318620182242,200917,25601745,11
31644707844,-16801277402091546204,1825930576750767002773069315553660,6453336318620182242,200915,25601750,6
66215982,-35152391385000144,1825930145181848243661575433262602,6453336318620182242,200915,25601750,614
1887907007,-1002235126555323478,1825917840655388787809431240716141,6453336318620182242,200915,25601752,158
4190479833,-2224556056446240023,1825890529590218718075884365770346,6453336318620182242,200914,25601758,25
25981329255,-13790950391692607010,1825721216911487478491090941119742,6453336318620182242,200913,25601760,2
1992390108,-1057459746755726569,1825708234387637525319552899535856,6453336318620182242,200912,25601760,453
48927783631,-25963673018854377613,1825390626868841436299514878099456,6615948656252194017,200909,25601761,27
59659623498,-31646493514965998005,1825011649693914164197203800671130,6615948656252194017,200905,25601762,2
-1507769188,800435718362436000,1825021230382330050308309069308694,6615948656252194017,200905,25601762,176
8625136907,-4574171407496748497,1824966453174333011833529976944191,6615948656252194017,200904,25601764,193
727492610,-385798814088562880,1824961833106565174253086214660061,6615948656252194017,200904,25601769,27
1758156041,-932365002050370140,1824950667728817683570869344735865,6615948656252194017,200904,25601771,125
-2925206357,1552820385342218472,1824969253966208783699375384983559,6615948656252194017,200904,25601774,1520
23514472645,-12469080895981696957,1824819932618816409269718030100871,6615948656252194017,200903,25601780,81
9447549397,-5009202144468143639,1824759945774572436166608463318260,6615948656252194017,200902,25601780,379
8746564,-4637378447095235,1824759890240439338051049096401436,6615948656252194017,200902,25601787,91
94146,-49915184146254,1824759889642688580458390642757083,6615948656252194017,200902,25601788,334
-490711368,260433200000000000,1824763006856582354199526838366607,6615948656252194017,200902,25601790,220
-5646973,2997000000000000,1824763042728698657496887486618219,6615948656252194017,200902,25601791,1185
29326719593,-15547327840330867038,1824576858361074791563283729988369,6615948656252194017,200900,25601793,8
122604919,-64991365695726470,1824576080068081465660977819434588,6615948656252194017,200900,25601793,163
-264523668,140361152109148343,1824577760098636328584222337732751,6615948656252194017,200900,25601794,123
21260414303,-11269068047643911262,1824442921156092252352045536457620,6625093003602254871,200899,25601794,131
239351,-126858288919461,1824442919639019341024205450985571,6625093003602254871,200899,25601794,1239
5646973,-2992952710578492,1824442883846896328971633880852714,6625093003602254871,200899,25601799,36
-11093703592,5885886489844151788,1824513236792450267179894315033013,6625093003602254871,200899,25601800,345
-2193508,1163835000000000,1824513250703561283344886037641062,6625093003602254871,200899,25601801,84
-26312762078,13962342528848297984,1824680356099765062286284276629545,6615948656252194017,200901,25601804,5
-4084635828,2167659906901702483,1824706301561322076834361274490142,6615948656252194017,200901,25601808,18
2193508,-1162917069842235,1824706287635007441214770591242578,6615948656252194017,200901,25601810,117
-34110965443,18104625926826954752,1824922988084415125329518212640767,6615948656252194017,200904,25601811,2
19200000,-10181550378091985,1824922866156998527208327224899524,6615948656252194017,200904,25601816,116
25218755817,-13372056497903661116,1824762731379597459864296139730647,6615948656252194017,200902,25601820,5
1138515348,-603633876512569714,1824755502665266030172871225359199,6615948656252194017,200902,25601820,48
4183629678,-2218093801076426818,1824728940262007732187295518630933,6615948656252194017,200902,25601821,110
1275854000,-676424614218463269,1824720839854636326176006328721774,6615948656252194017,200902,25601821,257
34026377369,-18037684895269669612,1824504858889437501875730925031170,6625093003602254871,200899,25601822,2
25899650010,-13726774474439997829,1824340703138225215990043775382355,6625093003602254871,200897,25601823,2
9603818920,-5089381426012384254,1824279840243395219807023301946056,6625093003602254871,200897,25601824,69
14668335212,-7772580812580751078,1824186889503618499955330122202129,6625093003602254871,200896,25601829,44
14797417369,-7840177449464267396,1824093130389177528149127079285924,6625093003602254871,200895,25601830,2
79951372,-42358780174610289,1824092623828995240102234900602669,6625093003602254871,200895,25601832,56
-55110208,29226980000000000,1824092973173845194978905370927941,6625093003602254871,200895,25601839,211
-1885,1000000000000,1824092973185797965822358467583950,6625120607610513146,200895,25601854,332
-15112236565,8015000000000000000,1824188774644108242392056386419416,6625120607610513146,200896,25601863,121
-386552,205024710000000,1824188777094721618267482926919802,6625120607610513146,200896,25601867,195
-2302309972,1221138327588463488,1824203373081319440730051876163311,6625120607610513146,200896,25601880,49
-8788075499,4661348638952376909,1824259089113422280476309599651657,6625120607610513146,200897,25601885,107
223273,-118312918771712,1824259087698547637256335973085259,6625120607610513146,200897,25601889,607
-6036972986,3202280830245692928,1824297363827487946750021481618175,6625120607610513146,200897,25601891,17
-734474902,389607549722460000,1824302020717248658572529650830705,6625120607610513146,200897,25601891,395
-15893246214,8431175198505888768,1824402796622337404634240911915353,6625120607610513146,200898,25601898,18
-25395673376,13474031709244383232,1824563903921406130732737174585128,6615976260260452292,200900,25601899,7
29802220,-15797572126965731,1824563714741070142528779376124869,6615976260260452292,200900,25601902,313
99126478,-52544978804803167,1824563085500281438182184473935007,6615976260260452292,200900,25601903,670
-14928866435,7921824253824968676,1824657904124007438971928311931128,6615976260260452292,200901,25601904,5
-2396969721,1272000000000000000,1824673129062798682427069811991990,6615976260260452292,200901,25601904,80
-2473246402,1312500000000000000,1824688838757895779152599072078375,6615976260260452292,200901,25601904,92
-2749195977,1458967176342683409,1824706301561322076834358958439014,6615976260260452292,200901,25601905,24
-18311874874,9718617177221182495,1824822626523317925694629098746336,6615976260260452292,200903,25601907,5
-649562867,344763690755931480,1824826753100432078402013019064642,6615976260260452292,200903,25601908,156
103841,-55059902577320,1824826752441074375500621180785941,6615976260260452292,200903,25601913,1331
-7470132257,3964979058956540928,1824874210431232532269872410920660,6615976260260452292,200903,25601918,9
-86284478653,45812823644595761945,1825422557471989608827272666902136,6615976260260452292,200909,25601920,2
-20248826151,10755137164542566400,1825554186503169457243012118593125,6453363922628440517,200911,25601921,7
-2195254623,1166100000000000000,1825568495593348601999791545161952,6453363922628440517,200911,25601922,57
-2537690444,1348021684477857745,1825585037025341258106710124578562,6453363922628440517,200911,25601924,28
-8756129024,4651445101665887723,1825642114417865980119202286327082,6453363922628440517,200912,25601925,218
-11900618125,6322332026864194991,1825719695087718389704253234666174,6453363922628440517,200913,25601926,19
-31619930041,16801040493080008704,1825925858884578817227202516565758,6453363922628440517,200915,25601927,2
-17352718275,9221864626739659776,1826039019413318962063762532130884,6453363922628440517,200916,25601928,2
-1883,1001212110000,1826039019425604730325868526411448,6453363922628440517,200916,25601930,111
7186566,-3815619870499821,1826038972581113265556878185018146,6453363922628440517,200916,25601944,11
5100545,-2708072139625176,1826038939334021957681743568737992,6453363922628440517,200916,25601944,23
1514638,-804178301097586,1826038929461098333090275675500232,6453363922628440517,200916,25601944,35
-96107286,51078080000000000,1826039556234833773936016486830852,6453363922628440517,200916,25601944,40
-18627594,9900000000000000,1826039677716690195797856909027088,6453363922628440517,200916,25601944,103
-12317467267,6546647790259340870,1826120010941629668963064009310998,6453363922628440517,200917,25601948,5
-3004300535,1596852124722333045,1826139605745724867294287863127162,6453363922628440517,200917,25601949,404
700000000,-371696555942104465,1826135042414802693149421808624192,6453363922628440517,200917,25601950,76
-37414133923,19889210757541044224,1826379100638005972359331119099899,6453403938433676349,200920,25601953,2
-393689312,209312000000000000,1826381669067567756864044830747227,6453403938433676349,200920,25601960,101
189781810,-100800108594182192,1826380431548971161202195917761072,6453403938433676349,200920,25601962,92
16411260,-8716617972305461,1826380324535427320927376838553161,6453403938433676349,200920,25601962,161
4163355036,-2211276562021481377,1826353176788208766402959278988409,6453403938433676349,200920,25601966,18
18310669833,-9724538515982277548,1826233788331615511033732417110628,6453363922628440517,200918,25601966,23
146366207,-77727905874800553,1826232834063541933385077918059607,6453363922628440517,200918,25601966,376
-132328994,70343754816694503,1826233697244342217863238285876317,6453363922628440517,200918,25601966,393
13573309219,-7207771891402133081,1826145207190220930402883870204557,6453363922628440517,200917,25601969,2
5515858493,-2928861336083744935,1826109249462638991156517340780457,6453363922628440517,200917,25601971,189
49196251328,-26117577405584937696,1825788603100218171426583982637056,6453363922628440517,200913,25601972,6
2541891,-1349216130570113,1825788586535847071131135851879059,6453363922628440517,200913,25601973,215
5083782,-2698432187696073,1825788553407105772216538271942802,6453363922628440517,200913,25601973,223
188287580,-99941525046193936,1825787326421694253968439218300596,6453363922628440517,200913,25601974,85
14062357628,-7463806102941066384,1825695693027081987958454237050789,6453363922628440517,200912,25601976,356
45887897830,-24350477739372634790,1825397713548027762371878872379906,6615976260260452292,200909,25601977,2
4478080797,-2375876113396763758,1825369261768362738725955158671360,6615976260260452292,200909,25601978,68
14068629193,-7463724733485166538,1825279881581239301590078740351823,6615976260260452292,200908,25601996,21
215633,-114392465365816,1825279880211357597079027125568577,6615976260260452292,200908,25601998,241
7467810079,-3961544519575216663,1825232439609901744440912200723429,6615976260260452292,200907,25602012,35
99990575,-53041878966336448,1825231804418594899968280999176768,6615976260260452292,200907,25602016,150
5511079634,-2923398655499421961,1825196795903651593321773547928449,6615976260260452292,200907,25602018,76
8832461134,-4685019593427527468,1825140691486233992694639145452870,6615976260260452292,200906,25602020,5
6720562338,-3564608043653057253,1825098004309878997685435334781290,6615976260260452292,200906,25602025,56
300647,-159460054365933,1825098002400300334635594369056352,6615976260260452292,200906,25602032,425
-34690811735,18420327051325327360,1825318480664349952676323866706175,6615976260260452292,200908,25602034,2
1158661662,-614689533701920779,1825311119585598132013768794026327,6615976260260452292,200908,25602035,247
56672863,-30065781212290549,1825310759539475488898919853030633,6615976260260452292,200908,25602037,19
30064904,-15949865556128967,1825310568535383174954382605416660,6615976260260452292,200908,25602037,31
-45024862,23910245644818282,1825310854724083195358257542344888,6615976260260452292,200908,25602042,239
-58359028,30991304092926096,1825311225668035927758073193612379,6615976260260452292,200908,25602042,299
36987346646,-19619807965417034018,1825076272990935250744373559083825,6615976260260452292,200906,25602052,2
96,-50411135035,1825076272990331563330456067316982,6615976260260452292,200906,25602053,202
193,-101883557123,1825076272989111479293908250536794,6615976260260452292,200906,25602053,215
-27356,14523975848842,1825076273162953180004685636681495,6615976260260452292,200906,25602053,396
-18237057878,9682832663687944580,1825192169809675272598978517694435,6615976260260452292,200907,25602059,5
-19007184465,10093034594784421888,1825312976282885567813011305340034,6615976260260452292,200908,25602060,2
424,-224520438822,1825312976280196872884996566647322,6615976260260452292,200908,25602061,338
848,-449571658822,1825312976274813126776205994042939,6615976260260452292,200908,25602061,351
-3183359451,1690531280136410221,1825333210736499258292136543031819,6615976260260452292,200908,25602063,29
5992273,-3179065393537330,1825333172666303759626029239655091,6615976260260452292,200908,25602071,39
-45279641879,24049968176904861236,1825625691843009227088209419274841,6453297727611932800,200912,25602084,2
34053754,-18072242639759427,1825625469967212185575957789686154,6453297727611932800,200912,25602089,52
9976595,-5294552993361801,1825625404965143056854252381086035,6453297727611932800,200912,25602090,199
-2644317821,1404750282056359987,1825642642684591662773122047367893,6453297727611932800,200912,25602091,52
-28850355794,15328000000000000000,1825830732886162187008916524211939,6453297727611932800,200914,25602091,127
-5904306,3137241826906037,1825830771383320824680890593796221,6453297727611932800,200914,25602093,89
3172356,-1683939465548959,1825830750709328197648131460492480,6453297727611932800,200914,25602093,93
272166,-144469799989198,1825830748935649487153687516506056,6453297727611932800,200914,25602093,667
47003229,-24950099504007323,1825830442619309890334512890332551,6453297727611932800,200914,25602095,258
75473080,-40062354793886738,1825829950767408693649628067810949,6453297727611932800,200914,25602100,478
-21330425,11333870071130430,1825830089845560197632803138320209,6453297727611932800,200914,25602101,102
246548421,-130871835314859928,1825828483111224587992384661004574,6453297727611932800,200914,25602101,524
-4154344,2207397088635265,1825828510198239420168485748499660,6453297727611932800,200914,25602103,249
121098339,-64280847671631392,1825827721012049529730562037031051,6453297727611932800,200914,25602103,436
84290328,-44742560295314899,1825827171700521066705095025241366,6453297727611932800,200914,25602107,34
280000000,-148627974774527376,1825825346971237429606952138809367,6453297727611932800,200914,25602108,13
943245409,-500685866846710657,1825819199971222631598257945005862,6453297727611932800,200914,25602108,105
48031875,-25495799533435277,1825818886955236987058922748229280,6453297727611932800,200914,25602114,412
2455482,-1303394027887470,1825818870953261218957509715375899,6453297727611932800,200914,25602116,234
79992457,-42460775540043864,1825818349655567084335689413355958,6453297727611932800,200914,25602117,223
3978404,-2111774568337423,1825818323728974858806635433492975,6453297727611932800,200914,25602118,105
-5178293326,2751489344404258193,1825852087311008271287332205921908,6453297727611932800,200914,25602120,163
-143621005,76314560000000000,1825853023768535226262933979913999,6453297727611932800,200914,25602121,69
24433557,-12970057899195096,1825852864533071680230010050403349,6453297727611932800,200914,25602122,153
-30300499386,16102242795681107968,1826050455483826976504487079049295,6453297727611932800,200916,25602122,157
5263766,-2794767822293458,1826050421172017951037178685564818,6453297727611932800,200916,25602122,240
-1718042245,913103627083750750,1826061625885305591921268384640492,6453297727611932800,200916,25602122,387
387477,-205731184114234,1826061623359511125704014139758607,6453297727611932800,200916,25602123,129
-22508148602,11963646727279200256,1826208429513246282760740539445749,6453297727611932800,200918,25602124,15
-44825045027,23831369134462099456,1826500863790945411829003779573280,6453337743417168632,200921,25602125,2
-42774379704,22748244424365522944,1826780006232731029349424788284179,6453337743417168632,200924,25602126,2
185077883,-98344565609227956,1826778798848345417322239084993911,6453337743417168632,200924,25602128,184
55303,-29385934224400,1826778798487571866497449696217121,6453337743417168632,200924,25602128,1051
80000000,-42509443445933827,1826778276595610274854259143318906,6453337743417168632,200924,25602129,134
-6953449,3698537236564996,1826778321980154945209771964815381,6453337743417168632,200924,25602129,468
-45434363844,24170447445705191424,1827074916196094458147164759658775,6453337743417168632,200927,25602130,2
500865292,-266229699558437142,1827071647672000200757734986642190,6453337743417168632,200927,25602131,116
-435109036,231509047982468527,1827074488506648525159070125310986,6453337743417168632,200927,25602132,349
163798146,-87065252398348776,1827073419599326357145099532386640,6453337743417168632,200927,25602132,669
-149199423,79384810000000000,1827074393725913477521029859808216,6453337743417168632,200927,25602135,570
-187493806,99760292300000000,1827075617878910358537915777252764,6453337743417168632,200927,25602136,329
23351606901,-12411298630370349147,1826923243336619726945335949128352,6453337743417168632,200926,25602138,2
3433282203,-1824603108565500621,1826900842532980258347445483790259,6453337743417168632,200926,25602139,176
-871408692,463565627493719241,1826906530921005836190756805766156,6453337743417168632,200926,25602140,94
3367676658,-1789704998220638953,1826884558564360431063972795361741,6453337743417168632,200925,25602140,220
28236386735,-15004142142548251709,1826700351467301310075596768152042,6453337743417168632,200923,25602141,2
8373908658,-4449113534680411971,1826645729331565482358973277433226,6453337743417168632,200923,25602142,32
100000000,-53129059443216578,1826645077061697832714263858450352,6453337743417168632,200923,25602142,82
-46584,24774539633548,1826645077365704830283526566703453,6453337743417168632,200923,25602142,333
-1134342,603268316394119,1826645084768376779323358204839552,6453337743417168632,200923,25602144,152
62918123,-33427787305535985,1826644674372660572336793953110368,6453337743417168632,200923,25602146,117
-56883975,30252147511510069,1826645045595079678075992563212279,6453337743417168632,200923,25602146,137
455306324,-241899479079143562,1826642075775119433767327555148316,6453337743417168632,200923,25602151,335
19821351630,-10530114010810881695,1826512796692369847509577878242613,6453337743417168632,200921,25602152,16
6399974841,-3399675080473671183,1826471058599543973404778803383746,6453337743417168632,200921,25602155,98
19772000,-10502671744538578,1826470929657372202048282030834141,6453337743417168632,200921,25602155,323
1486875000,-789807608638023356,1826461233123878971131404788998559,6453337743417168632,200921,25602156,95
2413005452,-1281737556160969102,1826445497125634691309495923338711,6453337743417168632,200921,25602158,17
-100635499974,53527730680559786594,1827102332930924800872554202023210,6453337743417168632,200928,25602161,59
336138,-178675819622337,1827102330737306949575661133521957,6453337743417168632,200928,25602161,71
-452391216,240712500000000000,1827105284507002968417189241222487,6453337743417168632,200928,25602161,1070
4358695,-2316899452245163,1827105256062236301906215093077910,6453337743417168632,200928,25602163,869
5755639649,-3059394154034480009,1827067695626556596770994210396339,6453337743417168632,200927,25602165,265
-4874822002,2593783003450986696,1827099523793492847521401363912805,6453337743417168632,200928,25602165,348
-12005,6387959639074,1827099523871879144873166932144971,6453337743417168632,200928,25602166,718
-1038944695,552810756929999292,1827106307381923089702373474528389,6453337743417168632,200928,25602167,123
9985000,-5307613580290254,1827106242219911116734861383856460,6453337743417168632,200928,25602169,902
11139340305,-5920977714241413006,1827033549885612361422175792844803,6453337743417168632,200927,25602173,51
38262196182,-20334206240651475378,1826783905149711738155092885418562,6453337743417168632,200924,25602174,2
-13855225576,7370000000000000000,1826874342009698896537238198823193,6453337743417168632,200925,25602176,12
53990179275,-28686133973756336950,1826522159964570841444737231590161,6453337743417168632,200921,25602177,5
89991513,-47805177487441584,1826521573056443359384775123466570,6453337743417168632,200921,25602183,110
7397289516,-3929473720927883159,1826473330581783672249552431656222,6453337743417168632,200921,25602184,193
16365700674,-8692796807816263274,1826366608394664970872707317840250,6453337743417168632,200920,25602186,2
28868036829,-15331054886023144979,1826178386703608013381087377402988,6453297727611932800,200918,25602188,7
250247,-132885435932285,1826178385072152382754545748533390,6453297727611932800,200918,25602188,98
4692135,-2491612106996545,1826178354482234286928259588845690,6453297727611932800,200918,25602202,157
-24381062115,12960890993914485051,1826337397840766317701973274311219,6453297727611932800,200919,25602204,10
111224,-59072132514386,1826337397115528352174865061873945,6453297727611932800,200919,25602206,330
-49058395500,26086121351341125632,1826657498532541618116226643810268,6453337743417168632,200923,25602208,2
-84262413931,44826717601221092594,1827207564690395827098966422815888,6453337743417168632,200929,25602210,2
12043,-6401751039770,1827207564611800998822368669872792,6453337743417168632,200929,25602211,454
-4280008537,2277640000000000000,1827235513405529784632071444855549,6453337743417168632,200929,25602211,524
-16695225995,8885161044673211392,1827344540087362504669381333740045,6453545148099255861,200930,25602212,4
-2929908571,1559400000000000000,1827363674783036370311553682921605,6453545148099255861,200931,25602214,183
6838,-3635513670620,1827363674738404301997355011441840,6453545148099255861,200931,25602214,507
5302,-2818932827009,1827363674703797142210014760388344,6453545148099255861,200931,25602218,194
15003834866,-7977239036610437397,1827265740626277927389320516693995,6453545148099255861,200930,25602219,2
21635544301,-11501680976116002086,1827124533637838633100126621596625,6453337743417168632,200928,25602221,2
666666667,-354378720521865489,1827120182900905680289915286776441,6453337743417168632,200928,25602221,150
46168000,-24541372681021500,1827119881604438580224935773374329,6453337743417168632,200928,25602222,59
-1398237,744000000000000,1827119890734021189512023468912072,6453337743417168632,200928,25602223,10
14978794467,-7961801559615693060,1827022143036170567637447569311132,6453337743417168632,200927,25602223,21
-1398386,744000000000000,1827022152165753176924535264848875,6453337743417168632,200927,25602225,16
5146425178,-2735325017255295026,1826988570353733885229566275094690,6453337743417168632,200927,25602225,138
23291314591,-12378076645975572801,1826836603680500062360087665189133,6453337743417168632,200925,25602226,2
-13051113769,6942650000000000000,1826921796552411845961417537659779,6453337743417168632,200926,25602228,80
139394,-74080973614000,1826921795642913590939506035844652,6453337743417168632,200926,25602228,264
98923430,-52572975389010837,1826921150200135979026820612205727,6453337743417168632,200926,25602229,105
2625000000,-1395045827588553051,1826904023106849132691231793243808,6453337743417168632,200926,25602230,190
60294,-32042252955197,1826904022713463736576313543269911,6453337743417168632,200926,25602233,773
128971302,-68540612026022638,1826903181234687274864671078836663,6453337743417168632,200926,25602236,256
648,-344014047751,1826903181230463785878643592967099,6453337743417168632,200926,25602236,306
12122052636,-6441871527668073813,1826824093839630923088295368161891,6453337743417168632,200925,25602237,2
6231,-3310649162277,1826824093798985808841147303760935,6453337743417168632,200925,25602237,254
24167842590,-12841551404602456195,1826666437007714198899026791054969,6453337743417168632,200923,25602238,2
4323000000,-2296786679074823102,1826638239167231425592482749386752,6453337743417168632,200923,25602239,224
4900,-2603011138738,1826638239135274042029726362681799,6453337743417168632,200923,25602241,329
-280985729,149433450000000000,1826640072824825608926977433588635,6453337743417168632,200923,25602242,150
13206,-7015971614777,1826640072738689943726742145890001,6453337743417168632,200923,25602242,211
27591367638,-14657504432654438766,1826460121341534497233282465569963,6453337743417168632,200921,25602246,2
3041,-1615072123765,1826460121321706122866163147700504,6453337743417168632,200921,25602250,642
1415493703,-751882135676983421,1826450890402388789169212021834442,6453337743417168632,200921,25602250,1292
49995284,-26556362539833148,1826450564368781012011904496815151,6453358662741621855,200921,25602254,166
7462374854,-3963738220391019056,1826401901383767914186002811733532,6453358662741621855,200920,25602266,9
5795311876,-3078110162059294928,1826364111292607408903328702633983,6453358662741621855,200920,25602273,132
19772000,-10501441832324337,1826363982365953304106011798946803,6453358662741621855,200920,25602273,634
4826862,-2563675910154211,1826363950891593632097382950090848,6453358662741621855,200920,25602276,718
131141,-69652282287039,1826363950036469559668633994804672,6453358662741621855,200920,25602276,722
673397515,-357658662748816207,1826359559045647912195737887007997,6453358662741621855,200920,25602278,72
5000000,-2655621595224329,1826359526442467100696030488054509,6453358662741621855,200920,25602278,932
-13287897376,7064923480880888700,1826446219444433854343220370164605,6453358662741621855,200921,25602286,13
-4065936537,2161915500000000000,1826472748103265143822206765601529,6453358662741621855,200921,25602287,80
-54811269989,29150052181213175808,1826830445612362835224229045575257,6453358662741621855,200925,25602288,2
19900000,-10574824249181324,1826830315784789635072479422834699,6453358662741621855,200925,25602291,48
-139804293,74366130000000000,1826831228324475563278952772302471,6453358662741621855,200925,25602302,496
-6385511347,3396725704138140672,1826872909221508103292416964806191,6453358662741621855,200925,25602306,84
-38184308343,20315096556526198784,1827122192922729704591895359587238,6453382229581126547,200928,25602311,2
-20500269487,10908991585780367688,1827256055628798163868417422216320,6453382229581126547,200929,25602318,2
-49201702221,26188664486027325440,1827577402939497562982696395545205,6453589634263213776,200933,25602319,2
-21600830202,11500416493392675301,1827718518402379136903364099440640,6453589634263213776,200934,25602320,2
-989299977,526752000000000000,1827724981894579310802937420545570,6453589634263213776,200935,25602320,16
-10162066843,5411000243505489065,1827791377385947234987106394936227,6453589634263213776,200935,25602321,27
-7080670194,3770480000000000000,1827837642930398725792766773557889,6453589634263213776,200936,25602321,310
5666331275,-3014338591988220531,1827800637090025622046290237705047,6453589634263213776,200935,25602322,22
315698356,-167939597388842732,1827798575362139507017925183556604,6453589634263213776,200935,25602322,202
47174196425,-25090632869487730922,1827490547605305466065951098814609,6453589634263213776,200932,25602323,2
16594615796,-8824200478909470597,1827382216392876074329632075306700,6453589634263213776,200931,25602324,2
1777350771,-945045696397506409,1827370614441363683828636441982945,6453589634263213776,200931,25602324,378
4758193,-2529990281476167,1827370583381675581551664697095542,6453589634263213776,200931,25602324,445
382911,-203598284352253,1827370580882180126395199128103959,6453589634263213776,200931,25602324,457
13644136731,-7254404788653242559,1827281521429362083322565126690983,6453589634263213776,200930,25602325,8
-7800470006,4151469361360948889,1827332461890597004904781528733577,6453589634263213776,200930,25602325,489
2652952391,-1410535790705248819,1827315145301661002557624832886701,6453589634263213776,200930,25602327,23
-21254314121,11312667596673247344,1827453956998198002034081834660003,6453589634263213776,200932,25602337,38
55262,-29385934224400,1827453956637438532605863664644490,6453589634263213776,200932,25602338,1080
-38512735068,20502889315898329581,1827705536631770471797252311578280,6453589634263213776,200934,25602339,2
-6084255430,3239570031382213119,1827745287663811652560783959550934,6453589634263213776,200935,25602339,39
825660,-439193729767447,1827745282272004275698671599710977,6453589634263213776,200935,25602339,104
-9115512917,4853830873174158101,1827804841035881250896182113099727,6453589634263213776,200935,25602340,46
69057895,-36736392470681459,1827804390037748769354115109067827,6453589634263213776,200935,25602341,1418
78945,-41995696527623,1827804389522184245120125635040575,6453589634263213776,200935,25602343,205
-35401607319,18853648723608205734,1828035732566861551015661723488001,6453589634263213776,200938,25602347,209
759149124,-403941904775777232,1828030773532170534359968451314017,6453589634263213776,200938,25602351,116
19905879592,-10591101190223836057,1827900750779894951918152680634208,6453589634263213776,200936,25602352,2
4160331664,-2213351308164382886,1827873578342990474403828600161159,6453589634263213776,200936,25602357,39
1519720860,-808495128955475451,1827863652768682372531741824178839,6453589634263213776,200936,25602357,76
-1533048644,816401781000000000,1827873670398503809526990773381025,6453589634263213776,200936,25602370,232
66784,-35529120474742,1827873669962326876922394484717257,6453589634263213776,200936,25602374,520
4656,-2476659138977,1827873669931921914122527373959948,6453589634263213776,200936,25602377,241
2376,-1263612464170,1827873669916409044643681197376492,6453589634263213776,200936,25602377,250
21094616,-11222446972149451,1827873532142874793781737407220242,6453589634263213776,200936,25602378,644
-18592280707,9901747719064889344,1827995031195845196577113911987275,6453589634263213776,200938,25602383,12
-23015962838,12259505170964754569,1828145461030094563034849957735620,6453589634263213776,200939,25602388,2
-13954210742,7433724820561618429,1828236696722469458840883172622644,6451404352735270697,200940,25602389,17
-7604710000,4051514042481909227,1828286427525010778433454168080384,6451404352735270697,200941,25602389,212
-19957566152,10633716697504955839,1828416951008368958778170584568065,6451471934843005872,200942,25602390,113
49995284,-26613565844593872,1828416624176920087123334001814664,6451471934843005872,200942,25602390,2864
-24210477199,12901770722460395520,1828574986873998451056078046742733,6451471934843005872,200944,25602391,2
-76051789744,40542562777281282048,1829072626285362502876490365843221,6451471934843005872,200949,25602392,5
147160484,-78392859814281245,1829071663571380321543943590698389,6451471934843005872,200949,25602393,1770
23000000,-12252166061699061,1829071513107019057656756365680236,6451471934843005872,200949,25602398,9
94662568,-50427000264967477,1829070893836830081430113670659701,6451527367568905525,200949,25602403,83
18032867,-9606151829315094,1829070775868213518548387879523631,6451527367568905525,200949,25602406,66
31287570345,-16665098900996260782,1828866119654449062590032340923139,6451527367568905525,200947,25602407,2
24207889601,-12891599172059909832,1828707804145567260617021445416156,6451532900893977346,200945,25602408,17
3027199326,-1611938930889773862,1828688008701361759032178012756813,6451532900893977346,200945,25602409,78
75612724,-40262211710458224,1828687514260567364589571072672086,6451532900893977346,200945,25602410,139
52651444598,-28030520554133623237,1828343284963137199990563457494316,6451532900893977346,200941,25602412,2
-64704644,34475380920242918,1828343708126967205527683387103208,6451532900893977346,200941,25602415,463
59994340,-31933718672056797,1828343315964377089319944881351004,6451532900893977346,200941,25602416,244
33372048308,-17761113077320770184,1828125217629867755946047415963796,6453718182421920425,200939,25602419,8
22489108472,-11966657140019032475,1827978310973898411842918869733649,6453732476490068310,200937,25602427,10
34962620303,-18600106403276242404,1827749969892474652477477281807383,6453732476490068310,200935,25602428,2
67378245513,-35832108548762128820,1827310083031705044121834362210688,6453732476490068310,200930,25602429,2
1000000,-531677314985081,1827310076504657809016228982378641,6453732476490068310,200930,25602429,48
71262201190,-37878853548495049695,1826845049705428021159489412447243,6453525071807981081,200925,25602430,2
22756079634,-12091751396387015475,1826696602580166192184362776073833,6453525071807981081,200923,25602431,2
-1865093162,991960320000000000,1826708774516738824836274514309312,6453525071807981081,200923,25602434,5
55307,-29385934224400,1826708774155975821988336760805452,6453526425894573445,200923,25602448,1949
25222709173,-13400311036460849709,1826544262236371922296934214266658,6453526425894573445,200922,25602451,5
802281610,-426196251652134781,1826539029942636612308781525967122,6453526425894573445,200922,25602452,6
80985428385,-43009348547130407494,1826011013945799543909163631046809,6453486410089337613,200916,25602453,2
1520628,-807333922740853,1826011004034322371788578406671930,6453486410089337613,200916,25602454,107
-1662144842,883357008498688084,1826021843409321561777565951439275,6453486410089337613,200916,25602460,137
-43829485,23293589380376737,1826022129237076299547335043797010,6453486410089337613,200916,25602462,94
-21829953951,11602639169365660494,1826164501296987602578623139377473,6453486410089337613,200917,25602463,2
37798720,-20071528708653738,1826164254882842226401015373631245,6453486410089337613,200917,25602464,33
-1359454997,722611142170650716,1826173121799698291970766506595720,6453486410089337613,200918,25602464,88
-12029450815,6394496993316958384,1826251586508955034491974474565949,6453486410089337613,200918,25602464,840
-29358219979,15608260685963262620,1826443109613002391052696764284928,6453526425894573445,200921,25602472,89
4377354,-2325131717247140,1826443081068002122367603381910040,6453526425894573445,200921,25602472,295
-19532906531,10386458606669582336,1826570528997419668251928944057834,6453526425894573445,200922,25602477,3
-10803809154,5745457183448189952,1826641029121602267940510005679212,6453526425894573445,200923,25602478,53
85460,-45403733218258,1826641028564193168361002414157123,6453526425894573445,200923,25602478,273
-16634238661,8846942162706406841,1826749585725301930297593621211034,6453526425894573445,200924,25602483,80
-9381854,4990048371241629,1826749646956117619464153654673544,6453526425894573445,200924,25602485,287
-5000000000,2659462437956901188,1826782280117613463301207692752879,6453526425894573445,200924,25602487,263
4295827413,-2282639741752765775,1826754256779598536435615915835392,6453526425894573445,200924,25602493,507
-54231350,28844883743144608,1826754610723213638598980456401937,6453526425894573445,200924,25602499,682
178768,-94988786436047,1826754609557062528007573112081431,6453526425894573445,200924,25602503,691
3329842178,-1769304331210527430,1826732888296182913932070636105949,6453526425894573445,200924,25602504,23
-11280883,6000000000000000,1826732961919696515982842800177804,6453526425894573445,200924,25602504,354
100145507578,-53192444875905400202,1826079931287478941353268907214070,6453486410089337613,200917,25602506,2
-25527270287,13568804160000000000,1826246429492809054552971811351805,6453486410089337613,200918,25602506,55
21056527038,-11181407812429428202,1826109157584416028264943367579764,6453486410089337613,200917,25602507,2
-45800010415,24347149660480000000,1826407912856823394071281998928671,6453526425894573445,200920,25602508,26
47836342,-25408385590909970,1826407600925087166205511129481532,6453526425894573445,200920,25602508,65
72576186150,-38539019886827384758,1825934465444586040624121783675152,6453486410089337613,200915,25602508,75
1198859067,-636444117902489990,1825926651947384653002279368907902,6453486410089337613,200915,25602509,320
-41516,22061761891015,1825926652218097069362646375311415,6453486410089337613,200915,25602517,34
44814536071,-23787003118240932277,1825634632618408591223579212093052,6453678283203480205,200912,25602537,190
-20449330910,10864170659779532800,1825767939217641387551832713679908,6453678283203480205,200913,25602537,206
-12491179483,6637002893647775000,1825849377213467970774919895136041,6453678283203480205,200914,25602538,14
-15542490520,8259098487388421251,1825950718803779920562366323050585,6453678283203480205,200915,25602539,12
-2288306455,1216056834451948750,1825965640182148426286596858580104,6453678283203480205,200915,25602541,185
-20063480,10662266846567738,1825965771011327931957218764442294,6453678283203480205,200915,25602542,89
32000000000,-16986709967610494911,1825757234769073774151714209871961,6453678283203480205,200913,25602542,250
-315229458,167483250000000000,1825759289838271887182000233669847,6453678283203480205,200913,25602546,226
-939661739,499250000000000000,1825765415783983819153527520016959,6453678283203480205,200913,25602546,345
-160803633,85436626756725418,1825766464116757624450305773195129,6453678283203480205,200913,25602550,554
-3560426133,1891716216738720208,1825789676036329227324841659765469,6453678283203480205,200913,25602554,125
-282056751,149863705246951649,1825791514908482520865863600834323,6453678283203480205,200913,25602555,105
-22334479903,11867818167672918059,1825937136560589169358305704144249,6453678283203480205,200915,25602556,2
123331370,-65473964346085373,1825936332773716005007511749102847,6453678283203480205,200915,25602557,80
579918082,-307865229678454188,1825932553286208402076404739259855,6453678283203480205,200915,25602557,113
-41249300413,21923407797617525179,1826201560008268995018286923766621,6453678283203480205,200918,25602559,2
-5964529493,3170595910782453499,1826240464161346464852594586151531,6453678283203480205,200918,25602561,35
-5063806606,2691900000000000000,1826273494573488577369678816732989,6453678283203480205,200919,25602561,424
-18621584922,9900000000000000000,1826394970228661179518097214500188,6453718299008716037,200920,25602571,73
12093137869,-6422931494043316302,1826316119810940322751671156313859,6453678283203480205,200919,25602571,83
99010554,-52584393551180273,1826315474262046317619880667353196,6453678283203480205,200919,25602573,416
39802656976,-21136135532896019413,1826055997866192792768228865605632,6453678283203480205,200916,25602574,6
-131707837,70000000000000000,1826056856786973634506850618323304,6453678283203480205,200916,25602576,34
43947010703,-23329930208718783707,1825770448413188799177722200660056,6453678283203480205,200913,25602578,2
-483755598,257026045785866644,1825773602199073700049719231645883,6453678283203480205,200913,25602579,20
31007059892,-16456217110341659360,1825571578517945766974125338787840,6453678283203480205,200911,25602580,6
6496093233,-3447176689250434066,1825529259477087760510910985007845,6453678283203480205,200911,25602594,81
99990572,-53059129682612178,1825528608100126454539018879337542,6453678283203480205,200911,25602596,226
-8838541856,4694935695266816000,1825586216354889030604850136580328,6453678283203480205,200911,25602600,378
377420244,-200287078710809581,1825583757543568530364302558385495,6453678283203480205,200911,25602601,15
-15474759889,8220712787051840160,1825684628129941819391460699539293,6453678283203480205,200912,25602605,12
-16115323507,8561967412967458816,1825789686011883069827032567703479,6453678283203480205,200913,25602606,23
-43767912799,23258582807368097792,1826075075727685596166157239459180,6453678283203480205,200916,25602607,2
-37893335288,20142663676964755402,1826322232190737754647643167307296,6453678283203480205,200919,25602608,5
-652745690,347022690000000001,1826326490262164391799083131887316,6453678283203480205,200919,25602608,163
-5537786100,2944148003890369127,1826362615748979549527429389896823,6453718299008716037,200920,25602609,270
-140997182571,75000000000000000000,1827282881654732649484613396200609,6453925703690803266,200930,25602611,57
837740070,-445392798845716697,1827277414028566849101184124851345,6453925703690803266,200930,25602611,122
1111464,-590918922734357,1827277406774467159608599120669933,6453925703690803266,200930,25602611,150
104491254421,-55532916321784017952,1826595665236590921913532413900391,6453718299008716037,200922,25602612,2
-121270255,64490740000000000,1826596456552209509556811723335904,6453718299008716037,200922,25602613,170
72584006,-38561122525220715,1826595983162027197150930905926971,6453718299008716037,200922,25602614,36
-55961559,29760000000000000,1826596348323797850864378638869729,6453718299008716037,200922,25602617,179
-2849558348,1515392660000000000,1826614942526316709760898726070563,6453718299008716037,200922,25602618,223
17821286626,-9467363753638334190,1826498717770400399419807157085486,6453718299008716037,200921,25602620,2
14279092263,-7584742367194054021,1826405604750424120326528953187313,6453718299008716037,200920,25602621,8
7777649161,-4130992276990940326,1826354891206339483006266683440844,6453718299008716037,200920,25602622,5
14758087254,-7837926151471013527,1826258669450050103744868289973890,6453678283203480205,200919,25602623,17
-29256627625,15554364203510999040,1826449525494338174527313494372553,6453718299008716037,200921,25602630,2
187849309,-99781100714482420,1826448300545727623387736930292273,6453718299008716037,200921,25602630,93
67762,-35993481045375,1826448300103858729581961615109287,6453718299008716037,200921,25602630,766
-64398150429,34248859116389540434,1826868541166957196664218832093114,6453718299008716037,200925,25602631,2
-11975562998,6370699950241651642,1826946711061921368897760340381401,6453718299008716037,200926,25602632,20
293706000,-156094554972986189,1826944794789131636025644940780866,6453718299008716037,200926,25602633,185
20000000,-10629294607355680,1826944664300095463975637050820272,6453718299008716037,200926,25602634,19
-12452752100,6625116007211450368,1827025955936250692248723502943123,6453718299008716037,200927,25602634,41
2921787681,-1552960950859976054,1827020976720789540172757036962866,24710367236161424645,200927,25602636,40
-138926868,73914826933209873,1827021883672035524504253543960174,6453718299008716037,200927,25602636,147
-893830878,475556666000974016,1827027718857324606906161071745011,6453718299008716037,200927,25602636,407
-21894391602,11649711374016680020,1827170663388001375584678116977750,6453718299008716037,200928,25602640,5
2500000000,-1328978604329477067,1827154348369594394786000297661172,6453718299008716037,200928,25602641,10
-8305743780,4419772601993451520,1827208579955254028491350077443508,6453718299008716037,200929,25602641,54
1531842228,-814350830747228499,1827198582692130229344780330866439,6453718299008716037,200929,25602648,43
10087639301,-5362521270408453075,1827132750456043417403319374863076,6453718299008716037,200928,25602653,18
122381491,-65054805779072361,1827131951819895107378212034962720,6453718299008716037,200928,25602655,125
-28528334720,15181635339570726412,1827318232048017939622543895231373,6453925703690803266,200930,25602664,14
-5097487682,2713004445097832372,1827351520141770976434132180327369,6453925703690803266,200930,25602666,37
-33670525345,17922739206665379840,1827571429041699517303877199960867,6453925703690803266,200933,25602668,2
51445,-27359816394487,1827571428705831383832293471800787,6453925703690803266,200933,25602668,875
-33244888616,17700406600742518784,1827788609623266681753681954432384,6453925703690803266,200935,25602669,6
-18869776986,10048610886369616040,1827911904335104574042808128251879,6453925703690803266,200937,25602670,2
-6095294418,3246180821785926582,1827951734410477348942661883885140,6453925703690803266,200937,25602670,29
-18430011688,9816161791201224676,1828072177012254472437446219490128,6453925703690803266,200938,25602672,15
-7088748719,3775941871832036864,1828118507163781750736031955828994,6453925703690803266,200939,25602674,59
-14643418815,7800670738459171840,1828214232861857920748210820396057,6451740422162860187,200940,25602675,2
-12877796030,6860784070481373935,1828298442004833884743614835681679,6451740422162860187,200941,25602678,10
-11990314484,6388536967970037371,1828376854795182098474716555078207,6451740422162860187,200942,25602679,21
-15620460560,8323530298383559680,1828479017659624525226876051067556,6451740422162860187,200943,25602680,5
39057,-20792046090796,1828479017404295652876880886556044,6451740422162860187,200943,25602681,300
14868859,-7915551817838931,1828478920200349930028841400222583,6451740422162860187,200943,25602689,61
-54080906827,28824775876221242525,1828832714992326311946183905122137,6451740422162860187,200947,25602690,2
-13907583955,7414456111489091584,1828923719896192582083187605554631,6451740422162860187,200948,25602692,12
-48058924729,25627009993524187136,1829238125003420053512382376786921,6457880448251758005,200951,25602693,2
-3111200828,1659324781886423940,1829258472162508771848351754197366,6457880448251758005,200951,25602694,233
227304,-121110052941139,1829258470676676534255701810570990,6457880448251758005,200951,25602697,463
-107676255134,57450703146483597255,1829962949154573602581144355650224,6457880448251758005,200959,25602700,5
-3111875197,1661000000000000000,1829983316855710410190935193659145,6457880448251758005,200959,25602701,95
-16957718394,9052031753594882956,1830094384874476582468336149011405,6452862119985943651,200960,25602703,8
-1892528874,1010300266717131739,1830106783126618840229519484073434,6452862119985943651,200961,25602709,436
1500003541,-799956636678039718,1830096961268777062866085072570311,6452862119985943651,200961,25602712,23
3150343877,-1680060408657424632,1830076333507542458686211788617588,6452862119985943651,200960,25602713,25
18718440271,-9981656448106672551,1829953818937976391732215914216432,6457880448251758005,200959,25602714,2
-48328831577,25800000000000000000,1830270392550964598887443389376972,6452862119985943651,200962,25602714,138
40925697023,-21826627200350640042,1830002407787695479985405406740480,6457880448251758005,200959,25602714,418
209980103,-111970797054021804,1830001034079932238669333349646637,6457880448251758005,200959,25602716,73
10042748743,-5355047245979829067,1829935335967854163614636252046902,6457880448251758005,200959,25602716,79
732919911,-390796351204488443,1829930541503622235534280243209182,6457880448251758005,200959,25602716,265
3744025842,-1996300277755326558,1829906049999931409680694871023519,6457880448251758005,200958,25602717,227
1249355845,-666139873598088875,1829897877498352048855018740020018,6457880448251758005,200958,25602717,248
2498213913,-1331996495091385240,1829881535970256696808743008067214,6457880448251758005,200958,25602717,331
-52712526,28133120000000000,1829881880947366995390864115123568,6457880448251758005,200958,25602718,6
1000000000,-533173053712835368,1829875339742139323094911747605019,6457880448251758005,200958,25602719,505
53793628,-28681204770674823,1829874987868305348500478679196246,6457880448251758005,200958,25602723,95
15057640,-8028295586232797,1829874889373588310064784334506118,6457880448251758005,200958,25602725,417
-1557064790,831017045183860360,1829885079564326358116240427977982,6457880448251758005,200958,25602727,74
-7615460,4064450317875841,1829885129403886478464106135857317,6457880448251758005,200958,25602727,83
10732239,-5722180722653529,1829885059201616885022660196159549,6457880448251758005,200958,25602733,151
-1500703671,800945438893434858,1829894880644919877607312195080459,6457880448251758005,200958,25602734,234
-42155289,22498960623545781,1829895156534206975249124761957436,6457880448251758005,200958,25602736,145
-134429853700,71781933600529638845,1830775967863896591971203726774232,6452862119985943651,200968,25602740,5
-49522128,26456221677450229,1830776292530649531007525559620500,6452862119985943651,200968,25602740,455
-49439752,26412223208657313,1830776616657459912431360947409706,6452862119985943651,200968,25602740,493
674470,-359961860651932,1830776612237852571630101950673519,6452862119985943651,200968,25602740,815
-10800042898,5769936355769469952,1830847420024547573113269965227684,6452862119985943651,200969,25602741,366
-58875217920,31462007485853331456,1831233451191317782423249510411371,6454219772563421641,200973,25602742,5
-28060936084,15000000000000000000,1831417490202747871748621687866708,6454219772563421641,200975,25602742,359
89723517,-47918641137321617,1831416901982014572706982891350379,6454219772563421641,200975,25602748,12
619754082,-330991238996631238,1831412838930460998556970726074308,6454219772563421641,200975,25602753,654
39332775671,-21003399400595734642,1831155013693685479484557797821539,6454219772563421641,200972,25602758,2
1720653980,-918680970555345627,1831143736512585553467625478474179,6454219772563421641,200972,25602759,229
-2244289,1199448887045599,1831143751228944715653817317951433,6454219772563421641,200972,25602760,443
-167307966,89416937784095084,1831144848309267041697894211105401,6454219772563421641,200972,25602767,45
-9272171101,4955634759059934208,1831205650317404773643995238246421,6454219772563421641,200973,25602769,51
-6053543792,3235574297777433252,1831245348443749544596039316537344,6454219772563421641,200973,25602770,67
2919648611,-1558987910102278321,1831226211235558336707447809719668,6454219772563421641,200973,25602771,160
-18333595565,9799821994029056000,1831346447872356466987560009688863,6454219772563421641,200974,25602771,165
-3440703763,1839296265172863744,1831369014690114431606047190421243,6454219772563421641,200974,25602773,801
-10002096523,5347075997571816448,1831434619395490076659975856589622,6454219772563421641,200975,25602774,131
-19391633526,10367771841054420992,1831561824360847434848854807989838,6454219772563421641,200977,25602775,5
-23376121134,12500000000000000000,1831715190203705842619998289202619,6454219772563421641,200978,25602776,228
-4321918272,2311304695891997184,1831743548219128888380122872828391,6454219772563421641,200978,25602779,415
149985806,-80131431241795522,1831742564573346649379083914700418,6454219772563421641,200978,25602782,265
-58720810898,31410165483498971136,1832127442779734341225652158696865,6465333569839167798,200983,25602784,2
-147945639725,79195674817461173258,1833097771533194165672396227117708,6459230307877851220,200993,25602785,9
-197046959958,105610151037954686976,1834392443267753062371631173516713,6459965053908766160,201007,25602786,5
15472881638,-8290014073469636463,1834290770491387039191935162948502,6459965053908766160,201006,25602787,96
72059284,-38605556833306404,1834290297014006709997187364055288,6459965053908766160,201006,25602787,808
-39817747756,21356635840209481728,1834552094249360982061239915975587,6459965053908766160,201009,25602788,5
14210308,-7615302708415184,1834552000851573913141180781188898,6459965053908766160,201009,25602788,858
898650090,-481584951108660971,1834546094458822179239952422429832,6459965053908766160,201009,25602788,1020
874446737,-468611441546742852,1834540347179520034369218470519157,6459965053908766160,201009,25602788,1087
-187204261,100421936155973760,1834541578187317857046893549669258,6459965053908766160,201009,25602789,235
4091086294,-2192355730738653581,1834514690067231365027965819449069,6459965053908766160,201009,25602789,648
146968,-78756657652962,1834514689101321299023248771645167,6459965053908766160,201009,25602789,1491
-9482365932,5086650438844912640,1834577043070929001565578643053466,6459965053908766160,201009,25602790,40
29670513,-15900857243880068,1834576848055059516021546983018577,6459965053908766160,201009,25602790,601
760628003,-407630407968402151,1834571848676898989435097026372935,6459965053908766160,201009,25602790,915
32162015490,-17234008331861217070,1834360482392175404937476001004939,6459965053908766160,201007,25602792,2
-101319267878,54359719302885007360,1835026977676644763092688478259214,6457995044481006414,201014,25602793,2
-160184320908,86022588868155277312,1836081734779816036996027067735026,6458665530223037929,201026,25602794,5
44812000,-24054808789146469,1836081439700547559961768659321183,6458665530223037929,201026,25602794,580
322613015,-173176473881520200,1836079315352452411191053523531537,6458665530223037929,201026,25602794,661
309985744,-166397862930321528,1836077274157276011565426140145961,6458665530223037929,201026,25602794,696
1225912,-658058980186513,1836077266084895798932285551740480,6458665530223037929,201026,25602794,796
-303419078839,163213792652600560417,1838087093529035867240786340477360,6392092733125333032,201048,25602795,5
-22825724838,12292798520378631446,1838239383070450615620752490829648,6392092733125333032,201049,25602795,1195
-1622118246,873669618133938023,1838250206541222795627999123086524,6392092733125333032,201049,25602795,1323
46666921,-25109724466887138,1838249895313364594915856078151749,6392092733125333032,201049,25602795,1415
86174866,-46367449636636157,1838249320602078548348720961618433,6392092733125333032,201049,25602795,1444
74718241,-40203047559476054,1838248822296794411224329374872164,6392092733125333032,201049,25602795,1655
74642650,-40162353259964898,1838248324495904485774280925931857,6392092733125333032,201049,25602795,1711
108528343291,-58371949406107771671,1837524820866200363439665309865689,6392092733125333032,201042,25602796,2
31859790112,-17127059294903943274,1837312786698129261559921867203146,6451716014193483254,201039,25602796,508
150732486,-81020785718579345,1837311791749194152946893384645799,6451716014193483254,201039,25602797,303
61147995,-32867863534501888,1837311388126277725850112432597081,6451716014193483254,201039,25602797,372
731839,-393373106404790,1837311383254152619850548623759981,6396844852075220874,201039,25602799,1216
-38115762055,20511065545221528640,1837565463899284803973940548142979,6392092733125333032,201042,25602800,328
35258947,-18957390094688852,1837565228927852758752437639090550,6392092733125333032,201042,25602800,942
9022981100,-4851153270389867116,1837505100269565892623654770046622,6392092733125333032,201041,25602801,148
-5860535670,3154000000000000000,1837544173651662398503689380458460,6392092733125333032,201042,25602801,287
34722403,-18668478151725578,1837543942261211312895760509482875,6392092733125333032,201042,25602801,603
33166539,-17831963947696128,1837543721239114703573914176437969,6392092733125333032,201042,25602801,1137
98908267,-53177929286287360,1837543062113879890835825651210344,6392092733125333032,201042,25602801,1636
798057388,-429073355927267946,1837537743872265876407394098786566,6392092733125333032,201042,25602802,133
73900669,-39732365085376512,1837537251400956480813615718070227,6392092733125333032,201042,25602804,952
-29932241174,16110786537994219520,1837736840151201975831366612453219,6392092733125333032,201044,25602805,28
12003666228,-6454836966315850988,1837656834291850134374729397718133,6392092733125333032,201043,25602806,29
420838552,-226291016189718562,1837654029479380301655101723466916,6392092733125333032,201043,25602806,160
199516954,-107282929470341182,1837652699738131862872542452848319,6392092733125333032,201043,25602806,317
340629714,-183160785364075202,1837650429512546138300610366439874,6392092733125333032,201043,25602806,393
87834021502,-47214337137828833994,1837065425187995195577935146171934,6396844852075220874,201037,25602807,2
-11236612690,6044500000000000000,1837140251949011297132562574868025,6396844852075220874,201037,25602807,273
14988777,-8055164491126468,1837140152181720368533582913519126,6396844852075220874,201037,25602808,296
-28233889541,15190000000000000000,1837328193955206113031025322633797,6396844852075220874,201039,25602810,19
10047741082,-5400696021063878875,1837261303600360602355700559805942,6396844852075220874,201039,25602810,42
75460935593,-40547953877891944765,1836759096660260073337090943968888,6396844852075220874,201033,25602812,2
30193703879,-16217986111025124888,1836558228690351199423859641626001,6396844852075220874,201031,25602813,65
865145831,-464644706576829504,1836552473830388929257167585375061,6396844852075220874,201031,25602813,493
8503573017,-4566867203859190352,1836495910867650972707398844245886,6396844852075220874,201030,25602814,206
-6000000000,3225511972605337998,1836535840491859544786291822640676,6396844852075220874,201031,25602814,294
73949,-39715003282112,1836535839999969119576284812304238,6396844852075220874,201031,25602815,493
10570420752,-5676728122662405827,1836465530847777366048344096653233,6396844852075220874,201030,25602819,47
40899866903,-21960731907992899942,1836193783219744112151682791033137,6403794368104775549,201027,25602820,2
84935070076,-45584195612392039067,1835629812571959326582209459475359,6403794368104775549,201021,25602820,84
550775274,-295506750224153197,1835626156543129383011699987668972,6403794368104775549,201021,25602820,167
999237291,-536116495260738225,1835619523674806088244677575348615,6403794368104775549,201021,25602822,280
-83166647339,44678981199037898752,1836172018565060431751084585036668,6403794368104775549,201027,25602824,2
-19818107154,10650698384626132992,1836303723816103014673668539262299,6403794368104775549,201028,25602826,2
-4824079674,2592800601269213521,1836335786075474329011531169214753,6403794368104775549,201029,25602826,273
-271210,145770000000000,1836335787878048559466676638082532,6403794368104775549,201029,25602829,37
-71448363349,38412000000000000000,1836811209188912578168939613027164,6396844852075220874,201034,25602830,9
-3712862582,1996649326309498750,1836835926337059276991530174649713,6396844852075220874,201034,25602831,28
1298157899,-697412679793844387,1836827288527887417846369702711417,6396844852075220874,201034,25602833,1011
53696031720,-28841510410234081764,1836470071817652907631435519477940,6396844852075220874,201030,25602834,5
64886747,-34845543049587354,1836469640237958312587780615916721,6396844852075220874,201030,25602834,380
54721,-29385934224400,1836469639873998637747621121231467,6396844852075220874,201030,25602835,782
39731782268,-21333727279560001955,1836205645129022086440421190443650,6403794368104775549,201027,25602836,6
408074225,-219081037604123854,1836202934644104340688609090039279,6403794368104775549,201027,25602836,319
11359724692,-6098386507175526065,1836127485007608861925295129624576,6403794368104775549,201026,25602837,6
34533419587,-18535940806813088099,1835898157136321889424133113526335,6403794368104775549,201024,25602839,2
25125113995,-13483088699390039982,1835731388539251329857868236954062,6405524549790054501,201022,25602840,2
-4107858205,2206470874930748919,1835758666121967205983973321605546,6405524549790054501,201022,25602840,51
55333127,-29692032597527709,1835758298869423603936171086097651,6405524549790054501,201022,25602841,278
74483074973,-39957222363568418670,1835264053983428854457335596887856,6404854064048022986,201017,25602842,2
264809379,-142021368953984794,1835262297176484080292069763309454,6404854064048022986,201017,25602842,260
52346083,-28073981912762679,1835261949900811728578997734312288,6404854064048022986,201017,25602843,1214
-301093829,161642844190765529,1835263948426003410994561973475608,6404854064048022986,201017,25602844,285
66268528674,-35532355827817617027,1834824412531213366348961867104256,6404854064048022986,201012,25602846,14
21912335870,-11745376312659202646,1834679122010307662096427174003937,6404854064048022986,201011,25602847,5
4210141523,-2256492820553942074,1834651209152635753402129003056236,6404854064048022986,201010,25602848,27
-5079196,2724959475968858,1834651242842670318639726133574318,6405027131180088907,201010,25602849,139
90110965836,-48279966068390354331,1834054198440404943441995349757267,6406997140607848653,201004,25602850,2
24316996914,-13023261630676054948,1833893154340291127061009680826368,6406997140607848653,201002,25602851,2
20286267018,-10862805789709552250,1833758826179441292692127079223160,6406997140607848653,201000,25602853,15
54350072750,-29095308833062338932,1833399006450529438769109381677056,6406268376027127544,200997,25602854,2
174368,-93325938688868,1833399005296340728082690367379809,6406268376027127544,200997,25602855,967
19824726,-10610717751009290,1833398874070544207316751211702789,6406268376027127544,200997,25602856,92
-41089265,22014072817208229,1833399146188783589340925262500025,6406268376027127544,200997,25602857,260
-186649,100000000000000,1833399147424893970375512737566546,6406268376027127544,200997,25602861,669
-32472453,17397515611033595,1833399362477390480474720799848219,6406268376027127544,200997,25602862,254
83882669,-44896231291174318,1833398807232792497978918491099515,6406268376027127544,200997,25602865,250
-373675485,200201403193884424,1833401281968075795625807741072473,6406203774671819494,200997,25602873,94
-23795769719,12750000000000000000,1833558887630966618198082458028167,6406203774671819494,200998,25602874,48
-9720278067,5208848171079000000,1833623275393233328360878305064043,6406203774671819494,200999,25602874,276
34796343124,-18626141516872627651,1833392918223992630996638163269920,6406203774671819494,200996,25602877,2
-4758240354,2549311902258096493,1833424430850837403638114276008900,6406203774671819494,200997,25602878,237
-50489020349,27055790040237345933,1833758863329388817934579339104194,6406938520702734434,201000,25602883,25
-307848939,164998741149902343,1833760902682624800154817693107735,6406938520702734434,201001,25602884,33
-30402888,16295149337962599,1833761104087588871950267198255279,6406938520702734434,201001,25602885,469
-52777126637,28292550499643301888,1834110794661065541773750030662282,6406938520702734434,201004,25602886,2
-12024042,6447030000000000,1834110873961933242237956308657912,6437898628454249948,201004,25602888,229
-17979494554,9640837500000000000,1834229459850180880931632720230237,6437898628454249948,201006,25602895,449
1378582,-738521831218343,1834229450761543261586616677208819,6437898628454249948,201006,25602900,1046
29258308426,-15672363645714579946,1834036578421426366101376734786553,6437898628454249948,201004,25602910,5
-7130844258,3823191986327893504,1834083605105325969987395995277071,6437898628454249948,201004,25602911,91
-69505343221,37275462381940555776,1834542107161439234294604283040386,6437898628454249948,201009,25602912,2
1835002192,-983360414555166803,1834530005411593387873430431812094,6437898628454249948,201009,25602913,216
-1323247236,709824091783786359,1834538736512021514965098177017738,6437898628454249948,201009,25602913,275
156025617,-83612857959903236,1834537707528267491508865402317459,6437898628454249948,201009,25602913,374
-20456917673,10974467997482080256,1834672724144613581792216815328423,6435928619026490202,201010,25602913,377
-9936956720,5331435618154701786,1834738322859679748002043278655488,6435928619026490202,201011,25602914,119
-3378132513,1812542753130002278,1834760624634309256308169211226831,6435928619026490202,201011,25602915,45
891187676,-477694491831282483,1834754744075485298663300641592487,6435928619026490202,201011,25602915,166
-75027993771,40267500000000000000,1835250200918278631218220503636564,6435928619026490202,201017,25602915,204
378256078,-202861444777986858,1835247703634597262493923851374099,6435928619026490202,201017,25602917,452
3720809,-1995493471448019,1835247679069489348672533155296197,6435928619026490202,201017,25602918,93
258793,-138792024092762,1835247677360918963352069888057074,6435928619026490202,201017,25602919,79
-9646691988,5178940141155548160,1835311399750720976984295291282948,6435928619026490202,201017,25602922,131
17949942529,-9626716315654706597,1835192892058997885823178440965428,6435928619026490202,201016,25602923,5
-325998850,175000000000000000,1835195045282999595221504907119465,6435928619026490202,201016,25602924,344
-581967503,312407991078675583,1835198889193769403334927943726138,6435928619026490202,201016,25602925,737
528045,-283178342788536,1835198885707761230925473414372990,6435928619026490202,201016,25602926,567
-27980773240,15022000000000000000,1835383718456067965677817269035587,6435928619026490202,201018,25602932,344
16684441550,-8948762616816651649,1835273556572542606325158886415080,6435928619026490202,201017,25602933,25
24554751,-13169240542333949,1835273394455342177322355918870226,6435928619026490202,201017,25602934,218
97556,-52321256447201,1835273393811252217018164950869037,6435928619026490202,201017,25602934,619
377232,-202317407580250,1835273391320665792574975786574785,6435928619026490202,201017,25602938,453
-1988381523,1067486513882751130,1835286525821141183618272410795724,6435928619026490202,201017,25602939,74
-113140462633,60765995552785399808,1836034143667203398397623709850126,6436599104768521717,201025,25602940,2
-59543906516,32000000000000000000,1836427842122492450164378098491304,6429649588738967042,201030,25602941,53
1212147,-650918065262316,1836427834101675522847522120648861,6429649588738967042,201030,25602941,91
2141376,-1149910999915023,1836427819932110864491705964840777,6429649588738967042,201030,25602941,248
-3532920698,1899088400113110441,1836451209395514019265609205872876,6429649588738967042,201030,25602941,313
632697256,-339764015450714114,1836447022716557241507937869944936,6429649588738967042,201030,25602941,372
-3752137292,2016970000000000000,1836471864027787119628761926258869,6429649588738967042,201030,25602941,452
431791,-231881269380453,1836471861170473258129247112294666,6429649588738967042,201030,25602941,554
2493686,-1339164486082299,1836471844668867677245834822164223,6429649588738967042,201030,25602942,161
598877942,-321610011625190365,1836467881689250268193062418331180,6429649588738967042,201030,25602942,186
-56003981233,30111424591997140992,1836838738603267237603130081013910,6429649588738967042,201034,25602944,2
1544172,-829585408418387,1836838728380855168250350627233564,6429649588738967042,201034,25602944,159
187134,-100535022908784,1836838727142031026520617898526457,6429649588738967042,201034,25602944,717
17984338357,-9661220674426290812,1836719678545196103067149483880338,6429649588738967042,201033,25602945,18
557721,-299589285264169,1836719674853562795085087297104370,6429649588738967042,201033,25602945,823
111756708,-60031999703274967,1836718935120399594792319951521725,6429649588738967042,201033,25602946,110
80186200397,-43060911348656163896,1836188576563459842164378123094920,6436599104768521717,201027,25602947,2
-91830636366,49365537806666653696,1836796318559779001715338544010375,6429649588738967042,201034,25602951,2
543512537,-291980835182887565,1836792720680183597902480731180539,6429649588738967042,201034,25602952,284
-590946288,317780517262677643,1836796634513672501471766402853405,6429649588738967042,201034,25602952,395
-1509140675,811544374957984283,1836806629618406428201150802646673,6429649588738967042,201034,25602953,21
152939901,-82162012815089466,1836805617192268118278093176853900,6429649588738967042,201034,25602954,635
-7974112290,4288241803023425536,1836858431834656393077092437993328,6429649588738967042,201034,25602957,45
-1396913293,751244047851961496,1836867684271332339683865798229318,6429649588738967042,201034,25602957,175
-82695449675,44486159840969981952,1837415638766701631641783250963724,6424897469789079200,201040,25602958,2
-1778746792,957171522992840000,1837427436157066789032426144767906,6424897469789079200,201040,25602959,105
-24997352043,13452767089157142528,1837593245044011199413211634090824,6424897469789079200,201042,25602960,5
-1063095845,572177654810270348,1837600297283855225287707917199216,6424897469789079200,201042,25602960,308
615179,-330770634808381,1837600293204980856821696927668012,6424897469789079200,201042,25602960,363
-57849700793,31142391503963996160,1837984131357967333112623381169150,6424897469789079200,201047,25602961,2
3107024639,-1671271369597361112,1837963522194895312328141970901680,6424897469789079200,201046,25602962,33
-183866706,99000000000000000,1837964742395891784428903352649197,6424897469789079200,201046,25602962,101
8475113,-4558725523466720,1837964686180294830629873115310541,6424897469789079200,201046,25602962,190
24891193789,-13387659923260413206,1837799597211782372742298198419237,6424897469789079200,201045,25602966,9
3210420882,-1726540917000634368,1837778306496249110872272901219534,6424897469789079200,201044,25602968,170
34823772885,-18725400838205531391,1837547395558334518219887689738967,6424897469789079200,201042,25602970,6
1735890788,-933298157325678807,1837535886659020473634479618180545,6424897469789079200,201042,25602971,43
17254938446,-9276446995729908010,1837421494817969541509928236227395,6424897469789079200,201040,25602972,6
28732418395,-15444305778785868978,1837231124759297714564899092611795,6429649588738967042,201038,25602973,2
-280997458,151177950894553143,1837232986690079663144244502799323,6429649588738967042,201038,25602974,448
63213973920,-33967707717340707950,1836814425922478901957132506199551,6429649588738967042,201034,25602976,2
2792661497,-1500265493317227884,1836795939179666780421236426336828,6429649588738967042,201034,25602977,281
24350967831,-13080476574511466582,1836634757437255110727793390077659,6429649588738967042,201032,25602978,5
32257543508,-17324074358533045536,1836421284110999751565168435548052,6429630355996752563,201030,25602980,2
33490575907,-17982022377787316412,1836199942557005486450944677301061,6436579872026307238,201027,25602981,2
110320056424,-59203264111848204277,1835471203463150769883330708362646,6435909386284275723,201019,25602982,2
7158800485,-3840147047269230665,1835423929989259402040919747894416,6435909386284275723,201019,25602982,199
75164932311,-40308278756392878269,1834927721812869035467278259479080,6435909386284275723,201013,25602983,2
8353651911,-4478420621503397557,1834872590981231805899455507547271,6435909386284275723,201013,25602983,112
2063104067,-1105995525552007666,1834858975812344371660309148423377,6435909386284275723,201012,25602983,153
-6938176603,3723227799309326857,1834904787054737103265667380819254,6435909386284275723,201013,25602985,538
-248518417,133365675743095262,1834906428009206628537791697001747,6435909386284275723,201013,25602986,125
-144084221,77321901812594596,1834907379391334485677868276902761,6435909386284275723,201013,25602986,331
346826,-185935722932545,1834907377102404547493642995039356,6435909386284275723,201013,25602986,425
-48071075406,25801520403924021248,1835224843496898174536438394261335,6435909386284275723,201016,25602989,2
187429427,-100517036102267298,1835223606099104983971008033846681,6435909386284275723,201016,25602989,180
-6693431835,3593315206038807779,1835267818874355498782496136011288,6435909386284275723,201017,25602991,143
-61816667966,33193967250020421632,1835676225210488916828071226166979,6436579872026307238,201021,25602996,2
-17872820386,9600000000000000000,1835794332975803968616957934741621,6436579872026307238,201023,25602997,109
157427,-84479261583236,1835794331935944788916503400145743,6436579872026307238,201023,25602997,130
-64974989103,34910325106618720256,1836223829903107776846914874043077,6436579872026307238,201027,25602998,2
-22790030317,12248694855103399936,1836374524275749676288161339827634,6436579872026307238,201029,25603001,2
-1699179691,913319055300960000,1836385760741649806557968765469700,6436579872026307238,201029,25603001,241
-73665020,39595633777873029,1836386247877612986122437433568369,6436643976537864091,201029,25603003,307
-1201988,646079964546130,1836386255826185992575368453204523,6436643976537864091,201029,25603004,65
505742985,-271569363817019484,1836382913099484186835418569746362,6436643976537864091,201029,25603005,170
-2814272730,1512708001811160000,1836401523597641776820539877389859,6436643976537864091,201029,25603005,234
339212069,-182150213312308555,1836399281524481459219817141179202,6436643976537864091,201029,25603006,613
-3435822146,1846835910643634856,1836422003498056951562322085437497,6429694460508309416,201030,25603007,72
-44399279309,23869781757143564288,1836715985331932684631278976062367,6429694460508309416,201033,25603008,2
-49680454593,26718089908568334336,1837045047120133867583756055447862,6429694460508309416,201036,25603009,2
-70152306209,37744136385404444672,1837510032343416096493744750274034,6424942341558421574,201041,25603010,2
-74677796088,40200000000000000000,1838005504439160186121598477240098,6424942341558421574,201047,25603010,98
748721,-402751241968033,1838005499472696807132688274879366,6424942341558421574,201047,25603010,157
27324291932,-14696818678498162173,1837824267972583407990158906472519,6424942341558421574,201045,25603011,7
-561892934,302496566654216817,1837827996296161406908171987584105,6424942341558421574,201045,25603011,840
1261700,-678561798823727,1837827987928583673885653826607382,6424942341558421574,201045,25603012,101
482255413,-259364007191674493,1837824789622261262827010209344198,6424942341558421574,201045,25603012,186
134587277,-72382842634005439,1837823897044660627053512981708134,6424942341558421574,201045,25603012,481
-119270376512,64237031874334842880,1838615625208014904614429189005977,6425024981143746119,201053,25603013,5
-1980647649,1067210911437137209,1838628778601689885993290391230628,6425024981143746119,201054,25603014,142
737191969,-396817829694313082,1838623885368186226978902668466322,6425024981143746119,201053,25603015,263
-114147201042,61530180668690980864,1839382268924358881085456563848264,6424302943313041439,201062,25603016,5
-15584050231,8404402129056314088,1839485864973754401465040242404225,6424302943313041439,201063,25603018,224
-4378332,2361346346649924,1839485894080661592606891311015519,6424302943313041439,201063,25603018,435
22760911,-12263265744715776,1839485742843084543213261700365099,6424302943313041439,201063,25603018,1005
24437573,-13166626412969809,1839485580464749272272376727936711,6424302943313041439,201063,25603018,1240
-143788988073,77589362431756402688,1840442020227970730447250734045019,6423519553689739642,201073,25603019,5
-25101114328,13552978241008703488,1840609100076467981362833126337639,6423519553689739642,201075,25603020,150
-10101009,5454386861210058,1840609167317639199280004797574019,6423519553689739642,201075,25603020,218
1096968910,-591751529554338544,1840601868610760559002148455194083,6423519553689739642,201075,25603020,525
-52855607070,28546432698582556672,1840953786363862563725438447598042,6423519553689739642,201079,25603021,5
813653144,-439083819037686381,1840948370671751512369461254662313,6423519553689739642,201079,25603022,542
577871267,-311843748256137959,1840944524368029792899482770428212,6423519553689739642,201079,25603022,631
293803,-158548126282952,1840944522412485544845867076605855,6423519553689739642,201079,25603022,877
985803402,-531978153254942522,1840937960954825482032546308232992,6423519553689739642,201079,25603023,653
58992006,-31834277381406720,1840937568308507397813703190331688,6423519553689739642,201079,25603023,771
34636260,-18691006038000855,1840937337772264524043811307923729,6423519553689739642,201079,25603023,1254
-199407181,107715240050819561,1840938665675672062938039584209894,6423519553689739642,201079,25603023,1302
-9446256544,5102831750862768128,1841001572908361433668017997381057,6423519553689739642,201079,25603024,18
109005284,-58827355740700673,1841000847327429990644804952187535,6423519553689739642,201079,25603024,120
94687455,-51100353143242752,1841000217051916772414983532163712,6423519553689739642,201079,25603025,835
-19145806944,10343546444542427136,1841127732386890944276049131555000,6423457495886684104,201081,25603026,5
416716,-224921502522926,1841127729612665791194521703740229,6423457495886684104,201081,25603026,1273
-161675801998,87402727581686743040,1842205185774153949984114523247205,6424587360545395703,201092,25603027,5
500000000,-270189738383920490,1842201853787942068110560167917728,6424587360545395703,201092,25603027,500
-10517566456,5689371077887074833,1842271980165228400848693831348247,6424587360545395703,201093,25603028,133
-3685207555,1993578187166186044,1842296552725919052653919554893866,6424587360545395703,201093,25603030,29
533135552,-288124053725278725,1842292999573308349086824539564351,6424587360545395703,201093,25603030,50
-5078785054,2747535129707716924,1842326865299849232804242096687155,6424587360545395703,201094,25603030,318
1164134747,-629156117942523926,1842319106531797402258695806593637,6424587360545395703,201094,25603030,443
505717112,-273312942042247389,1842315736030164510363679636353905,6424587360545395703,201094,25603030,591
15455514,-8352859491744571,1842315633022504697862599944996753,6424587360545395703,201094,25603030,813
229195198,-123867353240234453,1842314105487389680612459243655607,6424587360545395703,201094,25603030,868
157658,-85205283710135,1842314104436636116839988839594606,6424587360545395703,201094,25603030,871
-20565471141,11126443818601930752,1842451247397852180909302440987409,6424587360545395703,201095,25603031,167
-92163237928,49883046731885571088,1843069857099368297929497809694578,6309693778884952749,201102,25603031,189
46128155715,-24945926698310072849,1842758464969475907907584774700028,6424587360545395703,201098,25603032,280
1249966680,-675860293342014091,1842750130251279166238213551049272,6424592636949969927,201098,25603033,123
-10915190176,5907985271777954816,1842822951176164730317076226814091,6424592636949969927,201099,25603033,173
1076346592,-582024550145700974,1842815773641610862184768497565517,6424592636949969927,201099,25603033,363
999251888,-540332238301626455,1842809110257205499950140306112036,6424592636949969927,201099,25603034,424
29475603,-15938482920874961,1842808913703620479904058554453892,6424592636949969927,201099,25603034,811
-4164589763,2254225809937009920,1842836698946952869244953761655986,6424592636949969927,201099,25603034,1230
-373780926,202324959786343161,1842839192773531865126100185122698,6424592636949969927,201099,25603035,139
2735060,-1478990179250570,1842839174534605150187425229748751,6424592636949969927,201099,25603035,203
12762000,-6901082555504302,1842839089430362573428498974607390,6424592636949969927,201099,25603035,285
-7703551628,4170000000000000000,1842891048886340845926538705826237,6309699055289526973,201100,25603035,336
143119,-77396069816268,1842891047914511865869534370988821,6309699055289526973,201100,25603035,352
49961705,-27018430750516020,1842890708655760596621290396189012,6309699055289526973,201100,25603038,215
-307181201,166284711325425176,1842892795576991082761061855308232,6309699055289526973,201100,25603039,778
-2596013987,1405301025170599331,1842910432511386770879145361893513,6309699055289526973,201100,25603040,142
73773176960,-39885426540823707443,1842417657579143051835212439485877,6424592636949969927,201095,25603042,5
11658684,-6301577674045698,1842417579868002709001932940361218,6424592636949969927,201095,25603042,376
22170,-11982502501177,1842417579720234327543659479590112,6424592636949969927,201095,25603042,663
6536661415,-3533015058217729215,1842374010531179765997626032840607,6424592636949969927,201094,25603043,28
7194140307,-3888184178783932452,1842326061391769686428487574306426,6424592636949969927,201094,25603043,154
75460892362,-40771812291260968730,1841823242578562235660055115305759,6423462772291258328,201088,25603044,8
7193930489,-3885746505989317297,1841775315071767338776896627938586,6423462772291258328,201088,25603044,114
506286321,-273459064687489347,1841771942177740223405511240045034,6423462772291258328,201088,25603044,415
29871363279,-16132566227603059398,1841572960160693871264399602331534,6423462772291258328,201086,25603045,16
9990101712,-5394556031988874011,1841506422721753867099681224777231,6423462772291258328,201085,25603045,535
82750362886,-44669393690592593713,1840955462867772986097197893031316,6423524830094313866,201079,25603046,2
2568010015,-1385807398238816253,1840938370231461105802051944482191,6423524830094313866,201079,25603046,31
8393638012,-4529384469038498187,1840882504516251081758170562444301,6423524830094313866,201078,25603046,252
7193799926,-3881707720597992386,1840834627287119876416383986150291,6423524830094313866,201078,25603046,504
5995082983,-3234736933418832497,1840794729836696533468321010852835,6423524830094313866,201077,25603047,34
14999765647,-8092734250594143747,1840694913539359762377346734735133,6423524830094313866,201076,25603047,488
-7254598,3917734686311616,1840694961836786978846049219717815,6423524830094313866,201076,25603047,900
13904075673,-7500799768885577085,1840602446496877022055857631149503,6423524830094313866,201075,25603049,180
511861278,-276118238195698358,1840599040837020858638615966152326,6423524830094313866,201075,25603049,283
37808842473,-20392761639225642198,1840347515222034872441743987950941,6423524830094313866,201072,25603051,2
50356652418,-27151956195386347431,1840012631637474576829897304414699,6424308219717615663,201069,25603052,2
78440,-42286184851824,1840012631115977691723121784897713,6424308219717615663,201069,25603053,322
-8876545623,4790243262000000000,1840071677537410978311098101862479,6424308219717615663,201069,25603054,75
-43656328955,23563689079009065621,1840362165090861773602574660576220,6423524830094313866,201072,25603054,89
31262100040,-16857738107825142184,1840154240680237199555583727582397,6423524830094313866,201070,25603054,176
-20740525496,11194863790480809030,1840292249800918125140209306381349,6423524830094313866,201072,25603055,17
43135350598,-23257490730388887118,1840005401682056267568877806151705,6424308219717615663,201068,25603055,65
129184441274,-69609636886290006608,1839146940176065039732487520712589,6425030257548320343,201059,25603059,6
1857423671,-1000378966144081046,1839134604329519819175209967162265,6425030257548320343,201059,25603059,283
8014221007,-4316178620186271912,1839081380782321895433722256983824,6425030257548320343,201058,25603059,531
14938213130,-8044531402445536224,1838982182270290722412130804525782,6425030257548320343,201057,25603060,46
-1879367,1013035870742809,1838982194755965793038395206103370,6425030257548320343,201057,25603060,496
32548226545,-17524876740203310413,1838766092461228103737861973480715,6425030257548320343,201055,25603061,21
835007,-449538053500992,1838766086917896394555666158181843,6425030257548320343,201055,25603061,297
58644895893,-31565660213517003709,1838376845286803925757136717986649,6425030257548320343,201051,25603062,8
27189549619,-14630262080765141115,1838196436188812229638474785750980,6424947617962995798,201049,25603062,692
75461493528,-40589583654186482122,1837695912554790792638706457218013,6424947617962995798,201043,25603063,5
399999999,-215094989111540773,1837693260147056652070528400975239,6424947617962995798,201043,25603063,187
-38265944051,20600440700132301894,1837947164006375729738168405660731,6424947617962995798,201046,25603063,598
-48551948794,26146098045252515997,1838269418875180502781971258685896,6425030257548320343,201050,25603065,23
-48856147833,26319171228804706304,1838593802867476921458381154781368,6425030257548320343,201053,25603066,2
-25923215442,13968801711324655156,1838765968458381142548754555944893,6425030257548320343,201055,25603067,119
256666662,-138180132429385748,1838764264535201092745267276292584,6425030257548320343,201055,25603067,197
-32223285389,17367228364166511448,1838978315761317447460822678053850,6425030257548320343,201057,25603068,38
33406541641,-17986886012059636287,1838756516350113928873478888134743,6425030257548320343,201055,25603068,49
-548929365,295817463690803675,1838760162302679410995421020484930,6425030257548320343,201055,25603068,131
-166829929,89904707581099372,1838761270378907110798599471513904,6425030257548320343,201055,25603068,424
-46780470,25210031227050900,1838761581092740166382519980027246,6425030257548320343,201055,25603068,561
-2093334200,1128108130000000000,1838775485034310748526282358240016,6425030257548320343,201055,25603070,123
314534,-169335348496532,1838775482946207195343607834354026,6425030257548320343,201055,25603071,49
9999042794,-5382992677142055188,1838709104329836220506789225564680,6425030257548320343,201054,25603071,200
5572887918,-3000000000000000000,1838672110809492319546850619846967,6425030257548320343,201054,25603071,298
-3525993101,1900000000000000000,1838695528324428681252841089576374,6425030257548320343,201054,25603072,37
-54648153433,29453634988145262592,1839058544607199753582254578447681,6425030257548320343,201058,25603073,2
1110814,-598213006775013,1839058537230531408209710399211807,6425030257548320343,201058,25603073,547
-35974351170,19395391897940502466,1839297599045960369284266802020352,6424308219717615663,201061,25603074,6
1364570,-735060741137004,1839297589980780140553270621664146,6424308219717615663,201061,25603074,170
-24253426125,13078959640194682880,1839458806378483803053415442551859,6424308219717615663,201063,25603075,2
-33436902641,18035022603915180032,1839681113156445849978899598569161,6424308219717615663,201065,25603076,2
-4989883,2691742979475321,1839681146335927906143059828208872,6424308219717615663,201065,25603076,209
16813259,-9060676261205291,1839681034594600005866227351404351,6424308219717615663,201065,25603077,91
-23586073876,12724354967367148786,1839837879995715648472346411520757,6424308219717615663,201067,25603077,390
-74933556716,40440000000000000000,1840336388448207576947802841945528,6423524830094313866,201072,25603078,6
96291512003,-51910468748099293421,1839696170394557182258414660915534,6424308219717615663,201065,25603078,33
-5553705526,2996000000000000000,1839733100268248036712055776569263,6424308219717615663,201066,25603082,18
-3497118064,1886615779979097214,1839756355435957583079423612008235,6424308219717615663,201066,25603082,70
-761610515,410877902263894403,1839761420078491951858265813884478,6424308219717615663,201066,25603083,139
2081345459,-1121727972470315546,1839747586301677367324696588823462,6424308219717615663,201066,25603083,337
46963931805,-25306430035930639303,1839435493250881821406751430053469,6424308219717615663,201062,25603084,71
335907,-180972151287463,1839435491019032021804598671271277,6424308219717615663,201062,25603084,555
263265,-141835607366621,1839435489269835973541835754395503,6424308219717615663,201062,25603084,635
29674597469,-15985677291516259210,1839238344955609950055658819109273,6424308219717615663,201060,25603085,11
29056872535,-15649589568090168091,1839045360353350854566345432225435,6425030257548320343,201058,25603085,153
-48973113726,26404470987291303936,1839370767290184728298474783634998,6425296556238811077,201062,25603090,2
-216939566,116986487689597097,1839372209089806789313765147780441,6425296556238811077,201062,25603092,250
-17393151065,9380000000000000000,1839487812872106981735129200077044,6425296556238811077,201063,25603092,551
-33181934771,17898047027085049856,1839708397299838084749388492888340,6425296556238811077,201065,25603093,2
-22446720362,12110000000000000000,1839857646959076392875477903689179,6425296556238811077,201067,25603093,98
-11787091085,6359919515457247050,1839936029768363350749386113183158,6425296556238811077,201068,25603094,80
14917064834,-8040611026853773164,1839836883708477445085239716645594,6425296556238811077,201067,25603094,331
61936070748,-33375575825632058718,1839425340751296302973686433673477,6425296556238811077,201062,25603095,2
24142901272,-13005874352287173528,1839264969705726027161604762564256,6425296556238811077,201060,25603096,2
3895869028,-2098507221496451890,1839239093721679712159516023212121,6425296556238811077,201060,25603097,73
446394,-240446010792168,1839239090756821132915996621435876,6425296556238811077,201060,25603097,288
18016715550,-9703923768669347828,1839119441512147320901621966636812,6426018594069515757,201059,25603098,18
-220362753,118800000000000000,1839120905497882208659391168952474,6426018594069515757,201059,25603098,176
4823241382,-2597620046409541456,1839088878721088070479259403119502,6426018594069515757,201059,25603098,561
152774490915,-82231919289864615819,1838075016259339969240719395639969,6425935954484191212,201048,25603099,2
4943418000,-2659314383287872335,1838042228414327504523371001979415,6425935954484191212,201047,25603099,201
28969059431,-15582014333146862945,1837850110974528767567177922445546,6425935954484191212,201045,25603101,2
21111738,-11354493355412113,1837849970980035949448843776133757,6425935954484191212,201045,25603102,69
220142509,-118398801979837802,1837848511189650362612673433793334,6425935954484191212,201045,25603102,80
3341997601,-1797396739811719989,1837826350302580668401108940166382,6425935954484191212,201045,25603102,206
1236682440,-665102890298856380,1837818149959431506945124897094946,6425935954484191212,201045,25603103,132
2000000000,-1075611817833434644,1837804888272961366714412143446789,6425935954484191212,201045,25603103,449
14738615998,-7926036093344465705,1837707164722626382583991318435703,6425935954484191212,201044,25603105,13
41916541416,-22536995467761474566,1837429296291918318997580477334032,6425935954484191212,201040,25603106,5
10084971225,-5421304093056441449,1837362454673083915337394293678069,6425935954484191212,201040,25603106,115
114930,-61779542807761,1837362453911377030566053218508105,6425935954484191212,201040,25603106,296
4464830026,-2400000000000000000,1837332868302537588796466168357375,6430688073434079054,201039,25603107,31
29263541519,-15728249777420196533,1837139091164663609594733389026246,6430688073434079054,201037,25603108,21
2797672277,-1503488698233173820,1837120567696325272578478690092654,6430688073434079054,201037,25603108,638
43593366261,-23423464454943639406,1836831985175049246932725735491067,6430736138410547396,201034,25603110,5
14654952579,-7872705059637710461,1836734991620584110022903275692654,6430736138410547396,201033,25603111,475
685483794,-368224557796531429,1836730455008526185120507168532855,6430736138410547396,201033,25603113,323
-145738490976,78406381682102059008,1837696220318929675350173118645131,6425984019460659554,201043,25603121,2
-101032485685,54403260031605030912,1838366640015722923174189713673770,6426066659045984099,201051,25603122,2
-51070479209,27515177722883600384,1838705710103127657185281632316962,6426066659045984099,201054,25603123,2
157088,-84564839586423,1838705709060512133688587838270596,6426066659045984099,201054,25603123,822
-3740311363,2015561742532800000,1838730546868324723465779591551787,6426066659045984099,201055,25603124,72
173728,-93525339348470,1838730545715233543704746864312258,6426066659045984099,201055,25603128,540
-5198176851,2801260000000000000,1838765065698444607745771570304822,6426066659045984099,201055,25603131,350
-29869346615,16098414212372852736,1838963446779935031920549837850080,6426066659045984099,201057,25603132,76
-39765420858,21437404100087663116,1839227625934395340299918041415680,6425344621215279419,201060,25603136,6
-4830000000,2604256199515677051,1839259721842139554177103996884904,6425344621215279419,201060,25603137,42
-82077879399,44268936587734188032,1839805310139066182098675778525043,6425344621215279419,201066,25603139,2
-1411470387,761510255426472768,1839814695299753900251622435453951,6425344621215279419,201066,25603140,244
342692988,-184704075284071418,1839812417793198791069259259688136,6425344621215279419,201066,25603141,110
179825,-96921601091122,1839812416598100190904562552504529,6425344621215279419,201066,25603142,594
-45019006263,24292471160567762944,1840111808577711060388480847037293,6424561231591977622,201070,25603143,25
237127,-127847506566917,1840111807001086188713432597650460,6424561231591977622,201070,25603143,533
-6853140363,3698680730112541696,1840157396598192755606841814874582,6424561231591977622,201070,25603144,114
-67857340643,36632905534674963466,1840608930408767949446024930214463,6424561231591977622,201075,25603145,7
-6135922956,3313375204435420069,1840649770765547947397512593145856,6424561231591977622,201076,25603146,300
373891,-201702323231081,1840649768278140034484378621787768,6424561231591977622,201076,25603146,494
-6875005193,3712651483734176768,1840695530077465543933901536470260,6424561231591977622,201076,25603148,506
-7326184135,3956501051351725568,1840744297544042023793062560905145,6424561231591977622,201077,25603149,341
-90547120417,48917227954487418880,1841347249960126320944020220089101,6424499173788922084,201083,25603151,2
-2505428951,1353990000364851991,1841363939277039792504825566476977,6424499173788922084,201083,25603151,30
-45925654238,24823602797316193851,1841669915668229471163935727307007,6424499173788922084,201087,25603151,131
-366464012,198113253539059729,1841672357617484769474142403481493,6424499173788922084,201087,25603151,442
-16404991475,8869202310313230730,1841781679642083640430185771171840,6424499173788922084,201088,25603152,212
-71612078821,38728720899959726080,1842258994533390887823971068864388,6425629038447633683,201093,25603153,5
-906026416,490119170000000000,1842265034693101207303075389679831,6425629038447633683,201093,25603153,588
71245854587,-38492449510311469602,1841790395803371318326383839451695,6424499173788922084,201088,25603154,2
-1505068737,813761505900853178,1841800426249430966896944559418935,6424499173788922084,201088,25603154,287
-15719945974,8500000000000000000,1841905197476490459416131368097172,6424499173788922084,201089,25603155,236
185218,-100055381105903,1841905196242588208011530847598214,6424499173788922084,201089,25603155,544
212326,-114699002794775,1841905194828097990513516977015015,6424499173788922084,201089,25603155,1021
-460394412240,249375000000000000000,1845017060511175164688140386941409,6310861356041513208,201123,25603156,8
541637067149,-293000723058996564223,1841365656329599017725607280987709,6424499173788922084,201083,25603156,18
-75731461880,40938643829193826304,1841870272899831225512142720128686,6424425932263669321,201089,25603159,2
99765214,-53891551672985074,1841869608291248433635897756988317,6424425932263669321,201089,25603159,167
-30242767904,16354785836292310979,1842071176790394968338927810772992,6425555796922380920,201091,25603160,25
-3459000000,1870797780552606452,1842094232501890713058612567607062,6425555796922380920,201091,25603160,80
-93380077,50505200130125597,1842094854927967619707373759501646,6425555796922380920,201091,25603160,329
-45548239540,24639120000000000000,1842398507438214469210190402419454,6425555796922380920,201094,25603161,6
99918646,-54005396329454419,1842397841542772539246407585862429,6425555796922380920,201094,25603161,45
22759888995,-12300559039888788160,1842246173621517324513798896222208,6425555796922380920,201093,25603161,53
1825772,-986655337779203,1842246161455894315749598582609036,6425555796922380920,201093,25603161,570
66000649450,-35658535003467468587,1841806462614347180345411989918412,6424425932263669321,201088,25603163,2
2050595,-1107621450960879,1841806448954790163693327794601732,6424425932263669321,201088,25603163,526
97038577317,-52396663998982168085,1841160275825192895465156454982648,6424425932263669321,201081,25603164,2
20478579633,-11052855721791122734,1841023968323385612830892194964771,6424425932263669321,201080,25603165,105
14510299200,-7830619160586214409,1840927399390882221444990404210718,6424487990066724859,201079,25603166,37
55305358092,-29838524578703617200,1840559424312064641162530379908661,6424487990066724859,201075,25603167,78
-4668997815,2521092174762928600,1840590499415651723462502622313595,6424487990066724859,201075,25603172,71
-3003605522,1621884775785309970,1840610490845524207063362669218846,6424487990066724859,201075,25603172,202
-10294621529,5559149745043555259,1840679013193065734507225097252851,6424487990066724859,201076,25603172,273
500000000,-269742247517790254,1840675686673869754122046960243985,6424487990066724859,201076,25603172,645
318383,-171761944980981,1840675684555664643962283997327515,6424487990066724859,201076,25603173,308
529230563,-285510619862472240,1840672163577522107600973029030685,6424487990066724859,201076,25603175,624
-15653688639,8453804484337206480,1840776365578815623524347554574071,6424487990066724859,201077,25603176,27
-4861185981,2625487562323500000,1840808727464978500943194739379521,6424487990066724859,201077,25603177,398
-50061361,27038220000000000,1840809060739380651404121099942123,6424487990066724859,201077,25603178,415
986732620,-532401234370232288,1840802495053276996378790562641673,6424487990066724859,201077,25603179,119
-222006026934,120001317856742346721,1842281588954004448095479780841284,6425555796922380920,201093,25603180,35
-23666848479,12804059552485802939,1842439386181521602382491547759886,6425555796922380920,201095,25603180,40
100410035945,-54253711864792308602,1841770399401706833362319678998899,6424425932263669321,201088,25603180,73
111958637310,-60447228935181065764,1841024944021240488309375163695104,6424425932263669321,201080,25603180,78
-1851069,1000000000000000,1841024956347407723784816127847684,6424425932263669321,201080,25603181,661
-1521755768,822100160000000000,1841035089691464194902508828238525,6424425932263669321,201080,25603184,91
-8912851960,4815183701640423137,1841094442451040150437496881152000,6424425932263669321,201080,25603184,261
43665957977,-23564064436319793106,1840803838657129072274389504616176,6424356181452698600,201077,25603188,2
-3940638413,2128363647970874640,1840830073508226989166795069221756,6424356181452698600,201077,25603189,98
1234631653,-666172193725911980,1840821857961433463496094525079651,6424356181452698600,201077,25603189,203
962695635,-519439111800393979,1840815451995574222983220399803954,6424356181452698600,201077,25603190,361
71116580943,-38362188211989831850,1840342351563995248214249823141045,6424356181452698600,201072,25603193,2
100793437,-54356685557752120,1840341681211948215147851953944970,6424356181452698600,201072,25603193,500
11924287078,-6430344853544666345,1840262379194331222092823345965134,6424356181452698600,201071,25603194,35
1136278595,-612725801685607892,1840254822773419694575118435567807,6424356181452698600,201071,25603196,30
2480215,-1337422821304774,1840254806279696488110538124963981,6424356181452698600,201071,25603197,1174
54889913232,-29592793515782465571,1839889879453178639431243828641234,6425139571076000397,201067,25603201,106
1377216,-742350876625999,1839889870299276962228968086424448,6425139571076000397,201067,25603201,178
1301979,-701796602774907,1839889861645448561844903815950627,6425139571076000397,201067,25603201,206
526011,-283531481749840,1839889858149232166000201312140890,6425139571076000397,201067,25603201,219
80906098829,-43597504093340691837,1839352258910910087959568949356576,6425139571076000397,201061,25603202,176
7351782,-3960463784148993,1839352210074575117905865004110520,6425139571076000397,201061,25603204,516
1656725,-892490668369791,1839352199069305125891577039395023,6425139571076000397,201061,25603205,92
2323245301,-1251540321996821828,1839336766371084733252139350021235,6425139571076000397,201061,25603205,289
36265617321,-19533691914100919022,1839095906334122927758758566267098,6425861608906705077,201059,25603206,6
-2594900000,1398915513827469974,1839113145748175490825208172711397,6425861608906705077,201059,25603206,14
80459533,-43332915347776347,1839112611471611764049639797957360,6425861608906705077,201059,25603207,465
-72743081,39216288389737597,1839113094750141791695192768408677,6425861608906705077,201059,25603207,485
-68190275386,36770907990826262528,1839566281493236362211167719821957,6425139571076000397,201064,25603211,2
754369,-406478776191914,1839566276480961347407231530296525,6425139571076000397,201064,25603211,85
79992255,-43102485981070486,1839565744985773375145983396556491,6425139571076000397,201064,25603214,508
-27708650916,14946776193051250688,1839749960985657489964047644668522,6425139571076000397,201066,25603215,2
-26084590028,14073450751386476544,1839923413425735624290155943564719,6425139571076000397,201068,25603218,2
-90506344643,48851584260000000000,1840525551518161863827401031364351,6424356181452698600,201074,25603219,164
64562692,-34824817989603291,1840525122042232871038161014680369,6424356181452698600,201074,25603222,374
4500100000,-2427293156844790836,1840495187528755012315383546204690,6424356181452698600,201074,25603224,788
5003892,-2698987600609280,1840495154243578691860642491918658,6424356181452698600,201074,25603224,1619
1035676894,-558618930565056342,1840488265093885820228549495017613,6424356181452698600,201074,25603225,93
19982873599,-10777457367563671181,1840355352453351806740385164966900,6424356181452698600,201072,25603226,75
4253530,-2293910544448034,1840355324163775034299166564754717,6424356181452698600,201072,25603230,691
-4118653338,2223428176310259832,1840382730808869740785337622514676,6424356181452698600,201073,25603234,74
10000001000,-5392923730630332863,1840316222753324664116650097490031,6424356181452698600,201072,25603234,249
-13782562,7440000000000000,1840316314461004578020488184490802,6424356181452698600,201072,25603236,46
-74079947455,40000000000000000000,1840809366503552448117730124119869,6424356181452698600,201077,25603237,12
115429483155,-62255373116092611345,1840041610980038700844318045501264,6425139571076000397,201069,25603238,5
66659437866,-35928243726432208159,1839598581112543827294409131148034,6425139571076000397,201064,25603239,2
-207304228,111818240000000000,1839599959249783646156025042800926,6425139571076000397,201064,25603240,102
-97548852486,52635664121699262464,1840248701607649256598259160603729,6424356181452698600,201071,25603255,2
-392194822,211696435439353984,1840251311041646593518144560845478,6424356181452698600,201071,25603255,234
-64015482739,34561919843086966784,1840677331670971838291680501512013,6424356181452698600,201076,25603256,2
-31438033325,16979234633357084672,1840886622828893744462731501637925,6424356181452698600,201078,25603257,99
95168,-51353110898194,1840886622195583183693792777424759,6424356181452698600,201078,25603257,332
2811996,-1517373196410175,1840886603482627861096812821121151,6424356181452698600,201078,25603257,512
-37762326257,20400000000000000000,1841138061185531841306466324221056,6424294123649643062,201081,25603258,6
94962208892,-51238696205451729975,1840506160479014924259347080122778,6424356181452698600,201074,25603258,32
140684,-75882364880795,1840506159543198140921707341516290,6424356181452698600,201074,25603260,1048
222730784,-120137357847582491,1840504677953161296125861311577417,6424356181452698600,201074,25603261,66
-580585195,313472000000000000,1840508541903408335274239377209902,6424356181452698600,201074,25603262,148
948907671,-511825328345570498,1840502229834284560441608789285173,6424356181452698600,201074,25603262,299
-69077918857,37305981339833876480,1840962074591756005950689430192985,6424356181452698600,201079,25603264,2
-293841567,158730875373432661,1840964031156313963010335715718987,6424356181452698600,201079,25603265,75
-590950164,319227595327365427,1840967966051761808071223282265209,6424356181452698600,201079,25603265,269
-143628,77587142604536,1840967967008124286486697970548731,6424356181452698600,201079,25603265,290
-177275700,95763494633458760,1840969147417790050207646770642373,6424356181452698600,201079,25603266,125
5755538489,-3105943689802414298,1840930843468808165549871534504659,6424356181452698600,201079,25603270,82
2732400,-1474493031063498,1840930825284671079795542657926965,6424356181452698600,201079,25603270,105
-10054394582,5431311257715495936,1840997773262404326459372346575509,6424356181452698600,201079,25603271,21
-676001039,365185046468297852,1841002274643231054787140455439867,6424356181452698600,201079,25603271,164
-1842164629,995171700000000000,1841014541429215325692541741099165,6424356181452698600,201079,25603271,295
-52143323617,28174297672815079424,1841361829627344900846512649662506,6424294123649643062,201083,25603273,2
-2112480794,1141648459381321113,1841375902065900660250077877692992,6424294123649643062,201083,25603273,291
5008765,-2704202040354357,1841375868716095280715963899537821,6424294123649643062,201083,25603274,329
-14802907,8000000000000000,1841375967327456353356482049544016,6424294123649643062,201083,25603281,542
-6255917686,3380989564714963968,1841417642825299970482455739639597,6424294123649643062,201084,25603282,472
-581973018,314533130991663579,1841421519892818661366801706360170,6424294123649643062,201084,25603284,226
-49080721054,26530932803154862080,1841748551317099394710452399126848,6424294123649643062,201087,25603285,2
-7398261144,4000000000000000000,1841797856997635714969527402224760,6424294123649643062,201088,25603285,525
-13883278712,7506816874251048268,1841890389176297335068606368579584,6424294123649643062,201089,25603286,78
-27875659122,15074903828886849536,1842076184566986052030074694915874,6425423988308354661,201091,25603287,2
-90570827616,49000882307877715968,1842680083819231201342910659956115,6425423988308354661,201098,25603288,2
146275970,-79085392000082833,1842679108663303547690681936704990,6425423988308354661,201098,25603288,567
-41568041722,22500000000000000000,1842958165057342493620846768235189,6310530406647911707,201101,25603290,21
49936486743,-27001842160598681164,1842623460351255598013420603965440,6425423988308354661,201097,25603290,150
34537956,-18672110161460034,1842623230116335529201281463700005,6425423988308354661,201097,25603291,320
28713685274,-15521744819147716194,1842431840517256303442439507119316,6425423988308354661,201095,25603292,5
18493806213,-9995482001225602113,1842308592047763475649759036881828,6425423988308354661,201094,25603292,466
-110864876064,60000000000000000000,1843051476424016116092277494604220,6310530406647911707,201102,25603296,18
548787716,-296826085562395981,1843047749798228743899122349965460,6310530406647911707,201102,25603296,56
703811642,-380673044295080442,1843042970481138941447325726501594,6310530406647911707,201101,25603296,335
140442,-75960733176099,1843042969527458517621346420765084,6310530406647911707,201101,25603296,338
297300000,-160801089069062157,1843040950683716981528535190954176,6310530406647911707,201101,25603300,143
698571007,-377835743256622448,1843036206988695894573075448309410,6310530406647911707,201101,25603303,113
147283059911,-79618027020376230881,1842051327263876299484740490113939,6425423988308354661,201091,25603304,2
2751204389,-1486433963108937592,1842032998912033649801534168787892,6425423988308354661,201091,25603304,403
63390495559,-34240730835251604028,1841610738751838388806877447206673,6424294123649643062,201086,25603305,2
-6000000000,3243503644239948577,1841650719540463710172493332946379,6424294123649643062,201086,25603305,201
30351465207,-16389668085257284150,1841448592542287617275135905747175,6424294123649643062,201084,25603307,2
360470622,-194631055745643554,1841446192237971198705666261049603,6424294123649643062,201084,25603307,398
104488409774,-56395669322089006521,1840750690352664969164500318456804,6424356181452698600,201077,25603308,2
2523551190,-1361512811199280853,1840733899540445937197265348881756,6424356181452698600,201076,25603308,217
93206726014,-50269736908677029666,1840113949653973519422282132001973,6424356181452698600,201070,25603309,2
129136064480,-69591794033804027538,1839255813779967182033424798350545,6425139571076000397,201060,25603310,2
669574,-360666950693307,1839255809332596122315241129072321,6425139571076000397,201060,25603310,693
224033,-120675189788140,1839255807844554743258733617833031,6425139571076000397,201060,25603310,706
22053830167,-11878383503442006205,1839109343627312213389774684316213,6425861608906705077,201059,25603311,21
999000,-538026914846683,1839109336993667351284841875735891,6425861608906705077,201059,25603312,1132
-54327516435,29293969884342411264,1839470371561378271576722195931139,6425139571076000397,201063,25603314,2
-463086,249750000000000,1839470374639496614744712396581187,6425139571076000397,201063,25603315,1023
-836908783,451360000000000000,1839475937560399006352548093902567,6425139571076000397,201063,25603317,25
29960635401,-16140458984056443215,1839276910147329209306462652478460,6425139571076000397,201061,25603319,2
619754082,-333838401275908637,1839272793598137210902617859772270,6425139571076000397,201061,25603320,369
-12415882145,6694950837495240704,1839355307515973054741331453576262,6425139571076000397,201061,25603322,5
-8715551776,4700000000000000000,1839413234067376015918280623663305,6425139571076000397,201062,25603323,79
6853573443,-3692228462781782654,1839367705332404103310543748595712,6425139571076000397,201062,25603325,103
60217368957,-32433071986897377818,1838967797905062040036070177531807,6425861608906705077,201057,25603326,5
18952865316,-10205094722788287553,1838841973392742968303648880844858,6425861608906705077,201056,25603333,166
-10520096066,5670000000000000000,1838911847146169715923044116081801,6425861608906705077,201057,25603336,40
9887,-5323625584390,1838911847080531658548672646363237,6425861608906705077,201057,25603336,291
7246546010,-3901801260310219445,1838863739517193889244957368553611,6425861608906705077,201056,25603338,195
69621822456,-37476495579311348644,1838401670138340900430080672415327,6425861608906705077,201051,25603341,2
5676204821,-3054594769634414498,1838364008273589818006132781264661,6425861608906705077,201051,25603341,68
27935880044,-15031600340544134928,1838178673956334149449839558220850,6425778969321380532,201049,25603343,13
-18168223,9784665000000000,1838178794538355714856991275488052,6425778969321380532,201049,25603344,169
899204244,-483789092629634172,1838172829546245577414889650954495,6425778969321380532,201049,25603344,414
-115177912,62029760000000000,1838173593974446033642049528750255,6425778969321380532,201049,25603345,5
65644610973,-35309607031445912784,1837738235818250746697184716493894,6425778969321380532,201044,25603346,5
2100000000,-1129293784472408782,1837724311923278682690170999732628,6425778969321380532,201044,25603346,617
7800320000,-4194542025110291907,1837672594324708147634806569092412,6425778969321380532,201043,25603347,316
21010596010,-11297058068407061290,1837533304573714524436014262799161,6425778969321380532,201042,25603348,12
1245982,-669893606267698,1837533296314102770275580401021008,6425778969321380532,201042,25603348,105
7347400203,-3950174217606817855,1837484591706246446540270644232192,6425778969321380532,201041,25603349,171
406248010,-218404535045544966,1837481898835844421459136119800218,6425778969321380532,201041,25603352,411
42541424706,-22867314668024126279,1837200054125622493421780161682624,6430531088271268374,201038,25603353,19
46545077022,-25011367214136047513,1836891898447787455986156481271629,6430531088271268374,201035,25603355,16
59779,-32117273562979,1836891898052082570272453533859761,6430531088271268374,201035,25603355,718
9648788,-5183982779054766,1836891834182174400601723330292856,6430531088271268374,201035,25603356,362
201212,-108104513017334,1836891832850259227765612531783564,6430531088271268374,201035,25603356,366
-15845500082,8522283209248751616,1836996780206459137633596919518051,6430531088271268374,201036,25603358,93
-1595180990,858000000000000000,1837007346017217667942400237265969,6430531088271268374,201036,25603358,381
-53150835789,28593884342844301312,1837359479030646210575562678888624,6425778969321380532,201040,25603359,2
262542571,-141127360967847729,1837357738967450238130492826683543,6425778969321380532,201040,25603363,736
74734460,-40172777200901515,1837357243647686530401825795155647,6425778969321380532,201040,25603365,326
-20627443245,11100000000000000000,1837494035294551907947614196286653,6425778969321380532,201041,25603366,475
1099127,-590912543634331,1837494028008755857025803576748431,6425778969321380532,201041,25603368,139
624963,-335992395695015,1837494023866058099014832052377167,6425778969321380532,201041,25603369,45
-19980375214,10753376816037011000,1837626543877231943408484455585614,6425778969321380532,201043,25603369,213
-371583882,200000000000000000,1837629008591589878139039201551938,6425778969321380532,201043,25603369,467
-2312467458,1244666397341117288,1837644347327291705869621138432365,6425778969321380532,201043,25603369,566
-30236758458,16276596336844716264,1837844933130740350930504283848704,6425778969321380532,201045,25603370,34
-23402275572,12600000000000000000,1838000210135290238955453279727144,6425778969321380532,201047,25603371,119
-34203855047,18419500000000000000,1838227204165870132802718996360709,6425778969321380532,201049,25603371,381
-1587317418,854914500000000000,1838237739766084915758743223212845,6425778969321380532,201049,25603373,232
-952021856,512754880000000000,1838244058737659101257810378719810,6425778969321380532,201049,25603375,40
-29044794630,15645096058394976256,1838436859908681343082059267165283,6425861608906705077,201051,25603378,49
-24157515427,13015043518432462848,1838597249669112619924034399629100,6425861608906705077,201053,25603379,4
-50003122829,26946775669643816960,1838929325922866865784987105640450,6425861608906705077,201057,25603383,38
-23138695592,12472780602091028480,1839083033153261297749123925753994,6425861608906705077,201058,25603384,2
-8238566365,4441455131375953332,1839137767040510984930277497765888,6425861608906705077,201059,25603389,50
-33510746561,18068547600802783232,1839360453739077823110775369170374,6425139571076000397,201061,25603390,2
-19324675409,10421596587192598528,1839488897813632916053727846923494,6425139571076000397,201063,25603391,67
-51247628307,27644362570671542272,1839829609002878043942048055456668,6425139571076000397,201067,25603392,2
-69979749762,37765521494479339520,1840295085509481103144277223336478,6424356181452698600,201072,25603393,2
39599329,-21354348437988574,1840294822157677335530824052288717,6424356181452698600,201072,25603396,71
142223,-76694736535473,1840294821211842005328579669505160,6424356181452698600,201072,25603397,311
29915655842,-16130581317590018268,1840095891555776077278259953922931,6425139571076000397,201069,25603399,2
50000000,-26957180598492561,1840095559147761938828799733676338,6425139571076000397,201069,25603399,136
7364446,-3970492774570406,1840095510187759852415681095099036,6425139571076000397,201069,25603400,119
352513556,-190055144941457093,1840093166624675576543446503142884,6425139571076000397,201069,25603400,381
-3676192434,1984000000000000000,1840117621463185890661535087610813,6424356181452698600,201070,25603405,17
344304,-185633262307663,1840117619173869753952725346958856,6424356181452698600,201070,25603410,168
6108266403,-3293238493130674131,1840077007931051153197591122895284,6425139571076000397,201069,25603411,60
248208460587,-133697392685263038480,1838428474453410217499430176396107,6425861608906705077,201051,25603412,2
6968271820,-3750000000000000000,1838382238535565880238607148984952,6425861608906705077,201051,25603412,153
122976262614,-66149084000053647015,1837566639340621415098293308982622,6425778969321380532,201042,25603414,2
6000000000,-3225905762405160603,1837526864772087426189470466214641,6425778969321380532,201042,25603414,375
-40509043691,21804238440220188672,1837795570869824641555233116791249,6425778969321380532,201044,25603415,2
184640,-99298393651677,1837795569645501597267362472166911,6425778969321380532,201044,25603415,490
-87522796316,47131455806052974592,1838376396008873620863936593426240,6425861608906705077,201051,25603416,2
3716581612,-2000001630752311307,1838351736832583486354145372373989,6425861608906705077,201051,25603419,433
1300000,-699558762339580,1838351728207319096269050886146963,6425861608906705077,201051,25603420,22
6219884,-3347057058250752,1838351686939517718778138075105885,6425861608906705077,201051,25603420,41
1000000,-538122096249858,1838351680304699310129874667621029,6425861608906705077,201051,25603420,815
-999000,538122096249858,1838351686936200309573811657419316,6425861608906705077,201051,25603420,818
1041669725,-560543390599227942,1838344775672692060999303040002143,6425861608906705077,201050,25603421,271
3521613180,-1895019538925637065,1838321410881301346430968085917517,6425861608906705077,201050,25603422,116
4315050814,-2321911554990163346,1838292782691461788412166844007282,6425861608906705077,201050,25603425,29
9750000000,-5246169632997536036,1838228099241909227152200190855923,6425778969321380532,201049,25603426,98
1124874000,-605235714635312961,1838220636844931755700522719082163,6425778969321380532,201049,25603427,73
56426712226,-30353950532350469571,1837846380628337834938494379241938,6425778969321380532,201045,25603428,2
2000000000,-1075644862659451405,1837833118210443710470253942598272,6425778969321380532,201045,25603428,120
624077,-335639669258214,1837833114072094976537355149929609,6425778969321380532,201045,25603428,307
89916665920,-48343166962428378738,1837237131391832818128595029818940,6430531088271268374,201038,25603430,2
142617555438,-76613246413059377481,1836293346570600727182960450273167,6437480604300823049,201028,25603431,2
70762624391,-37984035854224109091,1835825864716970666626970809462961,6437480604300823049,201023,25603432,5
5019475071,-2693624531434150887,1835792713405883795761462005858767,6437480604300823049,201023,25603432,327
54377587747,-29174666491352650896,1835433644059311730731227740329045,6436810118558791534,201019,25603433,5
321269156,-172333432084605984,1835431522874918785306296082827330,6436810118558791534,201019,25603434,1357
65077721503,-34900422600535868762,1835001947308344379698250622978803,6436810118558791534,201014,25603435,5
1000000000,-536160885800922805,1834995347915009542824720582325752,6436810118558791534,201014,25603436,682
26550910175,-14234149136563997554,1834820145375199890775799336603847,6436810118558791534,201012,25603437,12
3533827934,-1894307641127461435,1834796829087958398731900477298407,6436810118558791534,201012,25603437,209
325185785,-174313345231221358,1834794683533593735189309733742386,6436810118558791534,201012,25603440,407
6197557,-3322148389535230,1834794642642576654584292899880518,6436810118558791534,201012,25603440,417
3009177,-1613044049261878,1834794622788252272835814373084931,6436810118558791534,201012,25603440,421
-13616813929,7306842249185435787,1834884514865334627007856969021185,6436810118558791534,201013,25603442,90
-17207231117,9234500000000000000,1834998121859643220407919729679921,6436810118558791534,201014,25603442,170
-5704633746,3061723471452485674,1835035788566123894983407320564847,6436810118558791534,201014,25603443,161
-2639778841,1416833380355630854,1835053219090979413669031644809172,6436810118558791534,201015,25603443,366
301622,-161727436012507,1835053217100340052338424129392543,6436810118558791534,201015,25603443,652
-49330582931,26481873424228773888,1835379009080781575878380751519388,6436810118558791534,201018,25603444,2
-102181422040,54883427503111102464,1836054152446984542092176494112097,6437480604300823049,201026,25603446,2
1000000,-536777868705585,1836054145840685147969873296003741,6437480604300823049,201026,25603446,93
2529987,-1358041008973242,1836054129126833817981511945990254,6437480604300823049,201026,25603446,333
5059974,-2716081943771891,1836054095699132070895583325691542,6437480604300823049,201026,25603446,341
-14888046986,8000000000000000000,1836152505065529356251621376738500,6437480604300823049,201027,25603448,60
-6539326650,3514137812853781163,1836195733074978816595003721761490,6437480604300823049,201027,25603448,236
-458089483,246176741794524118,1836198761337126534999396667327150,6437480604300823049,201027,25603448,309
-120222268381,64635401441200742400,1836994471228221241466524004260001,6430531088271268374,201036,25603449,2
-1492588117,802816056176503045,1837004357478248596441625016258650,6430531088271268374,201036,25603451,662
-9112625363,4901581101250965763,1837064717825956529183960111470878,6430531088271268374,201037,25603452,28
25602212542,-13756563965948813999,1836895228359134735592980538954755,6430531088271268374,201035,25603453,176
-59155741654,31821184886882607104,1837287089218839871161389991279623,6430531088271268374,201039,25603454,2
-5651158184,3040593727290429184,1837324532503124399119990604557527,6430531088271268374,201039,25603455,39
60472500594,-32498151027191218656,1836924134968978025485407222558031,6430531088271268374,201035,25603459,62
16197808536,-8702358749084522944,1836816916469640165864888303272174,6430531088271268374,201034,25603460,2
17969887,-9653853155967294,1836816797528134988344872706513057,6430531088271268374,201034,25603461,137
17741456105,-9530524731200184147,1836699375506239012285654093539035,6430531088271268374,201033,25603462,4
7244971444,-3891572523149189504,1836651428900263891105398158674475,6430531088271268374,201032,25603464,58
23762848,-12763669653154633,1836651271643875627477036142804250,6430531088271268374,201032,25603467,138
47253642,-25381205754736430,1836650958931555798721678338278569,6430531088271268374,201032,25603468,513
-189114116,101680000000000000,1836652211066331937837994330526364,6430531088271268374,201032,25603469,47
-543840265,292404530000000000,1836655811871610395878129982028136,6430531088271268374,201032,25603470,349
6360629845,-3416405050835235345,1836613719625905244682280364194023,6430531088271268374,201032,25603471,40
40079831,-21527078641725166,1836613454398840532293699630563089,6430531088271268374,201032,25603471,75
6957392,-3736849417116272,1836613408358519935661086376046466,6430531088271268374,201032,25603471,84
59570483295,-31988735747897039811,1836219505202787865090320405284441,6437480604300823049,201027,25603471,438
2618506,-1405808837105473,1836219487901042375438722103206755,6437480604300823049,201027,25603472,61
302106,-162192513337991,1836219485904886488498380029562361,6437480604300823049,201027,25603472,531
-184216144,99000000000000000,1836220703721233394132866010334809,6437478290374097996,201027,25603476,66
1498500,-804507168315996,1836220693819899082755127087297137,6437478290374097996,201027,25603476,703
-6391004801,3434685097013508096,1836262944483107327353241146327829,6437478290374097996,201028,25603478,185
104580409980,-56128095061127250353,1835572157557461533009749303725853,6437478290374097996,201020,25603482,39
-3311488264,1778399605528874265,1835594033962622579424550872340803,6437478290374097996,201020,25603482,47
-32527442433,17470770956491184200,1835808944977409035501290219634688,6437478290374097996,201023,25603482,51
297933,-159881109944615,1835808943009699632800245719947287,6437478290374097996,201023,25603482,193
-314510869,168946480000000000,1835811021249953129424877771067013,6437478290374097996,201023,25603483,760
-55836730682,30000000000000000000,1836180056506591200481235580899927,6437478290374097996,201027,25603488,27
22471188816,-12062715824019939714,1836031596695690105959641001450981,6437478290374097996,201025,25603488,37
430338,-230989793170919,1836031593852822752162563814190869,6437478290374097996,201025,25603488,90
1057625075,-567693624953016363,1836024607060674133411437764203911,6437478290374097996,201025,25603488,101
7786961062,-4179616751706893651,1835973167142694645853945310476336,6437478290374097996,201025,25603493,48
3999999386,-2146890848430617043,1835946744650941285211271705119189,6437478290374097996,201024,25603494,176
49016265869,-26303129891911179531,1835623023380637934857980848927636,6437478290374097996,201021,25603497,2
78832064836,-42283446447003907944,1835102585357880564479453453413426,6436807804632066481,201015,25603498,2
5758088158,-3087547451433903168,1835064581937757211784519409302568,6436807804632066481,201015,25603499,253
286752,-153755920213652,1835064580045235420866478031162354,6436807804632066481,201015,25603500,516
-50719256882,27227821150502420480,1835399549132295969701581665638485,6436807804632066481,201018,25603502,2
757183,-406149096548768,1835399544133164784950162148087654,6436807804632066481,201018,25603502,527
-3434264411,1843989187861356750,1835422229730054569274374474078997,6436807804632066481,201019,25603507,78
-1554504596,834688536789147686,1835432498449523626272916389557896,6436807804632066481,201019,25603510,14
54783,-29385934224400,1835432498087823596843914801412957,6436807804632066481,201019,25603511,578
594595,-318948969716751,1835432494162004841110467463211563,6436807804632066481,201019,25603516,203
28019597354,-15028601935602224945,1835247512948854553263149409246338,6436807804632066481,201017,25603517,12
155857375,-83587249075694930,1835246484105931959896187031222701,6436807804632066481,201017,25603518,82
-1002124298,537984786222236305,1835253102640397028605467557170652,6436807804632066481,201017,25603518,298
299727584,-160746605038317626,1835251124230726198532882190977727,6437321013624366168,201017,25603519,577
35506308291,-19039901233608956956,1835016788179129698636598506869504,6437321013624366168,201014,25603522,2
1609329,-862876137540710,1835016777559169825567367499231394,6437321013624366168,201014,25603522,217
-1884307181,1011329697623821028,1835029218406934372933908221716213,6437321013624366168,201014,25603524,193
5091541459,-2729926353133644662,1834995619484603129649015594315520,6437321013624366168,201014,25603528,38
8993391311,-4821732796442535943,1834936275383417499521273532139989,6437321013624366168,201013,25603533,112
12645801893,-6779415141949210345,1834852836853090796941025698906112,6437321013624366168,201012,25603535,21
25786358373,-13822157999605639910,1834682718852454686893024350734959,6437321013624366168,201011,25603536,2
215997,-115769268042359,1834682717427609419241324074115642,6437321013624366168,201011,25603538,827
1658573,-888955400316052,1834682706486675640250054375647911,6437321013624366168,201011,25603538,962
20292151040,-10875318067692874337,1834548868424669723951789202623747,6439291023052125914,201009,25603539,9
6750000000,-3617224282385760821,1834504362588193402551182663218637,6439291023052125914,201009,25603542,171
162701,-87186574752635,1834504361515461623721010472600213,6439291023052125914,201009,25603542,351
-27881658771,14957454382912280576,1834688335333298335233021232545987,6437321013624366168,201011,25603543,8
-6031570866,3236104159384001474,1834728144190184183496096981750101,6437321013624366168,201011,25603544,9
-209263960,112278408544159390,1834729525380305689367235103531544,6437321013624366168,201011,25603544,68
-392774,210739079837425,1834729527972707372476318723840629,6437321013624366168,201011,25603544,683
3318526350,-1778720950125131572,1834707636134129526479382817959769,6437321013624366168,201011,25603547,48
24403323191,-13078810146771921305,1834546678977869983338410559828951,6439291023052125914,201009,25603548,2
-39147466,21000000000000000,1834546937229828334016249545950471,6439291023052125914,201009,25603549,418
45575196317,-24419608754128524797,1834246481679057184263312234076216,6439291023052125914,201006,25603550,5
-87389,46863011461623,1834246482255365016843043305063417,6439291023052125914,201006,25603553,24
3948553760,-2115294858196105235,1834220455954613771527299206751929,6439291023052125914,201006,25603556,132
4198604893,-2249184858149717022,1834192782289480735677764864049152,6439291023052125914,201005,25603556,206
777348,-416417424066201,1834192777165937285074308066966247,6439291023052125914,201005,25603556,628
67481759892,-36140544305252029785,1833748108815443429844205727193937,6439291023052125914,201000,25603558,5
4998107888,-2676090628768033211,1833715182559667768614379618888578,6439291023052125914,201000,25603560,213
12207923628,-6535971494142329780,1833634760963552970039322147047647,6438556277021210974,200999,25603561,12
-9769201524,5235498266322471936,1833699149505202096960460588484883,6439291023052125914,201000,25603562,35
-90426970963,48478967474562957312,1834295329899922320697139814426804,6439291023052125914,201006,25603563,2
-23110665517,12394958339700801536,1834447659458817499367086346457554,6443521309504493307,201008,25603564,2
-20965651566,11246302677512809639,1834585872454707935431302991290209,6443521309504493307,201009,25603565,2
-12085128,6483140000000000,1834585952154522773799601514430974,6441551300076733561,201010,25603565,440
-57378612241,30787454930631561216,1834964434565409465266939051856488,6441551300076733561,201014,25603568,2
11234749,-6023407781022488,1834964360480222786888817821228821,6441551300076733561,201014,25603568,100
-22061351170,11840767651994365952,1835109923739601435517720078296907,6441551300076733561,201015,25603570,5
-42491941,22808085792182710,1835110204128458448412852808282633,6441551300076733561,201015,25603570,325
-7694044985,4129990673022422700,1835160975744052755370851757546738,6441551300076733561,201016,25603570,390
-65652525082,35250098780169367552,1835594309740247191763229340892653,6442221785818765076,201020,25603571,2
-18618947875,9999900000000000000,1835717229688023343371326154111339,6442221785818765076,201022,25603573,119
55129245141,-29575437966101687389,1835353487463143363064402784173254,6441551300076733561,201018,25603578,2
61750000000,-33113390562705237608,1834946207761921536954763287525971,6441551300076733561,201013,25603578,428
43225000000,-23170630480007433537,1834661219504945903231703007893908,6441551300076733561,201010,25603578,441
18525000000,-9928067116512341585,1834539123074815623144916337155918,6443521309504493307,201009,25603578,454
-54797995004,29401007142874296320,1834900547035122487251854205114850,6441551300076733561,201013,25603579,2
-103933292,55774790000000000,1834901232696767253349221373193603,6441551300076733561,201013,25603579,158
-20409359,10952489003763907,1834901367340064424048664962398597,6441551300076733561,201013,25603579,340
-531841538,285408279330929882,1834904875977393868178069371966179,6441551300076733561,201013,25603579,593
-340234700,182584657241359135,1834907120563099940122655800928951,6441551300076733561,201013,25603580,78
-6796428992,3647351361071689292,1834951958901949306984573541903647,6441551300076733561,201013,25603580,120
-40807203831,21903221390503243776,1835221223901499971726735227769864,6441551300076733561,201016,25603581,44
321674,-172510770941530,1835221221779695648682095351583155,6441551300076733561,201016,25603581,456
-1760758220,945229688270000000,1835232841863657254878935048349612,6441551300076733561,201017,25603583,514
180252,-96668273208478,1835232840674681291954695415620508,6441551300076733561,201017,25603583,543
-12318184399,6613118692007614464,1835314138369202335663010491470696,6441551300076733561,201017,25603584,62
-16822322762,9032148923093894144,1835425174163086649607255779181387,6441551300076733561,201019,25603585,2
-988352248,530694638897095285,1835431698203051205860454075057603,6441551300076733561,201019,25603585,301
-5777575337,3102338131847567872,1835469836477818411352744530207480,6441551300076733561,201019,25603586,362
-627660008,337037307609050944,1835473979811297260111712108450023,6441551300076733561,201019,25603586,432
-9984995,5361698230764651,1835474045724783041870180713614733,6441551300076733561,201019,25603589,169
-7119560,3823030000000000,1835474092722809171419628010584925,6441551300076733561,201019,25603589,212
-13530668865,7265992599385567232,1835563410203924937679500787154604,6442221785818765076,201020,25603594,10
-751837006,403758511460575895,1835568373251069700197080895216690,6442221785818765076,201020,25603594,135
-18472261433,9920831759329136640,1835690321282725289128462426708093,6442221785818765076,201022,25603595,2
-8599320869,4618856359242145294,1835747096808726908169698374072797,6442221785818765076,201022,25603596,153
-11536903531,6197135847232039936,1835823272731956488405406193430932,6442221785818765076,201023,25603597,43
-733306101,393918357510908549,1835828114822770727377527579736925,6442221785818765076,201023,25603597,897
47458516572,-25464064934567475653,1835514950957572738977140092861966,6442221785818765076,201020,25603600,2
-2770952,1488000000000000,1835514969248243874779857404840892,6442221785818765076,201020,25603602,61
-18127813947,9735261993471723520,1835634636234496207088432930961721,6442221785818765076,201021,25603602,396
-3926686,2108903498257810,1835634662157386223067935460649768,6442221785818765076,201021,25603603,131
-694112712,372787736094386414,1835639244508114961531895830674757,6442221785818765076,201021,25603603,227
562848,-301987509606701,1835639240794191988394621522086376,6442221785818765076,201021,25603604,1295
19955,-10706549749695,1835639240662519982720548978975560,6442221785818765076,201021,25603609,476
-55498282,29806592696789004,1835639607048665611609461279853138,6442221785818765076,201021,25603614,486
491948951,-263947614251875782,1835636360950475817267187186295024,6442221785818765076,201021,25603614,640
-36810389299,19772393563056656384,1835879405539339749948564862567308,6442221785818765076,201024,25603618,2
-73490164465,39490294160909737984,1836364824883125576785031474169447,6442221785818765076,201029,25603619,5
100000000,-53695934560268844,1836364164516194549805866597681716,6442221785818765076,201029,25603619,121
-38955624626,20941449465286171883,1836621795578594623173161046245376,6435272269789210401,201032,25603621,24
-59259320020,31867418432358006784,1837013936657040142904608914836401,6435272269789210401,201036,25603622,2
-3421412480,1840321607755625255,1837036582535980217577617876609464,6435272269789210401,201036,25603622,269
-73535414559,39564463742378516480,1837523574572731265732850360256331,6430520150839322559,201042,25603623,2
-2562724910,1379208350113948810,1837540558814234334677763529457879,6430520150839322559,201042,25603623,280
346648,-186374009964986,1837540556517986130243820016148177,6430520150839322559,201042,25603625,590
1963302392,-1055556827587682027,1837527551375957574021263343775277,6430520150839322559,201042,25603631,117
93429636,-50231466752749235,1837526932491836559761021391434167,6430520150839322559,201042,25603632,119
69866180278,-37553352938321277789,1837064454312447231142714781695641,6435272269789210401,201037,25603633,2
148438140,-79765976808035688,1837063472269806498694573791638527,6435272269789210401,201036,25603633,97
24383450,-13102889101999590,1837063310952960270895325148166199,6435272269789210401,201036,25603633,112
17309200768,-9300832484142701634,1836948803308733472100819646336847,6435272269789210401,201035,25603635,261
25441558498,-13668525289881058515,1836780522605509628490109384791909,6435272269789210401,201033,25603639,2
1170984,-629055454663326,1836780514860863294484579306292940,6435272269789210401,201033,25603639,437
17517404084,-9409802619363790322,1836664665625601874155988668685499,6435272269789210401,201032,25603640,23
2191794455,-1177280008708288702,1836650171486435049121919970332079,6435272269789210401,201032,25603640,111
1862330102,-1000300000430559459,1836637856245109645655119163507509,6435272269789210401,201032,25603640,263
11551339341,-6204188356691031246,1836561473083250182574597305093039,6435272269789210401,201031,25603641,2
21203120242,-11386786933466885575,1836421284110995623025263326880144,6435272269789210401,201030,25603642,14
157500000,-84576278867676973,1836420243969350431417125356041747,6442221785818765076,201029,25603642,342
1500000000,-805483578007844955,1836410337917379129108617810241726,6442221785818765076,201029,25603643,2
2993733374,-1607576067530760943,1836390567517947563776852379096146,6442221785818765076,201029,25603645,234
200000000,-107394841414511776,1836389246747531445421422668516896,6442221785818765076,201029,25603651,499
-3795217946,2040000000000000000,1836414322667636981404834252529348,6442221785818765076,201029,25603652,125
144282,-77477311155371,1836414321714800335374052376250438,6442221785818765076,201029,25603652,344
526,-282059984712,1836414321711331486419370887024108,6442221785818765076,201029,25603653,879
1053,-565194483649,1836414321704380573847362846936169,6442221785818765076,201029,25603653,887
-3741032456,2010928832936883985,1836439059453344721822590157957719,6435272269789210401,201030,25603656,63
-57858371376,31107692509704355840,1836821851806437267430716641980288,6435272269789210401,201034,25603657,2
-5578538281,3000000000000000000,1836858767982682721480831235518671,6435272269789210401,201034,25603657,149
433347,-232814823409713,1836858765116371881545111800820706,6435272269789210401,201034,25603659,489
-15451762498,8310205535376988160,1836961025453765189787502964875900,6435272269789210401,201035,25603660,39
-562110164,302329298700000000,1836964745734323514361514371448931,6435272269789210401,201035,25603661,94
-53085127153,28557199193709912064,1837316153267160692164410603939665,6435272269789210401,201039,25603663,2
-5947358,3200000000000000,1837316192644415353982064059506105,6435272269789210401,201039,25603663,113
-29467765223,15856932845632434176,1837511445261314921911236978068014,6430520150839322559,201041,25603664,2
-39602405846,21315805339201032192,1837773938441321761338224244550121,6430520150839322559,201044,25603666,2
35805213,-19255464905332101,1837773701201554678383881263604929,6430520150839322559,201044,25603666,160
15233756,-8192466301820149,1837773600265077328488216524609116,6430520150839322559,201044,25603666,186
-13211596257,7112430602768633855,1837861186190018444449317071873938,6430520150839322559,201045,25603667,86
-2000567996,1077060000000000000,1837874449629985135547594835943856,6430520150839322559,201045,25603667,210
-38615771,20790000000000000,1837874705648142812471752445283181,6430520150839322559,201045,25603668,24
-5831248055,3139500000000000000,1837913366975994024756159108140875,6430520150839322559,201046,25603668,41
-3227993190,1737984000000000000,1837934769355106673690990205302865,6430520150839322559,201046,25603669,51
53930476273,-29002379494530849519,1837577441303565906146001995745996,6430520150839322559,201042,25603673,2
2743743949,-1475211252779795480,1837559265747913094145949588535786,6430520150839322559,201042,25603674,113
76444799069,-41089858605660529098,1837053223833304732329891712350012,6435272269789210401,201036,25603675,2
273008,-146703911243187,1837053222027152508434289884127884,6435272269789210401,201036,25603676,1005
14352103226,-7711879076021561250,1836958276858850343589162745867597,6435272269789210401,201035,25603677,133
75216049232,-40403139788586179283,1836460851669820773976337897623419,6435272269789210401,201030,25603680,29
-427413334,229757723279171795,1836463678928689550031950781245833,6435272269789210401,201030,25603680,316
4605356,-2473155864572868,1836463648480312768624476260721953,6435272269789210401,201030,25603680,333
306844,-164780235789647,1836463646451613010019143706161555,6435272269789210401,201030,25603681,555
126942,-68169769877950,1836463645612337625851566875215994,6435272269789210401,201030,25603692,218
42331073039,-22729058712626784272,1836184071886177254553755629790242,6442221785818765076,201027,25603694,2
5328190374,-2860404651583690032,1836148893866523988654915910714507,6442221785818765076,201027,25603695,63
246331372,-132238758181831007,1836147267558990308634911542001797,6442221785818765076,201027,25603696,67
144885068,-77778946009468563,1836146311012758356271228282398283,6442221785818765076,201027,25603698,201
29615512416,-15896854790892827192,1835950807250747088153467806012329,6442221785818765076,201024,25603702,2
988701739,-530651585442788139,1835944281155954378388355282238059,6442221785818765076,201024,25603704,155
61107148050,-32789835499397448615,1835541023009598574013115683460732,6442221785818765076,201020,25603707,5
21000000,-11266034663669510,1835540884456898139297912225268059,6442221785818765076,201020,25603708,105
15673188086,-8407843785189459970,1835437475694676166394668281823327,6441551300076733561,201019,25603710,8
16785124404,-9003288817761193069,1835326739321342006120941708404897,6441551300076733561,201018,25603711,5
-31847216143,17100390794613020672,1835536957718638816585492372271978,6442221785818765076,201020,25603716,7
-11112649659,5967868977425082256,1835610315466520296041387979479506,6442221785818765076,201021,25603718,56
-5574053,2993575000000000,1835610352263896536203094617387648,6442221785818765076,201021,25603718,149
5549190,-2977242310119015,1835610315648976182219329325867125,6442221785818765076,201021,25603718,169
-48454586,26022797348686177,1835610635524264044086077366877689,6442221785818765076,201021,25603718,1057
-184338369,99000000000000000,1835611852443916224508801752572410,6442221785818765076,201021,25603719,108
-2048187661,1100000000000000000,1835625373773384895872406038069320,6442221785818765076,201021,25603719,215
-5577783924,2995687705254637056,1835662197119246710434367552440706,6442221785818765076,201021,25603720,146
-116697684184,62702970042520141824,1836432962004545184454570093966022,6435272269789210401,201030,25603722,2
-3455062983,1857246574264235985,1836455816151834119221184136399169,6435272269789210401,201030,25603722,106
-13081012983,7032032055157927936,1836542348063404750062502027420545,6435272269789210401,201031,25603723,89
-202422546,108822607916767689,1836543687168262531842238593082810,6435272269789210401,201031,25603723,277
-20625817130,11089296407079868416,1836680145308463145437075796105455,6435272269789210401,201032,25603724,10
-533823233,287027430604217969,1836683677293534967151149524369949,6435272269789210401,201032,25603725,104
-1580542433,849836538512255999,1836694134865346815498125964817370,6435272269789210401,201032,25603731,152
329315808,-176892480796369969,1836691957045104169378467852105256,6435272269789210401,201032,25603731,215
335379670,-180149262189609442,1836689739128841544688262089504382,6435272269789210401,201032,25603731,310
542796067,-291562102365823624,1836686149548065345968835678627909,6435272269789210401,201032,25603732,58
-11879839,6387611904185822,1836686228150134293463552615991153,6435272269789210401,201032,25603740,313
-30367281075,16329819876985231360,1836887172986346061989126775638627,6435272269789210401,201035,25603743,11
-1963084,1055752125006126,1836887185977789901402043071057710,6435272269789210401,201035,25603743,477
-44667045353,24025925340000000000,1837182834409227088242861018656924,6435272269789210401,201038,25603745,733
11356481718,-6103155458044746301,1837107695118734313623553565206450,6435272269789210401,201037,25603749,89
10260741152,-5513857616223465172,1837039810996822409478384751055371,6435272269789210401,201036,25603750,31
6435722329,-3458183224933085563,1836997235408554708143228210642944,6435272269789210401,201036,25603751,83
-622401427,334770046914348123,1837001354885239237808585361882655,6435272269789210401,201036,25603751,309
22415603505,-12043645513136191526,1836853078967146622324947066692276,6435272269789210401,201034,25603752,2
8992714648,-4831135538562892410,1836793600210766010583117042474919,6435272269789210401,201034,25603753,52
54702,-29385934224400,1836793599848979675093615469628486,6435272269789210401,201034,25603753,1318
55910433252,-30029616061302138007,1836423888793751278428121433319023,6435272269789210401,201030,25603754,2
5529430000,-2969212125479611375,1836387369820961598934775874274764,6442221785818765076,201029,25603756,379
-1347415254,724252817922498339,1836396272421843184164141620682224,6442221785818765076,201029,25603758,83
3606614,-1936671721141114,1836396248604137591178697089406488,6442221785818765076,201029,25603758,105
2420977252,-1300000000000000000,1836380260857255720449982212744535,6442221785818765076,201029,25603758,985
394233,-211690253652096,1836380258253832495258650483400303,6442221785818765076,201029,25603763,186
-28307429945,15216962444581668970,1836567464638766616732311377039538,6435272269789210401,201031,25603766,13
50000000,-26853897685364954,1836567134025720150057898866224437,6435272269789210401,201031,25603770,166
49500000,-26585349184747313,1836566806718921400326370881111085,6435272269789210401,201031,25603775,12
-54518828,29310153459905650,1836567167391851702720300396093078,6435272269789210401,201031,25603777,19
14848879,-7975003674772365,1836567069207212311010992532192485,6435272269789210401,201031,25603777,216
10945177,-5878411340209188,1836566996834869780266233107728131,6435272269789210401,201031,25603780,379
50745,-27253674593089,1836566996499334861268486854590174,6435272269789210401,201031,25603783,54
-51063902816,27457783821313273856,1836904875294953920473458167707715,6435272269789210401,201035,25603792,5
3163949,-1699911964444789,1836904854366406419656428194545363,6435272269789210401,201035,25603794,91
49375000,-26527967799527347,1836904527766061340089508305449637,6435272269789210401,201035,25603794,738
-34363091987,18483201940066963456,1837131970812861283506172494448100,6435272269789210401,201037,25603795,5
-4300447360,2313444632224164006,1837160438656120379127691435976686,6435272269789210401,201038,25603801,70
14209376,-7636472201837561,1837160344639327417131370071133502,6435272269789210401,201038,25603803,160
39500000,-21228279148323200,1837160083286352787417691528977635,6435272269789210401,201038,25603806,626
259245,-139324466381949,1837160081571052952080060794431871,6435272269789210401,201038,25603807,766
17450,-9377913342516,1837160081455596323176634321452579,6435272269789210401,201038,25603807,770
-55973946383,30117962032292098048,1837530835947156271266342309355579,6430520150839322559,201042,25603808,2
122993062,-66126162810477753,1837530021230111506322460025439898,6430520150839322559,201042,25603809,80
-38705061095,20833167630849658880,1837786570974961177340220482539843,6430520150839322559,201044,25603811,2
936114,-503433463107792,1837786564772335682882028814435690,6430520150839322559,201044,25603812,27
-34127344460,18374018158039078912,1838012831356171349860403887534569,6430520150839322559,201047,25603813,2
-16010404866,8621493631485535532,1838119000616198106055341819035648,6430520150839322559,201048,25603814,55
-2936262275,1581265257442503997,1838138473084596805288585102893691,6430520150839322559,201048,25603816,82
230000000,-123739272129543006,1838136948536825907373616320049645,6430520150839322559,201048,25603816,370
-353670293,190464000000000000,1838139294003030033284282741656438,6430520150839322559,201048,25603817,79
-29412280008,15841257449255999488,1838334369966733950967470816173056,6430602790424647104,201050,25603819,2
200817,-108061710979790,1838334368635360971155271358433953,6430602790424647104,201050,25603819,1274
-14123455740,7607993854015960064,1838428055962882405573011235725060,6430602790424647104,201051,25603825,5
-13202001975,7112328300000000000,1838515639502468249858194202956955,6430602790424647104,201052,25603825,64
991056,-533404008182355,1838515632930670733619297835740844,6430602790424647104,201052,25603826,62
-98851350282,53275831931930107904,1839171688970010057652831197857090,6430602790424647104,201059,25603836,5
-7419006966,4000000000000000000,1839220951102437984936717326560905,6429880752593942424,201060,25603842,453
196132,-105642295483535,1839220949800727225903907589564308,6429880752593942424,201060,25603842,1571
28259387803,-15219833741369078743,1839033429593856607869067765784009,6430620923874428071,201058,25603847,14
-11315527761,6100000000000000000,1839108546779453408344223156709971,6430620923874428071,201059,25603849,565
54565,-29385934224400,1839108546417405388421208235805751,6430620923874428071,201059,25603853,914
-17019780809,9176000000000000000,1839221547397590312732394988667946,6429880752593942424,201060,25603856,26
-15080904000,8131621377464468363,1839321694090517463374180951040276,6429880752593942424,201061,25603859,32
7677161495,-4135496540208979056,1839270737034769162719200606611473,6429880752593942424,201061,25603865,350
23944379,-12897884373211364,1839270578108699064337466710742189,6429880752593942424,201061,25603866,171
4063210672,-2188657732692562401,1839243609749999112821332133988101,6429880752593942424,201060,25603867,446
562398,-302932096460236,1839243606017308835562920518404264,6429880752593942424,201060,25603880,124
155557,-83789785922327,1839243604984861884908128413034924,6429880752593942424,201060,25603881,617
1258909,-678103972256151,1839243596629352073345155639495220,6429880752593942424,201060,25603881,621
13263,-7143841878439,1839243596541326573790921087469231,6429880752593942424,201060,25603881,625
443545,-238912900411506,1839243593597472585064780646520031,6429880752593942424,201060,25603883,129
-98694,53214644797440,1839243594252848732621999677653415,6429880752593942424,201060,25603884,5
-7336656000,3955879548349763355,1839279018867556675479924914001287,8843013870222817176,201061,25603884,13
-10189800000,5494585118848673215,1839346688585945729189429021943286,6429880752593942424,201061,25603889,80
17008283,-9162442145847116,1839346575687513660154842326701939,6429880752593942424,201061,25603890,208
19215012,-10351216353208595,1839346448141158912988910888076116,6429880752593942424,201061,25603893,157
69990571,-37704234642682453,1839345983554435661350127372080501,6429880752593942424,201061,25603894,7
-10700885106,5770605321589548032,1839417052657670914022977562053611,6429880752593942424,201062,25603895,34
-7800120440,4206607494439458490,1839468860016800814657663953534976,6429880752593942424,201063,25603895,125
-4067174738,2193522653526110720,1839495874806276898812676486585150,6429880752593942424,201063,25603896,93
-6929064000,3737154989118731327,1839541900524364764611535933960911,6429880752593942424,201063,25603896,112
-8342995833,4500000000000000000,1839597321220589150161657887933514,6429880752593942424,201064,25603896,447
-83957208040,45299483240414445568,1840155223550074355640249150210037,6429097362970640627,201070,25603897,5
120498,-64969523111179,1840155222749430712385742897443407,6429097362970640627,201070,25603897,1557
793203,-427677769869263,1840155217478998186336142915581580,6429097362970640627,201070,25603897,1586
61303,-33053070025423,1840155217071672887663178823268634,6429097362970640627,201070,25603897,1590
-46123658832,24897920247644717056,1840461890007560850222866797761044,6429097362970640627,201073,25603898,5
-3704354068,2000000000000000000,1840486524429459359844493545563781,6429097362970640627,201074,25603899,144
-146209414,78940320546166622,1840487496754039928772508817869527,6429097362970640627,201074,25603902,159
52389,-28256788545109,1840487496405820994046545094828941,6429097362970640627,201074,25603905,509
93340,-50344917542330,1840487495785401814865231707367019,6429097362970640627,201074,25603905,518
499774,-269564646185098,1840487492463456230549975529168794,6429097362970640627,201074,25603905,542
-44958650,24273763346090666,1840487791448519896638012293244236,6429097362970640627,201074,25603906,422
42121801,-22719374889998749,1840487511469197079912241253051483,6429097362970640627,201074,25603910,66
-4167275327,2250000000000000000,1840515225193832903236571344329562,6429097362970640627,201074,25603911,112
231685,-124968363068920,1840515223653801197480737991885683,6429097362970640627,201074,25603911,126
54488593532,-29384790688743854946,1840153103928325503009880769807710,6429097362970640627,201070,25603912,9
-9974871659,5383800000000000000,1840219417328634101060337812217899,6429097362970640627,201071,25603917,353
-2779007039,1500000000000000000,1840237893145057983276557873069952,6429097362970640627,201071,25603920,379
262595,-141597915194956,1840237891400094109908906207004387,6429097362970640627,201071,25603920,586
-11856469785,6400000000000000000,1840316721550169340698111799973147,6429097362970640627,201072,25603925,170
314894,-169813572061506,1840316719457493413606501563779637,6429097362970640627,201072,25603926,876
197318,-106408109674304,1840316718146186626643167308511571,6429097362970640627,201072,25603926,903
3253987,-1754787699294153,1840316696521283911922201893470785,6429097362970640627,201072,25603926,907
-9493267880,5124763152054541872,1840379819310092735722248196468501,6429097362970640627,201073,25603927,116
30439559494,-16414557570075936958,1840177536600508630897603504151937,6429097362970640627,201070,25603928,2
34,-17802222394,1840177536600289247477297431000461,6429097362970640627,201070,25603930,21
64221632030,-34619734025541298614,1839750946959432823281319442166994,6429880752593942424,201066,25603933,2
9082528926,-4894792129898885589,1839690633961219796929517161307289,6429880752593942424,201065,25603934,53
3897914977,-2100581214079114480,1839664750870038621987631956602977,6429880752593942424,201065,25603934,245
-1885083,1016871125685557,1839664763393528789980569900143239,6429880752593942424,201065,25603934,761
198405,-106918258621111,1839664762076095777500793816141132,6429880752593942424,201065,25603934,777
24423248535,-13160311112127875966,1839502602417519012545933176076717,6429880752593942424,201063,25603936,5
307109,-165468891385274,1839502600378632644017420378158123,6429880752593942424,201063,25603936,762
4496269730,-2422533281463533717,1839472750235542108883126660757801,6429880752593942424,201063,25603938,276
6245145510,-3364675001241313745,1839431291143521080830684357680314,6429880752593942424,201062,25603940,12
1597960,-860907848663667,1839431280535525447907915887915420,6429880752593942424,201062,25603940,58
91602223757,-49334784889498423870,1838823424468945823648538305968635,6430620923874428071,201056,25603942,2
-2916800606,1571988638023580497,1838842782397188197238146570036257,6430620923874428071,201056,25603943,42
6117601580,-3293702997453241636,1838802202484385823396350884866138,6430620923874428071,201055,25603943,134
-46342276,24975000000000000,1838802510033846525050755312060953,6430620923874428071,201055,25603943,176
125010,-67303374736406,1838802509204638463419014682870859,6430620923874428071,201055,25603946,774
-937656,505326235455068,1838802515427373646306031822138070,6430620923874428071,201055,25603946,848
14983108453,-8066260805348282272,1838703135440661020453716125194930,6430620923874428071,201054,25603947,19
327986954,-176564309092410942,1838700960088398681828922775960443,6430620923874428071,201054,25603948,45
926932890,-498990958696130624,1838694812293770957697320090168325,6430620923874428071,201054,25603949,145
10765174472,-5794915951982405487,1838623416304451228642069260137277,6430620923874428071,201053,25603950,21
-14957903,8059615919449980,1838623515552920877863684908080449,6430620923874428071,201053,25603952,166
7541497006,-4059336007240966308,1838573502694646544850670840976357,6430620923874428071,201053,25603952,449
-13188987115,7106440797717053440,1838661013486832575461429450138785,6430620923874428071,201054,25603956,13
-2306643262,1242926414134259455,1838676319246526622815009329933047,6430620923874428071,201054,25603958,180
4267144085,-2297020225940851317,1838648018916914012659147864838225,6430620923874428071,201054,25603958,191
54592,-29385934224400,1838648018554865992736132943934005,6430620923874428071,201054,25603959,910
104172,-56074836608009,1838648017863998606781831648244418,6430620923874428071,201054,25603960,622
-3998320934,2154463532100000000,1838674548558589146781530376413386,6430620923874428071,201054,25603960,735
-41641715049,22442004322495524864,1838950905969057522985783354477478,6430620923874428071,201057,25603963,2
63733503,-34318760115589960,1838950483146388310536149150069407,6430620923874428071,201057,25603963,717
-9718451640,5238541840674503680,1839014992084044466516040569089382,6430620923874428071,201058,25603964,13
-4200000000,2264041837156706563,1839042872157959322490624907660411,6430620923874428071,201058,25603964,420
266211,-143361281608729,1839042870391683397971294073122834,6430620923874428071,201058,25603966,588
-957146942,515966918289159870,1839049224159349453054481600051583,6430620923874428071,201058,25603968,179
4314259345,-2323324259308513228,1839020599752131413447440686934834,6430620923874428071,201058,25603979,206
13854883790,-7460672886152939921,1838928680882882663260908426461725,6430620923874428071,201057,25603982,5
33713030,-18153113857908259,1838928457228297530637970854174521,6430620923874428071,201057,25603982,278
-70683433889,38108000000000000000,1839397755607231855697266734079984,6429880752593942424,201062,25603983,27
1275248,-687020120733525,1839397747141858410927454249331124,6429880752593942424,201062,25603983,49
53572894992,-28855997398272370968,1839042202872710520061452379233018,6430620923874428071,201058,25603984,5
8562560959,-4611022937652150346,1838985392981568437426140863720323,6430620923874428071,201057,25603985,25
1832030707,-986529481831671835,1838973238491506444938804595767035,6430620923874428071,201057,25603985,501
2716328,-1462704245247522,1838973220470327615608382852177789,6430620923874428071,201057,25603985,514
-41987496903,22635737702080532480,1839251972102436729682892258208245,6429880752593942424,201060,25603987,2
-10813634987,5830813582086116352,1839323782713164244352535388372337,6429880752593942424,201061,25603988,55
325751,-175479179360116,1839323780550932396646129414257154,6429880752593942424,201061,25603988,209
145815,-78549229439598,1839323779583058908028146648616814,6429880752593942424,201061,25603989,676
-428894,231272935726746,1839323782431349378213435377599389,6429880752593942424,201061,25603989,706
241737,-130221560377336,1839323780826776082779528200456593,6429880752593942424,201061,25603990,295
1272696,-685589973208405,1839323772379024731622246748146662,6429880752593942424,201061,25603992,767
-255046637,137529037914235821,1839325466146809682036987440958310,6429880752593942424,201061,25603995,343
-40858013775,22035176042146308096,1839596844990739159554033900446686,6429880752593942424,201064,25603997,5
-778654365,420000000000000000,1839602017589053435538711949484129,6429880752593942424,201064,25603997,270
-33468855722,18055068681880125440,1839824378583882079018514152820704,6429880752593942424,201067,25603998,2
-477824434,257798197159450373,1839827553551786960830259131109470,6429880752593942424,201067,25603998,669
-1075013791,580000000000000000,1839834696663744770523385960732605,6429880752593942424,201067,25604002,310
-303677,163842929237168,1839834698681586817138177599145808,6429880752593942424,201067,25604002,618
6329166306,-3411283602606490611,1839792665284382596834339342077283,6429880752593942424,201066,25604004,121
4843529260,-2610452119644908625,1839760499629570492150044115060858,6429880752593942424,201066,25604010,147
2997168,-1615315027389661,1839760479725866764809166419284397,6429880752593942424,201066,25604012,540
25345910,-13660105382794963,1839760311407807554543245558532679,6429880752593942424,201066,25604015,530
-740844825,399676800000000000,1839765233711478828876276443460127,6429880752593942424,201066,25604016,9
4740105614,-2554636034589828855,1839733755815278090328846808430891,6429880752593942424,201066,25604018,94
2314847958,-1247534105657351899,1839718383860700980305753284778742,6429880752593942424,201065,25604019,375
143842,-77519649672334,1839718382905513840978032567334670,6429880752593942424,201065,25604019,379
-27481776116,14826841038235954932,1839900985983991025004135189814326,6429880752593942424,201067,25604020,14
22746018426,-12259768317854436217,1839749922697742310215580990134150,6429880752593942424,201066,25604020,44
86665048,-46707332100839808,1839749347176011708884964266916937,6429880752593942424,201066,25604020,91
4811404546,-2593016484196156781,1839717396360854027946792061457507,6429880752593942424,201065,25604026,131
29313223456,-15795867813032758122,1839522761712048149937819526103040,6429880752593942424,201063,25604027,6
15499659596,-8350872044030685295,1839419863342249708885732617993392,6429880752593942424,201062,25604030,15
10000000000,-5387281903804018792,1839353481948471519350355559648622,6429880752593942424,201061,25604033,109
107612,-57971421274082,1839353481234155132684393321181708,6429880752593942424,201061,25604037,644
-108378646,58442976000000000,1839354201000914987141131215437951,6429880752593942424,201061,25604039,205
6060385444,-3264713809123250451,1839313973617829004973632650710682,6429880752593942424,201061,25604041,20
56337326132,-30341938254753732155,1838940131526697782956977679237120,6430620923874428071,201057,25604043,6
4332009379,-2332606133122043804,1838911392762590161336226590779591,6430620923874428071,201057,25604043,760
322511,-173655589304745,1838911390623074644278294556043880,6430620923874428071,201057,25604044,226
17345590752,-9339145836820843398,1838796328116224488417024853450101,6430620923874428071,201055,25604045,8
37534246351,-20205043426338798548,1838547392829392924287323457184321,6430620923874428071,201053,25604048,2
77630265914,-41771760381593967112,1838032742282779538800209608576332,6430520150839322559,201047,25604049,2
854766,-459808549363159,1838032736617641164319317740773727,6430520150839322559,201047,25604053,21
-7368975,3968000000000000,1838032785481520416942456624557201,6430520150839322559,201047,25604054,13
23308870695,-12537613300268948767,1837878313986090135318258266852880,6430520150839322559,201045,25604062,7
791046190,-425459026082731742,1837873072056033008659547183583409,6430520150839322559,201045,25604062,374
25057619518,-13475821058478418080,1837707041234918962331940378835274,6430520150839322559,201043,25604063,2
120000000,-64529343658040331,1837706246191717735330975142807214,6430520150839322559,201043,25604063,181
45597092599,-24515546478930832663,1837404198821520906432750460318643,6430520150839322559,201040,25604066,2
37865185054,-20352317765070910608,1837153582642364399622617316451546,6435272269789210401,201037,25604067,2
467385,-251182305720235,1837153579549921422231345188073886,6435272269789210401,201037,25604068,98
183490,-98611225056769,1837153578335864605831199271631339,6435272269789210401,201037,25604068,109
50736506,-27266853654497318,1837153242638690962867768231910526,6435272269789210401,201037,25604069,84
5986655,-3217351949226654,1837153203028108471186489502222457,6435272269789210401,201037,25604070,56
395037,-212300796633340,1837153200414357053622142929978853,6435272269789210401,201037,25604070,116
-19976677057,10747397025516075000,1837285451348614993636680659605730,6435272269789210401,201039,25604075,8
122008,-65578527963573,1837285450541241808303775498856155,6435272269789210401,201039,25604075,541
36666842541,-19705754372924225875,1837042842203245977862393208766464,6435272269789210401,201036,25604077,33
-997179999,536378946691209729,1837049442556489445762681618349328,6435272269789210401,201036,25604077,197
-397163,213633595095299,1837049445185334595258685907587239,6435272269789210401,201036,25604079,624
177360,-95305994677949,1837049444011970280841641941117751,6435272269789210401,201036,25604079,627
-69698343108,37500000000000000000,1837511022744050100714483926441321,6430520150839322559,201041,25604080,14
40037349108,-21522176121950682416,1837245924913753269157119058247680,6435272269789210401,201038,25604080,39
3000000,-1612424790016393,1837245905062308303079271781705865,6435272269789210401,201038,25604080,112
24100732703,-12952415176181192851,1837086440783019258994909803462634,6435272269789210401,201037,25604080,436
2936258925,-1577874914835375187,1837067014700494882303277344228850,6435272269789210401,201037,25604080,444
12349529603,-6635974835482937956,1836985315578738308655649803593420,6435272269789210401,201036,25604080,448
18044228931,-9694939631909739422,1836865955865501484458580127704639,6435272269789210401,201034,25604083,6
64314944591,-34545373533954570790,1836440648846043585256337118274262,6435272269789210401,201030,25604084,2
866997296,-465579460247740866,1836434916842238092853608719622450,6435272269789210401,201030,25604084,662
15171956648,-8146904129683154231,1836334709335151012855817075361639,6442221785818765076,201029,25604085,8
-6825211889,3668500000000000000,1836379802968929031853437367493835,6442221785818765076,201029,25604085,167
165630,-88937959759589,1836379801875147905495518869567503,6442231411491766992,201029,25604086,373
35567379308,-19096112656070856943,1836144953137145874881160129183441,6442231411491766992,201026,25604091,2
9411728043,-5052336060164073198,1836082818252991090005770493010832,6442231411491766992,201026,25604092,8
-418313,224772910141358,1836082821015922028718391161800811,6442231411491766992,201026,25604092,414
-42546553,22861621137338241,1836083102033239950857133626571168,6442231411491766992,201026,25604095,158
4526876728,-2429964326628260724,1836053217728210090352722338136847,6442231411491766992,201025,25604098,127
-1333096,716291988455547,1836053226532942363522104612987115,6442231411491766992,201025,25604099,603
-129565691965,69650000000000000000,1836909898340933848267593943656180,6435281895462212317,201035,25604102,27
28100522788,-15096274890514959270,1836724040108176536973648725652288,6435281895462212317,201033,25604103,5
1351479233,-725970067279208024,1836715102306320266099874612532980,6435281895462212317,201033,25604103,340
-26094717253,14032500000000000000,1836887777462426440222046550945218,6435281895462212317,201035,25604104,18
19878460095,-10679244547904463572,1836756299628772010146801388842024,6435281895462212317,201033,25604104,109
252000000,-135371379239163577,1836754633000051098422858804337872,6435281895462212317,201033,25604104,189
68249491,-36662766035114382,1836754181625327684871123437051680,6435281895462212317,201033,25604105,237
-61704040,33179803261778518,1836754589915205311790830562614635,6435281895462212317,201033,25604105,257
119639225,-64268668311851238,1836753798669603285062969200377667,6435281895462212317,201033,25604105,401
108157,-58100043115578,1836753797954302893747913652897691,6435281895462212317,201033,25604105,497
29797810687,-16005280378249082457,1836556748473721716224214214891817,6435281895462212317,201031,25604107,16
1751354868,-940597350154721182,1836545168281753576786429845682556,6435281895462212317,201031,25604108,311
-10073099,5415323252395263,1836545234919329772955789626459694,6435281895462212317,201031,25604114,359
-5010150,2693469599278675,1836545268063479676585174906630572,6435281895462212317,201031,25604117,283
42635257936,-22894394633296361616,1836263573363115367762453047463576,6442231411491766992,201028,25604119,2
37348741,-20052548251874358,1836263326751894775681547741103833,6442231411491766992,201028,25604119,212
13283734956,-7131699080126428512,1836175619344688761151400522870428,6442231411491766992,201027,25604121,2
7768128387,-4170194664853999173,1836124333254587464424856387702350,6442231411491766992,201026,25604121,94
14232395843,-7639828217799544959,1836030376748998242876604627191677,6442231411491766992,201025,25604123,30
-733719088,394229140000000000,1836035222652746888847543097762808,6442231411491766992,201025,25604124,72
19167210950,-10287613570599234297,1835908703025028851077479839848534,6442231411491766992,201024,25604126,7
17044812249,-9147267964015843963,1835796207650907114231864120029788,6442231411491766992,201023,25604129,5
18164654307,-9747008527322093785,1835676336518328259018466692401443,6442231411491766992,201021,25604130,899
63792207157,-34220306623763643265,1835255460885857736876000025853810,6441560925749735477,201017,25604131,5
7259096,-3893132478656335,1835255413002163665839205719018808,6441560925749735477,201017,25604131,261
2530954,-1357378032937127,1835255396307053796282512990463016,6441560925749735477,201017,25604132,11
-235329156,126336010925350826,1835256949403490407360563548620038,6441560925749735477,201017,25604133,107
31193048,-16729198860555002,1835256743642231399594361309816450,6441560925749735477,201017,25604134,459
189336,-101542937697956,1835256742393301138304757068971510,6441560925749735477,201017,25604134,463
-36031816732,19346131109845688320,1835494571711077095481270541123832,6441560925749735477,201019,25604137,2
-74967551191,40267500000000000000,1835989544734445440764234636128378,6442231411491766992,201025,25604137,54
420761,-225838965945948,1835989541957021726350384767916367,6442231411491766992,201025,25604143,488
-30459263216,16366861992635022435,1836190725050396511686677355362049,6442231411491766992,201027,25604152,50
-36844402,19800000000000000,1836190968433963295182754235212453,6442231411491766992,201027,25604152,107
-567775015,305120152259314597,1836194719001183214141606674769527,6442231411491766992,201027,25604153,103
-699505310,375913229910159969,1836199339763945670663503477645016,6442231411491766992,201027,25604153,164
-36844056,19800000000000000,1836199583147512454159580357495420,6442231411491766992,201027,25604154,141
2500000,-1342157259219343,1836199566641329012278778148090590,6442231411491766992,201027,25604154,687
654831522,-351553921271208332,1836195243143859281905749807250031,6442231411491766992,201027,25604162,143
2798717588,-1502505441296454827,1836176764958634632108236102708947,6442231411491766992,201027,25604162,212
848197914,-455353292857085678,1836171164910703486365697085011667,6442231411491766992,201027,25604162,786
14555213,-7813911492777101,1836171068813278529309234101685217,6442231411491766992,201027,25604165,107
-4810223275,2584979274383647749,1836202843635291706367895932160328,6442231411491766992,201027,25604169,99
19118552,-10264076789970693,1836202717405125164371429916225436,6442231411491766992,201027,25604175,404
4812084,-2583437672433175,1836202685633366796316729922927542,6442231411491766992,201027,25604177,459
19638452,-10543190927141908,1836202555970585247603355563846598,6442231411491766992,201027,25604179,228
134148,-72018821230449,1836202555084879890550603028741739,6442231411491766992,201027,25604179,232
-1033710375,555520000000000000,1836209383591901080840533750686024,6442231411491766992,201027,25604184,59
-57231057,30756314839125506,1836209761651578185008913923662962,6442231411491766992,201027,25604187,522
2500000,-1342172139073415,1836209745145211746985736820935436,6442231411491766992,201027,25604189,1318
-13132481229,7057809261351208326,1836296500437722113093222775636460,6442231411491766992,201028,25604191,272
-186535732,100254984539721688,1836297732741518999208255555209297,6442442779885256482,201028,25604203,106
-405752325,218075000000000000,1836300413253133855276508555694193,6442442779885256482,201028,25604203,221
-856281620,460217848704390469,1836306070111044281466546994111553,6442442779885256482,201028,25604204,50
-2997668866,1611152000000000000,1836325873901709413114273502135129,6442442779885256482,201028,25604204,408
33020697264,-17727921233339204863,1836107858674798838702008768032886,6442442779885256482,201026,25604209,2
-17372140625,9335442100797585750,1836222607091540804827772462334352,6442442779885256482,201027,25604217,50
1187060000,-637301745920162906,1836214769653472431892802671786478,6442442779885256482,201027,25604219,30
61339499005,-32924184978209652115,1835809873130953414002852477732177,6442442779885256482,201023,25604221,2
247543163,-132840218732714775,1835808239482538088318172800202871,6442442779885256482,201023,25604221,173
37779152635,-20270828322952867259,1835558951978474565023557586927919,6442442779885256482,201020,25604222,58
-55863283,30000000000000000,1835559320729355893383285157784490,6442442779885256482,201020,25604223,888
-378273,203142492013498,1835559323226321658890504228603907,6442442779885256482,201020,25604225,472
6486723251,-3479971801299207081,1835516527072620577611574701522499,6442442779885256482,201020,25604226,105
-2150478784,1154816960000000000,1835530721731679675516320695014858,6442442779885256482,201020,25604230,45
-69460100197,37310000000000000000,1835989324911091712230842983637933,6442442779885256482,201025,25604231,12
16881749980,-9060559997651492603,1835877899548928548354204589028226,6442442779885256482,201024,25604231,47
60082261662,-32237673743821336124,1835481443355360833212362352754688,6441772294143224967,201019,25604231,103
25254506778,-13546375043479742680,1835314834795725812189077912463207,6441772294143224967,201017,25604232,2
22124572706,-11865475272042158322,1835168899832452265680643940040967,6441772294143224967,201016,25604233,2
52072777828,-27919342637566922026,1834825516348097858827485045574126,6441772294143224967,201012,25604233,410
101879,-54613195493206,1834825515676403342103725405890644,6441772294143224967,201012,25604239,604
475246,-254760033694461,1834825512543077848739821686301850,6441772294143224967,201012,25604243,422
49950000,-26776177973056304,1834825183219518571591204535001474,6441772294143224967,201012,25604243,521
32959086,-17668029577690203,1834824965918214711354878442174597,6441772294143224967,201012,25604244,81
-8908810643,4780584000000000000,1834883733519790173427605650694200,6441772294143224967,201013,25604247,13
141615322,-75919048135494932,1834882799781929076421416812567782,6441772294143224967,201013,25604250,950
-128033742,68706738562622916,1834883644392176987065637821957553,6441772294143224967,201013,25604250,967
-1902428351,1020907450000000000,1834896194382359571655143967858423,6441772294143224967,201013,25604255,390
-848400000,455284660707163600,1834901791185499911417562339872864,6441772294143224967,201013,25604257,1052
-7733077076,4150000000000000000,1834952807033467056770895304078984,6441772294143224967,201013,25604258,1341
-2786619978,1495512095441572473,1834971191326887315622126378324182,6441772294143224967,201014,25604262,83
-7862014417,4219516086046533743,1835023061734391092532063792198936,6441772294143224967,201014,25604264,64
-107407064,57646653808638409,1835023770383289048232708968747148,6441772294143224967,201014,25604264,134
-590946494,317168834223794556,1835027669331970175420905033515318,6441772294143224967,201014,25604265,256
-47089088471,25277672791021000000,1835338407142107518575771072196969,6441772294143224967,201018,25604265,343
363741,-195095853001054,1835338404742599240166118958202206,6441772294143224967,201018,25604271,114
-804622460,432000000000000000,1835343715307977988790851449897879,6441772294143224967,201018,25604281,146
-13763383,7389551745206694,1835343806147555911397667049886945,6441772294143224967,201018,25604281,557
-14163230,7604229814738775,1835343899626166064637953822219522,6441772294143224967,201018,25604282,566
-3695291,1984000000000000,1835343924015429285557563704773976,6441772294143224967,201018,25604283,34
4394052358,-2356768452984843158,1835314937825685922524222012724187,6441772294143224967,201017,25604285,66
-1860729955,999000000000000000,1835327218508124278718915899770431,6441772294143224967,201018,25604292,144
-4838246977,2597650000000000000,1835359151355707858267611170727064,6441772294143224967,201018,25604292,365
1901871468,-1020102820784803797,1835346604983626392553183313689008,6441772294143224967,201018,25604295,11
-1862540,1000000000000000,1835346617276601806323147972234599,6441772294143224967,201018,25604295,824
669010447,-358832422567883099,1835342203951791110473674869943850,6441772294143224967,201018,25604297,480
243173,-130428454196094,1835342202347635251855749430546457,6441772294143224967,201018,25604300,236
-29494595,15835603923376515,1835342397014324944122430502797689,6441772294143224967,201018,25604303,225
-9672558672,5193363335041796623,1835406238902117387315862888933433,6441772294143224967,201018,25604313,139
607252,-325729223136297,1835406234895932963543081564128698,6441772294143224967,201018,25604313,286
-7310366139,3925301192171759640,1835454488526979972915598935150996,6441772294143224967,201019,25604322,35
-200482223,107651840000000000,1835455811888402340013631162555681,6441772294143224967,201019,25604324,3
-1619037933,869371610000000000,1835466499052229499623976005437114,6441772294143224967,201019,25604327,160
89370583421,-47926052044329848606,1834877050548517637111442961091497,6441772294143224967,201013,25604341,33
-1769010096,949303419621727447,1834888720312115254758783592267409,6441772294143224967,201013,25604341,56
-36472460453,19574898062914574935,1835129354052729716935271919910912,6441772294143224967,201015,25604341,59
-1266813150,679995344652429824,1835137713218783007288511335405393,6441772294143224967,201016,25604342,41
-22967991278,12329749051200000000,1835289282520727362437675095448308,6441772294143224967,201017,25604342,590
-37932485094,20367495582759952384,1835539655864187121186048719236285,6442442779885256482,201020,25604345,2
-22066463,11850000000000000,1835539801520785245888141109724630,6442442779885256482,201020,25604346,188
-10354550,5560539525513440,1835539869869246935696811702501813,6442442779885256482,201020,25604346,225
151094,-81058244009359,1835539868872405217591741555589824,6442442779885256482,201020,25604346,319
-30901621424,16596450304057131008,1835743867394956663952869318435457,6442442779885256482,201022,25604347,38
-9243888763,4965367023369851904,1835804900177156210854252813705955,6442442779885256482,201023,25604349,78
255362824,-137035772787362195,1835803214932467571445734090197574,6442442779885256482,201023,25604349,289
131710,-70679611602439,1835803214063260665647975289089241,6442442779885256482,201023,25604349,293
-15986327227,8587840217676449000,1835908773184893176421835801946538,6442442779885256482,201024,25604351,13
114429,-61412806563585,1835908772429648002329117613252782,6442442779885256482,201024,25604351,357
-870385057,467598397401547282,1835914520007019653967550954701039,6442442779885256482,201024,25604354,342
-4878060535,2620702680220565504,1835946732887787351568282559754164,6442442779885256482,201024,25604356,11
-3597451604,1932763730632884466,1835970489832089697055147187145741,6442442779885256482,201025,25604356,508
106739440,-57290125400370155,1835969785287009396947014743513612,6442442779885256482,201025,25604357,32
17907036,-9611216439216357,1835969667089759685469570359837168,6442442779885256482,201025,25604357,45
-39014189,20960985276391794,1835969924735819491477767547934443,6442442779885256482,201025,25604357,59
-227342077012,122243129056660993462,1837473734291572638296743865584427,6430741144905813965,201041,25604358,17
123052995680,-66124988019652688343,1836659562303237132053777650949762,6435493263855701807,201032,25604358,22
-28968866326,15577300000000000000,1836851240504880750767259623142502,6435493263855701807,201034,25604358,230
112776,-60587904382026,1836851239758975481665645062957565,6435493263855701807,201034,25604358,256
3645952737,-1958740645473980286,1836827125457892377123133059935242,6435493263855701807,201034,25604359,34
35203134574,-18909780558209204929,1836594324784230065632688636457667,6435493263855701807,201031,25604360,25
-223201128,120000000000000000,1836595801380572001285569292069559,6435493263855701807,201031,25604361,48
633119525,-340044317921648151,1836591615052441776924793665616572,6435493263855701807,201031,25604361,877
19351219,-10393387374901526,1836591487098149813444788962133865,6435493263855701807,201031,25604362,91
751965713,-403873750790262515,1836586514957887843016854773760952,6435493263855701807,201031,25604363,58
98809088,-53069274155715619,1836585861615415877784515563394592,6435493263855701807,201031,25604363,120
14986070936,-8048416768969157615,1836486776549887835223138732517053,6435493263855701807,201030,25604363,416
111158,-59695050026379,1836486775814974607770926807555999,6435493263855701807,201030,25604364,368
486047025,-261021794034559304,1836483562343019989531062406706502,6435493263855701807,201030,25604365,34
4975189119,-2671772880955536944,1836450669812900748023403782860171,6435493263855701807,201030,25604367,426
5409924044,-2905125340225230084,1836414911333259239257388693639298,6442442779885256482,201029,25604368,107
-30402570,16342180907136629,1836415112206379650394886986839447,6442442779885256482,201029,25604368,241
42000000,-22553532387809044,1836414834846534892272803740523915,6442442779885256482,201029,25604372,429
6221821728,-3340973741338831486,1836373748069425884386943026434116,6442442779885256482,201029,25604376,380
853031128,-458046247131810809,1836368115087691050206521019567900,6442442779885256482,201029,25604377,274
1500544143,-805730029960327228,1836358206344697533569743975781084,6442442779885256482,201029,25604377,288
1008415171,-541472278203307019,1836351547402566389856209151551336,6442442779885256482,201029,25604379,362
499400,-268153554268095,1836351544104855552180960043432552,6442442779885256482,201029,25604389,288
106054,-56945360493907,1836351543404550337250504270722163,6442442779885256482,201029,25604393,450
-26164365457,14064386345284669440,1836524529938679622077433629887887,6435493263855701807,201031,25604396,10
-235014649,126341725074586332,1836526084569755280195164469470119,6435493263855701807,201031,25604397,55
-20416162098,10976358412497823744,1836661148325419187833318021717712,6435493263855701807,201032,25604398,77
-480922481,258578221390213412,1836664330122550929637601896294976,6435493263855701807,201032,25604398,86
-2456099015,1320587951625759975,1836680579917039053755114467302942,6435493263855701807,201032,25604398,278
5091681,-2734966834184523,1836680546246520272095949606580954,6435493263855701807,201032,25604398,484
-1496653798,804727754300850176,1836690448397005728164476094817843,6435493263855701807,201032,25604398,539
-8063862195,4335964142910665451,1836743802303607278556429940686848,6435493263855701807,201033,25604400,481
-25446082,13682837783167280,1836743970670509094587622394401754,6435493263855701807,201033,25604401,640
-2038039756,1095900487123783106,1836757455692595865239250945254824,6435493263855701807,201033,25604403,480
-5857993,3150000000000000,1836757494453249841050139062464636,6435493263855701807,201033,25604404,100
-959955439,516195543500000000,1836763846223676970934978707166444,6435493263855701807,201033,25604404,464
-21916988,11785434349484745,1836763991243087375701348491860824,6435493263855701807,201033,25604406,725
-10936211,5880735673174120,1836764063605360566529709593357453,6435493263855701807,201033,25604406,759
18824134,-10112192613830916,1836763939112892478056642422846443,6435493263855701807,201033,25604408,259
-5267032,2832244502390102,1836763973963574742194864866247918,6435493263855701807,201033,25604408,387
2491459,-1338394150431377,1836763957486436951674209292709156,6435493263855701807,201033,25604412,245
168732,-90641305031267,1836763956370540508140410973303663,6435493263855701807,201033,25604413,338
357422,-192004433354524,1836763954006749913453739897273948,6435493263855701807,201033,25604413,558
1524945,-819189457192137,1836763943921606042833740630656647,6435493263855701807,201033,25604415,14
-10689380,5748006947217308,1836764014650656306848706228193802,6435493263855701807,201033,25604415,271
-55467107,29826367353026067,1836764381663197362742630522592950,6435493263855701807,201033,25604418,270
-71708865,38560077158034953,1836764856143771332000437587094280,6435493263855701807,201033,25604420,134
6050093247,-3250000000000000000,1836724844987265655229867879418360,6435493263855701807,201033,25604420,325
-19969089,10737533281563058,1836724977112285363299346660884769,6435493263855701807,201033,25604425,194
-409440,220159306268438,1836724979821338915624892076717441,6435493263855701807,201033,25604425,214
-20367885940,10952773822871701504,1836859753369346423382653939250237,6435493263855701807,201034,25604427,2
-619203258,333000000000000000,1836863850924195294819397758573237,6435493263855701807,201034,25604427,635
-83421332632,44876567733036941312,1837416112162609320909613948358154,6430741144905813965,201040,25604428,2
-220125891,118452586217327445,1837417570795160269775234616834825,6430741144905813965,201040,25604428,783
-1335316075,718554862975978974,1837426419124658592251403168368037,6430741144905813965,201040,25604431,751
-613246435,330000000000000000,1837430482765286328188049792312928,6430741144905813965,201040,25604432,376
-198355279,106739200000000000,1837431797158467213132561644805590,6430741144905813965,201041,25604435,37
39305705234,-21127113800221607722,1837171630595282655726536858246107,6435493263855701807,201038,25604437,41
5009376258,-2692147867271091085,1837138487226158407246799192574808,6435493263855701807,201037,25604437,108
179982274,-96724584568848583,1837137296437699597779423439775461,6435493263855701807,201037,25604439,316
-5658950,3044228158238648,1837137333896834285051894177587298,6435493263855701807,201037,25604443,259
-3725878030,2004360078101341749,1837161997486494670891348553941532,6435493263855701807,201038,25604444,194
-1000000000,537965599592103742,1837168617136798378562519147461847,6435493263855701807,201038,25604445,460
-49536204,26648874774927243,1837168945050390123219697857777745,6435493263855701807,201038,25604449,40
-2706732121,1456148737015294464,1837186862916210048259913664063035,6435493263855701807,201038,25604453,38
-100937283,54302080000000000,1837187531101649110736393477325446,6435493263855701807,201038,25604453,42
17915882600,-9628104522706034612,1837068998302599570584153343229630,6435493263855701807,201037,25604454,110
15822402,-8502505767532812,1837068893627187584376541734553005,6435493263855701807,201037,25604454,171
-4317968232,2322710700000000000,1837097474511545874373686606325981,6435493263855701807,201037,25604454,287
-2142005515,1152249082344139127,1837111652901379108279604992631829,6435493263855701807,201037,25604455,26
-10642536382,5725203593287978295,1837182101357068157314126686715904,6435493263855701807,201038,25604455,285
-14426741936,7761636240381662208,1837277608054401346948838529918620,6435493263855701807,201039,25604456,7
-65106366,35029275964966834,1837278039088574267986449974666042,6435493263855701807,201039,25604456,291
-837140120,450409215874908374,1837283581360245392948923205417364,6435493263855701807,201039,25604458,152
-6471815202,3482143448928657408,1837326429029235253394315740574356,6435493263855701807,201039,25604460,5
-7130212663,3836580584859178463,1837373663131489801720435767771136,6430741144905813965,201040,25604461,108
-24135658651,12988229839753205760,1837533601005608569420112093716841,6430741144905813965,201042,25604462,2
-689930,371307583285672,1837533605577913359802236569884096,6430741144905813965,201042,25604462,381
-2785184318,1498949213612848640,1837552063732226541635077984667126,6430741144905813965,201042,25604463,19
-24063765555,12952053243012444160,1837711556125471706370174838719505,6430741144905813965,201044,25604464,2
-12125169612,6527089130382992384,1837791931109020427436856652600236,6430741144905813965,201044,25604467,10
-36815117897,19821411898792755200,1838036013214144738817724860907601,6430741144905813965,201047,25604470,5
-2530831376,1362803505773080131,1838052794861701346255608208503962,6430741144905813965,201047,25604471,163
4999924661,-2689646626028686538,1838019657816500615418052852916938,6430741144905813965,201047,25604471,325
362443357,-194968078288983714,1838017255766372379436351625081266,6430741144905813965,201047,25604478,184
-1000000000,538466599261031013,1838023886477734306500295736350260,6430741144905813965,201047,25604480,503
4365567503,-2348333668973214834,1837994954484147453225233813414128,6430741144905813965,201047,25604481,292
-659066,354875313179100,1837994958854104242361910194302885,6430741144905813965,201047,25604481,444
6899485728,-3711232642697716945,1837949235641753078144751178269028,6430741144905813965,201046,25604483,64
26123092615,-14049935844976591314,1837776137304351861436396849420897,6430741144905813965,201044,25604484,22
371690521,-199889393396641820,1837773674622525917903545375797142,6430741144905813965,201044,25604484,315
2945845591,-1584211093083897374,1837754156789182683610374292574775,6430741144905813965,201044,25604485,75
55388628449,-29780525381377578004,1837387254086755448249698142639262,6430741144905813965,201040,25604487,6
5431000000,-2919418332432752968,1837351286202980133823857523939384,6430741144905813965,201040,25604487,147
27982663796,-15040189499324177640,1837166115977383475102271098735658,6435493263855701807,201038,25604487,445
338140555,-181726062199152129,1837163878725101687216981661063376,6435493263855701807,201038,25604488,414
48565170,-26100225559788510,1837163557401960239166773900849560,6435493263855701807,201038,25604488,680
-21844603444,11752547847584464223,1837308172144961630423502650108005,6435493263855701807,201039,25604491,48
31825684677,-17104706307147666209,1837097593966180423705142914711552,6435493263855701807,201037,25604491,77
7971170937,-4283489861786694288,1837044859386718753802385595111964,6435493263855701807,201036,25604491,112
25833909532,-13880748557361683718,1836873971755043509070306554372692,6435493263855701807,201034,25604492,2
10574793016,-5681168762034177987,1836804030175821074779408491248752,6435493263855701807,201034,25604493,5
9962347294,-5351744572002040588,1836738144179006065613136425375043,6435493263855701807,201033,25604495,13
12830983307,-6892202009299169235,1836653293418002124393102917836060,6435493263855701807,201032,25604496,25
73247146,-39343100771106595,1836652809060167548590511772400725,6435493263855701807,201032,25604502,88
3491602456,-1875413752603145751,1836629720606884993808776143601347,6435493263855701807,201032,25604502,492
-17044999770,9164840587773616128,1836742493690937743145494980745322,6435493263855701807,201033,25604507,17
306687,-164745899918861,1836742491662730363046372427932417,6435493263855701807,201033,25604509,455
18579929076,-9980106521201461805,1836619625323049403959810402148930,6435493263855701807,201032,25604514,2
11600678576,-6230563516466847751,1836542920076287584005328168371226,6435493263855701807,201031,25604515,149
594675537,-319377957378294970,1836538988174306929751433269348101,6435493263855701807,201031,25604515,858
4189500000,-2249984780009513294,1836511288330255129334414250589033,6435493263855701807,201030,25604515,909
27437001268,-14733454780164099770,1836330001499252077767396127220124,6442442779885256482,201029,25604518,2
2931049682,-1573778807821799692,1836310647411461509686417311589732,6442442779885256482,201028,25604518,28
30019234590,-16116423589846981629,1836112450132734904997723081162270,6442442779885256482,201026,25604520,2
-4511312,2424150135185917,1836112479929651532400021090619863,6442442779885256482,201026,25604520,264
2696256,-1447382028069619,1836112462129971743522217503619668,6442442779885256482,201026,25604522,49
-382987235,205798160268370937,1836114991738404234082441901519891,6442442779885256482,201026,25604526,348
-4973721917,2672680577666717433,1836147843515688360470577194126784,6442442779885256482,201027,25604528,81
-34045323,18294933743210805,1836148068391453082234955590056956,6442442779885256482,201027,25604529,344
-22830908846,12269653673588260864,1836298883244977396160365472283163,6442442779885256482,201028,25604530,6
-137942162236,74175000000000000000,1837211472181434339059471642221618,6435493263855701807,201038,25604539,32
72110617422,-38746133335755644049,1836734463687623034742784309329920,6435493263855701807,201033,25604539,79
-73602207,39576896600242634,1836734950680129243774860206471976,6435493263855701807,201033,25604543,240
1255000000,-674152849634112310,1836726651100075256560564121556280,6435493263855701807,201033,25604547,203
3624464069,-1946932153360003397,1836702682174815557673199072655209,6435493263855701807,201033,25604549,135
500057499,-268608971344939310,1836699375296172077299742910454452,6435493263855701807,201033,25604550,495
7297972014,-3920040641546338499,1836651115185520531415726559994971,6435493263855701807,201032,25604556,507
5255257533,-2822687180604389632,1836616364730582153032443415531415,6435493263855701807,201032,25604560,26
32119209654,-17249446434330242422,1836404023277500987831291854378468,6442442779885256482,201029,25604561,5
2787739050,-1496951972898006391,1836385613994215599579769572703234,6442442779885256482,201029,25604562,390
102313,-54938731989679,1836385613318587590900199256223995,6442442779885256482,201029,25604566,340
-20683599467,11118450195082637312,1836522386989375695417357934137603,6435493263855701807,201031,25604568,5
-261087766,140358080000000000,1836524114091271438015040228227823,6435493263855701807,201031,25604568,9
-21066088191,11325780935927588864,1836663477480434398287665817236165,6435493263855701807,201032,25604570,2
-56548363,30404463316501613,1836663851606428662146249795622182,6435493263855701807,201032,25604570,759
-6964190,3744450000000000,1836663897681771766820878370379731,6435493263855701807,201032,25604570,852
-44335522857,23841776484482027520,1836957270014623713753908300216982,6435493263855701807,201035,25604571,2
356594,-191599739236739,1836957267655815358969891427885664,6435493263855701807,201035,25604571,295
70813814,-38048681098975874,1836956799233743271059332222611832,6435493263855701807,201035,25604571,394
-51363268162,27630512666328387584,1837296791849817497890839709878692,6435493263855701807,201039,25604579,2
-9597611151,5164102326579343360,1837360351236821115778835592309217,6430741144905813965,201040,25604580,9
6008692698,-3229854072712280656,1837320572834049223125196155058004,6435493263855701807,201039,25604584,291
145063,-77973810458297,1837320571874103889712602543789998,6435493263855701807,201039,25604585,286
-37245076294,20042648312118263808,1837567364179108885474975632778864,6430741144905813965,201042,25604590,2
-48130849423,25908573056259579904,1837886403967224282608095290881402,6430741144905813965,201045,25604591,2
-33352327771,17958653358493110272,1838107547947245491788482893135606,6430741144905813965,201048,25604592,2
-5282263,2844591774827129,1838107582975726417579376430558097,6430741144905813965,201048,25604596,122
122709459,-66015107169398685,1838106769654909833801402747024676,6430741144905813965,201048,25604600,111
-5034280,2711046457168273,1838106803038905370251598098686129,6430741144905813965,201048,25604601,245
-28488684293,15343221327250448384,1838295739842341644638262103592146,6430841917940919477,201050,25604602,2
-35314453,19021349969936955,1838295974068763717507957856484794,6430841917940919477,201050,25604602,53
14569984,-7839954231099392,1838295877480295854062113766825103,6430841917940919477,201050,25604602,82
-1771185989,954016320000000000,1838307625112802794711953159004475,6430841917940919477,201050,25604605,73
717976,-386340223749910,1838307620353079818524133053763218,6430841917940919477,201050,25604609,452
603512,-324747442239509,1838307616352181731126943491418789,6430841917940919477,201050,25604609,486
844012,-454159196003582,1838307610756927012155322853314110,6430841917940919477,201050,25604609,504
121186,-65209518408205,1838307609953543817878886835397031,6430841917940919477,201050,25604609,518
-6154003280,3314833892639565687,1838348428385656468922396454978432,6430841917940919477,201050,25604609,1016
1513300,-814337091413249,1838348418352999432230638543664524,6430841917940919477,201050,25604609,1147
1033800,-556308590960780,1838348411499261148016293358727074,6430841917940919477,201050,25604610,51
627723,-337790338808165,1838348407337674189366443156307468,6430841917940919477,201050,25604614,490
146066,-78600541282748,1838348406369313197458763995399549,6430841917940919477,201050,25604614,652
2392907,-1287671234520169,1838348390505165526702002259148663,6430841917940919477,201050,25604621,759
-5338716543,2875801468115881482,1838383802749277184848540936277958,6430841917940919477,201051,25604623,16
369803,-199006066028454,1838383800297516569082203777809826,6430841917940919477,201051,25604635,68
-18804118,10129393032441336,1838383925029540926365692763206998,6430841917940919477,201051,25604636,475
22634226,-12180402904152521,1838383774966617114298961921608522,6430841917940919477,201051,25604637,518
-697733,375854652742584,1838383779594842275524360189520817,6430841917940919477,201051,25604640,458
16913386690,-9101229770033687215,1838271652175057904739938315682347,6430841917940919477,201050,25604641,10
29060802,-15636896143114240,1838271459528035220344057455972831,6430841917940919477,201050,25604642,79
14549910132,-7828534035356232486,1838175010448515473330159320790699,6430741144905813965,201049,25604642,107
28044182,-15088291477796050,1838174824557405517461545073161844,6430741144905813965,201049,25604642,151
13429541362,-7224992630129505136,1838085811039777348897898844966286,6430741144905813965,201048,25604643,2
1977915869,-1064044799693474097,1838072701770967897056674962657359,6430741144905813965,201047,25604645,28
1159093866,-623542117754781593,1838065019593264460987123770181053,6430741144905813965,201047,25604645,75
-436534,235070640572377,1838065022487939022859304105965720,6430741144905813965,201047,25604646,505
5045960808,-2714446857102597975,1838031579898370443898430273855540,6430741144905813965,201047,25604648,114
416226146,-223902155074087340,1838028821373974922824823039052642,6430741144905813965,201047,25604648,128
10135308,-5452117230413495,1838028754202676895970752751046403,6430741144905813965,201047,25604649,111
1299506,-699047099125805,1838028745590261013154878039245778,6430741144905813965,201047,25604652,89
676785,-364064692810908,1838028741104902949788013482406161,6430741144905813965,201047,25604652,107
597453,-321389566309703,1838028737145311945235607581987371,6430741144905813965,201047,25604652,125
683229,-367531249485144,1838028732617245131918689628692747,6430741144905813965,201047,25604652,166
1503537881,-808798325013432346,1838018768041826606418574114097877,6430741144905813965,201047,25604658,21
-30023376,16166555271071141,1838018967117798758125377454374876,6430741144905813965,201047,25604658,53
33604698,-18076882876163341,1838018744406577455348519114341801,6430741144905813965,201047,25604658,429
13284761,-7146233585654686,1838018656363388788416733703501467,6430741144905813965,201047,25604658,472
13959543,-7509216631580317,1838018563848168188540500414649225,6430741144905813965,201047,25604658,546
14786457,-7954034980940531,1838018465852686499263191621462078,6430741144905813965,201047,25604658,670
3206442313,-1724812064384304981,1837997215784076311885046013792236,6430741144905813965,201047,25604659,166
17815137025,-9582406715209464582,1837879158400113376346494227366958,6430741144905813965,201045,25604660,2
8603297501,-4627101291098668478,1837822151482123599773043434221907,6430741144905813965,201045,25604664,2
12149859134,-6534055420919803424,1837741650464729060231329404094884,6430741144905813965,201044,25604666,100
19437235909,-10451933099278118260,1837612880322140782618787280756530,6430741144905813965,201042,25604668,5
415694830,-223514475848523083,1837610126574039625491147551063093,6430741144905813965,201042,25604668,312
137098282,-73716070576469100,1837609218375639481208391475721328,6430741144905813965,201042,25604669,70
1609912,-865629554502948,1837609207710890663626442805715134,6430741144905813965,201042,25604671,320
-47596725417,25622174612826533888,1837924720770671349067880436390774,6430741144905813965,201046,25604676,5
566944,-304943111522161,1837924717013704328801177586007954,6430741144905813965,201046,25604676,121
-112390048,60512000000000000,1837925462162254830489051405729630,6430741144905813965,201046,25604680,3
-196367430,105726434728033520,1837926764084180850212277306668382,6430741144905813965,201046,25604691,404
911846091,-490456107967912875,1837920721555745542698529204375587,6430741144905813965,201046,25604693,349
12908597152,-6942821736391690344,1837835184446344995654656451733312,6430741144905813965,201045,25604696,95
90962841,-48921596920346248,1837834581721380030625790031618824,6430741144905813965,201045,25604697,273
6411804584,-3448313223370229647,1837792097734805997151090556661041,6430741144905813965,201044,25604698,342
38779895866,-20852700883684216358,1837535187817699067171569487839232,6430741144905813965,201042,25604700,45
3615017978,-1943568097231735189,1837511242626064818810001350942871,6430741144905813965,201041,25604701,86
5645103143,-3034916067412505623,1837473851784482494209601825766368,6430741144905813965,201041,25604702,20
7606463526,-4089185814848899333,1837423472104910643226850912562576,6430741144905813965,201040,25604703,20
3442238227,-1850451409006963447,1837400674131604923987246588943084,6430741144905813965,201040,25604705,39
789536877,-424426563256209638,1837395445101859935523447227321714,6430741144905813965,201040,25604709,603
10357949533,-5567836563601485803,1837326857590079097853144656874415,6435493263855701807,201039,25604710,8
5980639841,-3214657975061922627,1837287281533662967219539443987904,6435493263855701807,201039,25604711,97
294770,-158438288636773,1837287279583109378561832600079783,6435493263855701807,201039,25604712,406
164395,-88361738225364,1837287278495276967100692002950386,6435493263855701807,201039,25604713,240
1078019594,-579432345747718116,1837280145031193839911903333306738,6435493263855701807,201039,25604715,5
238761440,-128332959601775317,1837278565108076466580619363339349,6435493263855701807,201039,25604716,16
22534057722,-12110938663183541793,1837129465827373916273205096269240,6435493263855701807,201037,25604719,2
1059164472,-569200017166212093,1837122458334767802052752498788859,6435493263855701807,201037,25604720,106
30787333319,-16543361798516816871,1836918790938444574145947208623329,6435493263855701807,201035,25604722,2
804227911,-432097176328070210,1836913471336060659244701322210337,6435493263855701807,201035,25604723,163
199904278,-107404580452468195,1836912149064836686857945745439566,6435493263855701807,201035,25604723,328
153672911,-82565284226826485,1836911132593295414476355640863052,6435493263855701807,201035,25604729,51
120000000,-64473460638226326,1836910338852457242579595878137691,6435493263855701807,201035,25604729,255
21065690152,-11317286174777982469,1836771010326808450626843356635071,6435493263855701807,201033,25604730,8
-16215110,8719428314076534,1836771117619108053423226983396292,6435493263855701807,201033,25604731,375
2539003229,-1363932874501006498,1836754326070891161926476537795573,6435493263855701807,201033,25604732,7
-8608992,4629270169763583,1836754383033919482799352825277601,6435493263855701807,201033,25604732,69
-17683547,9508885542993920,1836754500040466221712990727611627,6435493263855701807,201033,25604733,88
-80299371,43178994863235650,1836755031356681750980548059472692,6435493263855701807,201033,25604736,22
84342,-45307044356613,1836755030798901060961444863700022,6435493263855701807,201033,25604736,710
-509633608,274043412895577085,1836758402894742837385168355426501,6435493263855701807,201033,25604736,731
-5485943473,2950000000000000000,1836794702554815422185151139218851,6435493263855701807,201034,25604739,232
52111819476,-27989788839087781986,1836450116766050341692849955757672,6435493311638025388,201030,25604742,2
280873,-150831143675724,1836450114909149279929333903171565,6435493311638025388,201030,25604742,158
-145466073,78194867883617319,1836451077094607761642131172881919,6435493311638025388,201030,25604742,199
-33862027,18202446855341668,1836451301075159772592404972167547,6435493311638025388,201030,25604742,242
3680191793,-1976274023109626479,1836426970918652190881031165720592,6435493311638025388,201030,25604743,382
-954700393,513185000000000000,1836433285644386440633773887605979,6435493311638025388,201030,25604747,234
12630701408,-6782373147523252291,1836349864125377382046548031611911,6442442827667580063,201029,25604750,75
28482530517,-15292151020966419216,1836161803624308032730258079262749,6442442827667580063,201027,25604752,2
500000000,-268419925942285663,1836158502637697287518013989594142,6442442827667580063,201027,25604752,140
-422422271,226999990000000000,1836161292852555727341230190991403,6442442827667580063,201027,25604759,435
17901916,-9610473223350835,1836161174664446845932635259095403,6442442827667580063,201027,25604760,47
35564872038,-19090220724143932554,1835926406091341288173968639972417,6442442827667580063,201024,25604760,207
50000000,-26835154121587097,1835926076076778689383224829244921,6442442827667580063,201024,25604762,153
-63832600,34293440000000000,1835926497601316355726606938687502,6442442827667580063,201024,25604764,3
-3775287332,2028264186726198272,1835951428408012183345242024978259,6442442827667580063,201024,25604765,17
-3629514474,1950000000000000000,1835975397215120754826992278467963,6442442827667580063,201025,25604768,78
-315944807,169747530000000000,1835977483700148306853072045445784,6442442827667580063,201025,25604768,481
-13028826,7000000000000000,1835977569742019958720193194904168,6442442829159698047,201025,25604769,318
-129962472,69825000000000000,1835978428009689686094726660751551,6442442829159698047,201025,25604770,26
50000000,-26836674918765994,1835978097976424635948914471482412,6442442829159698047,201025,25604774,6
3759208,-2017692258340568,1835978073163158242022654995790685,6442442829159698047,201025,25604779,49
-2734349803,1469100000000000000,1835996130893678778878037948549602,6442442829159698047,201025,25604783,166
76773,-41207113459406,1835996130386920089902385208145063,6442442829159698047,201025,25604783,219
-11436717204,6144984700329127377,1836071662670475576462585008490348,6442442829159698047,201026,25604787,119
-4926009962,2646916682473929216,1836104197063973358354607685862268,6442581753445375894,201026,25604789,11
-502768038,270160049648611334,1836107517717555258466320163984712,6442581753445375894,201026,25604790,1194
-8991368347,4831634660063941000,1836166905421108179115635081620444,6442581753445375894,201027,25604794,44
-5653233329,3038002226779278336,1836204246815549350076622216413811,6442581753445375894,201027,25604795,334
-26648065061,14322120503955589120,1836380286170049482106091108044952,6442581753445375894,201029,25604796,5
-31519049,16941678804872284,1836380494407523823603433784938177,6442581753445375894,201029,25604796,282
-494395323,265740961794104906,1836383760744192723867840225931673,6442581753445375894,201029,25604804,821
428662541,-230178832034918260,1836380930101663111662193526210685,6442581753445375894,201029,25604805,138
429454689,-230603480043256686,1836378094236990777246901616895464,6442581753445375894,201029,25604809,135
421251,-226197810022306,1836378091455305183077444239402581,6442581753445375894,201029,25604814,77
2666544,-1431846519465466,1836378073847058507895292382163434,6442581753445375894,201029,25604816,160
420941051,-226031231675077145,1836375294209974837913073623020507,6442581753445375894,201029,25604819,135
-484558693,260452219903899629,1836378495540438252585650099740959,6442581753445375894,201029,25604820,1284
430283141,-231047719177379688,1836375654212699765432598503569405,6442581753445375894,201029,25604822,128
-51627349,27749872547783083,1836375995298340639873880183733023,6442581753445375894,201029,25604829,792
427992554,-229817126168191604,1836373169103917747626734416666742,6442581753445375894,201029,25604834,124
-473235344,254365275754831104,1836376295617127768541570478897651,6442581753445375894,201029,25604842,776
42636956719,-22891097026465416696,1836094790527281961878751423640579,6442581753445375894,201026,25604846,330
89868327726,-48225882943042499873,1835501728720119343386086129686455,6441911267703344379,201019,25604846,337
102387,-54925576248813,1835501728044597390290003784455091,6441911267703344379,201019,25604846,445
-73987801797,39741414132152000512,1835990207058908076539922774825961,6442581753445375894,201025,25604847,5
-614094774,329940111014641434,1835994262494983389391887923134080,6442581753445375894,201025,25604848,214
-3105060411,1668305486629307136,1836014768356590554274445254312668,6442581753445375894,201025,25604848,253
-10958929122,5888377063300718950,1836087144936370800476887116819621,6442581753445375894,201026,25604848,258
29908478,-16054783968661717,1836086947501385560235496816634582,6442581753445375894,201026,25604848,660
32671600,-17538016211767621,1836086731826233613479725119602021,6442581753445375894,201026,25604849,4
-9934806328,5338501196017122611,1836152349644788168997228230537145,6442581753445375894,201027,25604850,173
1507183,-809108797392967,1836152339694708256190655342763750,6442581753445375894,201027,25604850,229
14962500000,-8031965828889561368,1836053565954870190903768566938933,6442581753445375894,201025,25604853,437
-269860208,145000000000000000,1836055348212350531839733705526609,6442581753445375894,201026,25604854,47
7342847875,-3941379330713421780,1836006878785947501720052374618433,6442581753445375894,201025,25604859,175
42237307398,-22667442404357920555,1835728124106639818672590140496459,6442581753445375894,201022,25604860,2
10155560464,-5449145401117141320,1835661112806834009318795834676892,6442581753445375894,201021,25604861,26
9362102465,-5023049083554806226,1835599341460448504590752219800721,6442581753445375894,201021,25604862,5
289879470,-155523643877366254,1835597428896044438310619284971777,6442581753445375894,201021,25604862,142
-20523770,11022245670560430,1835597564375215448736965055783281,6442581753445375894,201021,25604865,184
79404220355,-42589076288805877858,1835073777109733519939676896245396,6441911267703344379,201015,25604869,63
-37111825361,19922111325417816064,1835318673851091935696953820908599,6441911267703344379,201017,25604869,95
-11172126059,5998384161675059840,1835392410249338839199080667506398,6441911267703344379,201018,25604870,55
-198154671,106394829405101820,1835393718130144898671003199462946,6441911267703344379,201018,25604870,478
-72087981,38706107280000000,1835394193933105172634591863561454,6441911267703344379,201018,25604870,524
-96392959,51756178810385293,1835394830156813031119850110918872,6441911267703344379,201018,25604876,267
-23183978283,12449193375403169792,1835547859850581565515077309384784,6442581753445375894,201020,25604877,31
-11213854,6022050310428142,1835547933870196825859973586320219,6442581753445375894,201020,25604879,172
-52116540881,27992808792570818560,1835892005545136914584729683124851,6442581753445375894,201024,25604880,2
-629935172,338414635639545199,1835896165145246055493231863715014,6442581753445375894,201024,25604880,343
-11483292278,6169338787019086848,1835971995146638622692612620993369,6442581753445375894,201025,25604881,82
-388162724,208547300338490249,1835974558491369886017107407997561,6442581753445375894,201025,25604881,235
-13410833700,7205565634685894656,1836063125203456137876927965420196,6442581753445375894,201026,25604883,101
-83748903,45000000000000000,1836063678317846588512227491188785,6442581753445375894,201026,25604885,291
-4828547355,2594523155082960896,1836095568719922894535209641717516,6442581753445375894,201026,25604891,18
23087891379,-12392599592643782725,1835943169738881619293169083469982,6442581753445375894,201024,25604893,67
24933031766,-13380682404824648385,1835778619730718468244927178174621,6442581753445375894,201022,25604893,82
10920385658,-5859832118793627003,1835706557978274922211073011459291,6442581753445375894,201022,25604893,102
7480463923,-4013719375620674407,1835657198944404957588108299181759,6442581753445375894,201021,25604893,114
-24829277997,13336567574309526178,1835821124443173133618466610037499,6442581753445375894,201023,25604893,149
-46853620564,25173007578132013056,1836130536726337304986258081981846,6442581753445375894,201026,25604894,2
-1860950,1000000000000000,1836130549017768203889264738110036,6442581753445375894,201026,25604895,504
-564849627,303528080619651639,1836134279812197016998281240698288,6442581753445375894,201026,25604896,70
-166587951,89518080000000000,1836135380117491539469543324514168,6442581753445375894,201026,25604897,5
-13116011518,7048386527968896000,1836222014873448828038970393304244,6442581753445375894,201027,25604900,2
-5348055541,2874171497695448064,1836257342553804348201079566049395,6442581753445375894,201028,25604903,58
276201,-148290917721251,1836257340730184970406506669361488,6442581753445375894,201028,25604903,508
-12920656,6944000000000000,1836257426081881132388984889515645,6442581753445375894,201028,25604908,111
98993,-53148747804046,1836257425428280170911585647713812,6442581753445375894,201028,25604920,625
20000839332,-10737613080580316623,1836125378775754798221636033980794,6442581753445375894,201026,25604923,139
3305710,-1774569550065071,1836125356952844343071835864329169,6442581753445375894,201026,25604923,182
1152673,-618776990705561,1836125349343384990306900150451412,6442581753445375894,201026,25604923,246
308299,-165500458314601,1836125347308129915658873671770417,6442581753445375894,201026,25604926,86
-1116572223,600000000000000000,1836132722166669257462867348684941,6442581753445375894,201026,25604929,390
88553294494,-47522386715847010009,1835548311829031658947021470005484,6442581753445375894,201020,25604931,78
3151553177,-1690741215640636018,1835536604266026131372906937603709,11441691130690166678,201020,25604932,47
-148972333,80000000000000000,1835537587580498043613439427858978,6442581753445375894,201020,25604939,129
-356195224,191281622604821375,1835539938705344520818706437864392,6442581753445375894,201020,25604940,185
106812,-57301888942916,1835539938000669975227432608334420,6442581753445375894,201020,25604940,388
-287404623,154340502832535224,1835541835066295443277901151775857,6442581753445375894,201020,25604942,257
-42722244,22942500000000000,1835542117062448841360131359996876,6442581753445375894,201020,25604944,17
-25976375,13949714833413561,1835542288524404775665180493948515,6442581753445375894,201020,25604944,621
-223457056,120000000000000000,1835543763496112644025979229331419,6442581753445375894,201020,25604944,681
40865,-21922929488061,1835543763226513671635747342137776,6442581753445375894,201020,25604945,31
2674850,-1435001823753463,1835543745579464390529701978698920,6442581753445375894,201020,25604945,58
-775404854,416406250000000000,1835548863808112136859817382078401,6442581753445375894,201020,25604945,65
-10119146075,5434375000000000000,1835615660052903362886614278715680,6442581753445375894,201021,25604945,70
-9551705081,5130000000000000000,1835678715093414735310760216334862,6442581753445375894,201021,25604947,21
-28422943838,15267391080026392576,1835866373175881407858882560672725,6442581753445375894,201023,25604950,5
-238270035,128000000000000000,1835867946479036467443734545081156,6442581753445375894,201023,25604952,8
15193916,-8154103238169128,1835867846203302105785819079326848,6442581753445375894,201023,25604952,294
191924,-102999629433305,1835867844936655954918290960561944,6442581753445375894,201023,25604953,101
16816182942,-9024177553632067664,1835756869394064759179407388172553,6442581753445375894,201022,25604954,99
2571909314,-1380084222883250012,1835739897698356669411428798529869,6442581753445375894,201022,25604954,117
6149592183,-3299762179582998108,1835699318609999332748176573643762,6442581753445375894,201022,25604954,132
13614555173,-7304810054451068001,1835609487126243557648862669795520,6442581753445375894,201021,25604954,141
-14403966412,7736120360444731392,1835704575115079560685489961092906,6442581753445375894,201022,25604958,43
-3279302,1761347537830458,1835704596764561110881504376766154,6442581753445375894,201022,25604959,11
31440363531,-16868159620400334904,1835497158583197787391594494267146,6441911267703344379,201019,25604959,28
-23317777064,12522442039792870541,1835651077958444359084547982229504,6442581753445375894,201021,25604959,39
-12023497,6457570000000000,1835651157331219788913636674643225,6442581753445375894,201021,25604959,332
61825900740,-33164838077800769515,1835243283026788895970417387087775,6441911267703344379,201017,25604963,203
-51735281703,27778765280284248967,1835584750865993090316456926642176,6442581753445375894,201020,25604963,266
-5022782735,2697485716267691185,1835617906825275372524678947058251,6442581753445375894,201021,25604966,40
23067835854,-12375394337772824428,1835465715510686895424339956054484,6441911267703344379,201019,25604970,136
24552040376,-13169383618117206549,1835303747109982601626102130495984,6441911267703344379,201017,25604991,47
-47715515238,25621707985073954816,1835618695335941865358645164646650,6442581753445375894,201021,25604991,61
67896974,-36428298402311382,1835618247356039337465538899629743,6442581753445375894,201021,25604998,181
-61385331,32967610054091803,1835618652575140219314947726530802,6442581753445375894,201021,25604998,201
-48056379,25809172623441819,1835618969806802078209294443652746,6442581753445375894,201021,25604998,246
18699343594,-10031961985463504963,1835495600148434596937864011510111,6441911267703344379,201019,25605000,50
5278830343,-2831781826484808337,1835460772461211009039181568190210,6441911267703344379,201019,25605000,68
5577280098,-2991765810161727305,1835423977153427047713333063927116,6441911267703344379,201019,25605000,81
18605868312,-9979696462520547891,1835301238267354576889006131353539,6441911267703344379,201017,25605000,93
-46503440752,24970685570163548160,1835608184757385022027945278176695,6442581753445375894,201021,25605000,159
-4995951278,2683144129538101000,1835641164438045036854047098270849,6442581753445375894,201021,25605000,311
-16274784703,8741264903804815360,1835748607091579159779711367537009,6442581753445375894,201022,25605001,2
281819,-151223809844816,1835748605231892307377099808387626,6442581753445375894,201022,25605001,265
-13987494922,7513568283318355000,1835840957737250904225882302526996,6442581753445375894,201023,25605003,13
-22479359456,12076669734928603000,1835989397288786652439768831634190,6442581753445375894,201025,25605004,2
-43389005794,23315560213062893568,1836275978886014727259048929434115,6442581753445375894,201028,25605007,2
-65847515,35389419532399737,1836276413872619462038768155446182,6442581753445375894,201028,25605007,338
57324208347,-30771474080139807329,1835897999217978718264992422167011,6442581753445375894,201024,25605010,7
-73328227317,39404051172420214784,1836382331390101359338907910531919,6442581753445375894,201029,25605010,73
-21958625090,11803851025316831232,1836527532217554372687527853123530,6435632237415821219,201031,25605012,5
699885086,-375875624299395800,1836522904865656604675766768193384,6435632237415821219,201031,25605020,14
-4166685948,2240000000000000000,1836550467402163688036102407315532,6435632237415821219,201031,25605026,101
-527803557627,284290843581576380416,1840050656152169526253567846884290,6430240720220553242,201069,25605033,2
-145380464080,78467200000000000000,1840288604735252299478089140132092,30953600194234009973,201072,25605033,8
418218861814,-225187284324756488193,1837514187917836896588697418406365,6430880118465933377,201041,25605033,15
50447397665,-27117200182939437580,1837180223024620580773698799140864,6435632237415821219,201038,25605033,18
77978826961,-41896901632153612448,1836664436166562125488950446080774,6435632237415821219,201032,25605033,101
7771632321,-4174297123001477713,1836613046982307435076917301348273,6435632237415821219,201032,25605033,151
5881304814,-3158809634688386490,1836574159321568572205467766011933,6435632237415821219,201031,25605041,45
-1199196,644711324016154,1836574167254550449314962579470297,6435632237415821219,201031,25605045,271
-12462346,6700000000000000,1836574249696065894608942154819456,6435632237415821219,201031,25605045,645
-50516413534,27163551796822700032,1836908489155022133662069881955416,6435632237415821219,201035,25605047,2
-15237234865,8195266464636357632,1837009329481413569194154515060961,6435632237415821219,201036,25605049,442
46916799,-25210104718769881,1837009019123363267932204740262163,6435632237415821219,201036,25605050,60
-30653456187,16489520428456497152,1837211917788003280903793621271657,6435632237415821219,201038,25605051,2
6649562637,-3573755361702195422,1837167921788832132088117348593296,6435632237415821219,201038,25605053,22
21899558627,-11768536270577340538,1837023040995492282427708486329857,6435632237415821219,201036,25605054,2
-87473684,47050560000000000,1837023619938696603283097090619435,6435632237415821219,201036,25605054,71
-4052023613,2179523200000000000,1837032138231606747069116722963702,20261486697473699747,201036,25605056,25
2845547805,-1529039044171201424,1837013314447180728441045693911104,6435632237415821219,201036,25605056,50
230647952,-123936001622460049,1837011788688511545189741030183942,6435632237415821219,201036,25605060,286
636767105,-342158348775837945,1837007576425246279791613982963687,6435632237415821219,201036,25605073,287
1910300322,-1026465098277685041,1836994939757919524626862018831258,6435632237415821219,201036,25605077,347
-243727483,131092800000000000,1836996552815993549527549433059968,6435632237415821219,201036,25605086,17
14198138,-7629070987583045,1836996458895574585407897732714784,6435632237415821219,201036,25605087,222
-7500570438,4034416230000000000,1837046101192281792827049983037025,6435632237415821219,201036,25605089,775
-41925694588,22555061585339437056,1837323634544230646276752629262085,6435632237415821219,201039,25605090,5
591871,-318142703503552,1837323630627620609214085372645890,6435632237415821219,201039,25605090,206
-86736450800,46683870585792790528,1837898474446481526722084223333468,6430880118465933377,201046,25605092,2
-70407839,37907242746207330,1837898941228550679314992845307740,6430880118465933377,201046,25605092,326
1072424,-576810410045089,1837898934122271590742387389688051,6430880118465933377,201046,25605092,397
145831,-78436189055441,1837898933155941163334805094966831,6430880118465933377,201046,25605092,423
40918286975,-22004943646566391337,1837627833210174599124137155742810,6430880118465933377,201043,25605094,10
-36121561280,19444476313469491022,1837867268532547075556202134896640,6430880118465933377,201045,25605094,49
-10044946366,5408161836765987840,1837933863536287628227046925607007,6430880118465933377,201046,25605095,9
-41157951230,22163381663149690880,1838206778905559077722363790250334,6430880118465933377,201049,25605096,2
-5148421,2772814608148269,1838206813049433609390356566574445,6430880118465933377,201049,25605098,291
-1296688092,698368000000000000,1838215412610795865770918104357059,6430880118465933377,201049,25605100,4
-653185152,351793789339625303,1838219744527891561453334100356112,6430880118465933377,201049,25605104,885
40451561826,-21761580424649287222,1837951642806402367659148114889053,6430880118465933377,201046,25605109,2
578401,-311114481025409,1837951638973485533702976004849060,6430880118465933377,201046,25605109,444
-464295,249989091256339,1837951642051800304931884116417563,6430880118465933377,201046,25605109,467
20117466131,-10820157215629048830,1837818338186929901282433139743431,6430880118465933377,201045,25605110,72
2043999638,-1099275139937259663,1837804795165161425869181418382746,6430880118465933377,201045,25605110,143
3493446,-1878781980823842,1837804772018649383425578146398545,6430880118465933377,201045,25605110,284
5797205146,-3117683129969150669,1837766362298496164453175767878039,6430880118465933377,201044,25605111,44
9832426134,-5287489589598678348,1837701220657417472326681855656156,6430880118465933377,201043,25605116,9
130252,-70041416942819,1837701219794510271127162390846088,6430880118465933377,201043,25605118,356
4318963027,-2322448874951223368,1837672607325687014733944795763988,6430880118465933377,201043,25605122,46
81505474,-43827486314942690,1837672067372967575718941212721861,6430880118465933377,201043,25605125,67
15430395650,-8296837108818597666,1837569850701733986294153362311894,6430880118465933377,201042,25605125,110
8763561,-4711855179120436,1837569792651883732813701156211515,6430880118465933377,201042,25605126,93
4302185339,-2313096213729976729,1837541295407438715109923728319582,6430880118465933377,201042,25605129,130
-1139182,613092100236654,1837541302956930010100157961697690,6430880118465933377,201042,25605129,176
871476550,-468545952947955226,1837535530491229869386704913163157,6430880118465933377,201042,25605143,322
12744191370,-6851528291704956342,1837451119961571951961259025893325,6430880118465933377,201041,25605144,78
116337,-62541742208649,1837451119191060416315631470207611,6430880118465933377,201041,25605147,161
-435207,234199470129718,1837451122074945007803842584226151,6430880118465933377,201041,25605156,277
-179804,96758701790791,1837451123266411961304244006228262,6430880118465933377,201041,25605156,300
-463083981,249201188519311944,1837454191879109305746321614399853,6430880118465933377,201041,25605157,654
-138255253,74400000000000000,1837455108025561250673228028226125,6430880118465933377,201041,25605161,361
-4994499008,2687764803684006404,1837488204614117131795175172243250,6430880118465933377,201041,25605162,72
-3683835869,1982500000000000000,1837512616715474400848830621310265,6430880118465933377,201041,25605162,84
555770928,-298799072683201694,1837508935523933964641979723763682,6430880118465933377,201041,25605164,169
-497019883,267480111387354168,1837512229219565864619945236210618,6430880118465933377,201041,25605164,338
7091762,-3812749221411023,1837512182246661786888987684667551,6430880118465933377,201041,25605165,318
2980891351,-1602601575754879426,1837492438265161504734712624965266,6430880118465933377,201041,25605166,320
16649837481,-8950734741362558852,1837382165603621063798028302666789,6430880118465933377,201040,25605170,358
-453007887,243760594462281126,1837385167221950910640111360007175,6430880118465933377,201040,25605170,508
1949903538,-1048175774599166646,1837372253742134205890391634677577,6430880118465933377,201040,25605171,26
-78909956193,42472492252001939009,1837895251364203157164304659235443,6430880118465933377,201046,25605171,249
-1033897292,556645321231419494,1837902105781354204329092956958322,6430880118465933377,201046,25605173,232
33897412,-18232023283170811,1837901881163622722267686157442630,6430880118465933377,201046,25605173,243
14990051874,-8062095537435662349,1837802556498308039244753284034236,6430880118465933377,201045,25605174,2
-416045612,223973860000000000,1837805314466818353892423275478156,6430880118465933377,201045,25605176,442
99885079,-53718403387111501,1837804652658432074078505878795918,6430880118465933377,201045,25605180,522
13385481895,-7198390087159478700,1837715968806585899787618756022537,6430880118465933377,201044,25605182,5
-442734939,238319348457565735,1837718903422520297980317338987927,6430880118465933377,201044,25605188,854
-429365377,231123387277197886,1837721749428853839621497057850933,6430880118465933377,201044,25605203,198
-297143499,159950000000000000,1837723719020587557243253521446529,6430880118465933377,201044,25605205,128
-1503877214,809530490064898787,1837733687414219468465356384721918,6430880118465933377,201044,25605210,132
-7508997000,4042191462047520256,1837783462136881254921652764787478,6430880118465933377,201044,25605215,16
-13856623,7459404368841638,1837783553990467896544681834150203,6430880118465933377,201044,25605216,309
-3845669943,2070259507727937024,1837809046744535237949113997713397,6430880118465933377,201045,25605218,118
-416194949,224055836623982658,1837811805722489009641608114199661,6430880118465933377,201045,25605218,606
-130527561,70268800000000000,1837812670998185278830852756832397,6430880118465933377,201045,25605226,727
105271,-56615240657712,1837812670300687983750898585427951,6430880118465933377,201045,25605229,1193
10662520561,-5734153319021552922,1837742025781948374399735503360947,6430880118465933377,201044,25605234,107
-403096198,216988372122660511,1837744697732583233014175634032450,6430880118465933377,201044,25605234,166
3173182,-1706431694294614,1837744676709419201880585524393676,6430880118465933377,201044,25605239,950
6346365,-3412863809499081,1837744634663085954022379743326492,6430880118465933377,201044,25605239,958
323034,-173716688872556,1837744632522903925451468300524424,6430880118465933377,201044,25605239,1078
-295235898,158927110000000000,1837746589518978446434161816517348,6430880118465933377,201044,25605242,250
2500000,-1344419758871932,1837746572955785667044798423317069,6430880118465933377,201044,25605243,795
-1466099,789210000000000,1837746582673956921607375893893088,6430880118465933377,201044,25605248,163
-3876895400,2086985533329464064,1837772281388898053052252477001464,6430880118465933377,201044,25605254,65
-7291318,3925071000000000,1837772329721423191250185238891564,6430880118465933377,201044,25605256,135
2462,-1323607917229,1837772329705116399451916084930579,6430880118465933377,201044,25605257,127
2381,-1280025705298,1837772329689346538603377383467337,6430880118465933377,201044,25605259,405
4763,-2561127514529,1837772329657793559352805168736285,6430880118465933377,201044,25605259,413
3225,-1734141592245,1837772329636429010587749287304812,6430880118465933377,201044,25605262,262
8757417,-4709589443034901,1837772271614492526839026356542979,6430880118465933377,201044,25605263,40
-400318097,215500000000000000,1837774925237616103878654477236014,6430880118465933377,201044,25605264,17
-5052394498,2719868113416453123,1837808417139791703684776877831596,6430880118465933377,201045,25605266,114
-3152515840,1697151930601053696,1837829315523120085918161402232410,6430880118465933377,201045,25605275,32
2967091176,-1595733001092196998,1837809656162160008480891133350442,6430880118465933377,201045,25605275,76
-14620088195,7871037615205133312,1837906578516787632697886536724262,6430880118465933377,201046,25605276,5
-1826105995,983181598918458990,1837918685214818098912783360351485,6430880118465933377,201046,25605276,40
100000000,-53786843768851248,1837918022563249301756518944021285,6430880118465933377,201046,25605276,82
-2033600,1094904000000000,1837918036045674232137006169022952,6430880118465933377,201046,25605276,117
-50557797475,27225613237826103390,1838253286703871264637915662847349,6430880118465933377,201049,25605277,42
406730959,-218847165699622297,1838250590516336987923279336192628,6430880118465933377,201049,25605277,224
-220941478,118999480115350832,1838252055851706490202115783130149,6430880118465933377,201049,25605278,1107
30355865454,-16331603701004850895,1838050851206571473351704277122176,6430880118465933377,201047,25605279,2
1990487181,-1070766914715977560,1838037659404894061272239477451483,6430880118465933377,201047,25605279,439
6429238022,-3458453003332864617,1837995051414766985901378297196296,6430880118465933377,201047,25605280,16
-10595676038,5705477292207617134,1838065307500491560597607115469766,6430880118465933377,201047,25605281,3
7313237881,-3934085146089906283,1838016839743115029495026559221760,6430880118465933377,201047,25605281,210
368109993,-198015703716986880,1838014400198283612504207759874602,6430880118465933377,201047,25605282,48
9900000,-5325453896707683,1838014334588923926410760205708567,6430880118465933377,201047,25605283,47
24070522064,-12947002693702772082,1837854828080546657051689305316438,6430880118465933377,201045,25605284,11
63716387,-34268656177733115,1837854405892197507331748487150952,6430880118465933377,201045,25605284,111
30630387,-16473969707233577,1837854202933609386251740708115028,6430880118465933377,201045,25605284,126
32467994,-17462288085767448,1837853987798981956730298049666039,6430880118465933377,201045,25605284,142
35396488,-19037317374645885,1837853753260062398411643063587569,6430880118465933377,201045,25605284,157
100000000,-53783043358515935,1837853090655314490794672100206547,6430880118465933377,201045,25605284,174
2490436942,-1339420270550211020,1837836589056013123849157500552753,6430880118465933377,201045,25605284,657
28931039,-15559706341249660,1837836397361109787223101213432242,6430880118465933377,201045,25605284,742
595673336,-320364625025531464,1837832450482905284332011339386645,6430880118465933377,201045,25605285,213
122371243,-65813447440160508,1837831639664103913660356038780976,6430880118465933377,201045,25605285,222
746750341,-401614457902644601,1837826691791502864573147780181163,6430880118465933377,201045,25605285,288
19025924670,-10231721832411787154,1837700637424883378690008890571827,6430880118465933377,201043,25605287,5
-8954172278,4820000000000000000,1837759989923517445191203979854558,6430880118465933377,201044,25605288,35
103144,-55468111754437,1837759989240152728156440886842901,6430880118465933377,201044,25605294,443
-1896404496,1020867940000000000,1837772560000114224480693591891485,6430880118465933377,201044,25605298,242
7011250,-3770531516442565,1837772513547330430226292649483115,6430880118465933377,201044,25605301,291
45172,-24292514553206,1837772513248047710684518163700038,6430880118465933377,201044,25605302,293
90345,-48585567134783,1837772512649475643114926313094390,6430880118465933377,201044,25605302,301
-397965593,214233650000000000,1837775150679023152675277714202090,6430880118465933377,201044,25605304,741
-3441201012,1852500000000000000,1837797961986848797528693461690940,6430880118465933377,201044,25605305,173
306410,-164786249391320,1837797959956689393778833816409334,6430880118465933377,201044,25605309,160
-14411,7758405165789,1837797960052224815356638763385832,6430880118465933377,201044,25605318,451
12922158396,-6949186852787285599,1837712346373354689368988383906552,6430880118465933377,201044,25605322,5
-21224994,11425118849697150,1837712487059942017314528945899169,6430880118465933377,201044,25605323,24
7515938917,-4041571238780743055,1837662695078592583985964554360798,6430880118465933377,201043,25605327,98
1900000000,-1021658742282621334,1837650108287457221412073620879379,6430880118465933377,201043,25605337,96
384422500,-206708090918568684,1837647561652794683744491953903621,6430880118465933377,201043,25605339,435
1858379226,-999262313911064798,1837635250784679821208497483432135,6430880118465933377,201043,25605339,701
115558,-62135735432286,1837635250019170271335744260200210,6430880118465933377,201043,25605343,537
472621902,-254129663062626546,1837632119152807670881521452360899,6430880118465933377,201043,25605345,122
91388,-49139246771015,1837632118547414294347663019843320,6430880118465933377,201043,25605346,320
-32418410,17448855586205811,1837632333409069345448084338965361,6430880118465933377,201043,25605354,532
-20531115985,11051468709037961312,1837768418944641462518219754438656,6430880118465933377,201044,25605356,413
-158351287,85243534646466863,1837769468616171269037913178217702,6430880118465933377,201044,25605364,666
-4305154954,2317584779503848976,1837798006883279118728716691984383,6430880118465933377,201044,25605367,111
-1201634901,646886373269287425,1837805972510371621138406796315784,6430880118465933377,201045,25605368,23
-249769999,134461519442612210,1837807628242145283409646406463935,6430880118465933377,201045,25605368,28
-27000394505,14536857794759983104,1837986632149283688154029728943795,6430880118465933377,201047,25605384,2
9988992159,-5372969294061761841,1837920437401975037568800298247427,6430880118465933377,201046,25605386,892
-30011834719,16160359347137454080,1838119432776679809261382474124218,6430880118465933377,201048,25605387,2
-30412176452,16379500000000000000,1838321125623913121542352485145981,6430980891501038889,201050,25605387,44
-6463349937,3481517543189160293,1838363995650311979259691890435136,6430980891501038889,201051,25605387,61
-746116940,401910280536561084,1838368944614125268462823326140206,6430980891501038889,201051,25605388,40
6879687,-3702180935301473,1838368899004132368792751362723150,6430980891501038889,201051,25605392,40
-191059004,102917960457447761,1838370166295084372954181250622229,6430980891501038889,201051,25605399,239
134259,-72248718562106,1838370165404997259921277758321042,6430980891501038889,201051,25605401,112
-5342105,2877639825370712,1838370200839112914855370929073575,6430980891501038889,201051,25605405,104
-44609187,24029700603853634,1838370496731316950743940789667357,6430980891501038889,201051,25605408,417
961114,-517207025818588,1838370490359448803968895675873315,6430980891501038889,201051,25605409,154
9996128,-5379246715933790,1838370424088402410788015446138656,6430980891501038889,201051,25605413,933
81000000,-43588765752684886,1838369887085124821534426385218972,6430980891501038889,201051,25605430,400
-209938633,113088000000000000,1838371279605910729466271240251659,6430980891501038889,201051,25605431,78
3143414313,-1691557585782403618,1838350440016807655039575530733151,6430980891501038889,201050,25605436,242
-21283416072,11465403078141912660,1838491620443600289069061551705386,6430980891501038889,201052,25605437,52
-4914702364,2647806642569047382,1838524224484584677264506350941481,6430980891501038889,201052,25605437,86
7176294516,-3862347611001599334,1838476641276148243692126418528950,6430980891501038889,201052,25605439,75
-1301922882,701393225747349517,1838485277954186127451731039375583,6430980891501038889,201052,25605440,185
-27198125399,14654126704913907712,1838665723059200993099883478679887,6430980891501038889,201054,25605445,15
-15162372768,8170610859455181824,1838766332721193038341261602938340,6430980891501038889,201055,25605450,5
190417,-102513398137037,1838766331458252235916490278845530,6430980891501038889,201055,25605450,307
-89378166568,48181760990341950416,1839359643480177585597924330181346,6430240720220553242,201061,25605456,20
-46813376445,25248449684916082993,1839670578664057256123002215108487,6430240720220553242,201065,25605456,25
-28455762154,15351577528849012362,1839859633661149904373380486376931,6430240720220553242,201067,25605456,40
78746284685,-42432601418134548484,1839336813880781921849663494815744,6430240720220553242,201061,25605456,126
6714190049,-3616839733927379497,1839292250142238426337725200162181,6430240720220553242,201061,25605456,201
1069524964,-576121870793834497,1839285151640146002288826355638250,6430240720220553242,201061,25605457,84
46272727405,-24921509986816201883,1838978112185067893025279077816467,6430980891501038889,201057,25605461,496
85984,-46301424817173,1838978111614645297787124796130319,6430980891501038889,201057,25605466,234
10992576299,-5919145533617447012,1838905189142600202730334400087787,6430980891501038889,201057,25605470,19
20361506707,-10962770470100690450,1838770130405050605201367735964775,6430980891501038889,201055,25605470,90
23440434435,-12618491790899599863,1838614673572700889232129753939375,6430980891501038889,201053,25605472,2
2000000000,-1076544378414545155,1838601410800752745978987447308876,6430980891501038889,201053,25605474,291
2898399,-1560115873601175,1838601391580494427670248585812073,6430980891501038889,201053,25605476,151
4038996244,-2174031951541616140,1838574608021396067598613685120573,6430980891501038889,201053,25605479,98
3286426276,-1768906562946715175,1838552815511201097993612196245994,6430980891501038889,201053,25605482,268
152894,-82293346289357,1838552814497366548699208413540630,6430980891501038889,201053,25605484,100
400033980,-215313919817093603,1838550161880834380728153408463788,6430980891501038889,201053,25605484,312
6150058265,-3310123480682012161,1838509381942984410765555911259258,6430980891501038889,201052,25605486,12
5000000000,-2691023588851276600,1838476229169274728011835455656720,6430980891501038889,201052,25605486,202
21234276,-11428180100811262,1838476088376800680087623648095766,6430980891501038889,201052,25605487,120
170684397,-91861420151829634,1838474956665845948649588535450943,6430980891501038889,201052,25605487,180
12111011240,-6517792139123749332,1838394659009307248982891010891334,6430980891501038889,201051,25605489,154
-5568997139,3000000000000000000,1838431599819629509483868701699046,6430980891501038889,201051,25605490,195
11855946906,-6380228906594475565,1838352996909557436769940115536979,6430980891501038889,201051,25605491,45
830791,-447067306422562,1838352991401794032454519562187236,6430980891501038889,201051,25605497,586
224280,-120689732346848,1838352989914925094495765774022574,6430980891501038889,201051,25605498,572
242049,-130251575068470,1838352988310256517280471457767976,6430980891501038889,201051,25605499,251
-306314545,165000000000000000,1838355020054824241608025230762400,6430980891501038889,201051,25605502,135
-607266583,327112500000000000,1838359047988429755087400585723845,6430980891501038889,201051,25605504,208
-493379517,265766720000000000,1838362320534427584859510718283558,6430980891501038889,201051,25605505,134
1120706,-603083290179964,1838362313104584186139196977533188,6430980891501038889,201051,25605506,506
1581620903,-851110142850071396,1838351827629062966687154913582504,6430980891501038889,201051,25605507,664
3552483718,-1911645794345963113,1838328276605320334961620511606039,6430980891501038889,201050,25605508,157
15475141,-8327302558057127,1838328174014923705559248915973672,6430980891501038889,201050,25605508,277
13417401496,-7219666220594264304,1838239229133344458710278723065191,6430880118465933377,201049,25605510,217
15823457,-8513909508138508,1838239124242350735218528904659725,6430880118465933377,201049,25605513,66
1481581842,-797170039081984447,1838229303142245551460410715027852,6430880118465933377,201049,25605516,195
1545194059,-831387729172785822,1838219060481691185600971992317519,6430880118465933377,201049,25605516,312
500000000,-269021743043595655,1838215746145552882175320372603273,6430880118465933377,201049,25605517,68
48413877114,-26044177409604293678,1837894883016036064748362829491441,6430880118465933377,201046,25605520,50
18720877814,-10068432543197582891,1837770840366336251097276734123096,6430880118465933377,201044,25605520,55
29950638354,-16105178241891153834,1837572425272979771562257067222777,6430880118465933377,201042,25605520,60
-10612388854,5711849317191366656,1837642759822522633443363434742661,6430880118465933377,201043,25605520,176
-1289939682,694307143325185426,1837651309379322598315241486437759,6430880118465933377,201043,25605521,39
-40052986884,21561645527249780736,1837916815092331793065463138630458,6430880118465933377,201046,25605522,14
-36775229,19800000000000000,1837917058905500455828268877793901,6430880118465933377,201046,25605526,70
135424,-72840037641163,1837917058008114369714145901770063,6430880118465933377,201046,25605527,123
-7985510084,4299570000000000000,1837970002037689488657412161111837,6430880118465933377,201046,25605533,168
-36276256,19532480000000000,1837970242556671339265555991621694,6430880118465933377,201046,25605534,17
-493784720,265872492285580661,1837973516456408935900933298944986,6430880118465933377,201046,25605534,165
-8411815,4529250000000000,1837973572228671267507925111778623,6430880118465933377,201046,25605535,37
2500000,-1344751881794184,1837973555661386748205188296454758,6430880118465933377,201046,25605544,950
-389834581,209902458063869129,1837976140357518599448653478975817,6430880118465933377,201046,25605548,443
50000000,-26895108188545995,1837975809010959007672062509851536,6430880118465933377,201046,25605561,83
-376592391,202772823093928452,1837978305914217453356023117588811,6430880118465933377,201046,25605561,533
-736774510,396711273924167812,1837983190936072993387485681114109,6430880118465933377,201047,25605576,21
-148656707,80043458583356409,1837984176574924909283695511337976,6430880118465933377,201047,25605577,65
-3681848017,1982500000000000000,1838008588676282178337350960404991,6430880118465933377,201047,25605581,107
-6934331570,3733950660000000000,1838054567784466269978558697835699,6430880118465933377,201047,25605584,536
-2967970942,1598229452896832927,1838074248056545104859840747567404,6430880118465933377,201047,25605594,500
-3997171318,2152500000000000000,1838100753503289882483040421775096,6430880118465933377,201048,25605595,80
-30548363,16450710213595830,1838100956073986040547425306605321,6430880118465933377,201048,25605617,120
1363622492,-733591639568597451,1838091918256989272913542489324744,6430880118465933377,201048,25605618,54
69881809532,-37584848582863493969,1837628874562076255865813197131995,6430880118465933377,201043,25605623,2
7152541898,-3845815595970925738,1837581494281706457685161596627073,6430880118465933377,201042,25605624,112
-67256056,36197848042742785,1837581940014637269518743287715874,6430880118465933377,201042,25605624,128
-53779017378,28950000000000000000,1837938424420333581802892216084149,6430880118465933377,201046,25605628,62
105734517,-56872479492068766,1837937723753867284549166524659011,6430880118465933377,201046,25605638,85
55000000,-29583381756617223,1837937359287894609271356022575341,6430880118465933377,201046,25605638,115
9160778,-4927394763363063,1837937298582606080772119611712870,6430880118465933377,201046,25605639,250
1998251602,-1074810880972115801,1837924056959440809896864385314627,6430880118465933377,201046,25605640,53
2541,-1366339608321,1837924056942607565528500359831092,6430880118465933377,201046,25605640,327
184783537,-99389782825566780,1837922832464819004314586629888677,6430880118465933377,201046,25605641,69
-1857322,1000000000000000,1837922844778615401423819242977739,6430880118465933377,201046,25605641,102
14490716,-7794136112477881,1837922748755198512570294312841685,6430880118465933377,201046,25605643,256
6000000000,-3227156247891723126,1837882990331008219774103770669465,6430880118465933377,201045,25605643,301
49577791,-26665297997892243,1837882661815700151450397941167169,6430880118465933377,201045,25605643,479
2471595648,-1329329811293884245,1837866284530416629161348702383572,6430880118465933377,201045,25605649,33
9870652684,-5308622802678530509,1837800882529074723402790953817105,6430880118465933377,201045,25605657,11
2797594605,-1504530318696784275,1837782346781183067507113871475804,6430880118465933377,201044,25605659,623
130917405,-70405885382471708,1837781479383746591303307008777481,6430880118465933377,201044,25605659,810
10242813648,-5508262218935957797,1837713617833505604305627768901775,6430880118465933377,201044,25605659,1260
14274613764,-7675758738874840594,1837619052820695362465582666237291,6430880118465933377,201043,25605661,5
1813354693,-975022241503509409,1837607040589215095049618879083551,6430880118465933377,201042,25605663,496
15109005649,-8123462002700471930,1837506959891725443401284040737094,6430880118465933377,201041,25605666,2
6918589509,-3719532430385389481,1837461135414446593419727236903446,6430880118465933377,201041,25605668,89
2449033673,-1316590986731243844,1837444915070925955420794503947216,6430880118465933377,201041,25605668,276
-4459822417,2400000000000000000,1837474468182279017579065917697953,6430880118465933377,201041,25605674,79
4774107459,-2566557356052082787,1837442848307617758614637924691065,6430880118465933377,201041,25605677,51
-29237291179,15735068591231996000,1837636606738544737815433199012261,6430880118465933377,201043,25605683,206
-24452251210,13162380860036497408,1837798685616556434759756497796628,6430880118465933377,201044,25605691,2
-184397967,99268240678470671,1837799907985460848684061667221356,6430880118465933377,201045,25605691,342
-210469110,113303462065883721,1837801303181223815565633452834660,6430880118465933377,201045,25605695,686
166797636,-89703702904959008,1837800198035517323878553897889384,6430880118465933377,201045,25605696,25
4777653,-2569418220596549,1837800166380396936236126638674330,6430880118465933377,201045,25605696,32
-5572600608,3000000000000000000,1837837107769588263933965905862752,6430880118465933377,201045,25605698,46
128588,-69156932067901,1837837106917577877808051702741802,6430880118465933377,201045,25605698,71
113190819,-60876361258869049,1837836356923462881728247187533158,6430880118465933377,201045,25605709,161
269644584,-145020229009876199,1837834570280567944490272525055970,6430880118465933377,201045,25605722,411
-309826487,166797637939453121,1837836624192721049658354479850046,6430880118465933377,201045,25605722,917
5000000000,-2689054537027757965,1837803495158134073528712396682037,6430880118465933377,201045,25605723,396
-104386259,56195259094238277,1837804187135113042779835559208156,6430880118465933377,201045,25605733,88
3178835758,-1709563420884744553,1837783125388346939426046277540142,6430880118465933377,201044,25605733,169
139691429,-75124516589992877,1837782199857579835446994329301783,6430880118465933377,201044,25605734,32
233243987,-125435886603239355,1837780654492928986851663484661839,6430880118465933377,201044,25605734,49
227000000,-122077740911155202,1837779150500486566624244951347394,6430880118465933377,201044,25605734,68
227300000,-122238876925943374,1837777644522855473717352993064959,6430880118465933377,201044,25605734,93
227350000,-122265565847643561,1837776138216418029760444340404686,6430880118465933377,201044,25605734,371
233076395,-125344930368783705,1837774593972344021719994431055965,6430880118465933377,201044,25605735,71
227000000,-122076935751804669,1837773089989821129566312078764826,6430880118465933377,201044,25605736,216
-72838099,39210332795496204,1837773572817875836201442769164816,6430880118465933377,201044,25605736,400
-29417544,15836110031810137,1837773767820510490130471351742384,6430880118465933377,201044,25605736,409
-23850943,12839488556422535,1837773925923358416931495905725886,6430880118465933377,201044,25605736,415
237547368,-127749042102194359,1837772352060732731932424472770905,6430880118465933377,201044,25605737,71
227300000,-122237972538968990,1837770846094243647096335790975994,6430880118465933377,201044,25605737,142
-108639280,58482751663317437,1837771566238940371888567691675051,6430880118465933377,201044,25605738,285
-109149433,58757423639185447,1837772289765891883511175819432238,6430880118465933377,201044,25605738,294
-1857614781,1000000000000000000,1837784603562288992743788908495045,6430880118465933377,201044,25605753,161
498905637,-268306057782501079,1837781298043361884446264224209904,6430880118465933377,201044,25605755,8
-81461983,43853150318547178,1837781838042126278862096093107875,6430880118465933377,201044,25605755,26
62870081,-33810800720240159,1837781421494536391646971548623110,6430880118465933377,201044,25605755,191
10956489,-5892270810597983,1837781348902017053644629759191115,6430880118465933377,201044,25605756,260
12650423,-6803248016613344,1837781265086298278643200997140862,6430880118465933377,201044,25605756,284
-1841342774,991250000000000000,1837793471136976913170028721674369,6430880118465933377,201044,25605758,441
89920658,-48358895350305102,1837792875357495839863977131453887,6430880118465933377,201044,25605760,13
-61390995,33048818256049433,1837793282313915009923313945652958,6430880118465933377,201044,25605762,81
-52610186,28321827761972597,1837793631063135664849700200239085,6430880118465933377,201044,25605762,92
-8750178775,4710664257601531904,1837851637223698909831287007696493,6430880118465933377,201045,25605763,9
-27960170,15052851861883677,1837851822581451932913510837051425,6430880118465933377,201045,25605763,151
-12105257,6517080422596933,1837851902831453360358732947276936,6430880118465933377,201045,25605763,440
163060,-87698232563329,1837851901751014960987867485623417,6430880118465933377,201045,25605772,282
73210500,-39374759022679457,1837851416655701513749693269524866,6430880118465933377,201045,25605774,88
6965655428,-3746239222815390747,1837805263151905002043561762463821,6430880118465933377,201045,25605776,68
-1229272,661767304973264,1837805271300772857748022225228819,6430880118465933377,201045,25605793,30
-54056,29101011160899,1837805271659116784133329116066376,6430880118465933377,201045,25605797,380
1064843,-572674650480549,1837805264603790072974564681786343,6430880118465933377,201045,25605798,546
-488512,262986155082903,1837805267842148041924018786916713,6430880118465933377,201045,25605800,13
-6036940365,3250000000000000000,1837845287680438646930011326370837,6430880118465933377,201045,25605804,48
-148656707,80031447763620571,1837846273171391774036731578428095,6430880118465933377,201045,25605807,24
61753014,-33212384258013263,1837845863996266595716453365661592,6430880118465933377,201045,25605811,300
-55830605,30057207753502005,1837846234114603137953121722856955,6430880118465933377,201045,25605811,320
-36487039,19643327890459926,1837846475998543342733860753945396,6430880118465933377,201045,25605811,426
-1099321,591835555702662,1837846483286285876226432395071814,6430880118465933377,201045,25605814,22
-77878189,41926872547821450,1837846999565257997648192063450090,6430880118465933377,201045,25605814,401
46549035,-25035308242787305,1837846691131352604398172659402306,6430880118465933377,201045,25605815,286
-5082,2736168592217,1837846691165045227350886811848526,6430880118465933377,201045,25605817,483
108273,-58231623336843,1837846690447634168178251368474412,6430880118465933377,201045,25605820,598
-1125167,605750442496164,1837846697906721784534827711989279,6430880118465933377,201045,25605837,47
-1065790,573783918297481,1837846704972180130385564343680671,6430880118465933377,201045,25605839,36
-1003428,540210604815903,1837846711624223529647829571846741,6430880118465933377,201045,25605841,117
-6499568426,3499220480000000000,1837889800312762844487386377011380,6430880118465933377,201045,25605841,129
-773005,416178648123782,1837889805437501982307802916996023,6430880118465933377,201045,25605844,126
-2998114564,1614172308495538342,1837909682026658648160578231678431,6430880118465933377,201046,25605854,164
552099414,-296953455736640829,1837906023573038479092211325781744,6430880118465933377,201046,25605857,41
40229499348,-21634749632003555719,1837639484401381725034635911264156,6430880118465933377,201043,25605862,2
10836820099,-5826787186466060189,1837567698637436324319965517440008,6430880118465933377,201042,25605868,2
98652,-53041189209409,1837567697983971187166174791593935,6430880118465933377,201042,25605872,204
8079926029,-4344152498783100939,1837514178214698542425437014847892,6430880118465933377,201041,25605874,214
30573080793,-16435275946962568435,1837330881955292339395832489165791,20457030163254276003,201039,25605886,12
273642027,-147089188527848113,1837329081166499087429833397866897,6471389746784727911,201039,25605890,533
-10637485689,5723840000000000000,1837399165845395194663481914690256,6466637627834840069,201040,25605897,15
-11216188,6035459892090795,1837399239753867493014298363622165,6466637627834840069,201040,25605905,62
-13312125,7163289663100592,1837399327473412498047754262001500,6466637627834840069,201040,25605907,8
-8989758,4837412970159475,1837399386710953446540573189561526,6466637627834840069,201040,25605909,31
141260829,-75936800375991336,1837398456345977511329587792960851,6466637627834840069,201040,25605912,123
91772,-49333278943950,1837398455741554429895609660019785,6466637627834840069,201040,25605912,160
7817034371,-4202039956281909943,1837346973050903151878612663470079,6466637627834840069,201040,25605937,145
374669448,-201397318719273897,1837344505564642789052940722732073,6466637627834840069,201040,25605941,157
-30977424129,16669891562109181952,1837548640169256631496239601966278,6466637627834840069,201042,25605944,2
-1133572497,610080000000000000,1837556111030066901553750464018461,6466637627834840069,201042,25605944,80
-11598561061,6242541423510602868,1837632555362084657947623057454245,6466637627834840069,201043,25605944,461
-14207361628,7647349746243175424,1837726202564945982377599660567832,6466637627834840069,201044,25605945,2
-37136961,19990611059701631,1837726447364107959947916037620337,6466637627834840069,201044,25605947,21
442865,-238153058519426,1837726444446296523842481938661690,6466637627834840069,201044,25605948,376
-181862940,97895844218872869,1837727643250102685460438880319648,6466637627834840069,201044,25605950,59
2618200,-1407954409219637,1837727626000080778221219714050865,6466637627834840069,201044,25605954,373
2012489654,-1082222208329055522,1837714366794612240354854262792943,6466637627834840069,201044,25605956,49
212266,-114145373363643,1837714365395763995151906961396936,6464981617640763302,201044,25605956,494
21854250621,-11751181794043553992,1837570391882852273347230727868677,6466637661915009010,201042,25605969,2
739404953,-397550957829353540,1837565521155042656443013141660281,6466637661915009010,201042,25605969,86
126880,-68218246167864,1837565520319244119955182012559401,6466637661915009010,201042,25605969,108
863533873,-464287862662881224,1837559831942044157602326653607699,6466637661915009010,201042,25605970,319
98051,-52717440593495,1837559831296158897125139820132547,6466637661915009010,201042,25605981,1199
542538290,-291699817390573250,1837556257438808931177137528190563,6466637661915009010,201042,25605985,21
97902000,-52637630428403780,1837555612531369241358993718363640,6466637661915009010,201042,25605986,339
-785359643,422677199661105510,1837560788512404025246992957446299,6466637661915009010,201042,25606008,338
-37892014,20393380494610492,1837561038243761098370759964342391,6466637661915009010,201042,25606011,1242
-48825366,26277689098127838,1837561360032635726359910411355897,6466637661915009010,201042,25606011,1356
196160633,-105467555060843154,1837560067861799937164809354988557,6466637661915009010,201042,25606013,53
-25282137852,13608000000000000000,1837726707439183842382611087965514,6466637661915009010,201044,25606015,15
48152532263,-25889856808941557536,1837409509245938789367956274406908,6466637661915009010,201040,25606015,28
-593293558,319257060213937001,1837413418774274391840213086257073,6466637661915009010,201040,25606015,179
949194388,-510259480166974268,1837407167160509605584778380879177,6466637661915009010,201040,25606015,254
16089055,-8648980972132057,1837407061194642045296416067096259,6466637661915009010,201040,25606015,334
6240506216,-3354629010656088122,1837365960841363148455414144300960,6466637661915009010,201040,25606016,1125
-1747906954,940525120000000000,1837377478236168832372304326623443,6466637661915009010,201040,25606019,26
-18143808,9763000000000000,1837377597791003782333109837963761,6466637661915009010,201040,25606036,68
4960000,-2666257767176199,1837377565124562218483137853197324,6466657939153231491,201040,25606038,43
83902,-45101658150232,1837377564571985982781191598867163,6466657939153231491,201040,25606043,821
5752668952,-3092294702640827036,1837339678413548645214972320887071,6466657939153231491,201040,25606044,14
499575323,-268536137762374375,1837336390780007794804825094505858,6471410058103119333,201039,25606048,245
20546265,-11044188732801315,1837336255568242212904678526065878,6471410058103119333,201039,25606048,275
864206448,-464533542453753645,1837330568378176306182221392374325,6471410058103119333,201039,25606051,89
