amount0,amount1,sqrtPriceX96,liquidity,tick,block,logIndex
-402608522,120654533982346880,1371202319598501338859335028665385,7040764403243424900,195187,21500002,251
38566357091,-11545006420813678868,1371072406198116135365936832062444,7040764403243424900,195185,21500004,283
49479460374,-14808687871644530026,1370905767313171030913704020408753,7040764403243424900,195182,21500005,21
738437481,-220979395989835316,1370903280680968180688988907883974,7040764403243424900,195182,21500008,193
49043201279,-14674515056527691969,1370738151612996383312677293295314,7040764403243424900,195180,21500010,2
-1655962379,495928730360609339,1370743729398877897790555971181182,7040764403243424900,195180,21500011,306
-344679460,103225344880588809,1370744890390036588570154497575302,7040764403243424900,195180,21500014,125
-33098770,9912500000000000,1370745001877432187346748819007785,7040764403243424900,195180,21500018,75
-4964754578,1486875000000000000,1370761724986772003835897033880376,7040764403243424900,195180,21500021,133
48483400264,-14504037987573030620,1370598519185062305830735537855433,7041059197483769307,195178,21500028,9
81703172133,-24434077013758325512,1370323579439459271119798626272567,7041059197483769307,195174,21500029,5
-1672605274,500610024541082523,1370329209640834170414002469531857,7041059197483769307,195174,21500029,61
-216590315,64825687127486122,1370329938714673889362028458514164,7041059197483769307,195174,21500029,89
50546875000,-15111735384215453497,1370159896822777703429182930242113,7041059197483769307,195171,21500030,26
-835484850,250000000000000000,1370162708480005529089343143367511,7041091962536816099,195171,21500031,130
-11696763,3500000000000000,1370162747843206718648585386351266,7041091962536816099,195171,21500034,336
21764784654,-6505776102264587226,1370089543191278563859666768376495,7041091962536816099,195170,21500035,20
17578537868,-5253945254949282621,1370030425816248208596553441099586,7057529587142913322,195169,21500038,27
2539731053,-759047725187687350,1370021904710415820823681933801152,7057529587142913322,195169,21500039,79
11000000,-3287542124879431,1370021867804311705165064847316427,7057529587142913322,195169,21500039,138
-173816149,52000000000000000,1370022451266905474237435942510907,7057529587142913322,195169,21500040,57
396393650,-118469148333576269,1370021121326616708289310920394178,7057529587142913322,195169,21500044,386
133301180,-39839328252422033,1370020674088424608861806917675977,7057529587142913322,195169,21500046,141
-752089355,225000000000000000,1370023198686186109655720310344403,7057529587142913322,195169,21500050,28
-102255000,30591342628942918,1370023541934342208913938995893720,7057529587142913322,195169,21500052,75
-4345348689,1300000000000000000,1370038145124375193456538130073489,7041091962536816099,195170,21500052,509
-747709007,223695249977226432,1370040660941840908402684841649440,7041091962536816099,195170,21500053,107
-99398401,29737500000000000,1370040995388468158264960899000706,7041091962536816099,195170,21500053,204
51555747,-15408763305921393,1370040822005133607194626075116666,7041091962536816099,195170,21500054,135
-401102869,120000000000000000,1370042171600602963511502977416857,7041091962536816099,195170,21500058,84
373396454024,-111497400400900684116,1368790620744179038631619655187427,7059438376940120358,195151,21500062,2
-51380254771,15345567069391290368,1368962758117751973237420687321733,7059438376940120358,195154,21500063,8
46915224400,-13998156792967582018,1368805656634308739257309556254467,7059438376940120358,195152,21500063,83
121904206,-36368531969718971,1368805248469833401624723801645414,7059438376940120358,195152,21500063,114
78997966121,-23563451756296194290,1368540510937453141381142212985721,7042862412935014005,195148,21500063,129
800000000,-238576730000855381,1368537827086083006153270934329875,7042862412935014005,195148,21500063,258
-123945266,37000000000000000,1368538243106746229679190672581382,7042862412935014005,195148,21500063,314
981780546,-292786389253633462,1368534949427802971076511548192503,7042862412935014005,195148,21500065,27
-84781877809,25314135524017669160,1368819205913655847372697132238809,7059438376940120358,195152,21500066,2
-299000000,89293885379759479,1368820207558941152829450538789499,7059438376940120358,195152,21500068,189
-752760105,224806179197831763,1368822729299915278737372502231183,7059438376940120358,195152,21500069,106
-49422553798,14761488962204717848,1368988314835365978623996424506946,7059438376940120358,195154,21500071,2
500000000,-149208163998601448,1368986640270331973727929410181421,7059438376940120358,195154,21500072,63
-58303278144,17418526307889436814,1369182030858154029981489794853949,7059438376940120358,195157,21500073,2
-507500000,151641126438583230,1369183731877419902861269903985772,7059438376940120358,195157,21500077,172
-1137879340,340000000000000000,1369187545793631023975187059150615,7059438376940120358,195157,21500078,214
27839799702,-8309713207478620973,1369094285781531533227219192964362,7059438376940120358,195156,21500078,268
47148437500,-14070436047994280285,1368936373107132603511648036255828,7059438376940120358,195154,21500083,2
852000000,-254231199507886171,1368933519867297462725880572103411,7059438376940120358,195153,21500084,270
6707849108,-2001541064289419042,1368911056547660238163712415190576,7059438376940120358,195153,21500096,40
89177048,-26608910230382077,1368910757915538036119570107818244,7059438376940120358,195153,21500102,363
1010303711,-301456587632605883,1368907374664599268946921635427680,7059438376940120358,195153,21500105,27
44570312500,-13297502693153680770,1368758136169942886509871406860523,7059416585732702867,195151,21500110,108
-2475902157,739345733862427774,1368766429732837733775769196157456,7059416585732702867,195151,21500110,125
300000000,-89495924227864485,1368765425315894353518318732009661,7059416585732702867,195151,21500110,231
-986562425,294606080538818262,1368768730040526209941076882536537,7059416585732702867,195151,21500112,36
-1102750000,329303557644273967,1368772423981860735761209259396461,7059416585732702867,195151,21500114,275
1209394875,-360788730927740011,1368768374833059257097560078801203,7059416585732702867,195151,21500124,189
-8063135,2407808366149223,1368768401839032371014510670612306,7060321382085266089,195151,21500127,314
-16597214,4956250000000000,1368768457428321006934013726192361,7060321382085266089,195151,21500128,59
-6697488,2000000000000000,1368768479860316421176436144585321,7060321382085266089,195151,21500128,339
-28942975492,8643546267087845875,1368865425855429474560031792085090,7060321382085266089,195152,21500129,64
-422098680,126064842524652226,1368866839798414179655951626541095,7060321382085266089,195152,21500129,307
-422367756,126145466225035311,1368868254645674123388186426519140,7060321382085266089,195153,21500129,359
-7832592655,2339350000000000000,1368894492789910277393628660305439,7060321382085266089,195153,21500130,117
-46293736005,13828320000000000000,1369049591195323615781017016178549,7060321382085266089,195155,21500130,253
-48865744349,14600000000000000000,1369213344761847585464671284791613,7060321382085266089,195158,21500133,551
-6693136,2000000000000000,1369213367193842999707093703184573,7060321382085266089,195158,21500133,750
-6693136,2000000000000000,1369213389625838413949516121577533,7060321382085266089,195158,21500138,279
-28534729705,8527159898790358251,1369309030231711502547085576927642,7060321382085266089,195159,21500147,55
1201046043,-358579085739545718,1369305006397590965913788888456497,7060321382085266089,195159,21500154,23
19791004264,-5908654492862782880,1369294728221142209317969523969983,45546195936128633513,195159,21500155,10
-2007692560,600000000000000000,1369301457819766482044695041858191,7060321382085266089,195159,21500155,112
-32944206843,9846236416426232600,1369411910950895966665530168878879,7058412592288059053,195160,21500157,62
-1140583483,340921607322452740,1369415735760916680022765498437379,7058412592288059053,195161,21500158,45
49478082434,-14772518197156393836,1369249945544867248426574007520685,7060321382085266089,195158,21500161,14
18428343,-5501426860346332,1369249883810008767646670161734739,7060321382085266089,195158,21500165,119
393647461,-117515754294446570,1369248565094220156208587397238179,7060321382085266089,195158,21500166,334
-38994490,11652682600845733,1369248695790681489105559236318972,7060321382085266089,195158,21500171,329
6680745,-1994404063003626,1369248673410259880579397889396981,7060321382085266089,195158,21500173,393
-5354233,1600000000000000,1369248691355856211973335824111349,7060321382085266089,195158,21500173,408
-66927903,20000000000000000,1369248915675810354397560008040955,7060321382085266089,195158,21500177,114
6676404,-1993108732569797,1369248893309924436892696369087358,7060321382085266089,195158,21500177,380
3261199108,-973559004179981101,1369237968411916803198139003443392,7060321382085266089,195158,21500178,384
44529615282,-13291779537922878935,1369088813265522702505443847116668,7060321382085266089,195156,21500179,25
6676404,-1992642662668303,1369088790904866838974079413315381,7060321382085266089,195156,21500179,215
-538476732,160875080899408982,1369090595279405339684576554119884,7060321382085266089,195156,21500183,334
39581666587,-11812451307380973872,1368958040575274208162175954258672,7060321382085266089,195154,21500185,19
-1520236967,454099697536892360,1368963133756440586382397852560923,7060321382085266089,195154,21500188,168
-180056229,53783601678648000,1368963736993193694818892107107697,7060321382085266089,195154,21500189,127
5340848,-1593740777994033,1368963719108858615552602187192354,7060321382085266089,195154,21500189,159
-116503026,34799999996919808,1368964109425578788823324780462355,7060321382085266089,195154,21500192,383
116731483,-34833381277682456,1368963718539010963145122207658945,7060321382085266089,195154,21500204,78
49477164613,-14762494664142825790,1368798059603238661945502277739214,7060321382085266089,195151,21500208,14
-33485991,10000000000000000,1368798171763215733157614369704017,7060321382085266089,195151,21500212,92
-88893707198,26552313362605716298,1369095982449009482769157925945862,7060321382085266089,195156,21500218,3
-50055411562,14956503347816854731,1369263734556265147331125794024516,7060321382085266089,195158,21500219,2
-501947712,150000000000000000,1369265416955921215512807173496568,7060321382085266089,195158,21500219,25
-6692627,2000000000000000,1369265439387916629755229591889528,7060321382085266089,195158,21500219,71
136736122,-40820849140014786,1369264981312328478532907618663119,7060321382085266089,195158,21500219,107
-7329608853,2190390906354745850,1369289548731711852514019317041723,7060321382085266089,195159,21500230,154
-34220366098,10227503953864113577,1369404276094549118418581994878529,7058412592288059053,195160,21500230,269
-1200000000,358677319595190083,1369408300106453100605219788089878,7058412592288059053,195160,21500231,199
49477153655,-14772080543626680435,1369242516811843035311519970897240,7060321382085266089,195158,21500232,14
-667920255,199592450691066631,1369244755440312345018253264674396,7060321382085266089,195158,21500234,195
48174927,-14381586987640415,1369244594055773397405297239148819,7060321382085266089,195158,21500234,221
442258050,-132026459369488153,1369243112506533209800610858992703,7060321382085266089,195158,21500237,64
-626540937,187227346817704417,1369245212448025827561143155284134,7060321382085266089,195158,21500238,522
-43381961662,12965098008212847841,1369390640973183007562639869702750,7058412592288059053,195160,21500239,452
-5260847070,1572439760894179099,1369408282223327495184456587510635,7058412592288059053,195160,21500240,75
17885309661,-5340316346793890265,1369348339078056609948353815026706,7058412592288059053,195160,21500243,46
-66891917844,19995427863829040408,1369572668399576230698621149702595,7058412592288059053,195163,21500244,2
117617632,-35129025126868237,1369572274088805171481495057832716,7058412592288059053,195163,21500244,67
42941202045,-12823958142816722469,1369428329734953528249368272585744,7058412592288059053,195161,21500247,69
-25884415733,7737533555412041728,1369515137362404241488277430279715,7058412592288059053,195162,21500248,47
-902250000,269723979247758698,1369518163404041073716586392300390,7058412592288059053,195162,21500248,107
72087192,-21528672627891242,1369517921752373453356016868116391,7058412592288059053,195162,21500248,444
26676627867,-7966391470584790432,1369428501850967669562243453157301,7058412592288059053,195161,21500249,15
-71734042507,21445607874034194659,1369669100786720408399861009220076,7058412592288059053,195164,21500249,40
-80297737168,24014750423546539985,1369938523011924325180284144268921,7058412592288059053,195168,21500251,35
-140000000,41878235548907498,1369938992845139753373228573357630,7058412592288059053,195168,21500252,322
177159468,-52940771251867295,1369938398603874662665851962339587,7058412592288059053,195168,21500255,184
-1170056107,350000000000000000,1369942325264662647020579893283047,7058412592288059053,195168,21500259,85
-45148599145,13506876739690179660,1370094006043089072169275862900503,7041974967681961830,195170,21500260,71
-41313544897,12362186493333768324,1370233021533538546435495914821938,7041974967681961830,195172,21500263,34
-23847527983,7137000000000000000,1370313278659239805709626283908788,7041974967681961830,195174,21500263,71
1367805078,-408964976230463167,1370308677458050064027295303717910,7041974967681961830,195174,21500268,112
2478125000,-740936541214395773,1370300341296537207271827881531198,7041974967681961830,195173,21500274,12
-540430173,161744577976226951,1370302160149686448574719683653722,7041974967681961830,195173,21500278,515
-412079590,123331003126003700,1370303547033786314916238421154673,7041974967681961830,195173,21500278,525
-9555738190,2860000000000000000,1370335708359203941583467348657600,7041974967681961830,195174,21500285,178
-3694346,1105731392255739,1370335720793395246066760038583709,7041974967681961830,195174,21500287,53
-3341061305,1000000000000000000,1370346966012072737908448474773543,7041974967681961830,195174,21500288,25
-49965116425,14955000000000000000,1370348210499549645069630419099471,951608404094827992082,195174,21500289,9
-11693597,3500000000000000,1370348249857815016291076328626135,7041974967681961830,195174,21500295,297
-40757087533,12200188835990177105,1370485443649182420481917311425696,7041974967681961830,195176,21500296,2
-25103421018,7515650560657605731,1370569958783240629421545591858620,7041974967681961830,195177,21500297,612
-5914750000,1770937172772930997,1370589873359012560181794859468405,7041974967681961830,195178,21500299,117
-56538549525,16930822580314828800,1370780266845004252969622097906738,7041680173441617423,195180,21500300,17
-61579511999,18445722887358951424,1370987701716266453787593516856004,7041680173441617423,195183,21500303,5
-299000000,89577030118087744,1370988709071728967530861527368701,7041680173441617423,195183,21500303,281
-29604383514,8869791439949744088,1371088455991744200527949285148423,7041680173441617423,195185,21500304,12
-3425302403,1026340715008921250,1371099997900694536789900190638022,7041680173441617423,195185,21500305,458
1592658250,-476741312346392570,1371094633933964792101063934655537,7041680173441617423,195185,21500305,493
-70517263257,21133119885767129325,1371332290437298526336600475682195,7041680173441617423,195188,21500309,2
-2787878,835636213930996,1371332299834603880934589490796971,7041680173441617423,195188,21500309,249
-38054492794,11407487566733746629,1371460558277514551785123885557620,7044862447269827828,195190,21500310,162
-10006585204,3000000000000000000,1371494280106304990129995593411040,7044862447269827828,195191,21500310,417
-24935827200,7476467095626346805,1371578320154090342628582618398464,7044862447269827828,195192,21500311,525
370197700,-110891478974292466,1371577073042711890207680907471953,7044862447269827828,195192,21500315,374
-5631763209,1688685851479508673,1371596054901100032736489161512586,7044862447269827828,195192,21500325,204
55801190,-16715504297463327,1371595866914648785481287941191110,7044862447269827828,195192,21500326,250
-103383495,31000000000000000,1371596215373546286677518282172262,7044862447269827828,195192,21500327,140
73522750,-22024083646531058,1371595967685576303481461765900337,7044862447269827828,195192,21500328,233
-2005000,601208085270173,1371595974443521676450789728449259,7044862447269827828,195192,21500328,355
55593208118,-16650929197086986173,1371408714218880729856191770324053,7044862447269827828,195190,21500336,38
40348372296,-12082043941136836788,1371272778525675380293749490753617,7041680173441617423,195188,21500337,19
-299000000,89614286467286539,1371273786300111227147623829646477,7041680173441617423,195188,21500339,203
45742187500,-13694308516305858579,1371119707319821488455903498577497,7041680173441617423,195185,21500340,11
-51060209,15300000000000000,1371119879378870065331104524876705,7041680173441617423,195185,21500352,30
14844917638,-4443615183967221399,1371069882864220900462410141370715,7041680173441617423,195185,21500353,21
49474019156,-14807005304999225979,1370903284581743000687382827396839,7041680173441617423,195182,21500358,14
51470531835,-15400719948144149772,1370730006228731423971394832241570,7041680173441617423,195180,21500359,11
-10025000,3002245937453489,1370730039991056887503153786499878,7041680173441617423,195180,21500359,36
-6619897,1982500000000000,1370730062285636221075381631901066,7041680173441617423,195180,21500360,130
-200349898,60000000000000000,1370730737027003189213424872290117,7041680173441617423,195180,21500362,66
27882875389,-8341338704275653864,1370636889315412609787766553930137,7041974967681961830,195178,21500366,513
4768914442,-1426536567757771537,1370620839574886471920177065290482,7041974967681961830,195178,21500373,8
38973275801,-11656915415118741938,1370489689436869427556010967144445,7041974967681961830,195176,21500373,370
19789610494,-5918222950563415299,1370423104433106309402771852792710,7041974967681961830,195175,21500375,19
-30598568283,9160119229429750779,1370526111976953145012792529790563,7041974967681961830,195177,21500378,111
1500000000,-448629594744990612,1370521064515324228590353510896855,7041974967681961830,195177,21500379,84
-488129992,146138780073180229,1370522707877863413389225823409415,7041974967681961830,195177,21500381,121
-6605251812,1977547532459458000,1370544945832311054390390048156160,7041974967681961830,195177,21500381,183
-49301993270,14762560077360075632,1370710954048620579320213166448532,7041974967681961830,195179,21500381,200
-810958478,242856250000000000,1370713685020259024948291213729959,7041974967681961830,195179,21500381,221
-53427935,16000000000000000,1370713864943757864817758228708996,7041974967681961830,195179,21500381,518
1955353534,-584979231680041571,1370707283433620763036127708257574,7041974967681961830,195179,21500385,82
-29884340228,8950000000000000000,1370807931982600657727207778390886,7041680173441617423,195181,21500385,95
8312312100,-2487080394838342838,1370779949057381833649451588651428,7041680173441617423,195180,21500387,185
65013400628,-19448793616587922339,1370561131042094571621614012564146,7041974967681961830,195177,21500388,14
48500028103,-14504766087522693370,1370397940180143535646830317226483,7041974967681961830,195175,21500389,26
765131726,-228798103200665655,1370395366008354154124712128893660,7041974967681961830,195175,21500389,54
-189000000,56573337796085255,1370396002187908986717754362994904,7041974967681961830,195175,21500392,351
-37483714,11220000000000000,1370396128359262548176218107248953,7041974967681961830,195175,21500393,204
10057534524,-3007500000000000000,1370390534079584900182517388857672,42593276076935368550,195175,21500394,24
-81604725869,24431442148051669430,1370665270989146232216506477136929,7041974967681961830,195179,21500395,2
-3339482,1000000000000000,1370665282234364909708348165573118,7041974967681961830,195179,21500395,414
-1978267867,592390475079282099,1370671943794799639516784374719569,7041974967681961830,195179,21500398,116
226776784,-67840497908959251,1370671180531934030537490297302851,7041974967681961830,195179,21500400,297
-50356113174,15081013540767491879,1370840775043785131140074622841682,7041680173441617423,195181,21500401,2
-685184155,205229649888763308,1370843082992693603415639876822747,7041680173441617423,195181,21500405,893
-212669730,63700000000000000,1370843799343111534588862450369123,7041680173441617423,195181,21500407,68
-46018844,13783824442665525,1370843954351720642805023843155077,7041680173441617423,195181,21500407,157
-31118034684,9321363515028625993,1370948779511056265192780338695953,7041680173441617423,195183,21500410,5
-33381009,10000000000000000,1370948891967950759882454212094128,7041680173441617423,195183,21500410,62
-45175800082,13534886910227249561,1371101101102876858093584399180897,7041680173441617423,195185,21500412,2
-107323186143,32166596643694568166,1371462809022558709782063876145152,7044862447269827828,195190,21500413,14
2302597443,-689615895081502857,1371455053441719922611133805571067,7044862447269827828,195190,21500418,152
39579661128,-11852682218037750639,1371321719311141259810550434713260,7041680173441617423,195188,21500421,24
-42074887680,12612599976616649197,1371463528731558543388252600056730,7044862447269827828,195190,21500425,8
166818209,-49961495625393346,1371462966852952042221416994208196,7044862447269827828,195190,21500426,781
-66711963,20000000000000000,1371463191665143978477049472260552,7044862447269827828,195190,21500428,270
948430530,-284051087867336850,1371459997160507393487274313620992,7044862447269827828,195190,21500429,102
32075789232,-9605789327318308725,1371351945764017740444581532916279,7041680173441617423,195189,21500430,127
-26455579,7930000000000000,1371352034942335074733492914521031,7041680173441617423,195189,21500430,306
32718663037,-9796753518549925152,1371241808581472038338322283318861,7041680173441617423,195187,21500434,324
49474394914,-14810831244406067188,1371075167252144291818181440567161,7041680173441617423,195185,21500438,20
5941665217,-1778475965483550969,1371055157058646370352901333662549,7041680173441617423,195184,21500445,120
194878780,-58330785817360572,1371054500760594698991349721474244,7041680173441617423,195184,21500445,194
2864587915,-857417154142164265,1371044853690015279037359896558795,7041680173441617423,195184,21500447,259
-299000000,89584498620768007,1371045861129466254575375809037759,7041680173441617423,195184,21500447,284
263066919,-78739663059279394,1371044975236489718998407550721922,7041932814023696636,195184,21500451,44
19394384220,-5804734242031241699,1370979666685552695156000589517644,7041932814023696636,195183,21500456,16
30403886502,-9098762553498447519,1370877297313775719273800033855194,7041932814023696636,195182,21500456,57
-19759199770,5918963209534543236,1370943857747845466519568926561711,7041932814023696636,195183,21500459,9
49474064577,-14804297208215825036,1370777295910904026160771583514535,7041932814023696636,195180,21500460,31
-627505997,187936177620086500,1370779409306969683708552068732820,7041932814023696636,195180,21500460,276
-23578673366,7062162473613352489,1370858825343710305619432440211910,7041932814023696636,195182,21500466,12
10000000,-2992327231762957,1370858791677301597225222283647967,7041932814023696636,195182,21500466,88
72095733,-21573398125474749,1370858548956909652246430904041648,7041932814023696636,195182,21500466,452
-1064484244,318848000000000000,1370862134493857759021746603035078,7041932814023696636,195182,21500471,93
17316056221,-5181335459096591964,1370803839747424405188821199912921,7041932814023696636,195181,21500479,27
-18363438,5500000000000000,1370803901596497363423667384754801,7041932814023696636,195181,21500480,113
-2100098703,629000000000000000,1370810974881386587008803796671662,7041932814023696636,195181,21500486,194
93700230,-28036211620606130,1370810659448452302524709877546877,7041932814023696636,195181,21500486,200
-71004891815,21270466906553997224,1371049851932008516712101242220059,7041932814023696636,195184,21500487,31
13442449,-4023541465698766,1371049806663499778254480417075096,7041932814023696636,195184,21500487,77
527883003,-158003682823644119,1371048028978055850952074605052386,7041932814023696636,195184,21500487,366
590860735,-176853422233177346,1371046039215863006657500676752295,7041932814023696636,195184,21500488,146
543229579,-162596254694465066,1371044209859799641574044627343468,7041932814023696636,195184,21500492,144
10564142652,-3161910241361713459,1371008635487667144313121703413306,7041932814023696636,195184,21500492,353
69008893,-20654229346756946,1371008403108761734574504225384852,7041932814023696636,195184,21500492,391
16109279664,-4821284973132748146,1370954159258462816266202935900262,7041932814023696636,195183,21500497,300
57355977179,-17162755169922631878,1370761062619840074503709781486056,7041932814023696636,195180,21500499,37
-1057246902,316635133956868156,1370764623272476663376855558617273,7041932814023696636,195180,21500501,109
-37255133735,11158599494197932374,1370890104915063639808048532910354,7041932814023696636,195182,21500503,5
-5089131262,1524447248872332558,1370907247760357546224445470300354,7041932814023696636,195182,21500503,12
-43457032727,13019089881116497833,1371053651149431544643455323510906,7041932814023696636,195184,21500506,15
-144421268400,43286477307586311774,1371540357286202279571951979536226,7045115087851907041,195192,21500508,2
-5336285679,1600000000000000000,1371558341616608930677803318060296,7045115087851907041,195192,21500508,530
-45650574607,13689310474222768852,1371712212293238713184813836140544,7045115087851907041,195194,21500509,15
-40180556244,12051549119250923766,1371847674194034084273798582717038,7045115087851907041,195196,21500510,528
-36247679071,10873984579783747106,1371969900026233871830650001071670,7045115087851907041,195198,21500513,41
533047683,-159763765756910963,1371968103350176853885077695016748,7045115087851907041,195198,21500513,50
-65253526682,19580319734511213193,1372188638261243031789094575682269,7013905288520350574,195201,21500514,5
362634375,-108722604562448384,1372187410144832998978451632316490,7013905288520350574,195201,21500514,30
1300000,-389756927086032,1372187405742189408855661988962045,7013905288520350574,195201,21500520,84
19790019400,-5933015692868955061,1372120387168060149947979986656677,7013905288520350574,195200,21500522,10
-2312271,693875000000000,1372120395002063003377506761669033,7013905288520350574,195200,21500523,134
-28647643740,8597300404873578518,1372217460433017527520796606943977,7013905288520350574,195201,21500530,74
-299000000,89737801448698958,1372218473592725846166019168847053,7013905288520350574,195201,21500531,482
333458635,-99979685025307680,1372217344235198553251761945551479,7013905288520350574,195201,21500533,349
26011246642,-7798350061682234604,1372129255086484025276878779895479,7013905288520350574,195200,21500535,173
44238013162,-13260563788786927891,1371979944041238643106582805049923,7045115087851907041,195198,21500537,166
-5712245000,1713825039238408951,1371999207788591677695749589487233,7045115087851907041,195198,21500537,262
4348114989,-1303250000000000000,1371984551661401540093385434327468,7045115087851907041,195198,21500537,703
-4210500000,1263265521625391078,1371998751026734191025170403430192,7045115087851907041,195198,21500540,17
70000000,-20981137422945957,1371998515076441718781297432957035,7045115087851907041,195198,21500540,82
34657214323,-10386939187955593595,1371881705330149831757930645877582,7045115087851907041,195197,21500541,444
32158324456,-9636427650015621388,1371773335708590508721072619297402,7045115087851907041,195195,21500542,19
7858774883,-2354695801725639456,1371746855201270981381671849024563,7045115087851907041,195195,21500542,44
-6015000,1804021124205550,1371746875478840955313403096172063,7045115087851907041,195195,21500543,599
-1273154965,381846329731882471,1371751167510439996074726013911308,7045115087851907041,195195,21500554,97
-7668509151,2300000000000000000,1371777019985399557039387313039659,7045115087851907041,195195,21500555,95
-60679210472,18202446855341667716,1371981619246934539513060590412849,7045115087851907041,195198,21500558,437
-9643989804,2893487814693302287,1372014142647488954023508187714129,7045115087851907041,195198,21500558,541
-66167403,19852690526382245,1372014365795830133680096381112459,7045115087851907041,195198,21500559,81
64328169324,-19278511946942688338,1371797562939025238732273721185832,7045115087851907041,195195,21500560,5
-53797737,16136233128654151,1371797744313617804023359259444386,7045115087851907041,195195,21500564,36
9996555,-2995395116957159,1371797710627915276617845501537052,7045115087851907041,195195,21500564,52
-2359428526,707697279071367153,1371805665291474468768823905974343,7045115087851907041,195195,21500565,133
1069972078,-320612254300716229,1371802059740753004706997279657745,7045115087851907041,195195,21500566,93
-250000000,74986176679744328,1371802902600863842230724408126768,7045115087851907041,195195,21500567,34
1016616257,-304623238800202658,1371799476859883272554878731797658,7045115087851907041,195195,21500567,87
-27003303401,8100000000000000000,1371890522532566943778251133075764,7045115087851907041,195197,21500567,162
22969201706,-6883097784358035172,1371813116389010676226732513085212,7045115087851907041,195196,21500570,117
48432971348,-14511188381067384756,1371649926039812156715676593099547,7045115087851907041,195193,21500572,23
48508210634,-14530270984661210579,1371486521090908753192982613384290,7045115087851907041,195191,21500574,29
48446799084,-14508420428985255597,1371323326488803760715836145822945,7041932814023696636,195188,21500574,48
-1792778981,537361350280338664,1371329369270868928762563130903862,7041932814023696636,195188,21500578,106
-3999830009,1198912236198843818,1371342851381844780177081990856271,7041932814023696636,195189,21500578,171
1778947422,-532692937825563954,1371336858100772260323733740670194,7041932814023696636,195189,21500578,312
-9423181115,2824580323635820012,1371368621314320068764751126309941,7041932814023696636,195189,21500579,145
-133057500,39884665535319082,1371369069828790724900162318914072,7041932814023696636,195189,21500579,172
44335937500,-13275195484133707077,1371219711779942115975793814141063,7041932814023696636,195187,21500580,21
-500516726,150000000000000000,1371221398572840976926144309828708,7041932814023696636,195187,21500581,325
1502350033,-449788474521357318,1371216338042543747477957820604675,7041932814023696636,195187,21500583,448
-20020791,6000000000000000,1371216405514259701915971840432180,7041932814023696636,195187,21500583,480
-2238404012,670827565362132965,1371223949162083788755372780617236,7041932814023696636,195187,21500586,111
-132302556,39650000000000000,1371224395037673387666582094977337,7041932814023696636,195187,21500589,124
184539510,-55249691672047529,1371223773428284848952167901326612,7041932814023696636,195187,21500590,298
49474079602,-14810347359689324970,1371057143521624932469944594131546,7041932814023696636,195184,21500594,14
-433479840,129878873680978184,1371058604046703846685802923374224,7041932814023696636,195184,21500596,205
207844566,-62211993701085819,1371057904105071704122972479698151,7041932814023696636,195184,21500597,149
-542987136,162689583960702413,1371059733595971327824268037614714,7041932814023696636,195185,21500598,339
-899000000,269358967019800271,1371062762614590084624381849404846,7041932814023696636,195185,21500600,385
28658004837,-8577360923742449686,1370966259486378404346868338463261,7041932814023696636,195183,21500604,154
31265685341,-9356464382610078234,1370860990734142072274441947083042,7041932814023696636,195182,21500605,91
87000000000,-26027768755109701484,1370568160808312575575943676723637,7042227608264041043,195177,21500607,151
-10261050612,3072289156626506024,1370602708132286344959511751751340,7042227608264041043,195178,21500610,152
-908420087,271999999465415149,1370605766722029478034371121277967,7042227608264041043,195178,21500610,188
-105000000,31439277326387911,1370606120250894739054515269218471,7042227608264041043,195178,21500612,334
20538609,-6143557891974483,1370606051133162374091785201235861,7042227608264041043,195178,21500614,128
-2271031541,680000000000000000,1370613697607535235048684301947706,7042227608264041043,195178,21500614,320
929554967,-278053170084909949,1370610569386896464173855444764442,7042227608264041043,195178,21500616,19
-50125000,15008615310250341,1370610738156002849405944806516983,7042227608264041043,195178,21500621,51
-46040228440,13787098727646452428,1370765773610976364092296043764954,7041932814023696636,195180,21500625,30
-129905568,38905629335999049,1370766211115904961955402700874498,7041932814023696636,195180,21500627,38
-1058542172,317025437099098349,1370769776157612008941916634865116,7041932814023696636,195180,21500631,109
18000000,-5385489174600972,1370769715565950200641489187928843,7041932814023696636,195180,21500632,74
98844976733,-29566630533467645532,1370437075707199989857725236792012,7042227608264041043,195175,21500633,23
-36477328,10919413207058978,1370437198493984187587056111729683,7042227608264041043,195175,21500634,171
-3305837546,989603779217234885,1370448326405656350732593883849172,7042227608264041043,195176,21500634,294
1897361412,-567410020762315574,1370441942792993160976666918654796,7042227608264041043,195175,21500635,144
-9399274609,2813738173146686230,1370473582758923906185696453147877,7042227608264041043,195176,21500636,31
108957722,-32585385590652929,1370473216158982981722999105407607,7042227608264041043,195176,21500636,61
-206344162,61771983412970727,1370473910773524346535891477208609,7042227608264041043,195176,21500636,264
-164348,49200000000000,1370473911326769257042890123437660,7042227608264041043,195176,21500638,138
-1008802819,302000000000000000,1370477307260976027644336488753803,7042227608264041043,195176,21500640,285
-187150096,56026305686748884,1370477937266432850878794795909114,7042227608264041043,195176,21500640,334
4276824974,-1279041527172785543,1370463547485867050852461839247978,7042227608264041043,195176,21500640,357
-112477651363,33680556031473455305,1370842284395802640119533160890368,7041932814023696636,195181,21500643,12
-2903646606,869720837007827840,1370852064655348348159734753967624,7041932814023696636,195181,21500644,187
63255992,-18928073569377449,1370851851697268735396533537497685,7041932814023696636,195181,21500647,69
365480745,-109362590254219283,1370850621268450047006585997590886,7041932814023696636,195181,21500651,234
-36724369,11000000000000000,1370850744966595963476278367274646,7041932814023696636,195181,21500652,186
-270148071,80917142629499815,1370851654903006520536114275173896,7041932814023696636,195181,21500654,101
197880000,-59211524510598851,1370850988719387542985667770987013,7041932814023696636,195181,21500657,1152
-66771443446,20000000000000000000,1370853190625928714170175146088968,719272566317798039804,195181,21500662,6
5000000,-1496151334748386,1370853173792862533913969989669737,7041932814023696636,195181,21500662,146
-963198898,288507377224116819,1370856418140830338165511034315916,7041932814023696636,195182,21500663,18
54959143758,-16443297520114866052,1370671417929522213254500603873929,7042227608264041043,195179,21500663,530
-35375956698,10594261447726134857,1370790551556374268759318463373029,7041932814023696636,195181,21500664,160
350000000,-104720933915248481,1370789373350420022783012908556045,7041932814023696636,195181,21500664,187
-3000000,898505520997041,1370789383454371572150781542239143,7041932814023696636,195181,21500664,197
39476849756,-11810423856183658811,1370656507918579857392391546848702,7042227608264041043,195179,21500665,38
366784849,-109721539310755771,1370655273502933077311073266596239,7042227608264041043,195179,21500665,336
8234835114,-2463350669522642067,1370627559722857929792024655557484,7042227608264041043,195178,21500667,232
43975290156,-13152986507634900283,1370479582831092611541981454609071,7042227608264041043,195176,21500669,12
81033551520,-24229656238575385458,1370206988525864266056886393152636,7042227608264041043,195172,21500670,2
-299000000,89475039289155023,1370207994656150935543836683920967,7042227608264041043,195172,21500670,399
-98455569,29462623989694703,1370208325957914603836458775053423,7042227608264041043,195172,21500673,137
71837447086,-21471934067816180303,1369966906861382946084379216488702,7058665232870138266,195169,21500675,15
-32837394,9823062521954193,1369967017062679737706622938991387,7058665232870138266,195169,21500675,345
-12941152,3871249914063447,1369967060492797359453893100885524,7058665232870138266,195169,21500675,587
6989192793,-2088639416233708090,1369943617099798287214148291361513,7058665232870138266,195168,21500681,175
-1002500000,299880943327690447,1369946981352928504700350097909180,7058665232870138266,195168,21500683,90
-50645002397,15151515151515187511,1370117161212907989374946262050606,7042227608264041043,195171,21500683,131
-360952392,108000000000000000,1370118375652955443762218472163663,7042227608264041043,195171,21500683,183
-214570671,64201445407186678,1370119097586348100651498244992063,7042227608264041043,195171,21500683,343
-104274937,31200009128041740,1370119448424686675061926922783929,7042227608264041043,195171,21500683,583
-4678947254,1400000000000000000,1370135191166042565267307424249493,7042227608264041043,195171,21500683,648
-206337600,61739551826884469,1370135885415896736139307497435264,7042227608264041043,195171,21500685,96
-25337254,7581321060833172,1370135970666451448039145982532070,7042227608264041043,195171,21500686,104
-50000000,14960821042483426,1370136138898120122022170254722007,7042227608264041043,195171,21500688,96
2159941797,-645640581640706424,1370128875157188487522422310804399,7042227608264041043,195171,21500693,109
-29815685,8921250000000000,1370128975474996574119204275660613,7042227608264041043,195171,21500695,78
-3342097,1000000000000000,1370128986719811828326493833161659,7042227608264041043,195171,21500699,48
45364662794,-13558632428389465425,1369976573189658320383107857274027,7058665232870138266,195169,21500700,22
91559510524,-27356216074301047536,1369669520416732188871944731897381,7058665232870138266,195164,21500701,188
-24971490272,7467249112748684000,1369753292716241821681509090902218,7058665232870138266,195165,21500702,232
-500685365,149729774365571711,1369754972479072051578183562319880,7058665232870138266,195165,21500704,132
359096069,-107280223678319742,1369753768339944363197945513490827,7058665232870138266,195165,21500705,368
-880000000,263164103728206765,1369756720680462917073024637751792,7058665232870138266,195165,21500707,175
254417425,-76007612794305730,1369755867552668904955380532152979,7058665232870138266,195165,21500708,86
-880000000,263164910352676994,1369758819902236679727138482323314,7058665232870138266,195166,21500708,235
2499975916,-746869989250069899,1369750436853185170751275799492841,7058665232870138266,195165,21500709,9
-2446652396,731670936121507840,1369758645198169753999419666959159,7058665232870138266,195166,21500709,47
-3343904,1000000000000000,1369758656416799030289405762078080,7058665232870138266,195166,21500710,35
-570707953,170671369574130029,1369760571115622359132514282117434,7058665232870138266,195166,21500710,104
-334389235,100000000000000000,1369761692978549988131123794009567,7058665232870138266,195166,21500710,1342
-880000000,263167148784543851,1369764645353229900177395242095949,7058665232870138266,195166,21500713,112
-430899663,128862500000000000,1369766091013845016095728424357949,7058665232870138266,195166,21500713,120
-267509276,80000000000000000,1369766988504187119294616033871655,7058665232870138266,195166,21500715,244
376232805,-112401804035970523,1369765726879205162567416574377948,7058665232870138266,195166,21500716,67
-2173503879,650000000000000000,1369773018988234751058378401676817,7058665232870138266,195166,21500719,143
-334383158,100000000000000000,1369774140851162380056987913568950,7058665232870138266,195166,21500719,356
2309973339,-690122312196290302,1369766394751736841047360654314441,7058665232870138266,195166,21500720,248
-13375466,4000000000000000,1369766439626253946207305034790126,7058665232870138266,195166,21500720,320
-657772956,196710612602439639,1369768646449691444874528534118265,7058665232870138266,195166,21500721,252
-33145966,9912500000000000,1369768757654354146099015701984572,7058665232870138266,195166,21500722,27
-296459559,88658080000000000,1369769752276486013758706121925509,7058665232870138266,195166,21500722,176
-24838031,7427974079153854,1369769835608173481677282293043982,7058665232870138266,195166,21500722,286
-49229010,14722256911135605,1369770000771715878005758528226052,7058665232870138266,195166,21500725,208
-150375000,44970646952836577,1369770505280732356799218754745491,7058665232870138266,195166,21500726,204
-648229226,193857653896260460,1369772680097883790278297651598492,7058665232870138266,195166,21500730,87
29962980132,-8951045854732502523,1369672211398454759588159297209287,7058665232870138266,195164,21500732,65
115319679583,-34437987731116497241,1369285687473800908983827994685013,7060574022667345302,195159,21500734,2
-6965564,2081625000000000,1369285710820466718683108596154288,7060574022667345302,195159,21500735,462
-234234900,70000000000000000,1369286495912213156658076279021908,7060574022667345302,195159,21500737,75
-282859435,84531320968071067,1369287443981390407114168362814817,7060574022667345302,195159,21500738,72
343416035,-102525780963649885,1369286293518381307290304096706253,7060574022667345302,195159,21500740,241
518967502,-154935794720886335,1369284554951759951237481767868577,7060574022667345302,195159,21500741,25
-1673103364,500000000000000000,1369290162749948793915822359780152,7060574022667345302,195159,21500743,56
-20077157,6000000000000000,1369290230043527060027962446883090,7060574022667345302,195159,21500743,437
1000149567,-298592254806628239,1369286879478032898824647080922559,7060574022667345302,195159,21500746,143
-1413531945,422429323863730656,1369291617274827452956586115677607,7060574022667345302,195159,21500746,307
-20853030,6231880723321885,1369291687169086319612719371338180,7060574022667345302,195159,21500749,317
368241081,-109937895498105828,1369290453533205860476134970616735,7060574022667345302,195159,21500752,173
-5000000,1494236030672945,1369290470291954073498546901470652,7060574022667345302,195159,21500754,271
133472042,-39847856256839837,1369290023150911259351817876927836,7060574022667345302,195159,21500755,285
358721216,-107095494408799469,1369288821410201746841861762230573,7060574022667345302,195159,21500757,252
181887083,-54301949312627238,1369288212076789028526809112647364,7060574022667345302,195159,21500759,119
562015793,-167788152563116222,1369286329291200128672584602540642,7060574022667345302,195159,21500761,154
-167310519,50000000000000000,1369286890071019012940418661731799,7060574022667345302,195159,21500762,53
165807015,-49501146135127158,1369286334608412425240912068128641,7060574022667345302,195159,21500762,161
-68395954,20439819997641904,1369286563853183551334165772871109,7060574022667345302,195159,21500763,212
-3316931,991250000000000,1369286574970643460714775583094573,7060574022667345302,195159,21500767,232
359920282,-107452931503515899,1369285369219058325641573724670565,7060574022667345302,195159,21500767,343
-23162838859,6922490684359846218,1369363013626786205386322766615603,7058665232870138266,195160,21500770,111
-983007645,293800927189789997,1369366309670469377906975004017137,7058665232870138266,195160,21500771,414
133493317,-39858622901113225,1369365862287664184278825858783535,7058665232870138266,195160,21500772,121
59111780,-17649670350619063,1369365664183503591660141691553201,7058665232870138266,195160,21500774,144
-21790473,6512737919439663,1369365737247495883489876085433749,7058665232870138266,195160,21500774,319
-534468688,159742245158214543,1369367529336524075727821796294813,7058665232870138266,195160,21500777,633
-5981901885,1787902089835724995,1369387587147252246841021234487920,7058665232870138266,195160,21500778,17
-499734748,149365703269560154,1369389262825703820371451217812865,7058665232870138266,195160,21500779,17
-33992397,10160000000000000,1369389376806977267477709944221105,7058665232870138266,195160,21500779,107
111296788081,-33223234757179011842,1369016560339749059999697724553670,7060574022667345302,195155,21500781,2
-99547168,29737500000000000,1369016893863546341417992031257610,7060574022667345302,195155,21500782,225
-250000000,74681997138636732,1369017731466682927820285611320288,7060574022667345302,195155,21500783,180
450000000,-134293135204122020,1369016224535616651321253780050812,7060574022667345302,195155,21500783,200
33112207,-9881637147193666,1369016113651720909784142368858272,7060574022667345302,195155,21500784,413
105791606473,-31563095740246234308,1368661937621452934019113548567661,7060574022667345302,195150,21500788,2
86927000,-25928094658087019,1368661646482572185909222683559127,7043998058662238949,195149,21500788,145
359884887,-107344315542576851,1368660439115277935842525827512828,7043998058662238949,195149,21500788,719
-94053499,28081772755231395,1368660754810257320130990783455636,7043998058662238949,195149,21500789,162
-19131,5712239000000,1368660754874474247924738578855455,7043998058662238949,195149,21500793,26
-260559319,77795871627316764,1368661629454804472740856277779868,7043998058662238949,195149,21500794,174
46515358566,-13872753611959336840,1368505594094127868586376232861469,7043998058662238949,195147,21500797,11
105646199189,-31496204698203567555,1368151336979967658330090632241691,7043998058662238949,195142,21500798,7
55585937500,-16565238627366517889,1367965017829596868020053548433863,7044131903881975164,195139,21500799,22
49037677084,-14610037524964711467,1367800692907354923741944837796542,7044131903881975164,195137,21500804,39
400000000,-119159544816724634,1367799352672403238287956448200292,7044131903881975164,195137,21500807,56
335780141,-100028341333915351,1367798227613731513486713344926746,7044131903881975164,195137,21500807,254
-19966285579,5954161884730403000,1367865162964065753766306594379691,7044131903881975164,195138,21500808,58
-300108358,89499997293185856,1367866169102929578797156724430715,7044131903881975164,195138,21500809,17
-573483,171027656328035,1367866171025831061277810462399423,7043227107529411942,195138,21500815,127
-18000000,5368065130217286,1367866231380165667543166298422255,7043227107529411942,195138,21500816,162
2813235721,-838135077801208275,1367856803329481067008812084222836,7043227107529411942,195138,21500817,52
-243278502,72550982356952619,1367857619036101416365785321312989,7043227107529411942,195138,21500818,216
-199180313,59400000000000000,1367858286883340346391345053515950,7043227107529411942,195138,21500821,102
336909150,-100373320070681926,1367857157799527877115591877226808,7043227107529411942,195138,21500822,120
1485853800,-442669524385398202,1367852178279134359551942142940966,7043227107529411942,195138,21500827,115
-1156861842,345000000000000000,1367856057189865518791304223917763,7043227107529411942,195138,21500828,99
-431420000,128658819925928407,1367857503729219921596712359419805,7043227107529411942,195138,21500829,79
-6706412,2000000000000000,1367857526215658942809694168584887,7043227107529411942,195138,21500830,150
-30000000,8946662394673043,1367857626804948133407033994159174,7043227107529411942,195138,21500831,151
-102975156291,30717221211392160036,1368202991548918545221968596041728,7043093262309675727,195143,21500832,2
-326232963,97339092633468206,1368204085974501787123218305498395,7043093262309675727,195143,21500832,273
10000000000,-2980675884946247081,1368170556179478538065613839893755,7043093262309675727,195142,21500833,151
45000000,-13412711297382374,1368170405299115202164631146175819,7043093262309675727,195142,21500833,366
-100550151,30000000000000000,1368170742602110422073961444976057,7043093262309675727,195142,21500841,195
-259701088,77484115364259730,1368171613789583566400720107709443,7043093262309675727,195142,21500841,365
221277560,-65954118494980598,1368170871867898875862967949041572,7043093262309675727,195142,21500841,378
458054187,-136527670507007848,1368169336060255307057748382444452,7043093262309675727,195142,21500844,55
2000000000,-596116582883528806,1368162630310416825430235315374034,7043093262309675727,195142,21500845,52
42199644104,-12576591556563059394,1368021155506291891574415073354212,7043093262309675727,195140,21500847,18
-43199910,12886250000000000,1368021300391982629992968658784697,7043093262309675727,195140,21500847,147
82281152240,-24514450477113550931,1367745540334086564530617173142903,7043227107529411942,195136,21500848,2
45220135155,-13468461603249274704,1367594035711499764506395576275430,7043227107529411942,195134,21500849,29
79106870854,-23554185165879380509,1367329078358609866521081537989844,7043227107529411942,195130,21500851,2
-216482471,64510008813769509,1367329803658799590891112608410039,7043227107529411942,195130,21500851,46
-170975402,50949322291273566,1367330376493214028316270730185513,7043227107529411942,195130,21500851,52
-15990000,4764896143664370,1367330430065987316777134044278344,7043227107529411942,195130,21500853,168
361534517,-107626686817436286,1367329219390184327548447298339217,7043227107529411942,195130,21500854,429
-981654451,292525619832120289,1367332508319940576300323412142881,7043227107529411942,195130,21500855,122
-581718770,173348468477730530,1367334457314823498874480017939850,7043227107529411942,195130,21500855,128
-539223341,160685544036342965,1367336263937667280704168291849707,7043227107529411942,195130,21500855,143
-334035160,99540825225002478,1367337383097015552322765313029666,7043227107529411942,195130,21500855,150
-340006954,101320557668946494,1367338522266286361352096002995040,7043227107529411942,195130,21500855,156
-210909639,62850217645397721,1367339228905079637952098243484893,7043227107529411942,195130,21500859,166
-287613789,85707848217476092,1367340192537230928779038440282938,7043227107529411942,195130,21500859,172
-322411253,96077507728832732,1367341272757740356037127830013085,7043227107529411942,195130,21500859,178
-229227429,68309122833127363,1367342040772202945870027942011773,7043227107529411942,195130,21500859,184
-264157720,78718345428654195,1367342925819840111976136583540022,7043227107529411942,195130,21500859,190
-520246950,155032598774686072,1367344668885379435554525645960752,7043227107529411942,195130,21500859,203
-211060014,62895594503034987,1367345376034354683271846003820080,7043227107529411942,195130,21500859,220
-163850157,48827166560638221,1367345925008906405472312812429005,7043227107529411942,195130,21500859,226
-152698837,45504120767626505,1367346436621724833044637179621724,7043227107529411942,195130,21500859,241
-139708916,41633165490078472,1367346904712543359403752605606019,7043227107529411942,195130,21500859,255
-285957731,85215305420528025,1367347862806927865775494347913974,7043227107529411942,195130,21500859,262
-136354265,40633566303916366,1367348319659033319490449161186053,7043227107529411942,195130,21500859,279
-126810150,37789444587723514,1367348744534054003166319949955376,7043227107529411942,195130,21500859,292
-130069260,38760684370753725,1367349180328936764884675254670888,7043227107529411942,195130,21500859,298
633278483,-188528302994461262,1367347059603479507396936419578753,7043227107529411942,195130,21500862,57
-145989415,43504790343336942,1367347548737387100447694916082968,7043227107529411942,195130,21500863,119
-128183709,38198722353639467,1367347978214007547127244472823376,7043227107529411942,195130,21500863,150
-129844296,38693601700886300,1367348413254665126168584860146129,7043227107529411942,195130,21500863,161
-133308981,39726103393865127,1367348859903965884443710527938352,7043227107529411942,195130,21500863,167
-108874278,32444576306210949,1367349224685459223795721021837025,7043227107529411942,195130,21500863,196
-120091638,35787373838104757,1367349627050758993743416088595323,7043227107529411942,195130,21500863,228
-106970141,31877178280007834,1367349985452871774608956027163510,7043227107529411942,195130,21500863,234
-121841790,36308960594157544,1367350393682485936683298532112993,7043227107529411942,195130,21500863,241
-113270116,33754613756604492,1367350773193017897925172089600943,7043227107529411942,195130,21500863,248
-104691861,31198301373020783,1367351123962368592853706326917859,7043227107529411942,195130,21500863,262
-117546267,35028948947802174,1367351517800530838821809327866292,7043227107529411942,195130,21500863,289
-103764072,30921852672498302,1367351865461708110354171664581385,7043227107529411942,195130,21500863,296
-101977221,30389383809166141,1367352207136221068879919407519071,7043227107529411942,195130,21500863,311
-119242709,35534547568729642,1367352606658939594195474142581616,7043227107529411942,195130,21500863,326
-168812972,50306612814743756,1367353172267230305448988992599828,7043227107529411942,195130,21500863,332
-130377045,38852655921890004,1367353609096169405323489248532927,7043227107529411942,195130,21500863,357
-193775651,57745630704030992,1367354258342971189161968279546640,7043227107529411942,195130,21500863,595
-2980000000,888054387724973221,1367364242933389738282301881010202,7043227107529411942,195131,21500864,169
-625940788,186535025409436000,1367366340187626833130671474266394,7043227107529411942,195131,21500865,79
-99787592,29737500000000000,1367366674532867029791194749289720,7043227107529411942,195131,21500869,101
-24956516890,7437698121683716000,1367450298205502745397237080276038,7043227107529411942,195132,21500871,206
-102199821,30460103977528091,1367450640675138080643436662519194,7043227107529411942,195132,21500873,66
-47597932642,14187964770392171450,1367610159077460351447419254454586,7043227107529411942,195134,21500874,8
-190277546,56724465973493088,1367610796843082913358916656954048,7043227107529411942,195134,21500874,72
-213799635,63736801068679440,1367611513449928232380226513511796,7043227107529411942,195134,21500874,348
341234086,-101625143035013458,1367610370284554606128442061459442,7043227107529411942,195134,21500875,432
98978723,-29477465504004290,1367610038697145623786430422481802,7043227107529411942,195134,21500877,417
-22774295932,6789718904648362167,1367686376997205899984386014562131,7043227107529411942,195135,21500879,5
496500000,-147882028026714704,1367684713495352195117281696908917,7043227107529411942,195135,21500885,600
-28656709540,8544503772267675648,1367780781226873005808889714165159,7043227107529411942,195137,21500886,37
-935858477,279062964550414487,1367783918793040726716569835122671,7043227107529411942,195137,21500888,17
-22463895249,6698876941295943680,1367859235736966257203170686209698,7043227107529411942,195138,21500888,44
-50319756424,15008350061551219970,1368027978868500253443204140636858,7043093262309675727,195140,21500890,5
343891586,-102478975280613636,1368026826076593993045406271077968,7043093262309675727,195140,21500898,537
-48645556286,14512499995590000640,1368189996400482040650829136893745,7043093262309675727,195143,21500901,20
-1052758168,314109156418814368,1368193528065791576153983431486586,7043093262309675727,195143,21500903,281
-1008646346,300949129586815573,1368196911767218858071541929299302,7043093262309675727,195143,21500908,129
-1494992026,446062500000000000,1368201927041129034098396809585343,7043093262309675727,195143,21500909,27
-6702926054,2000000000000000000,1368224413907477028053750062934553,7043093262309675727,195143,21500909,89
-6497743020,1938840824865573907,1368246213134726421311702110295475,7043093262309675727,195143,21500909,135
-71290044289,21276067087830115890,1368485429173233915705220530144041,7043093262309675727,195147,21500910,2
-543520881,162238977948735417,1368487253296340699881135755454961,7043093262309675727,195147,21500910,301
-1142810101,341126010358535770,1368491088723842078278851831091461,7043093262309675727,195147,21500912,313
-45645367736,13626593816969134039,1368644298420812371140655954763051,7043093262309675727,195149,21500914,5
-469514665,140180912133373952,1368645874535530212672788101834544,7043093262309675727,195149,21500917,179
3019261423,-900540646643639639,1368635744301832357957472487476977,7043093262309675727,195149,21500925,152
-60289079,18000000000000000,1368635946683629489903070666757119,7043093262309675727,195149,21500931,33
-200000000,59712345078473024,1368636618055424153184206233611858,7043092914957266972,195149,21500932,171
2764583064,-824568313180222598,1368627342438431792113846946751987,7043092914957266972,195149,21500932,190
34962642196,-10427040951967624219,1368510048047308401289869054571774,7043092914957266972,195147,21500933,229
-295401174,88179279868922896,1368511039485197834595053550983674,7043092914957266972,195147,21500933,798
49488204343,-14756020737010420182,1368345048148276389266056818984072,7043092914957266972,195145,21500934,15
-243570000,72689777471989476,1368345865430972135170405968892323,7043092914957266972,195145,21500935,285
-74521053532,22243757847540955758,1368595961648203818312181023429169,7043092914957266972,195149,21500946,2
-40657884699,12139382743365015323,1368732283942718081406224604856556,7059668878962373325,195151,21500947,5
-297820129,88930231060229073,1368733281476176124630902866429098,7059668878962373325,195151,21500948,311
-1095776420,327204150815761508,1368736951736380759509494219110927,7059668878962373325,195151,21500952,329
39590463763,-11808973092945834413,1368604288946643195395104210035907,7043092914957266972,195149,21500955,22
-14981123542,4472745326353862700,1368654577962304524133603224169591,7043092914957266972,195149,21500956,201
-15000000,4478545779445009,1368654628316537195387923970922455,7043092914957266972,195149,21500956,238
-98739563092,29487770008392209203,1368985410319024384594759445905408,7059668878962373325,195154,21500957,64
-801324525,239367376631713367,1368988095311114334899969598680063,7059668878962373325,195154,21500958,53
-49863536,14895000000000000,1368988262388841227242069221838059,7059668878962373325,195154,21500960,119
49484414506,-14765186784023778791,1368822557929023836581878475871754,7059668878962373325,195152,21500961,18
-304711417,91000000000000000,1368823578679151208393296113157938,7059668878962373325,195152,21500966,52
-10117025658,3021458221208702372,1368857470479856124763663721241990,7059668878962373325,195152,21500969,109
-5614000000,1676690370947511144,1368876277973369396870619674780148,7059668878962373325,195153,21500974,72
300000000,-89510289516318807,1368875273431104584572832182302283,7059668878962373325,195153,21500979,35
-56319978,16820865125239569,1368875462111326772400859107516362,7059668878962373325,195153,21500979,228
-9999,2986597123366,1368875462144827534973208627716053,7059668878962373325,195153,21500982,98
-7734389,2310000000000000,1368875488056176922103806152354856,7059668878962373325,195153,21500982,200
-394951542,117958750000000000,1368876811203529527814356264687072,7059668878962373325,195153,21500985,241
36813906900,-10983105779319209299,1368753551698797181850207904892631,7059668878962373325,195151,21500985,631
3097656250,-924068318053697374,1368743181207470710184272434501002,7059668878962373325,195151,21500986,11
156000000000,-46531102550980024979,1368657381356577945844848882469971,715641745099037656295,195149,21500987,31
2939151413,-876661530469329420,1368647519739949472167340931053333,7043092914957266972,195149,21500987,157
-703359377,210000000000000000,1368649880861032457682802151902186,7043092914957266972,195149,21500992,347
-58157771,17364032184075970,1368650076067285014041518583998073,7043998261295473285,195149,21500994,106
-215000000,64192098696079740,1368650797714129327148283873797199,7043998261295473285,195149,21500994,202
163345066196,-48701362313251974967,1368103023665231312598960737796934,7043998261295473285,195141,21500996,35
-26499189579,7905993352270440756,1368191902752684715847092796833674,7043998261295473285,195143,21500997,179
-83344004915,24872255936655194029,1368471516371373448864233464515700,7043998261295473285,195147,21500998,47
83098569080,-24774235420444165436,1368192865372715108864241608268515,7043998261295473285,195143,21500998,448
-33515622,10000000000000000,1368192977792601507932587589765661,7043998261295473285,195143,21500999,65
-241312317,72000000000000000,1368193787215783581224678656545116,7043998261295473285,195143,21500999,143
-2177735070,649771451056433983,1368201091939054893435296008377842,7043998261295473285,195143,21501002,19
-3351494662,1000000000000000000,1368212333927694800269894158092497,7043998261295473285,195143,21501002,322
39585728628,-11798509630215482859,1368079628863932205126155262111892,7043998261295473285,195141,21501007,17
-486729831,145200887088807936,1368081261210655361899943561388633,7043998261295473285,195141,21501007,57
-9930287523,2962471754256187830,1368114565284462754835305716195261,7043998261295473285,195142,21501007,149
-99782510,29768537583412799,1368114899942024094201639984153371,7043998261295473285,195142,21501009,68
-2105250000,628071514613436505,1368121960714856427534270643001943,7043998261295473285,195142,21501010,141
-134076352,40000000000000000,1368122410394402023807654568990529,7043998261295473285,195142,21501011,210
-66451559,19825000000000000,1368122633266826809960650477308622,7043998261295473285,195142,21501013,60
-837536005,249869051082813362,1368125442291860547249011179448148,7043998261295473285,195142,21501018,27
-157660909,47036399105731953,1368125971074524956011609628514995,7043998261295473285,195142,21501019,117
-819812760,244582711225839913,1368128720670586074517738966844501,7043998261295473285,195142,21501020,91
75791568673,-22584880778020440672,1367874696639821394044179533791232,7044132106515209500,195138,21501023,39
-3508750000,1046421915018045584,1367886460279577968750543698239047,7044132106515209500,195138,21501033,98
-14397979724,4294128334068966379,1367934733904265594371712243415709,7044132106515209500,195139,21501033,254
-70831294560,21129507503948876769,1368172270773010159173208375296000,7043998261295473285,195142,21501036,30
-49931979260,14899495027321853439,1368339770726847659821748616504968,7043998261295473285,195145,21501039,19
607662227,-181164510261485250,1368337733058647245712346991952451,7043998261295473285,195145,21501039,227
335778133,-100106502585756946,1368336607099502823617545299848195,7043998261295473285,195145,21501039,347
-963243854,287462500000000000,1368339838749662222835985970460544,7043998261295473285,195145,21501040,191
-2276090314,679262894519451146,1368347475015405920740223004818816,7043998261295473285,195145,21501042,181
-401120502,119708809446112775,1368348820780481810712005274231857,7043998261295473285,195145,21501049,317
-18500000000,5521322396903523880,1368410891424145063302412597959041,7043998261295473285,195146,21501053,13
-1568912500,468264756502512044,1368416155651218133282847477476181,7043998261295473285,195146,21501054,30
-201028029,60000000000000000,1368416830170536527692923366459060,7043998261295473285,195146,21501054,255
39585139379,-11801860928092505397,1368284087412674220261781021374460,7043998261295473285,195144,21501062,28
-395712479,118083918133167773,1368285414910740429022555339936395,7043998261295473285,195144,21501067,145
-332178421,99125000000000000,1368286529272864359787534881526860,7043998261295473285,195144,21501068,76
-664355220,198250000000000000,1368288757997112221317493964707790,7043998261295473285,195144,21501072,68
-11451377242,3417302835483110915,1368327175276767843864914240980060,7043998261295473285,195145,21501073,10
13981031718,-4168001598398951643,1368280295210114202501211552217414,7043998261295473285,195144,21501076,51
490415175,-146196560128844642,1368278650847864915929976280442740,7043998261295473285,195144,21501077,401
-45829594519,13677349716850621407,1368432411458005783576624763067507,7043998261295473285,195146,21501083,18
-4233409799,1263570729300253380,1368446616505790295819193596394619,7043998261295473285,195146,21501083,42
-3685318321,1100000000000000000,1368458982693294193337251561080739,7043998261295473285,195147,21501084,16
-11265370628,3362630012022536974,1368496785341689560480555135121416,7043998261295473285,195147,21501084,57
-3350046499,1000000000000000000,1368508027330329467315153284836071,7043998261295473285,195147,21501087,43
-23448784468,7000000000000000000,1368586721250808815157340332838656,7043998261295473285,195148,21501087,54
-332032173,99125000000000000,1368587835612932745922319874429121,7043998261295473285,195148,21501089,117
817242060,-243735518406766530,1368585094170282350051869294250232,7043998261295473285,195148,21501092,79
-22832771740,6816863507741304548,1368661729272396173253820467553934,7043998261295473285,195149,21501095,468
-113872423596,34008686640254180147,1369043156964141752748995594158080,7060574225300579638,195155,21501097,2
-33474003,10000000000000000,1369043269120102310809732675834692,7060574225300579638,195155,21501097,255
1103322402,-329275367827487928,1369039574253152155664407839408273,7060574225300579638,195155,21501097,285
116994179,-34915620301058798,1369039182457761125571826659612570,7060574225300579638,195155,21501097,404
-1620290135,484043397029343860,1369044611292975686854197286115109,7060574225300579638,195155,21501099,362
-33473917549,10000000000000000000,1369045315975271447064603322927126,1123748232493604730257,195155,21501102,139
-148570717,44384063385382320,1369045813768997692805313312464779,7060574225300579638,195155,21501105,43
-198834726,59400000000000000,1369046479975403407686091577623856,7060574225300579638,195155,21501105,243
-86215000,25755936407785911,1369046768843582196441805697158791,7060574225300579638,195155,21501109,770
-33471087232,10000000000000000000,1369158924804140257178887373771187,7060574225300579638,195157,21501118,51
2000000000,-596979235035873581,1369152225976772706932979233799262,7060574225300579638,195157,21501119,175
367270891,-109625912754073655,1369150995841750497098823633436723,7060574225300579638,195157,21501120,169
-4015779223,1199871739239106033,1369164453118496580390200212927070,7060574225300579638,195157,21501124,81
90249647,-26938925959494097,1369164150831241213753034473789008,7060574225300579638,195157,21501125,95
-27815936,8311181850167474,1369164244046099591578379179546985,7060574225300579638,195157,21501126,71
1144925285,-341751680589279782,1369160409179865592355319569098093,7060574225300579638,195157,21501137,246
-55433116129,16565132704724104303,1369346197016892600217339769587464,7060574225300579638,195159,21501145,26
2400000000,-716570363843048970,1369338156232754105346699991823747,7060574225300579638,195159,21501145,246
166183375,-49617222332515300,1369337599467648459912336699763229,7060574225300579638,195159,21501145,747
-3439361656,1027923044166795264,1369349129029942883150655094283078,7058665435503372602,195160,21501146,104
-769556664,230000000000000000,1369351709314602357567669271911370,7058665435503372602,195160,21501146,187
-100376742,30000000000000000,1369352045873470984665540686384625,7058665435503372602,195160,21501146,251
-93189977,27852075982631202,1369352358335577039009621867296981,7058665435503372602,195160,21501146,552
-256037398,76523026788557464,1369353216819021034943040528795468,7058665435503372602,195160,21501147,31
-23421192,7000000000000000,1369353295349423714599210525505894,7058665435503372602,195160,21501149,184
2000000000,-597148744343861931,1369346592807959700516142549183525,7058665435503372602,195160,21501150,3
54129842195,-16159564395526407512,1369165262889355816340585727129682,7060574225300579638,195157,21501153,2
7000000000,-2089421110120376612,1369141817063281194985979201948486,7060574225300579638,195157,21501156,95
5065483753,-1511945185097237845,1369124851213901933790542723370856,7060574225300579638,195156,21501157,78
25642109048,-7653079754248074800,1369038974424400669134619746316407,7060574225300579638,195155,21501158,313
42801187555,-12772196955196699404,1368895654962875223966279951888682,7060574225300579638,195153,21501159,6
51668619888,-15414743478207359659,1368722682940708695841316286747077,7060574225300579638,195150,21501160,5
84122735357,-25088718572025577186,1368440638193849008892132932452352,7043998261295473285,195146,21501161,2
140424950,-41871612239453745,1368440167238182044887147880657600,7043998261295473285,195146,21501161,69
721301689,-215075746521011580,1368437748149538614477855205579392,7043998261295473285,195146,21501162,70
49002450,-14611387460571111,1368437583806315157731872716729947,7043998261295473285,195146,21501162,294
34584008757,-10311269590099799790,1368321606642138150476113067011569,7043998261295473285,195145,21501166,341
64642064,-19271483172152875,1368321389883964167986509025008434,7043998261295473285,195145,21501167,127
116983685,-34875868818136128,1368320997613707979524924116093656,7043998261295473285,195145,21501167,211
30323683115,-9039601630312777417,1368219323677902817398602826113873,7043998261295473285,195143,21501168,8
49988488299,-14898820210147568308,1368051747522274509923789727925504,7043998261295473285,195141,21501170,59
-574864654,171486250000000000,1368053675368748910147204334877008,7043998261295473285,195141,21501174,38
22121253034,-6591983184054280035,1367979531296643262222698530736235,7043998261295473285,195140,21501174,331
-4277650667,1275930742282725535,1367993875295553312518228285685750,7043998261295473285,195140,21501178,23
-1094052157,326336410151852873,1367997543965769027625632374841945,7043998261295473285,195140,21501182,28
-9544601692,2847060131701102392,1368029550583426743075088410728895,7043998261295473285,195140,21501186,217
-2659105409,793208529538178069,1368038467824704888477784140796945,7043998261295473285,195140,21501188,128
-42442419,12660615930000000,1368038610155205347761287970006370,7043998261295473285,195140,21501188,159
-50000000,14915052999347095,1368038777830061730029681488605122,7043998261295473285,195140,21501188,404
99500000,-29651278339194710,1368038444323974438441360622663849,7043998261295473285,195140,21501192,325
-18772123545,5600000000000000000,1368101399460357916715110261065917,7043998261295473285,195141,21501196,33
42526864952,-12672967537350795654,1367958859189124961877251410039723,7044132106515209500,195139,21501196,127
10000000000,-2979607535933105798,1367925346355107085964828053381962,7044132106515209500,195139,21501196,458
-10058620,3000000000000000,1367925380080432180208029118512446,7044132106515209500,195139,21501197,59
66718750000,-19875834277549368607,1367701828647205681990258529546125,7044132106515209500,195135,21501198,11
-201238071,60000000000000000,1367702503153707566854279832155813,7044132106515209500,195135,21501207,69
619062500,-184391438599317686,1367700429229675098228912806845687,7044132106515209500,195135,21501208,16
673803426,-200695712787335148,1367698171924969821010247707251809,7044132106515209500,195135,21501209,57
-150000000,44722902942747409,1367698674689783455157671187663625,7044132106515209500,195135,21501210,157
-9521200177,2838838692481597440,1367730588275714807882958099497197,7044132106515209500,195136,21501210,237
-33535528277,10000000000000000000,1367843006026028951886508534445358,7044132106515209500,195138,21501212,219
-17387374624,5185409532238495744,1367901299233436128833050199301399,7044132106515209500,195138,21501215,85
-156878631,46787680712190079,1367901825210016936920598323085610,7044132106515209500,195138,21501215,109
-2998242,894199855923985,1367901835262410550341206983523395,7044132106515209500,195138,21501215,115
20055558909,-5975124069442387968,1367834630659535652251474634264608,7044132106515209500,195137,21501221,7
-200000000,59642444143229612,1367835301146475034138152658793747,7044132106515209500,195137,21501222,241
52167579317,-15539478324156188157,1367660522437694939765460623017405,7044132106515209500,195135,21501223,9
223977857,-66709102845808941,1367659772133816260355475035448456,7044132106515209500,195135,21501226,182
63610522996,-18942665176853546818,1367446716425548531241975020493656,7044132106515209500,195132,21501230,5
-25499662514,7600000000000000000,1367447661445885221981454427120668,636846578559722853511,195132,21501231,41
110514605661,-32897654347510957680,1367173111749570694634078505795584,12612722564263482052,195128,21501235,31
-113187917,33721368103758997,1367173323468030187104334833739583,12612722564263482052,195128,21501236,354
45238837485,-13463418722046771956,1367088751566834943501979295642340,12612722564263482052,195127,21501237,98
174812965586,-52010004491367807828,1366762045174363816320725737476364,12612722564263482052,195122,21501238,6
-24999446,7443449753747848,1366762091907809218775515491589052,12612722564263482052,195122,21501240,367
16977205464,-5049700328673692630,1366730371676411910158098365669308,12612722564263482052,195121,21501240,411
-709509419,211242992999845948,1366731697958338518010457101905285,12612722564263482052,195121,21501241,120
64939567206,-19313500815663803760,1366610378142291954323326174204334,12612722564263482052,195120,21501242,100
-66000000,19646782519008627,1366610501493945899953784942117640,12612722564263482052,195120,21501245,481
64005806189,-19031129072966326905,1366396582215859458769712359490002,7045249233531366478,195116,21501247,87
-32467094158,9662499994392854528,1366505188643173369609863890979835,7045249233531366478,195118,21501248,16
-195401454743,58177037445485428736,1366916883648117491856464239373008,12612722564263482052,195124,21501250,29
-45654888404,13597424568819281705,1367002254614500512829153624998501,12612722564263482052,195125,21501251,113
-2064961399,615048920214383944,1367006116178168381364270961379575,12612722564263482052,195125,21501251,296
-74090874,22068037399696317,1367006254731588512770541662539931,12612722564263482052,195125,21501253,551
-66560123,19825000000000000,1367006379202174834276826881419276,12612722564263482052,195125,21501255,156
-3357367552,1000000000000000000,1367012657668067470155022032962568,12612722564263482052,195125,21501257,476
5668399047,-1686653038637461140,1367002062777046163537896434628248,12612722564263482052,195125,21501259,249
-250000000,74462314479849589,1367002530286147912000217776695009,12612722564263482052,195125,21501259,466
-1697288611,505537500000000000,1367005704286099110410490858118326,12612722564263482052,195125,21501261,122
1978216320,-588622542299245879,1367002006790795996418743386223660,12612722564263482052,195125,21501263,136
152913331,-45499559528317542,1367001720980458199022567315264651,12612722564263482052,195125,21501264,206
-17346068263,5166631809343293491,1367034159502052968486177843470714,12612722564263482052,195126,21501266,15
-2148631456,640000000000000000,1367038177720224255448222740458421,12612722564263482052,195126,21501269,177
-13703410060,4081841306517874513,1367063805421646380194519160297890,12612722564263482052,195126,21501270,7
-17529901487,5221863255769895207,1367096590711993740022756640543129,12612722564263482052,195127,21501271,164
-266205236,79300000000000000,1367097088594339026047897516060512,12612722564263482052,195127,21501273,73
-13988351914,4167077827482507727,1367123251450350834186815250159783,12612722564263482052,195127,21501275,7
2575231918,-766396984722393696,1367118437245919820150752747983489,12612722564263482052,195127,21501275,347
-96506307120,28753015113825048569,1367303024630320049576406830849832,7045962101361795108,195130,21501275,415
-24719420899,7366346965127684412,1367385813937873890549048889869059,7045962101361795108,195131,21501276,194
-456974759,136186128163897715,1367387344514060771572673786707524,7045962101361795108,195131,21501285,6
-298640389,89000000000000000,1367388344772181543396675962103239,7045962101361795108,195131,21501287,60
-197695159,58916647821274264,1367389006927860553319972147940461,7045962101361795108,195131,21501288,253
-989301592,294830197163971722,1367392320481781474900971912377163,7045962101361795108,195131,21501290,373
-8585463857,2558687247551049067,1367421077197487972015298185617279,7045962101361795108,195131,21501292,11
50535846539,-15044419693412659778,1367270407742852668861303219366900,12612722564263482052,195129,21501293,121
308265591646,-91722199966208733165,1366694244957374560576461440417899,12612722564263482052,195121,21501294,2
-183077709,54505000000000000,1366694587165158038695002467152766,12612722564263482052,195121,21501294,367
6954023510,-2068228916598255662,1366681595364546707626957234925578,12612722564263482052,195121,21501294,378
-10285752061,3062209410873263613,1366700821341888984018678326784014,12612722564263482052,195121,21501295,220
38712457,-11513867997981727,1366700749016298671222258836006204,12612722564263482052,195121,21501295,544
6725764113,-2000359874779094680,1366688183542314881405138112204195,12612722564263482052,195121,21501298,186
41648677366,-12386225974952510543,1366610378142292650374835155930706,12612722564263482052,195120,21501299,372
3000000000,-892136126380252858,1366600345522628575429278119310199,7045249233531366478,195119,21501299,375
9777792000,-2907616244223135162,1366567647588930216106416322193441,7045249233531366478,195119,21501304,221
-503930238,150000000000000000,1366569333587802820532493247652890,7045249233531366478,195119,21501305,129
-1021698991,304120311320406929,1366572751897816302620217623806185,7045249233531366478,195119,21501305,138
1482527700,-440849534090467125,1366567794273554406911868855919605,7045249233531366478,195119,21501308,52
743437500,-221069926861095174,1366565308206204368229903149777760,7045249233531366478,195119,21501312,178
109680263325,-32605912133429502925,1366198634662117650744626515256325,7045249233531366478,195113,21501315,28
-15955069684,4746805025459120492,1366251988714926964752425318708298,7045249233531366478,195114,21501315,95
-9044833280,2691099956827311470,1366282236658215475864592173627269,7045249233531366478,195115,21501316,65
-11107216807,3304881825604943368,1366319383505095881144539450194543,7045249233531366478,195115,21501317,33
-2208019458,657003581139502080,1366326768220409869618385959609083,7045249233531366478,195115,21501317,90
-83236126441,24772369204890953381,1366605209464084447953169358346822,7045249233531366478,195119,21501318,52
-476572259,141864405945018015,1366606804018941021266582532987948,7045249233531366478,195119,21501318,190
1296533565,-385561068064066280,1366602468147498125324365755317003,7045249233531366478,195119,21501318,216
-90093073,26818465988547224,1366602769586854269796126521003538,7045249233531366478,195119,21501321,247
2571723337,-764768051393303361,1366594169299560936507824499681244,7045249233531366478,195119,21501321,307
-6864950500,2043532699075719784,1366614154412723829090625061748181,12612722564263482052,195120,21501322,167
-34537382583,10281578557720089941,1366678706953020931060219209091529,12612722564263482052,195120,21501323,320
1000000000,-297410223606646429,1366676838738968869489926817578735,12612722564263482052,195120,21501324,98
-57098579304,17000000000000000000,1366783572659143679419244393814708,12612722564263482052,195122,21501324,309
-200360782,59658231221540868,1366783947221313618848444655586431,12612722564263482052,195122,21501326,364
12873623998,-3829274917440721162,1366759893222351460132913028844998,12612722564263482052,195122,21501330,89
7500000000,-2230821872613236090,1366745880076738905552931944172716,12612722564263482052,195121,21501330,132
1000000000,-297439460106714340,1366744011679034649388913797233145,12612722564263482052,195121,21501331,11
-484205385,144165816754930335,1366744916819198029213039062102611,12612722564263482052,195121,21501332,382
-91515680060,27251025079197118175,1366916011450697133250883150229220,12612722564263482052,195124,21501333,295
6884023514,-2048073554650001008,1366903146258142376317773960623896,12612722564263482052,195124,21501334,245
-173973935864,51822823723914114159,1367228514089353052511868551168000,12612722564263482052,195129,21501335,64
-236451623,70450274410612446,1367228956408998066380302052202626,12612722564263482052,195129,21501337,173
-128277495343,38229560594367978223,1367607366520306887536040971599872,7045962101361795108,195134,21501339,2
-9451646593,2817723848669620779,1367639034510888058617825350905396,7045962101361795108,195135,21501341,194
-87760000,26163613050561857,1367639328559948986215268685129875,7045962101361795108,195135,21501344,451
-448359307,133668127273742047,1367640830836688243768226838396366,7045962101361795108,195135,21501345,174
-5389238538,1606701840919471314,1367658888326171825122077999653025,7045962101361795108,195135,21501347,214
-19948985,5947500000000000,1367658955169263659845934774239160,7045962101361795108,195135,21501347,274
-198939471,59310943593118225,1367659621756375790813234155177190,7045962101361795108,195135,21501348,88
-6723603345,2004579676901540229,1367682150937280902327420484910385,7045962101361795108,195135,21501349,169
-53665049,16000000000000000,1367682330758965535464319752397255,7045962101361795108,195135,21501351,37
-27205052,8111069189906143,1367682421918098404517786364776994,7045962101361795108,195135,21501351,133
-100000000,29814578289600859,1367682756999829320928758637671023,7045962101361795108,195135,21501354,63
-43325400357,12918659851801356678,1367827947948438907843287673082251,7045962101361795108,195137,21501362,123
-111796503843,33347876625722128613,1368202744184823245406385852193949,7045828256142058893,195143,21501363,5
-687097649,205011461831733520,1368205048322744920077792722621109,7045828256142058893,195143,21501363,333
-11058043448,3299517787642993768,1368242131830124562337599942967092,7045828256142058893,195143,21501364,83
-30161888,9000000000000000,1368242232981743646408468018137476,7045828256142058893,195143,21501366,151
-10389093,3100000000000000,1368242267822856886477322577362830,7045828256142058893,195143,21501366,232
1746996316,-520762575643413395,1368236412008540314614341295012885,7045828256142058893,195143,21501370,48
69655958970,-20760131061504553049,1368002970746879629120867427179507,7045828256142058893,195140,21501372,58
71255632118,-21229566109942054625,1367764254885946434482051886781730,7045962101361795108,195136,21501373,2
-67073256,20000000000000000,1367764479663052225903175971140317,7045962101361795108,195136,21501373,362
93918006843,-27970180256526011300,1367449969599694233623195487955498,7045962101361795108,195132,21501375,2
-2861148637,852755226565173874,1367459553592283024992054598381574,7045962101361795108,195132,21501380,340
2873795284,-855668180689098413,1367449932050653554941040305745533,7045962101361795108,195132,21501380,540
-168377552,50184000000000000,1367450496061367406774924858218101,7045962101361795108,195132,21501387,121
-3355202,1000000000000000,1367450507300222696345981062436030,7045962101361795108,195132,21501390,55
-15904484986,4740430656904963019,1367503784314385897486309275031012,7045962101361795108,195133,21501393,154
49759229206,-14814992663584430366,1367337197462297771156745938313829,7045962101361795108,195130,21501397,440
282421875000,-84041467223475073674,1366790136913214202744620809282152,12612722564263482052,195122,21501399,2
191157033997,-56843654984521011859,1366292948516348268648081579498603,7045249233531366478,195115,21501400,2
-49000000,14579472801793461,1366293112389512981919190373366972,7045249233531366478,195115,21501400,583
246804796,-73360911800857865,1366292287400921422945715529436900,7045249233531366478,195115,21501403,57
-2825696178,840763279876301248,1366301737573868080568741559799594,7045249233531366478,195115,21501403,74
-32723624963,9737499993215860736,1366411187000605064220556894174047,7045249233531366478,195117,21501407,6
3346814,-994988234647916,1366411175811350157626896178853105,7045249233531366478,195117,21501407,101
-286756042,85336283940707798,1366412134990540266190476522644045,7045249233531366478,195117,21501407,266
3345652111,-994636234109508261,1366400949694096309926142676204076,7045249233531366478,195116,21501408,82
-9446620865,2811259092566278144,1366432548225167414505069327713937,7045249233531366478,195117,21501408,197
-1383169949,411634196211006639,1366437174990438995747126226371233,7045249233531366478,195117,21501408,336
-3360153023,1000000000000000000,1366448414982923025254305729434227,7045249233531366478,195117,21501409,51
-244930000,72893156912487040,1366449234301458858792136036296745,7045249233531366478,195117,21501410,194
5361932820,-1594139433239838773,1366431307222671354193692334802070,7045249233531366478,195117,21501412,107
5278740111,-1569364810157906909,1366413658749764025261181980480601,7045249233531366478,195117,21501418,276
-50404438,15000000000000000,1366413827349651285703789673026545,7045249233531366478,195117,21501418,334
-20160777919,6000000000000000000,1366481267304555462746866691404511,7045249233531366478,195118,21501418,397
-3232418055,962047154947370511,1366492080707346353162115613726370,7045249233531366478,195118,21501421,83
-50398653,15000000000000000,1366492249307233613604723306272314,7045249233531366478,195118,21501422,185
47327453984,-14070218047543243758,1366334021048000954888402835926907,7045249233531366478,195115,21501422,316
19770725924,-5876774197301136196,1366267933106222062131058267529101,7045249233531366478,195114,21501424,424
103541865,-30775934722951421,1366267587011899926106340541301546,7045249233531366478,195114,21501425,287
8127649888,-2415747359788249352,1366240420446449867028362575125713,7045249233531366478,195114,21501426,29
-49976071,14868750000000000,1366240587571088113942097450361880,7045249233531366478,195114,21501427,233
-250000000,74379400645123961,1366241423594992331754894726090208,7045249233531366478,195114,21501427,266
-145076906082,43177903147494454150,1366675377489489215365973985623957,12612722564263482052,195120,21501432,2
-7000169949,2084018241356540536,1366688461926937203411293755576301,12612722564263482052,195121,21501433,340
-87258867,25978060000000000,1366688625029300870259695661914801,12612722564263482052,195121,21501434,43
-100768316,30000000000000000,1366688813383277649336041516461099,12612722564263482052,195121,21501434,125
-3329537489,991250000000000000,1366695036912593724650302460428387,12612722564263482052,195121,21501434,412
-3358912,1000000000000000,1366695043191059617286180655579930,12612722564263482052,195121,21501439,29
10000000000,-2974136746214282074,1366676360833759825971690668744288,12612722564263482052,195120,21501440,230
2941134477,-874718137995473330,1366670866198447095063489346809591,12612722564263482052,195120,21501443,115
-299667486,89212500000000000,1366671426316085541841772831766646,12612722564263482052,195120,21501443,279
2704713126,-804398890438126666,1366666373398629123709779025271636,12612722564263482052,195120,21501444,46
17792696939,-5291512998864219767,1366633134195143572537909558632160,12612722564263482052,195120,21501444,276
-711038492,211668123943119595,1366634463146240307637978195024599,12612722564263482052,195120,21501446,48
-120968242,36010919758870648,1366634689239571776154760518614204,12612722564263482052,195120,21501446,57
2500000000,-743476140757175285,1366630019014867691636150102270347,12612722564263482052,195120,21501446,101
66136754152,-19665600708576057547,1366424388337144651983503500887879,7045249233531366478,195117,21501448,2
3000000000,-891893312395339542,1366414358448072235977749281025039,7045249233531366478,195117,21501448,34
34962452198,-10393293716244199608,1366297479465325966934139762948167,7045249233531366478,195115,21501449,62
1807000000,-537118854715256833,1366291439233319933893992402627443,7045249233531366478,195115,21501451,328
-466189244,138709904858193968,1366292998331608000442216418337629,7045249233531366478,195115,21501461,177
337555331,-100335802505004342,1366291869993773047648015008459314,7045249233531366478,195115,21501461,675
-3301938755,982465991631277751,1366302912904134797806634535522592,7045249233531366478,195115,21501466,35
-1249340000,371735464287852791,1366307091207959440491268005590409,7045249233531366478,195115,21501466,287
2367804715,-703823301187888441,1366299176281880964551105645340302,7045249233531366478,195115,21501469,24
-55291385,16451563628498331,1366299361197332499405544148510707,7045249233531366478,195115,21501470,107
29484959137,-8763640718122194542,1366200808665262035754149073893506,7045249233531366478,195114,21501472,382
567863573918,-168571560762905945473,1364637692296804003526421462088674,8860983302438418679,195091,21501473,22
-105072355851,31193918936191074304,1364916465100699718201475230665234,8860983302438418679,195095,21501474,2
-20586039982,6113084146199616800,1364971096313000181862950476276530,8860983302438418679,195095,21501474,18
-1597298952,474343004256942103,1364975335406189322882847573119436,8860983302438418679,195096,21501474,454
-138787239,41215188984015288,1364975703736754638144813006066206,8860983302438418679,195096,21501477,69
-4331087627,1286199996273655808,1364987198207201436272582953537575,8860983302438418679,195096,21501477,656
-960695520,285299997144288050,1364989747866970638200042082232925,8860983302438418679,195096,21501477,667
-792663703,235399997659357915,1364991851582041475553822181841363,8860983302438418679,195096,21501477,677
-3471525113,1030959000373876046,1365001065023027317965939012704713,8860983302438418679,195096,21501479,189
203675451,-60426595398691654,1365000524734443418502971538286872,8860983302438418679,195096,21501480,345
-106333031,31578533464062183,1365000806944457963286137681943207,8860983302438418679,195096,21501481,291
-300750000,89316097734161728,1365001605141665864866548588664054,8860983302438418679,195096,21501482,246
-21353057895,6341652886476295168,1365058279019677558377147144735235,8860983302438418679,195097,21501483,24
69878212543,-20730454785546621201,1364872923085162714952440663743057,8860983302438418679,195094,21501485,20
270815035039,-80288318493756478952,1364155089045309983336735781378000,8861918174296680949,195084,21501486,2
148632812500,-44029165294992235834,1363761104205073561976964894072568,8835753293469188424,195078,21501487,9
-45836653119,13588962955037261824,1363882883912651873422866925354128,8861918174296680949,195080,21501487,41
46428425408,-13750626528150970591,1363759593680539580756674060079105,8835753293469188424,195078,21501487,54
-1686694,500000000000000,1363759598161682602910665552255386,8835753293469188424,195078,21501494,484
93203125000,-27596305042951332435,1363512148457269487613375721557199,8835753293469188424,195074,21501496,5
168554687500,-49881561046274452342,1363064689255367717292310853331989,8813158367820460031,195068,21501498,48
-187239796,55448434468000000,1363065187474150944437685470719940,8813158367820460031,195068,21501498,375
248632812500,-73519860528441671929,1362403917211150576772178017173971,8786284992735832446,195058,21501499,8
-68507744779,20270650245748097024,1362586398836399165202775167084790,8813158367820460031,195061,21501500,105
82021509691,-24244314977617429113,1362367994274596542357352616272692,8786284992735832446,195057,21501500,167
-101408479,30000000000000000,1362368264656954382368109578724856,8786284992735832446,195057,21501501,325
438357857,-129551095758253942,1362367096461832425599151099842573,8786284992735832446,195057,21501501,438
1496980120,-442411781843390967,1362363107122472378358513246496167,8786284992735832446,195057,21501504,53
-59148534620,17499999991656087552,1362520818165155026680236133588099,8813158367820460031,195060,21501509,43
44539295206,-13164835364781995352,1362402119501588898466540471984845,8786284992735832446,195058,21501510,16
62332613,-18422540815285442,1362401953380861099876842020221300,8786284992735832446,195058,21501515,542
1379869879,-407822430475279396,1362398275942464169748380374746625,8786284992735832446,195058,21501516,21
119335937500,-35261572962531981573,1362080313386560985807690817343658,8786284992735832446,195053,21501518,9
49487987378,-14617961858511658765,1361948499513153624526551486220187,8786284992735832446,195051,21501519,13
-381723996,112857179226094929,1361949516666160902000791961706917,8786284992735832446,195051,21501526,181
-108235526,32000000000000000,1361949805074009264678932721655892,8786284992735832446,195051,21501526,259
-51915171749,15350362892947236827,1362088153984432427429703246593271,8786284992735832446,195053,21501527,27
-54988815,16260836216985916,1362088300539206987392794313095552,8786284992735832446,195053,21501528,42
-50000000,14785588195304312,1362088433797946930653097805456326,8786284992735832446,195053,21501533,229
-1200000000,354854984610540653,1362091632015527939943525312719525,8786284992735832446,195053,21501534,200
-62763511,18560000000000000,1362091799292079990296846953489930,8786284992735832446,195053,21501535,309
182617187500,-53929073449180907645,1361605509985254988644650631804965,8786393344651200450,195046,21501536,8
92595587251,-27329891748112120118,1361359072451675317539676258690880,8786393344651200450,195042,21501537,2
-50000000,14769760762488555,1361359205563977102715827116102652,8786535127097505577,195042,21501540,212
5152193229,-1520396512562625331,1361345496152901974639767973087100,8786535127097505577,195042,21501541,266
500000000,-147546845417913953,1361344165723412062717081678606235,8786535127097505577,195042,21501543,555
-96326495,28453765346492416,1361344422162650357374662907450545,8786535127097505577,195042,21501545,351
-112271723009,33171095588342416712,1361643376286383665407841769781307,8786535127097505577,195047,21501547,8
-147347780209,43556560104166006784,1362035931759015794066758168474456,8786426775182137573,195052,21501548,2
38588629,-11398824550054017,1362035828974579409283385114333902,8786426775182137573,195052,21501548,97
-1566528159,463206489604136600,1362040003669307430851734725229936,8786426775182137573,195052,21501548,397
-82588327448,24424552480015073649,1362260132386760733272631566427697,8786426775182137573,195056,21501549,40
-1005368960,297375000000000000,1362262812508634255329818436533002,8786426775182137573,195056,21501549,75
-5112278694,1512163331459894681,1362276441031613603454206721063148,8786426775182137573,195056,21501550,170
-338073544,100000000000000000,1362277342291596292670578934633658,8786426775182137573,195056,21501552,386
-43030098120,12729109112931869455,1362392064658183993900942130006542,8786426775182137573,195058,21501555,300
-93456847092,27653669046142242888,1362640979770541421978694148153629,8808826800876948228,195061,21501556,38
-10813963331,3200479043206481520,1362669751058188552251767345172624,8808826800876948228,195062,21501557,32
-156423349208,46309864141627834693,1363086061992936434490150408644724,8808826800876948228,195068,21501557,57
-38590297529,11429189919337821871,1363188806771547295470087502892274,8808826800876948228,195069,21501558,130
38746747107,-11464049465791348737,1363085697061857367140086036220128,8808826800876948228,195068,21501559,16
-100015092241,29624747138541870692,1363351543180618984837710771705215,8835895075915493551,195072,21501559,59
1000000000,-295963731136756309,1363348889384666524251015341719898,8835895075915493551,195072,21501561,65
10706094048,-3168543340892309831,1363320478243000755231769719783469,8835895075915493551,195071,21501564,234
-7013017956,2077613855132259424,1363339098113877298134739590787461,8835895075915493551,195072,21501565,8
-100101483456,29661355850701524330,1363604927403857699390057857748884,8835895075915493551,195075,21501566,17
-55188372047,16357970857057267194,1363751529865334482621449960731252,8835895075915493551,195078,21501567,2
-21404780,6345112623475517,1363751586731136303487469694752090,8835895075915493551,195078,21501568,62
-140540774013,41672512041889398501,1364124338250600080978772072644477,8862059956742986076,195083,21501571,5
-134454417904,39889123122309084142,1364480774764654323419225230483049,8862059956742986076,195088,21501572,2
50111474278,-14854340754748657137,1364347974701339019666647057965824,8862059956742986076,195086,21501572,36
-293875747479,87240906718094252877,1365127591343652047310606521298514,8861125084884723806,195098,21501573,2
32342489040,-9596574995178323969,1365041787453512265484103586749320,8861125084884723806,195097,21501573,101
32368908227,-9603206252884656128,1364955924272666371467911620072542,8861125084884723806,195095,21501573,111
23515514303,-6975824125939304561,1364893552765411202735885895544076,8861125084884723806,195094,21501575,96
681902796,-202275410385477159,1364891744201720571956227932344038,8861125084884723806,195094,21501575,113
-117468059,34879828584286057,1364892055909654804063729976355305,8861125084884723806,195094,21501578,47
-6405023013,1901869653019901437,1364909052204785355461609027122125,8861125084884723806,195095,21501578,103
1000000000,-296640343362466865,1364906399915250215190529898590721,8861125084884723806,195095,21501579,17
5072174686,-1504593886851467710,1364892947198146742825962361554492,8861125084884723806,195094,21501579,135
-332035889,98591738010223071,1364893828275498176972240329130577,8861125084884723806,195094,21501581,158
-33383156,9912500000000000,1364893916859789542090192924826755,8861125084884723806,195094,21501581,269
1916776191,-568579524210825496,1364888833136163599797194214345232,8861125084884723806,195094,21501581,613
30000000,-8898963419763282,1364888753569684933090614147668049,8861125084884723806,195094,21501583,59
171101803902,-50737417777237722546,1364435118886712141656339843956887,8862059956742986076,195088,21501584,2
144726562500,-42889955006174812784,1364051676172259148762312217762116,8862059956742986076,195082,21501585,2
116807515693,-34598519446412496512,1363741952497433143901654893254704,8835895075915493551,195077,21501586,2
36304494919,-10750229439041022656,1363645559215513855893225709888711,8835895075915493551,195076,21501587,392
81232566982,-24048507741846585153,1363429925251639612645907028047957,8835895075915493551,195073,21501588,2
-42598452592,12622737015699733643,1363543052016153765092175549478855,8835895075915493551,195075,21501590,379
-70926710184,21021590000442773195,1363731450495717693697675772059869,8835895075915493551,195077,21501591,5
-42070686826,12471851846962759460,1363843225005888659258081816796872,8835895075915493551,195079,21501592,84
-103589249531,30717727469691557135,1364117817497152125790579362627584,8862059956742986076,195083,21501593,11
8456733611,-2505664457145522172,1364095416476194702501182558695563,8862059956742986076,195083,21501594,103
-1679114811,498000000000000000,1364099866445762966537295753344829,8862059956742986076,195083,21501594,136
101920910660,-30192098916542971904,1363829796195021296752129153293898,8835895075915493551,195079,21501596,39
-2674821,793000000000000,1363829803302000088130355275023164,8835895075915493551,195079,21501596,107
-87569240339,25965933024555465190,1364061974896867614106553175586428,8862059956742986076,195082,21501600,2
987807163,-292659869039503580,1364059358473171673909353266788522,8862059956742986076,195082,21501608,58
1841629445,-545620735725070598,1364054480540892702298740549156176,8862059956742986076,195082,21501610,26
-326828426,96926284505350507,1364055346643335300113450241924081,8862059956742986076,195082,21501610,266
85087648774,-25204749118425128273,1363829864258521289122082143299131,8835895075915493551,195079,21501611,53
9895097119,-2930594407082213549,1363803586715844194030721761770668,8835895075915493551,195078,21501613,35
-110667822804,32815312770909798317,1364097039592522445350326473088436,8862059956742986076,195083,21501613,70
-1684810479,499690443272971342,1364101504667354005770225697294482,8862059956742986076,195083,21501614,174
-96440930899,28608440483254536324,1364357140590137089227385895345458,8862059956742986076,195086,21501615,19
-183315812168,54408760654431059968,1364843349635233663712886888419778,8861125084884723806,195094,21501617,2
-14293579530,4244013148176469014,1364881276787543924075247178203875,8861125084884723806,195094,21501617,67
-1308324835,388476253553435434,1364884748453988636000880425344997,8861125084884723806,195094,21501618,50
-72315659448,21475506192650842083,1365076666990965501282939183227484,8861125084884723806,195097,21501618,402
-146560893752,43542563733866725509,1365465734735962941122646679876960,8863360289537166749,195103,21501621,8
-173772849577,51659279100268859234,1365927277896955158327377936338133,8863360289537166749,195109,21501622,8
37305459796,-11082039324993690894,1365828217316774690797928999296572,8863360289537166749,195108,21501622,46
35951453,-10679039827563263,1365828121858542675424800787887420,8863360289537166749,195108,21501622,49
25400086346,-7544482935894704128,1365760682930122179868978837574448,8863360289537166749,195107,21501622,64
-2858967802,850000000000000000,1365768277145405012626300855730969,8863360289537166749,195107,21501623,143
-92816487407,27600577132855455132,1366037473156523759299606803230305,7045391015977671605,195111,21501625,96
583289397,-173313470645541332,1366035524179130300794656728727153,7045391015977671605,195111,21501626,126
-84433207564,25118000000000000000,1366317844628773117148509898888593,7045391015977671605,195115,21501627,120
3751011547,-1114991424967704109,1366305306116486287900737141942441,7045391015977671605,195115,21501629,85
2779833606,-826294739733362784,1366296014110723114216862709125677,7045391015977671605,195115,21501629,97
110343130014,-32789991907982977131,1365927277896957896396979052701367,7045391015977671605,195110,21501632,61
82021509691,-24363366443300500697,1365709497654147733023419312745146,8863360289537166749,195106,21501634,83
-2805302870,833982272057262740,1365716948761107814024734488589197,8863360289537166749,195106,21501635,271
131607943492,-39076534529343057820,1365367649857864570052903461070233,8863360289537166749,195101,21501636,2
207711517,-61657122160353332,1365367098714693683855038582364920,8863360289537166749,195101,21501636,205
15000000000,-4452470976576397195,1365327298787510461929449209388705,8863360289537166749,195101,21501639,50
-100000000,29711984919691997,1365327564245404533013424596990819,8863360289537166749,195101,21501639,186
28018972739,-8316664309597189785,1365326357553705022290201575307513,546050024015676717606,195101,21501641,86
9075000000,-2693615202442966287,1365302279984693910201928482775682,8863443934541439596,195100,21501641,129
1857064270,-551196725253151858,1365297352971667348268996266913690,8863443934541439596,195100,21501643,336
81216417864,-24102018286755472342,1365081869894196558140484446397870,8861208729888996653,195097,21501646,2
10100000000,-2996773209813063538,1365055075712711518545753741453721,8861208729888996653,195097,21501646,79
922201570,-273620768344993065,1365052629266480250664378099701831,8861208729888996653,195097,21501647,46
160500241080,-47606107189266093931,1364626982556132300725009709623464,8861208850831725794,195090,21501648,2
307287500,-91116320601934740,1364626167884141393489627823323897,8861208850831725794,195090,21501649,28
9800000000,-2905820799633971903,1364600186909488130370954999812133,8861208850831725794,195090,21501650,128
-85434678809,25361515592950737156,1364826831111162526192753790932458,8861208850831725794,195093,21501653,5
-233704947,69387500000000000,1364827451195340305113680736428689,8861208850831725794,195093,21501653,27
-57736905225,17144143085485757319,1364980660517896782984990594957312,8861208850831725794,195096,21501654,30
-5000000,1484844720078765,1364980673787271200270702464660659,8861208850831725794,195096,21501655,11
1574497773,-467108056253064032,1364976497369175709128922564071806,8861208850831725794,195096,21501657,52
-803526945,238621463426849830,1364978629819457812404411188666803,8861208850831725794,195096,21501657,129
-81282831053,24142219753308503940,1365194377734939539327579815149568,8861208850831725794,195099,21501658,390
-219511153531,65236250041724032367,1365777229726771232853144603335647,8863444055484168737,195107,21501660,2
-13988204943,4159025391890219469,1365814387651119615814993405314379,8863444055484168737,195108,21501660,68
-207408418,61669149018055218,1365814938620964212170599297648316,8863444055484168737,195108,21501660,235
-134469348772,39993777909292960000,1366235466684541233439576786565509,7045474781924673593,195114,21501667,33
596512931,-177293971978970205,1366233472968566153045259768103032,7045474781924673593,195114,21501675,289
-106776398685,31775812228992442368,1366590621425352810716589973879303,7045474781924673593,195119,21501680,118
-335942335,100000000000000000,1366591745388618369018414702376579,7045474781924673593,195119,21501682,312
-30583821914,9104378254581935758,1366657130566623692760647363531349,12612948112656789167,195120,21501685,17
500000000,-148700518126447150,1366656196505156789931981456174774,12612948112656789167,195120,21501688,33
-5059703379,1506276311992601326,1366665653440491838456082959769811,12612948112656789167,195120,21501690,29
-170000000,50609449863513108,1366665971184514559285202663152240,12612948112656789167,195120,21501691,95
165349891562,-49158884184238411725,1366157097702430003893203657186777,7045474781924673593,195113,21501693,120
1070237382,-318056221821978686,1366153521079021197822340571153654,7045474781924673593,195113,21501693,182
1520920000,-451988513023757915,1366148438352807160563902482888343,7045474781924673593,195113,21501694,48
108903815643,-32355675848302753313,1365813856937381106338820639275805,8863444055484168737,195108,21501705,2
-55104539744,16386099977635501302,1365968764262438010592347857859727,7045474781924673593,195110,21501708,23
3374293054,-1002500000000000000,1365957490894016577900208885188189,7045474781924673593,195110,21501709,142
1048104554,-311387728654989482,1365953989259515789062044006134358,7045474781924673593,195110,21501711,10
89548551841,-26599618508326257176,1365710743031425565258105444284089,8863444055484168737,195106,21501712,2
89186325,-26487396444530924,1365710506267055310268143650705111,8863444055484168737,195106,21501712,15
2000000000,-593976467302737792,1365705196856425929443699309330325,8863444055484168737,195106,21501714,405
541000000,-160669840811372208,1365703760667944425114905098285100,8863444055484168737,195106,21501715,212
1917882758,-569583076714173762,1365698669303878177824658563178460,8863444055484168737,195106,21501716,88
-200000000,59456312571274483,1365699200503608014805528087110618,8863444055484168737,195106,21501716,129
-3363813,1000000000000000,1365699209437894499528142294601417,8863444055484168737,195106,21501716,145
-10620706089,3157406590747761717,1365727418612924991361963774920421,8863444055484168737,195107,21501718,9
189078644197,-56135109629465248612,1365225635810590696307352933011455,8861208850831725794,195099,21501718,34
94609375000,-28072870390073507928,1364974635978068087370243335748046,8861208850831725794,195096,21501719,8
49477994121,-14677196990907043513,1364843407003779742023785784336976,8861208850831725794,195094,21501722,24
-63037643079,18718751506766647296,1365010687877670879962092887745478,8861208850831725794,195096,21501723,70
-10276105197,3051879321169343062,1365037961119674811267294991604385,8861208850831725794,195096,21501723,154
1000000000,-296696378388452870,1365035308354202282354270686535975,8861208850831725794,195096,21501724,271
-134394494472,39924618677707188514,1365392059094531405665666949387428,8863444055484168737,195102,21501727,2
-58970972460,17525114671309743181,1365548633489682502303584289292288,8863444055484168737,195104,21501728,16
1000748256,-297140583438728721,1365545977422550256954646776085518,8863444055484168737,195104,21501728,29
1000000000,-296917258102744490,1365543323351668667913912276599982,8863444055484168737,195104,21501728,44
109754394417,-32580960401917052644,1365252090100865135951917407770446,8863444055484168737,195100,21501733,2
333082114,-98855391677927627,1365251206456653219924710835079639,8863444055484168737,195100,21501733,287
91541186431,-27163644711891419120,1365008337707441964982080655895196,8861208850831725794,195096,21501735,2
-22485366529,6678018235403051813,1365068016085344217431019292802245,8861208850831725794,195097,21501736,54
49476734563,-14678831492739390846,1364936772496957617203415640842695,8861208850831725794,195095,21501737,26
11115851323,-3297479070658291573,1364907289701540490920474923207965,8861208850831725794,195095,21501738,61
107117422,-31775321825414090,1364907005598050334420898108513041,8861208850831725794,195095,21501738,148
57434331403,-17035420558441364827,1364754691721780919011564847264940,8861208850831725794,195092,21501740,100
-16958203378,5034558391200512403,1364799682315836283820082608823114,8861393795106933748,195093,21501742,45
179960922725,-53356562464124117005,1364322655941784749145297495585563,8862328666965196018,195086,21501748,2
19466435697,-5769362589385136418,1364271078527539284263320518970176,8862328666965196018,195085,21501748,354
154101562500,-45656442187384102532,1363862864709404650920022563392142,8836163786137703493,195079,21501749,2
5100000000,-1510535385279614562,1363849320716119212837949149580313,8836163786137703493,195079,21501749,87
-505376835,149832689988193646,1363850663497162564688816323978668,8836163786137703493,195079,21501749,153
137109375000,-40598359944917923332,1363486644275996168999203953309733,8836163786137703493,195074,21501751,2
118710762889,-35132993221381477269,1363171547540841962567203437920419,8809095511099158170,195069,21501752,12
-29726114150,8804858539923382163,1363250537456326909142560756425125,8836163786137703493,195070,21501753,418
97637931366,-28887560679306620118,1362990886043506499827063047427000,8809095511099158170,195066,21501754,65
2158446651,-638482537335700875,1362985143592630945533669395183752,8809095511099158170,195066,21501754,183
-101927885,30180983035681718,1362985414901783385253201638811712,8809095511099158170,195066,21501754,365
-30732714,9100000000000000,1362985496705390785401649564523178,8809095511099158170,195066,21501756,96
66394118727,-19637194042867953031,1362808881660294247693170980515918,8809095511099158170,195064,21501757,19
-253357114,75000000000000000,1362809555865849743422137401214821,8809095511099158170,195064,21501757,242
22123911256,-6542400510859910045,1362750714141378176350304176126612,8809095511099158170,195063,21501758,69
-3019434656,893756197944525016,1362758748479963682206084588416923,8809095511099158170,195063,21501758,212
-106876270240,31642291039957671936,1363043193925400378067638166785626,8809095511099158170,195067,21501759,83
-35877419943,10624999209778791216,1363138706371991985950774598343883,8809095511099158170,195069,21501759,90
-4910270306,1454278886741614331,1363151779477387737156114288581626,8809095511099158170,195069,21501760,166
-8509207856,2520245303062544067,1363174434989181560947060496082725,8809095511099158170,195069,21501764,29
1986000000,-587630131633935569,1363169149899979302673049825689097,8809095511099158170,195069,21501765,378
45839955117,-13562147084621792962,1363047173246200383652920838175068,8809095511099158170,195067,21501765,498
-53605053088,15875631371642527744,1363189885764437232613058177497090,8809095511099158170,195069,21501771,30
-121637779765,36036459983835117897,1363512865567157159880366416037538,8836163786137703493,195074,21501772,2
-6283445425,1862000000000000000,1363529552568524606189733059336290,8836163786137703493,195074,21501774,131
-46901670188,13900010469373205131,1363654122651075599041782380207350,8836163786137703493,195076,21501776,444
-83473271496,24744834214122088756,1363875882630865227139017439864177,8836163786137703493,195079,21501777,2
-26832701337,7956000000000000000,1363946984990516919617223352242854,8862328666965196018,195080,21501777,42
-6682892352,1981632507122200019,1363964691691279621549159516422237,8862328666965196018,195081,21501779,85
-5316774627,1576583681943511079,1363978779114342777377950984708012,8862328666965196018,195081,21501780,290
4500000000,-1333053493556901809,1363966861774916919587709320784392,8862328666965196018,195081,21501788,5
-2174018436,644660007660495911,1363972622076995281500256128261979,8862328666965196018,195081,21501790,90
-168616675,50000000000000000,1363973068847541764315512035908513,8862328666965196018,195081,21501791,43
35135777368,-10407709505385279162,1363880025164433102543828379107876,8862328666965196018,195080,21501793,20
2250000000,-666433138024318242,1363874049689754028949747286373680,8836163786137703493,195079,21501793,51
-10000000,2964876275089294,1363874076260588860702787774332689,8836163786137703493,195079,21501794,378
-2754885614,816793899516836384,1363881392213096176837571853458279,8862328666965196018,195080,21501796,52
-2152148547,638094942371312463,1363887093853618399873099493059677,8862328666965196018,195080,21501797,77
-11656438268,3456134021150622084,1363917975831325346137262554632293,8862328666965196018,195080,21501800,12
-48738142699,14452555105625180670,1364047115350177609411879136229712,8862328666965196018,195082,21501801,16
-44762203320,13275961978661372462,1364165741525943441785954355065972,8862328666965196018,195084,21501802,36
-486773199,144384103765297400,1364167031657242294854416849474824,8862328666965196018,195084,21501803,214
62193144389,-18426752276687082817,1364002298687066027757314502492741,8862328666965196018,195081,21501804,2
-13662524,4051531215589879,1364002334889162333382814633165541,8862328666965196018,195081,21501804,174
27497732,-8146118212283472,1364002262063835961887045160821034,8862328666965196018,195081,21501805,163
1480869219,-438701651486732529,1363998340123334158164098342367975,8862328666965196018,195081,21501807,237
27766622,-8225727694509178,1363998266586308499440862504120015,8862328666965196018,195081,21501809,104
-2529143427,750000000000000000,1364004968144505741669701118818026,8862328666965196018,195081,21501812,563
-199990000,59305966442950461,1364005498067686489839304525440719,8862328666965196018,195081,21501813,253
-355059,105290954873280,1364005499008504438807956221739268,8862328666965196018,195081,21501814,81
2300000000,-681368057328530623,1363999407659243236170216665715295,8862328666965196018,195081,21501815,160
675146269,-200008888578726154,1363997619603606382983805981979601,8862328666965196018,195081,21501815,177
12071452521,-3576022208453655614,1363965650391074006323228215089153,8862328666965196018,195081,21501817,39
-32057918608,9506062399654049340,1363967026200235664490958097916320,547148037475582852338,195081,21501819,10
82421875000,-24412052468797744128,1363748396743456960299630806509752,8836163786137703493,195078,21501819,19
120891029379,-35791837980075165840,1363427474494299658209439973099360,8836163786137703493,195073,21501820,2
-865366082,256402772980338747,1363429772342539905222481899453535,8836163786137703493,195073,21501820,96
-4882175000,1446575323362049120,1363442736362088270743861184252732,8836163786137703493,195073,21501822,74
83875275778,-24823355970400716909,1363220161393066335893035702812672,8836163786137703493,195070,21501823,7
59923616606,-17729761146542457924,1363060768823612502354441461795369,8809095511099158170,195067,21501824,2
-511687708,151528348144378760,1363062130973667622769014886381484,8809095511099158170,195068,21501825,238
-59990000,17765124335360754,1363062290671607902403539815774004,8809095511099158170,195068,21501825,291
2800000000,-828343931407106442,1363054840625512643517947871809280,8809095511099158170,195067,21501826,79
1600000000,-473335323920177150,1363050583492879668979443716533458,8809095511099158170,195067,21501827,90
690550000,-204287654045311567,1363048746149257504049139677494418,8809095511099158170,195067,21501828,39
799926992,-236644316928700523,1363046617792903996336952963520054,8809095511099158170,195067,21501830,33
-55137500,16327758588114425,1363046764569777981668210573309243,8809095511099158170,195067,21501830,65
3390760000,-1003088658798457594,1363037742886317362293990355271323,8809095511099158170,195067,21501831,192
118093923,-34935490403025613,1363037428679857950086656907943916,8809095511099158170,195067,21501837,291
-695102507,205836809803082086,1363039279030800546828881330158729,8809095511099158170,195067,21501838,68
-5065431,1500000000000000,1363039292514911656743460658572707,8809095511099158170,195067,21501839,36
-83685141,24781250000000000,1363039515283663951790573313411969,8809095511099158170,195067,21501839,238
-167370200,49562500000000000,1363039960821168541884798623090494,8809095511099158170,195067,21501839,425
10236141416,-3028087409383320662,1363012726492618494800504229210739,8809095511099158170,195067,21501841,515
699937806,-207053373665024939,1363010864274378586941527908105696,8809095511099158170,195067,21501842,271
1141751100,-337747961615673940,1363007826601514439593271808190046,8809095511099158170,195067,21501842,312
-21063458176,6237381004607365427,1363063896960515103817314357527575,8809095511099158170,195068,21501846,53
-2677828,793000000000000,1363063904089115177258821962482431,8809095511099158170,195068,21501846,360
-38134094501,11293700147084246507,1363165427760865405663468423400710,8809095511099158170,195069,21501847,539
-301438531,89280000000000000,1363166230335158667779230050600684,8809095511099158170,195069,21501848,212
300000000,-88765104549960364,1363165431990297947519283409578411,8809095511099158170,195069,21501848,499
-33763293,10000000000000000,1363165521884372013616478932338264,8809095511099158170,195069,21501852,242
-3817826458,1130770948368387715,1363175686845110455497775516988924,8809095511099158170,195069,21501856,108
494000000,-146168511437200964,1363174372219498322739544189161418,8809095511099158170,195069,21501856,152
-502010931,148687500000000000,1363175708832012093022220118196994,8809095511099158170,195069,21501856,316
97906778,-28969432060906186,1363175448283710808792957896133542,8809095511099158170,195069,21501858,207
-84228902700,24951345204716809869,1363399128959331145453882231142987,8836163786137703493,195072,21501860,5
154144593554,-45610786270564540407,1362989527041652336890653607800483,8809095511099158170,195066,21501865,9
-503641908,149130117498839170,1362990867633035129533229548480505,8809095511099158170,195066,21501866,73
-2026308684,600000000000000000,1362996261277479095364960914071734,8809095511099158170,195067,21501866,82
102676021213,-30366515452534302263,1362723147741789310115895557857278,8809095511099158170,195063,21501871,2
1002064666,-296301463246845691,1362720482834767498717931733586276,8809095511099158170,195062,21501871,129
-469223,138883764581270,1362720484083250240702637624455700,8809095511099158170,195062,21501871,143
85403090810,-25248664342566100247,1362493340114983363147653900664832,8786695485404347515,195059,21501872,2
-4021765392,1190000000000000000,1362504064780791096222005103903992,8786695485404347515,195059,21501872,155
-47658845248,14103197607430956431,1362630876794809018053398198165524,8809095511099158170,195061,21501876,54
-39239632202,11613755709106165355,1362735277576399012931808994130770,8809095511099158170,195063,21501876,81
-74583004295,22079241732527312896,1362933756875561720374832361008360,8809095511099158170,195066,21501879,22
177924504,-52627015114661626,1362933283553221090559039306373590,8809095511099158170,195066,21501879,122
-139204669498,41226748011030732505,1363303564103659980637938314230009,8836163786137703493,195071,21501880,2
-5012500,1484901220174951,1363303577411151222089112851613998,8836163786137703493,195071,21501880,57
-496073856,146956886394335514,1363304894419617504542740138512446,8836163786137703493,195071,21501880,181
-165293323853,48982297472058352120,1363743867386801661161577948252863,8836163786137703493,195078,21501881,104
-344513303,102124500000000000,1363744782613263073498109051240813,8836163786137703493,195078,21501881,320
-48230607902,14298411097569975644,1363872923110329378368542764937490,8836163786137703493,195079,21501882,5
-87336325478,25898490991034932665,1364104357737689786870010263758893,8862328666965196018,195083,21501884,12
-1021030590,302825778193243604,1364107063610458036454889771480519,8862328666965196018,195083,21501884,112
-42512335035,12609729778773208255,1364219736727743299162328425732264,8862328666965196018,195084,21501885,7
34223192793,-10141073940894711809,1364129076734816912622391036566910,8862328666965196018,195083,21501885,21
-16857253374,5000000000000000000,1364173753789465194147981801220318,8862328666965196018,195084,21501886,120
-2673472,793000000000000,1364173760875246061365431759915592,8862328666965196018,195084,21501887,96
-29330658,8700000000000000,1364173838613321149375286287846088,8862328666965196018,195084,21501888,264
-5328915273,1580668428523327972,1364187962535273539376158365503774,8862328666965196018,195084,21501888,286
-3404052688,1009730805072261481,1364196984894945192721523444334927,8862328666965196018,195084,21501896,35
10204519704,-3023860584988129664,1364169951941547634099891118318231,8862328666965196018,195084,21501897,92
1831401920,-542678617724085410,1364165100459354434931671599531288,8862328666965196018,195084,21501897,139
-7285305,2160925000000000,1364165119768107298099222736975909,8862328666965196018,195084,21501903,52
-11597295980,3440000000000000000,1364195857581705315788829183057453,8862328666965196018,195084,21501903,111
-701750000,208158668098548761,1364197717564943346260662662304372,8862328666965196018,195084,21501905,231
-98931000,29345746124166927,1364197979781244003060971779510750,8862328666965196018,195084,21501906,271
21714577500,-6434451116236017986,1364140456554800426745157528438871,8862328666965196018,195083,21501911,128
-81797672167,24265328735861611666,1364357277238398547803704221761536,8862328666965196018,195086,21501914,50
-724975766,215098983927087657,1364359199236210487868656248217922,8862328666965196018,195087,21501914,131
-84071597799,24948000000000000000,1364582121980001370172549120901901,8861393795106933748,195090,21501914,208
-13477290,4000000000000000,1364582157725415811288291292812328,8861393795106933748,195090,21501915,115
339690512,-100717778237986353,1364581257225484669414800841305559,8861393795106933748,195090,21501916,41
23801121,-7056995147649881,1364581194130132928122205760858936,8861393795106933748,195090,21501922,39
92275475305,-27354630143667302413,1364336644981362607778472404588023,8862328666965196018,195086,21501924,12
19824724372,-5875666752596192379,1364284117220562041308564026759655,8862328666965196018,195085,21501925,258
-725048470,215097485232330314,1364286039204982527858528803844596,8862328666965196018,195085,21501926,225
18050494275,-5349440676203944441,1364238215842615643675747916138229,8862328666965196018,195085,21501930,121
-200000000,59329217531359160,1364238745973554421338845477634472,8862328666965196018,195085,21501933,497
-150000000,44496943407967205,1364239143572028885187075802488909,8862328666965196018,195085,21501933,743
-725092917,215096489189625717,1364241065547549320867986390634742,8862328666965196018,195085,21501935,34
4500000000,-1333566219913980989,1364229143624410911833960057943415,8862328666965196018,195085,21501937,5
3372771692,-999499028995004247,1364220208222161924515134159418535,8862328666965196018,195084,21501937,50
277200000,-82145840963249886,1364219473848129739591016246726386,8862328666965196018,195084,21501937,129
-101133408,30000000000000000,1364219741910457629280169791314306,8862328666965196018,195084,21501943,111
94377352,-27967908996309972,1364219491880683016712853390433714,8862328666965196018,195084,21501945,708
55294112170,-16384167886380278948,1364073019371623200616801625598843,8862328666965196018,195082,21501947,11
-1359989732,403338843551488985,1364076623369934225525995253452768,8862328666965196018,195082,21501947,464
86299239,-25568665113783700,1364076394789114101039002730550611,8862328666965196018,195082,21501948,101
-105040158405,31158706627891931502,1364354810636870920958609305824073,8862328666965196018,195086,21501949,2
-78178463155,23198814628185675803,1364562101578654681818395361633413,8862328666965196018,195089,21501950,33
-4913306100,1458218533519033173,1364575132735111270285459485731803,8861393795106933748,195090,21501951,18
-798659090,237036405587709140,1364577250976250111552079008240745,8861393795106933748,195090,21501951,169
-25008803498,7422809462122442752,1364643583826385362087010019142098,8861393795106933748,195091,21501951,234
-106510411503,31621210584687727160,1364926162145755226747879274161235,8861393795106933748,195095,21501952,2
-77608215549,23048866900306605399,1365132134970692620339344642195277,8861393795106933748,195098,21501954,38
5365225581,-1592049142351504441,1365117900739476017688322590410989,8861393795106933748,195098,21501956,146
-4933651439,1465449938197689885,1365130996518321913657293774221369,8861393795106933748,195098,21501957,34
-1042339124,309611161963134785,1365133763313146905573068768109378,8861393795106933748,195098,21501957,142
58185824,-17265978119849096,1365133608941074963291342939762280,8861393795106933748,195098,21501960,39
-562996068,167230000000000000,1365135103367489210237733791907460,8861393795106933748,195098,21501960,424
3330373361,-988245880619080620,1365126267634979841946547775419000,8861393795106933748,195098,21501962,291
1500000000,-445101718197985934,1365122288058845414803984693271666,8861393795106933748,195098,21501963,18
-21546602,6400000000000000,1365122345251508520589172168328349,8861393795106933748,195098,21501964,356
-16833282,5000000000000000,1365122389933276571983849883216382,8861393795106933748,195098,21501965,48
-88006036,26140491547610754,1365122623533952587941204899339302,8861393795106933748,195098,21501967,214
837000000,-248365752785505357,1365120402939463769135408268333183,8861393795106933748,195098,21501969,37
-24000000,7128714326221847,1365120466644175774915177426077414,8861393795106933748,195098,21501969,295
-46731052739,13881775557986598013,1365244519099300470335256395007591,8861393795106933748,195099,21501970,25
-34433555120,10230335000000000000,1365335917935900623777973482498450,8863628999759376691,195101,21501970,433
-99671693909,29620546829781025809,1365600550865291728668398663481478,8863628999759376691,195105,21501971,2
-123005621394,36570782646776940919,1365927277896955158327378060881171,8863628999759376691,195109,21501973,2
45173982679,-13419274254315159553,1365807328783395325509677906768650,8863628999759376691,195108,21501974,20
-63377033879,18846186855746517021,1365988172766587600583037545717232,7046617505689549473,195110,21501980,2
78115554,-23208920563042049,1365987911818674837520362735172367,7046617505689549473,195110,21501980,131
411920617,-122385631837451955,1365986535784184417180284292054526,7046617505689549473,195110,21501982,500
817917775,-243010615748409599,1365983803510928254058552906783462,7046617505689549473,195110,21501983,43
-42817578808,12735521721984111160,1366126925763570710289934172944119,7046475723243244346,195112,21501987,8
4006340097,-1190554528669957261,1366113539575725285900047824875133,7046475723243244346,195112,21501987,58
-504265315,150000000000000000,1366115225281137676638586544230238,7046475723243244346,195112,21501987,143
-20643429790,6140963138552829159,1366184237646470680111410651376061,7046475723243244346,195113,21501988,75
787345371,-233995019473438392,1366181606686518711784847486131684,7046475723243244346,195113,21501990,50
115677005,-34378538496571373,1366181220145992356915890282143858,7046475723243244346,195113,21501990,277
-2521064330,750000000000000000,1366189648673054310608583878919385,7046475723243244346,195113,21501991,3
198723836,-59060261029412865,1366188984619683128410299377056198,7046475723243244346,195113,21501991,19
1283000000,-381303229145690694,1366184697376614040821122135467210,7046475723243244346,195113,21501994,93
390533749,-116064824625086421,1366183392383430391062570535025612,7046475723243244346,195113,21501995,264
-2397018422,713099212291746546,1366191406218108602858693676267550,7046475723243244346,195113,21501996,300
-37924278446,11283368349556027038,1366318209118754235854927685889698,7046475723243244346,195115,21501997,25
29967895288,-8907416315077490678,1366218057176831649934824940109066,7046475723243244346,195114,21502002,188
130621592,-38822053723770963,1366217620674940155622745102129118,7046475723243244346,195114,21502004,259
5000000000,-1486031750362280038,1366200912242293364371807725189323,7046475723243244346,195114,21502006,255
-41882527410,12461335018619731968,1366340953174870041217034977375005,7046475723243244346,195116,21502009,110
5000000000,-1486300057781975738,1366324241725466407774110732193827,7046475723243244346,195115,21502013,448
329272143,-97878164776679557,1366323141216864647418778274029690,7046475723243244346,195115,21502016,402
412946110,-122750542055498630,1366321761051761316746682308275976,7046475723243244346,195115,21502018,25
-1000000000,297553503054749407,1366325104968765151514867266177134,7046475723243244346,195115,21502019,231
34059411135,-10123546468036516940,1366211279275426760310107051733315,7046475723243244346,195114,21502020,50
-1402609176,417284192944351320,1366215968730243769605108129590323,7046475723243244346,195114,21502020,108
2850000000,-847040503736453068,1366206444896582520870557794563586,7046475723243244346,195114,21502021,94
-6722520843,2000000000000000000,1366228920968747730717740719298327,7046475723243244346,195114,21502022,156
305935295,-90928460409695492,1366227898600244459210770044214985,7046475723243244346,195114,21502025,514
1584066775,-470805721448213801,1366222605021769689956658939333010,7046475723243244346,195114,21502028,77
4846125553,-1440310338811938651,1366206410665033604424610341216217,7046475723243244346,195114,21502030,94
154604470,-45949220535496055,1366205894027716600446823803379445,7046475723243244346,195114,21502032,236
770325580,-228944092289836474,1366203319858662020742983552661038,7046475723243244346,195114,21502034,54
3601525760,-1070377578675936883,1366191284899331183855403190924456,7046475723243244346,195113,21502036,184
6933500000,-2060591039619671408,1366168116318586073041013573634863,7046475723243244346,195113,21502039,377
-1377326084,409736413110617861,1366172720951180967281614595644424,7046475723243244346,195113,21502041,113
-873983364,260000000000000000,1366175642840562444561748375859940,7046475723243244346,195113,21502041,243
-5176744586,1540044783808004181,1366192949919411706411506268634912,7046475723243244346,195113,21502042,33
-26891055,8000000000000000,1366193039823700367250895000333850,7046475723243244346,195113,21502044,75
-1956461015,582043507037310830,1366199580849634098462764876523795,7046475723243244346,195113,21502045,289
8725286869,-2593118554005962753,1366170424711688734467116913500705,7046475723243244346,195113,21502046,8
1427820800,-424331797596285357,1366165653670115564217958837399144,7046475723243244346,195113,21502050,285
10137202488,-3012573904835920305,1366131781319696294499388054772725,7046475723243244346,195112,21502051,108
5949000000,-1767854304886525466,1366111904170654670468483729027002,7046475723243244346,195112,21502051,299
759513944,-225699775490555904,1366109366479588338604933781928248,7046475723243244346,195112,21502052,80
123983275,-36843216660797486,1366108952227063843084136766653172,7046475723243244346,195112,21502053,456
-160000000,47593633437583144,1366109487086033716915707388036542,7046475723243244346,195112,21502054,157
-41651741401,12391003466146295808,1366248737630085951663805821849522,7046475723243244346,195114,21502054,401
-65202188,19399021401726729,1366248955637401388321714478285130,7046462375570685932,195114,21502056,72
942868429,-280242119563526990,1366245804684907964583055969215707,7046462375570685932,195114,21502058,361
1250000000,-371526673309381367,1366241627358175420194778616786011,7046462375570685932,195114,21502059,83
-442964119479,131897116365211987114,1367232416564233288289805755820794,12613935706302801506,195129,21502060,124
25000000000,-7441037395892036084,1367185679389270371886161210223609,12613935706302801506,195128,21502060,300
165240872537,-49169749702369811718,1366876844065315253877898688196786,12613935706302801506,195123,21502061,2
-13960146847,4157335613781471453,1366902943244847277482690120548557,12613935706302801506,195124,21502062,54
4136275755,-1230569131724505088,1366895214036975654149073650726726,12613935706302801506,195124,21502062,76
98257140281,-29228051561793059683,1366711632570173349094258057873864,12613935706302801506,195121,21502064,2
126722068915,-37682090683904921029,1366367949265182433514131939472706,7046462375570685932,195116,21502065,2
-60000000,17854376176885022,1366368149913686216929593358476049,7046462375570685932,195116,21502065,163
-176251222,52447624202868205,1366368739323095934897759923175891,7046462375570685932,195116,21502068,172
29730052246,-8837380501736691072,1366269374651680190702959822696609,7046462375570685932,195115,21502068,671
73831612872,-21941192551724957176,1366022674921149941036427076681882,7046462375570685932,195111,21502069,2
-51289995,15254801632581972,1366022846355485857688463838782192,7046462375570685932,195111,21502071,121
234472902,-69667778957435246,1366022063033328006743561700073369,7046462375570685932,195111,21502074,159
-7244117663,2154600000000000000,1366046276551737652549764923062378,7046462375570685932,195111,21502075,79
297375000,-88360587171989441,1366045283053640708375735966182231,7046462375570685932,195111,21502075,178
-829635287282,247149685720032163748,1368282677589479162738538769644045,7047041398181378347,195144,21502076,11
671460421448,-199885218349630034654,1366575320126880184966169652242620,7046462375570685932,195119,21502076,112
-30192994679,8987883411776717681,1366647218543663835814992791829694,12613935706302801506,195120,21502076,247
75000000000,-22301502107034856618,1366425575540711269761039624300134,7046462375570685932,195117,21502076,250
120587865987,-35840256326652532082,1366022599195780322126822385317065,7046462375570685932,195111,21502077,2
-108002963023,32131001161725310704,1366383689230194963636508816441579,7046462375570685932,195116,21502077,25
35568510961,-10572966765198708275,1366264810183592059385306205743938,7046462375570685932,195114,21502077,357
89396866209,-26565667613389751077,1365966114338955109839548532819291,7046462375570685932,195110,21502079,2
5000000000,-1485484678310828425,1365949412025761231724251442337639,7046462375570685932,195110,21502079,51
-36378879,10818738455815982,1365949533607364670433673822916409,7046462375570685932,195110,21502081,106
5500000000,-1633991479383210373,1365931161531339073048435445063606,7046462375570685932,195110,21502087,165
-100880096,30000000000000000,1365931498673060176443119421991885,7046462375570685932,195110,21502089,305
74250000,-22058595162569743,1365931250653292351471319089208134,7046462375570685932,195110,21502089,419
74028112996,-21989481332306093145,1365733899190863923251659718257362,8864431649130181076,195107,21502096,2
580000000,-172259552029114329,1365732359576332162918318855398516,8864431649130181076,195107,21502096,13
-468725055064,139488885867282568325,1366967494445356577868344333680613,12613935706302801506,195125,21502097,56
-841568583921,251080229869345042926,1369529128143882518985915913933063,7061708572389277664,195162,21502097,94
630878703037,-188122970516696463215,1367416109007110078438232430779485,7047175243401114562,195131,21502097,169
-335298034,99928825248749172,1367417231899381768988930247199849,7047175243401114562,195131,21502097,179
633806038458,-188509385619416213700,1365856070275437184943473985323008,8864431649130181076,195108,21502097,393
-75073824822,22326807506602172276,1366088608834829600478576485626134,7046462375570685932,195112,21502097,399
-41806369071,12436628294226729598,1366228372377090892986343940829047,7046462375570685932,195114,21502097,408
189622349976,-56333889506673920289,1365663123383748813185983282239461,8864431649130181076,195106,21502098,8
-60594274678,18014738603509530624,1365824054287937347348723899376699,8864431649130181076,195108,21502098,28
-60579762461,18014739235798335488,1365999873533815513973275980998185,7046462375570685932,195111,21502098,50
141882453675,-42142968796999808695,1365608321457464464331180681133192,8864431649130181076,195105,21502099,2
139295604,-41363114545216579,1365607951763874282932845912992583,8864431649130181076,195105,21502100,155
-41792700,12422545078840461,1365608062738085780575852429133845,8864431649130181076,195105,21502101,97
-29476502677,8762156891452737233,1365686337636335404727324030903302,8864431649130181076,195106,21502104,40
52836875784,-15689824792733905317,1365546105748076552623979525511295,8864431649130181076,195104,21502104,94
76914062500,-22833748183136784717,1365342023187178148708205471809858,8864431649130181076,195101,21502105,6
-538491161,160000000000000000,1365343452513755507382765675821765,8864431649130181076,195101,21502109,501
700000000,-207780556112633873,1365341595421014698522081605954208,8864431649130181076,195101,21502110,128
68125000000,-20218796473392098057,1365160863576778853954382878246632,8862196444477738133,195098,21502111,77
52421875000,-15554626950852601612,1365021804990159639051485177097222,8862196444477738133,195096,21502112,25
1390516960,-412551267194345533,1365018116775951398770122455555538,8862196444477738133,195096,21502112,242
64140625000,-19027403377569390667,1364848011518584654702933016669073,8862196444477738133,195094,21502113,83
-28009512285,8316791422657048343,1364922326576314015213966409801999,8862196444477738133,195095,21502115,97
141796875000,-42051987870998285453,1364546382863603490141504147265474,8863131316336000403,195089,21502116,5
612000000,-181447563982656268,1364544760890897236910147524964661,8863131316336000403,195089,21502118,616
-18382800103,5455829454259349087,1364593509867109455834591609499849,8862196444477738133,195090,21502123,22
-126859075736,37661123182691795690,1364930032499605647660208631060010,8862196444477738133,195095,21502125,26
-1832631656,544196250000000000,1364934895189275209086275687039732,8862196444477738133,195095,21502125,64
-1125793871,334304127167512195,1364937882378594630546511738793333,8862196444477738133,195095,21502126,61
57695312500,-17113595110008887529,1364784886594414740650196138067542,8862196444477738133,195093,21502134,12
2933624228,-870069707395281749,1364777108158830726219951202057088,8862196444477738133,195093,21502135,371
150000000,-44487522648915167,1364776710439744225764936009786412,8862196444477738133,195093,21502136,48
780766941,-231562160923184188,1364774640270725437168442046318338,8862196444477738133,195093,21502137,36
-301026619,89368625194505901,1364775438828029932064970578135755,8862196444477738133,195093,21502138,172
82315816539,-24413408751299966333,1364772625564424554682443953572550,687539380375871878033,195093,21502140,38
-106774655929,31705685118926139392,1365056491488490535078947097192464,8844764266450584445,195097,21502145,17
3370898558,-1000155927126100379,1365047532457594197722486553563967,8844764266450584445,195097,21502145,335
-292764192761,87000000000000000000,1365826309944993620494878065272646,8846999471103027388,195108,21502145,560
90346641318,-26831822961119237344,1365586021015728828866136318998267,8846999471103027388,195105,21502146,27
361638000,-107382994039112867,1365585059361177951134296133353972,8846999471103027388,195104,21502148,90
3794316100,-1126656285334876821,1365574969736151546576300644339058,8846999471103027388,195104,21502149,433
450606913,-133798792835617398,1365573771518322143788386170087886,8846999471103027388,195104,21502150,46
9895056663,-2938081792899343490,1365547459905833824300152582952824,8846999471103027388,195104,21502152,64
-90225000,26816284136161995,1365547699935532260010304953510711,8846999471103027388,195104,21502154,204
-1199640280,356552789940663643,1365550891401516559409477571432556,8846999471103027388,195104,21502154,211
92585384825,-27485494683641296884,1365304748599463359005666125930523,8846999471103027388,195100,21502156,6
19399996993,-5757952692161317511,1365253183996895667707702344473610,8846999471103027388,195100,21502158,20
169137743020,-50181951213805907151,1364803674626328081424961803311805,8844764266450584445,195093,21502158,71
5000000000,-1482961152674002763,1364790390802851625283221551844775,8844764266450584445,195093,21502159,71
1304734700,-386969425425328293,1364786924472308261593130450453584,8844764266450584445,195093,21502159,80
-2003303,594750000000000,1364786929797197400716708219409112,8844764266450584445,195093,21502159,407
-194090617805,57644315193275727517,1365303013523235869946124471969874,8846999471103027388,195100,21502160,24
47968750000,-14236379966689199650,1365175504022176015147038579297865,8844764266450584445,195098,21502162,39
128043738296,-37988372111553281452,1364835218082535669403594040437688,8844764266450584445,195094,21502164,13
371007187,-110043927078617256,1364834232349295569007013696584137,8844764266450584445,195093,21502166,267
1118632933,-331795200543175772,1364831260249273661145002156740036,8844764266450584445,195093,21502167,383
-3579314585,1062720000000000000,1364840774946517762714681222597695,8844764266450584445,195094,21502168,23
-1036955321,307881031725376421,1364843531453221380400400714546719,8844764266450584445,195094,21502169,181
-1334446668,396210623786883202,1364847078788483941396173374841953,8844764266450584445,195094,21502172,39
-4681497729,1390000000000000000,1364859523674408080569101240641173,8844764266450584445,195094,21502174,594
-100250000,29765858244328674,1364859790172760803423669480020632,8844764266450584445,195094,21502174,673
88398344346,-26216161897871950826,1364624955385447880525960160595183,8844764266450584445,195090,21502175,5
-1904371537,565246582031249999,1364630016125902836268019485280965,8844764266450584445,195090,21502178,6
959370886,-284471782436505430,1364627467931747442853593898356025,8844764266450584445,195090,21502179,35
-134763917,40000000000000000,1364627826057961087146340023990534,8844764266450584445,195090,21502179,200
-198295831330,58880000000000000000,1365154987844445486068636957989150,8844764266450584445,195098,21502182,65
79843750000,-23689776535176020426,1364942783492954190404240314427756,8844764266450584445,195095,21502182,84
61328125000,-18191158648990736361,1364779833748863002804280415976720,8844764266450584445,195093,21502183,13
141210937500,-41869502352633943255,1364404798690967210185703607785646,8845699138308846715,195087,21502186,2
89921875000,-26650138883675876721,1364166101726319228647856890534475,8845699138308846715,195084,21502187,15
-1030932140,305790150140744265,1364168839223687852288378133838807,8845699138308846715,195084,21502187,155
138476562500,-41022220239458628013,1363801338336569586278208456243297,8836966435508507878,195078,21502188,2
82696119694,-24487309475048241055,1363581796421503506456277613019136,8836966435508507878,195075,21502189,89
-674852717,200000000000000000,1363583588632643175686853499921167,8836966435508507878,195075,21502189,358
-822802589,243847277380408864,1363585773761677671594649931896615,8836966435508507878,195075,21502192,201
-20068341,5947500000000000,1363585827057556437508394182333364,8836966435508507878,195075,21502194,198
-5774227070,1711282596777345377,1363601161956221769741017670020173,8836966435508507878,195075,21502194,698
-506125328,150000000000000000,1363602506114576521663949585196696,8836966435508507878,195075,21502194,705
-1257888942,372800923027884814,1363605846804412169396682612948070,8836966435508507878,195075,21502195,140
3645620075,-1079368315307042219,1363596169686260597152808760123581,8836966435508507878,195075,21502197,77
-313839572,93011692719579982,1363597003169219654766387803231646,8836966435508507878,195075,21502198,165
-752796973,223104644516007762,1363599002422365722430509733089327,8836966435508507878,195075,21502203,319
-2795369153,828462617598834378,1363606426322026023235104182911484,8836966435508507878,195075,21502203,413
-10122238831,3000000000000000000,1363633309489121061693742486441959,8836966435508507878,195076,21502206,211
-92914023129,27543115887448783565,1363880025164430467936085211642414,8840538258113719411,195079,21502208,2
-101482736211,30094579893114710420,1364149329393893316172934149543099,8849270960914058248,195083,21502210,184
-41338104951,12262170700515307658,1364259058602401048367472477479928,8849270960914058248,195085,21502211,51
-1115907470,331040290329704471,1364262020948133237679112196468605,8849270960914058248,195085,21502211,92
4759955342,-1410646082071687119,1364249391331802793471452543443252,8849270960914058248,195085,21502214,361
500000000,-148176983821967237,1364248064692556806623246407644362,8849270960914058248,195085,21502216,185
15000723774,-4445389994153975103,1364208264976112238782669696224260,8849311310713787835,195084,21502220,74
-231921149,68795485291880731,1364208880596291903239503416755671,8849311310713787835,195084,21502220,376
40765101152,-12079236111657711980,1364100734815439563159701736687579,8849311310713787835,195083,21502223,10
84944497006,-25164020592012209937,1363875436018887274355121130045440,8840578607913448998,195079,21502224,2
-540000000,160103809563183733,1363876870131838496162875339848119,8840578607913448998,195079,21502224,115
585000000,-173272376176939134,1363875317286421037749561953480013,8840578607913448998,195079,21502224,208
1000000000,-296191182338516007,1363872662857998377454075526009454,8840578607913448998,195079,21502225,386
25808053726,-7643719135853299464,1363804160800749919775063289539459,8840578607913448998,195078,21502227,455
-35517000475,10530000000000000000,1363898463948942975318037487502578,8849311310713787835,195080,21502230,247
-105971172705,31426744409450427802,1364179687897833385570122591022728,8849311310713787835,195084,21502232,17
500000000,-148161842638326172,1364178361400195908363162117586948,8849311310713787835,195084,21502232,51
-81874539,24285625000000000,1364178578721445439952908963178199,8849311310713787835,195084,21502234,574
-3341795663,991250000000000000,1364187448976528361983392456698661,8849311310713787835,195084,21502235,119
1038052532,-307602729697512306,1364184694999613932460989637972817,8849311310713787835,195084,21502242,41
-337128396,100000000000000000,1364185589855107795969739549046760,8849311310713787835,195084,21502242,103
-1022177096,303201928104899724,1364188303074218942750899754260516,8849311310713787835,195084,21502244,5
-1023551330,303610767062845902,1364191019951847965767754747762114,8849311310713787835,195084,21502244,12
214894211,-63679337527745982,1364190449828736086906350188221030,8849311310713787835,195084,21502245,83
-141592785,42000000000000000,1364190825668043509580025150872086,8849311310713787835,195084,21502245,264
-696635370,206640000000000000,1364192674797436029134505967115282,8849311310713787835,195084,21502246,60
8000000000,-2370600041012132802,1364171450740703135025489828612449,8849311310713787835,195084,21502247,11
-22171365498,6576686251881418006,1364230302578942261971593079206024,8849311310713787835,195085,21502250,41
-10025000000,2973899384161671309,1364256914680963405740691141230351,8849311310713787835,195085,21502251,334
-27561141133,8176564143669571626,1364330083114412306660976975655653,8849311310713787835,195086,21502261,177
39575179856,-11728757616992630332,1364225075178546780595729721760520,8849311310713787835,195085,21502264,17
-6945759357,2060419692095826704,1364243512957358145692134563318846,8849311310713787835,195085,21502264,178
-198888656,59000000000000000,1364244040922099525162297010852472,8849311310713787835,195085,21502265,51
40468750000,-11992048378782103024,1364136675735762054944723985021830,8849311310713787835,195083,21502265,520
45075888010,-13355053276017434292,1364017107523707186994751248246185,8849311310713787835,195082,21502266,7
-61335635205,18191242472484841725,1364179892856374249584985981854718,8849311310713787835,195084,21502267,7
62613015523,-18551484161681116128,1364013800835149615109954082963456,8849311310713787835,195081,21502267,33
-5210742516,1545252942106265731,1364027628615996140533107254790932,8849311310713787835,195082,21502267,74
-80643944,23915320000000000,1364027842623551035571588024023980,8849311310713787835,195082,21502269,292
-26976491,8000000000000000,1364027914211990544652288016909895,8849311310713787835,195082,21502270,260
1010674230,-299419779000493292,1364025233582451337332811884338848,8849592442248134934,195082,21502275,50
-36768254,10903750000000000,1364025331152157582138414597611552,8849592442248134934,195082,21502276,77
-25474777,7554632156293728,1364025398753050878219245103300601,8849592442248134934,195082,21502278,200
49468059952,-14653846946599280612,1363894206568221925089187398295890,8849592442248134934,195080,21502281,18
-41450754,12290000000000000,1363894316542468376875119517623785,8849592442248134934,195080,21502282,40
-4000000,1185985742320753,1363894327154989801959466818377643,8849592442248134934,195080,21502283,246
-3914333548,1160594791132109933,1363904712471311252055137408816442,8849592442248134934,195080,21502285,321
5000000000,-1481008234334806552,1363891453379229828076444117567601,8849592442248134934,195080,21502286,104
-475802543,141073295309867673,1363892715741259622459186076359194,8849592442248134934,195080,21502286,143
-499758305,148176351373637273,1363894041663357611947742549531640,8849592442248134934,195080,21502289,38
54712998718,-16204259124218069347,1363748839577674760808202886914091,8840859739447796097,195078,21502293,102
40234375000,-11913947341063641800,1363642071663247567852712662820390,8840859739447796097,195076,21502294,350
77265625000,-22874175372795712105,1363437082676064649663299804524695,8840859739447796097,195073,21502295,2
-535271959,158600000000000000,1363438503273625476864286260392026,8840859739447796097,195073,21502296,94
1861055338,-550874226662315923,1363433566564522381453726127714432,8840859739447796097,195073,21502296,115
-277052018,82089488549117270,1363434301849057075201767127532419,8840859739447796097,195073,21502296,139
92031250000,-27236395331400800766,1363190195652289403867685350713753,8813791464409250774,195069,21502298,112
-566500000,167792033102992043,1363191703199591118886867866244511,8813791464409250774,195069,21502301,292
10500000000,-3106832938904359965,1363163775528964674996182515703203,8813791464409250774,195069,21502305,40
-200279202,59318495824710015,1363164308482983221545356093348034,8813791464409250774,195069,21502307,438
-30000000,8885374297369599,1363164388314676055885670498846384,8813791464409250774,195069,21502308,406
-101290023,30000000000000000,1363164657853212630445509441099968,8813791464409250774,195069,21502312,140
-617540000,182902771653206601,1363166301164726191651962831235866,8813791464409250774,195069,21502313,385
69179687500,-20466392216683464885,1362982326463807538228038118320067,8813791464409250774,195066,21502314,11
-436703201,129307950683130426,1362983488246334024439039028842670,8813791464409250774,195066,21502314,177
59511769775,-17601807497051834035,1362825263619559888459627326327185,8813791464409250774,195064,21502315,33
-537253234,159044215929025395,1362826692571066960386423407105768,8813791464409250774,195064,21502318,62
-811146117,240125939812418260,1362828850010880648054873071500385,8813791464409250774,195064,21502321,150
89998247113,-26611176948139455141,1362589639149078808128103416632914,8813791464409250774,195061,21502322,7
-523667509,154968800463057439,1362591031484535192377200379858958,8813791464409250774,195061,21502322,102
27061896269,-8000000000000000000,1362519118584998874928091224325444,8813791464409250774,195060,21502323,5
-1346630940,398467562882397990,1362522698663791266693196091564263,8813791464409250774,195060,21502323,43
-142615524,42199999991250944,1362523077814665969633773102453861,8813791464409250774,195060,21502327,180
-4269242642,1263281755964317063,1362534427918525435042151522718702,8813791464409250774,195060,21502327,576
648976191,-191843378524902062,1362532703416824613916847921222576,8813791464409250774,195060,21502332,31
-780000000,230806038900847426,1362534777120889877428341525475434,8813791464409250774,195060,21502332,280
51581214140,-15246375554112868526,1362397422099445583728048957561231,8791391438714440119,195058,21502332,534
-387919155,114764406493739440,1362398455841012589160913095041332,8791391438714440119,195058,21502333,13
679801447,-200915491077562057,1362396645187341928124249515369060,8791391438714440119,195058,21502333,246
339692923,-100396129945113202,1362395740415787329053049211070686,8791391438714440119,195058,21502336,526
-100877443159,29849996868676747264,1362664239142756108880334202760043,8813791464409250774,195062,21502337,8
-96296172,28499999998345216,1362664495204365839844575750602322,8813791464409250774,195062,21502338,64
-86433194567,25585254208842432512,1362894368936943822746285476239356,8813791464409250774,195065,21502338,106
-12933732526,3829281264201613512,1362928773565879998857659501785464,8813791464409250774,195066,21502339,166
-11866692605,3513533559476328799,1362960341322340893986560371179865,8813791464409250774,195066,21502339,184
-1997071832,591316300872625416,1362965654073353890305747690885613,8813791464409250774,195066,21502340,75
-877619706,259857327907350013,1362967988792149967727425893948036,8813791464409250774,195066,21502340,294
-758113300,224472996942527646,1362970005596253180878984721205850,8813791464409250774,195066,21502342,147
32153199298,-9510277286861864386,1362884516644366603512060451989264,8813791464409250774,195065,21502343,40
50525548,-14943513976939203,1362884382315439185613993125527324,8813791464409250774,195065,21502343,169
-8020000,2374381166787762,1362884403648346684486297923008052,8813791464409250774,195065,21502345,154
-3736777446,1106309082492187193,1362894343412716487424150836996379,8813791464409250774,195065,21502346,50
2500000000,-739410987316923146,1362887696764210616025431092073885,8813791464409250774,195065,21502346,134
97187500000,-28739013375391552645,1362629358541505939006146952582135,8813791464409250774,195061,21502347,2
-76067168,22511831518510086,1362629560801710042748123828945103,8813791464409250774,195061,21502347,50
-88259091,26120000000000000,1362629795479929220331556934667223,8813791464409250774,195061,21502347,289
147265625000,-43526715374875985719,1362237819678464078000748866118757,8791391438714440119,195055,21502348,2
-1242666659,367552687755207330,1362241130413063815190658864387157,8791391438714440119,195055,21502353,44
-2756875000,815427640437547786,1362248475385887348565255603491262,8791391438714440119,195056,21502354,80
115681586790,-34174512765849603369,1361940494121472797372078821998592,8791391438714440119,195051,21502355,17
106445312500,-31432295633515587235,1361657227963782089206637846232669,8791499790629808123,195047,21502357,14
-286756076,84743519692458190,1361657991282496002180616047117094,8791499790629808123,195047,21502358,431
67773437500,-20006066856487497258,1361477698504935294413401346456979,8791499790629808123,195044,21502359,141
-11027500000,3258108369090353963,1361507045587745975408691492025325,8791499790629808123,195045,21502359,321
-1002500,296198055002942,1361507048255720107576942977842768,8791499790629808123,195045,21502361,219
83223535908,-24560600121348991182,1361285710456231552059360064178050,8791499790629808123,195041,21502362,34
-17315479187,5114531023956282000,1361331779079031765489149046622860,8791499790629808123,195042,21502365,141
-5078096492,1500000000000000000,1361345290177874776598216608401107,8791499790629808123,195042,21502368,234
-46269510398,13668749993798795264,1361468410066025858602835552317576,8791499790629808123,195044,21502372,7
-199830261542,59061448659949489314,1362000402141285569791749175377920,8791391438714440119,195052,21502373,18
-943912523,279090500966945586,1362002916051831707980466819708962,8791391438714440119,195052,21502373,102
-1023345778,302578022461830626,1362005641526468290193375207520214,8791391438714440119,195052,21502375,121
48671875000,-14375342800204822875,1361876090703539692121153555678419,8791391438714440119,195050,21502378,40
47265625000,-13957386769668992500,1361750307561329019768553856878339,8791499790629808123,195048,21502379,32
43046875000,-12709360382744139064,1361635772010645207486660639006112,8791499790629808123,195047,21502380,713
27775000000,-8199285995358218363,1361561880822700967624112708536139,8791499790629808123,195045,21502382,20
23764419859,-7014641039824617219,1361498665542769460117858393504152,8791499790629808123,195045,21502382,186
-3354986,991250000000000,1361498674471353945541032968984560,8791499790629808123,195045,21502385,103
-210931774,62321035991525148,1361499235821805465773771494948706,8791499790629808123,195045,21502385,147
-134782871,39822420677690180,1361499594518246761934734542277494,8791499790629808123,195045,21502385,375
-1624601281,480000000000000000,1361503918069876525489636162046533,8791499790629808123,195045,21502389,191
-249921075,73841229288749137,1361504583187308265313955635384089,8791499790629808123,195045,21502395,49
5000000000,-1475800347143113833,1361491283414513334036027172968980,8791499790629808123,195044,21502395,289
-16954533272,5009426356337504833,1361536405317611508047570242198434,8791499790629808123,195045,21502400,20
3000000000,-885525060973235137,1361528425049726383605962252779605,8791499790629808123,195045,21502402,59
5062762,-1494391919646357,1361528411582408100104840173451962,8791499790629808123,195045,21502402,68
6000000000,-1771018945719532952,1361512451327595052290368271762267,8791499790629808123,195045,21502404,19
72223812,-21318036961956279,1361512259211467300444083092439087,8791499790629808123,195045,21502404,163
179276213,-52916274249904277,1361511782335021214507626648004914,8791499790629808123,195045,21502410,45
3939475508,-1162790570274027607,1361501303376656236257088350638003,8791499790629808123,195045,21502410,261
246289062500,-72660095414669867056,1360846537192785208254364004723926,8792630998496248417,195035,21502412,2
1000000000,-294877128031739602,1360843880129953226136640245420047,8792630998496248417,195035,21502413,286
-9818448893,2898183349451444477,1360869981865892676033294434181151,8792630998496248417,195035,21502413,305
168359375000,-49630821422053726404,1360422774792839152595607209861533,8793246864662803316,195029,21502414,2
77428456773,-22814260463432952660,1360217215690102767013388435457281,8793246864662803316,195026,21502414,312
23236203822,-6845192253711891465,1360155539723003750962959230701101,8793246864662803316,195025,21502414,453
-65752534776,19391144297620307968,1360330168798363211099159929805370,8793246864662803316,195027,21502415,6
65312500000,-19242134411680278091,1360156794960945263848679101046121,8793246864662803316,195025,21502417,50
-279307806,82360561058056679,1360157536668005090113388595026415,8793246864662803316,195025,21502418,316
5000000000,-1472881551745387296,1360144265836338245938708851383652,8793246864662803316,195025,21502418,433
-638180191,188179298350326004,1360145960505635134323118969302067,8793246864662803316,195025,21502419,85
-53556193610,15793710800000000000,1360288192499331204532723811537626,8793246864662803316,195027,21502419,310
631321380862,-185780979174946064596,1358614384136494827645123525969177,8794648052285548179,195002,21502420,2
-1902554800,559743728912819502,1358619424166877347117347025630548,8794648052285548179,195002,21502420,213
197265625000,-57956701994959985645,1358096884758871881660698359037904,8783587515623256569,194995,21502421,2
5258369418,-1544300371786667347,1358082955133805913249561197067846,8783587515623256569,194994,21502421,13
-102282559472,30074534588860743680,1358354092494782177320136625012581,8783587515623256569,194998,21502421,26
-2379699475,699855141082563817,1358360402047984343283310967507358,8783587515623256569,194998,21502421,414
52752388658,-15497123428537379948,1358220617636282873337480716887178,8783587515623256569,194996,21502421,465
-62469009920,18370299960118867941,1358386235316477128338426149940108,8783587515623256569,194999,21502422,40
-763368809,224512040214159938,1358388259407719877314153931156390,8783587515623256569,194999,21502422,281
-3400119,1000000000000000,1358388268423232991079518134246164,8783587515623256569,194999,21502423,280
-17541359756,5159219490371735774,1358434781434205231322545996785893,8783587515623256569,194999,21502425,266
-443042575,130311114171439432,1358435955899830138413557092552891,8794648052285548179,195000,21502426,61
1000000000,-293833372272535393,1358433305871951021921626184019290,8783587515623256569,194999,21502426,67
-120758648851,35526725492969763974,1358753197695932552513477953425599,8794648052285548179,195004,21502427,5
150000000,-44095667525201273,1358752800452212043004842061228540,8794648052285548179,195004,21502427,70
-221203541632,65120600014115754421,1359339186908023840174378660110994,8793502828711253649,195013,21502429,5
171945860372,-50573781803900645100,1358883554744782632563323615948880,8794648052285548179,195006,21502431,2
127024450550,-37339450525494236625,1358547175615471326058732988683432,8794648052285548179,195001,21502432,46
158789062500,-46650811595706901174,1358126524622942683902373373467216,8783587515623256569,194995,21502433,17
6801984752,-1997717091161372560,1358108505168582545281199552630511,8783587515623256569,194995,21502435,53
1313141892,-385658682272166998,1358105026518349966800398917879873,8783587515623256569,194995,21502435,335
-16666991211,4900000000000000000,1358149202532607417084994057776637,8783587515623256569,194995,21502435,421
-2821157457,829435687149195378,1358156680320921935641892719704885,8783587515623256569,194995,21502436,52
-261683064,76936711838239228,1358157373944856443274589247394336,8783587515623256569,194995,21502439,135
-121609227775,35762497501739876352,1358479735725361807768103206737831,8794648052285548179,195000,21502443,2
-1623886152,477662686145189986,1358484036683686867592364228437003,8794648052285548179,195000,21502444,151
-999519927,294008181905793172,1358486683984751575549738091053821,8794648052285548179,195000,21502444,256
-52023214406,15304179118396352992,1358624485488818539905018330941845,8794648052285548179,195002,21502445,229
-64006659606,18833727229864350927,1358794067661072558820235588379753,8794648052285548179,195005,21502446,172
-7865858892,2314824825211715584,1358814910748447450132445380067374,8794648052285548179,195005,21502448,5
-19533684186,5748625281164830635,1358818655057928521147631125031433,121577902094385391251,195005,21502448,18
-3833690868,1128239687506671794,1358828813925299563291038696721492,8794648052285548179,195005,21502448,112
-18045000000,5310796968685920007,1358876633269572624839196650687575,8794648052285548179,195006,21502450,158
641981009,-188757983038677719,1358874927810539152349040324694663,8768869766166881043,195006,21502452,116
-384087963,113044133584556114,1358875948671959852983012077512461,8768869766166881043,195006,21502452,274
-33976787,10000000000000000,1358876038978408169209678222622852,8768869766166881043,195006,21502453,297
-40621195995,11956523699209958523,1358984014097356613548524112571486,8768869766166881043,195008,21502458,161
-218171811353,64249649644541806425,1359564288537888701625538774670113,8767724542592586513,195016,21502460,2
-57907648668,17062500851498195756,1359718394049359019748372435886663,8767724542592586513,195018,21502460,33
-101804081,30000000000000000,1359718665004090940163219220297299,8767724542592586513,195018,21502460,140
-67149949,19788000000000000,1359718843725832114868852159294555,8767724542592586513,195018,21502460,396
1000959406,-294671054940712538,1359716180977234610563339212075043,8767724542592586513,195018,21502462,358
4165831173,-1226360880158410405,1359705099160208730753754037370824,8767724542592586513,195018,21502464,262
1991679312,-586314727700607474,1359699801019476194181236153944143,8767724542592586513,195018,21502465,160
5620042240,-1654415169519935237,1359684851157253671528704519386685,8767724542592586513,195018,21502466,146
130468750000,-38396868988848290713,1359337883895507575850950384334190,8767724542592586513,195013,21502467,2
-203722127,60000000000000000,1359338425804971416680643953155463,8767724542592586513,195013,21502467,416
32908023864,-9681723372735895591,1359250938435920648988171092404169,8767724542592586513,195012,21502469,67
1470000000,-432453085570119054,1359247030641694575690501757133064,8767724542592586513,195011,21502470,64
300000000,-88255426235337356,1359246233135429572596263061426716,8767724542592586513,195011,21502471,129
89447051725,-26309341134820924508,1359008506829634532479395117924352,8768869766166881043,195008,21502472,2
-56325786189,16582786179793634363,1359158265728974994578571541011386,8767724542592586513,195010,21502476,49
19286967952,-5672980237058610959,1359107003784136395475324994785335,8768869766166881043,195009,21502476,134
48359273312,-14222299977976958173,1358979129020325180701519928520100,8811798828776833455,195008,21502478,179
37992713713,-11171652515312661557,1358878683070725699929407851398539,8811798828776833455,195006,21502478,184
48491098526,-14256274777972427559,1358750502834555465774835445585883,8811798828776833455,195004,21502479,9
-925776222,272423315540957529,1358752951007435507572493086528881,8811798828776833455,195004,21502479,98
-91271338838,26862758577942878383,1358994357206104808035157974111923,8811798828776833455,195008,21502480,2
49200000,-14468516340044074,1358994227117573941242670411137534,8811798828776833455,195008,21502480,170
-101081105421,29761081242067208385,1359261698588608498340776913141760,8810653605202538925,195012,21502481,2
10000000000,-2941855504121453802,1359235244500589830899465715689736,8810653605202538925,195011,21502482,6
502387669,-147792171967322245,1359233915506993708930930635784753,8810653605202538925,195011,21502482,44
-55998316398,16491826857839658517,1359382141040353646691711095158838,8810653605202538925,195013,21502483,64
-192689784505,56775745033773064192,1359892433925313842759925511739556,8810397641154088592,195021,21502485,2
10000000000,-2944586315308295221,1359865954511713168450804282727250,8810397641154088592,195021,21502485,27
-106775680586,31478420544889749504,1360148885036695358029185556944480,8810397641154088592,195025,21502486,2
9198806320,-2709693846453141098,1360124517911263029678803928081508,8810397641154088592,195024,21502486,82
-117210700252,34568603220640039060,1360435223241702630713934934046665,8810397641154088592,195029,21502487,2
1004226056,-295944315257996165,1360432561940220060873693329866631,8810397641154088592,195029,21502487,21
-21593605414,6370235814040373184,1360489819174925826094499864138319,8809781774987533693,195030,21502487,31
31933680862,-9411008970354589697,1360405188916815291045751824133541,8810397641154088592,195028,21502487,40
29303862270,-8634958708394164224,1360327538402080634943431405996844,8810397641154088592,195027,21502488,169
-6721442584,1982500000000000000,1360345357268341008661873595431439,8810397641154088592,195028,21502491,149
24934826,-7347308900358297,1360345291197113884815969335962076,8810397641154088592,195028,21502493,395
9555188536,-2815484390169376860,1360319972742271534014609858908427,8810397641154088592,195027,21502495,9
4213101799,-1241378356170403110,1360308809554166953106362732430589,8810397641154088592,195027,21502497,93
-339052271,100000000000000000,1360309708362048939170344683978361,8810397641154088592,195027,21502499,74
-79718997,23512322370511009,1360309919692655643295851308722090,8810397641154088592,195027,21502499,126
18943405109,-5581377323634718552,1360259728737870038816127836261684,8810397641154088592,195026,21502501,437
48665975515,-14336778699023770536,1360130804178620689410856292783746,8810397641154088592,195024,21502503,15
-280887476,82823199129003151,1360131548600062573904265712874025,8810397641154088592,195024,21502505,174
420000000,-123718428464518495,1360130436052802435452648340468783,8810397641154088592,195024,21502506,80
-108434245344,31979920795136136761,1360417874101562019394938963230720,8810397641154088592,195029,21502507,41
1652299675,-486917865184993574,1360413495456088201486818440793862,8810397641154088592,195029,21502511,113
-15221435,4490094860223606,1360413535813414713827729791768098,8810397641154088592,195029,21502511,212
150000000,-44203499403321146,1360413138310126318917045844329000,8810397641154088592,195029,21502512,275
-116641087652,34415174143173654237,1360722481924670227991341238777599,8809781774987533693,195033,21502514,2
23916577,-7051179017600406,1360722418511980629967072717131913,8809781774987533693,195033,21502516,77
-1016537208,300000000000000000,1360725115124125706146150068296118,8809781774987533693,195033,21502516,198
1017094739,-299864448378642334,1360722418382043416948635321327139,8809781774987533693,195033,21502517,18
618941851,-182478640426470159,1360720777314449650036959324266584,8809781774987533693,195033,21502517,333
143846890103,-42397517710304997285,1360339497254481970335223412116587,8810397641154088592,195028,21502519,14
-35598903,10500000000000000,1360339591629309578871941517029103,8810397641154088592,195028,21502519,37
4966853366,-1463509156924227584,1360326430913295549105666018820503,8810397641154088592,195027,21502520,44
5000000000,-1473247383605658548,1360313182625546673545078616532138,8810397641154088592,195027,21502520,415
-13822938514,4077067699898720391,1360349827631387271169071320798029,8810397641154088592,195028,21502522,426
358985776,-105779565792947271,1360348876400697048413280941807898,8810397641154088592,195028,21502525,116
50872090,-14990073578032721,1360348741601334532286714166720084,8810397641154088592,195028,21502526,125
1048469724,-308943566997688408,1360345963403104353077364956513264,8810397641154088592,195028,21502527,57
-60665784,17893720555432257,1360346124233275085862990079836152,8810397641154088592,195028,21502528,200
6871686487,-2024790069552292860,1360327916156497890149901802432478,8810397641154088592,195027,21502529,286
-140350000,41395944021074438,1360328288226505574105730762197435,8810397641154088592,195027,21502532,125
2749519668,-810150294909421400,1360321002889130307250682246014606,8810397641154088592,195027,21502533,75
7000000000,-2062521842295938228,1360302455506552778417114109627521,8810397641154088592,195027,21502534,287
-17726892891,5228494096025322974,1360349449623597030024834880899036,8810397641154088592,195028,21502537,656
363205650,-107022943094065206,1360348487211743040111861436629776,8810397641154088592,195028,21502543,205
86557731362,-25500966180200069274,1360119167858055957843966524416262,8810397641154088592,195024,21502545,2
900000000,-265105843936717093,1360116783873842942449143034207887,8810397641154088592,195024,21502545,31
-7937713553,2340521169019935368,1360137820662589645994926539796661,8810397641154088592,195025,21502546,216
-170045695,50140614930394000,1360138271330388716657407048572021,8810397641154088592,195025,21502547,3
1500000000,-441854968742569199,1360134297916395714885252038310591,8810397641154088592,195024,21502547,21
-86314666618,25455361237198000192,1360363092709583675763179665530661,8810397641154088592,195028,21502547,66
-103240000,30451998443796295,1360363366414545910877814854530809,8810397641154088592,195028,21502550,255
-47880000,14122841097429075,1360363493351754854937471646918583,8810397641154088592,195028,21502550,397
2976000000,-876928081871126037,1360355607510114828038968189857647,8810397641154088592,195028,21502553,6
-25090028111,7400913363770309445,1360422127502767355520011019529791,8810397641154088592,195029,21502554,23
1650555654,-486406961041625276,1360417753451637419540499677751946,8810397641154088592,195029,21502557,124
-15051031959,4439986332469874934,1360457660398752762744380577193411,8810397641154088592,195029,21502559,271
-5055811398,1491499935762317787,1360471066117735211537734822965519,8810397641154088592,195029,21502563,27
-1002500000,295748045761690851,1360473724324481337366533226019088,8810397641154088592,195029,21502563,144
45489133,-13406381217120347,1360473603766591323782841496170647,8810397641154088592,195029,21502564,92
-40405138248,11920900838906271482,1360580757172809225016135220737092,8809781774987533693,195031,21502564,261
-718122310,211887682174534475,1360582661769133037986405484524677,8809781774987533693,195031,21502565,192
245955475,-72498626945262717,1360582009774209169576961214672534,8809781774987533693,195031,21502569,29
39911703402,-11763581698223188542,1360476217487142221056216192378566,8809781774987533693,195030,21502569,184
-49384261,14568960000000000,1360476348443257144819715961598623,8809781774987533693,195030,21502570,48
16145911123,-4758329593948404360,1360433558695523421904485760126319,8810397641154088592,195029,21502572,124
100000000,-29469869941958820,1360433293685504563107313848959614,8810397641154088592,195029,21502576,38
-25987008,7666000677824735,1360433362588122888501117248712433,8810397641154088592,195029,21502577,9
-25009428425,7377980741109312512,1360499678202831191709326994751685,8809781774987533693,195030,21502577,317
-82053264526,24211419388600647680,1360717307561407302991589355036157,8809781774987533693,195033,21502578,11
-873296977,257725000000000000,1360719624175957602185765056132140,8809781774987533693,195033,21502578,38
-931753253,274977422665832136,1360722095867482876948226074385975,8809781774987533693,195033,21502578,152
-67314346,19865733328221163,1360722274434742089367597736306190,8809781774987533693,195033,21502579,40
5000000000,-1474104908306114445,1360709017508949677576561434164013,8809781774987533693,195033,21502579,247
10000000,-2948181036039492,1360708990995356922307702881532202,8809781774987533693,195033,21502580,162
-73343989969,21647870258177962965,1360903577361534375958650443935964,8809781774987533693,195036,21502582,8
-122421903706,36147273966583918681,1361228504043357019847054084777353,8808650567121093399,195041,21502583,66
1207479445,-356257834923134406,1361225299732614166193238885378390,8808650567121093399,195041,21502584,140
-846488832,250000000000000000,1361227547197984417796288468379800,8808650567121093399,195041,21502584,356
-89808708120,26528581222218379774,1361466035468459788816503837556736,8808650567121093399,195044,21502586,68
28944985046,-8542521357097762817,1361389200967510466355032082222229,8808650567121093399,195043,21502587,106
45625000000,-13463329640229137100,1361268106951963905237296072680248,8808650567121093399,195041,21502589,54
117899772974,-34779563868698207184,1360955312740668654711482327927444,8809781774987533693,195037,21502591,15
-6160324383,1818672762425906800,1360971660257532244527315633927248,8809781774987533693,195037,21502592,4
12368741602,-3647848916463416286,1360938854408969502394347037818513,8809781774987533693,195036,21502592,23
19999612317,-5898010044088304006,1360885812402910907060012703670531,8809781774987533693,195036,21502593,341
-163436963,48244946772748455,1360886246062608926884320139720564,8809781774987533693,195036,21502598,87
-7720309766,2278992769087161373,1360906731261207797655945472717376,8809781774987533693,195036,21502599,45
5526465013,-1629757930042714962,1360892074516076273897427553511577,8809781774987533693,195036,21502599,108
-2651094550,782587425739542579,1360899108965265717740465548783787,8809781774987533693,195036,21502606,136
-83649076,24692843981865289,1360899330922008977637714015328164,8809781774987533693,195036,21502607,199
-41131476,12141836056471416,1360899440061417555653311719574036,8809781774987533693,195036,21502607,246
-148923225,43961516573367348,1360899835218615914687048570317940,8809781774987533693,195036,21502611,160
-2499208630,737759796767565184,1360906466725376289186637828074850,8809781774987533693,195036,21502612,35
10000000,-2949036705042953,1360906440204088328225267326239253,8809781774987533693,195036,21502614,80
-101626412,30000000000000000,1360906709865302835843175061355673,8809781774987533693,195036,21502614,86
12070000,-3559488560505917,1360906677854096957837563093063803,8809781774987533693,195036,21502617,261
-4347250000,1283314264479689548,1360918213190202109286345153792037,8809781774987533693,195036,21502617,437
-10162467,3000000000000000,1360918240156323560048135927303679,8809781774987533693,195036,21502617,467
-1669633655,492883985946106994,1360922670546132279477740671658011,8809781774987533693,195036,21502618,126
64117075,-18908808901521505,1360922500495361118005481044951389,8809781774987533693,195036,21502619,142
3399357486,-1002500000000000000,1360913484808599607685237441342530,8809781774987533693,195036,21502619,264
3000000000,-884714981129030390,1360905528386511752471183695077979,8809781774987533693,195036,21502621,30
-1646785964,486130133027999430,1360909898067914455143957791178455,8809781774987533693,195036,21502621,58
-3351622,989400000000000,1360909906961341309605196388282594,8809781774987533693,195036,21502623,411
-1123757298,331734211351893497,1360912888823018872218790470906565,8809781774987533693,195036,21502626,174
59463196392,-17534048837530252785,1360755201549223164567865425474736,8809781774987533693,195034,21502629,94
-101649004,30000000000000000,1360755471210437672185773160591156,8809781774987533693,195034,21502632,55
-82776142,24430000000000000,1360755690804553352889289359554294,8809781774987533693,195034,21502633,79
14542874265,-4287675324985514260,1360717130866732777965648939799039,8809781774987533693,195033,21502639,10
-153563933305,45332847745480743409,1361124614559403953485830581073106,8809781774987533693,195039,21502640,2
-1734484350,512183595498300926,1361129218427751051830084604418474,8809781774987533693,195039,21502642,88
-247742156,73157165782777563,1361129876016090215794928006939421,8809781774987533693,195039,21502642,237
1980000000,-584098752101223469,1361124623097001204624069168379303,8809781774987533693,195039,21502643,143
2524715552,-744782957214817534,1361117925112115857853298615239280,8809781774987533693,195039,21502644,102
-3888008535,1148100862979164000,1361128245054552131372594597266318,8809781774987533693,195039,21502644,138
-83212724156,24576291692257746451,1361349179060379040481934386857495,8808650567121093399,195042,21502647,46
-69923791179,20657668762730676314,1361534888641076502378368295780908,8808650567121093399,195045,21502648,8
-111133718230,32843966366097739942,1361830151349194554596980125059997,8808650567121093399,195049,21502649,5
23375778304,-6902649186458533888,1361768066446705066030938039819724,8808650567121093399,195049,21502650,40
499500000,-147490820593906839,1361766739861365537076077528418973,8808650567121093399,195048,21502653,381
116621591,-34435622279335329,1361766430135028064857063522112440,8808650567121093399,195048,21502658,111
424944643,-125476060803366912,1361765301558333913174527567628538,8808650567121093399,195048,21502660,23
15617823705,-4611428157180870657,1361723824719551853452605261373355,8808650567121093399,195048,21502661,46
-108830044,32165107292442526,1361724113879410934220114573601410,8808650567121093399,195048,21502661,69
995218786,-293845882386116448,1361721470924153890409379751137679,8808650567121093399,195048,21502664,52
3000000000,-885765815126429228,1361713504028723577920158428148135,8808650567121093399,195048,21502664,93
1000000000,-295252968483725132,1361710848417629506243558412897673,8808650567121093399,195048,21502664,229
-105565604,31199695621673354,1361711128898571394649248032621477,8808650567121093399,195048,21502664,277
1000000000,-295251938512397811,1361708473296741254500433351645317,8808650567121093399,195048,21502665,417
14542680571,-4293624484150090668,1361669854898178005949463641991501,8808650567121093399,195047,21502666,31
-45776104,13528216689511797,1361669976514972129699648882946952,8808650567121093399,195047,21502666,132
148721942,-43907860558623997,1361669581591926257388934594218964,8808650567121093399,195047,21502667,113
-3000000,886589866287761,1361669589562246345779899167868133,8808650567121093399,195047,21502672,461
5804721740,-1713734727302721241,1361654175617460311000985150817994,8808650567121093399,195047,21502674,23
-29985676,8861465661676962,1361654255280809128171700506981501,8808650567121093399,195047,21502674,167
152889966,-45137362734301076,1361653849299179714157181944313969,8808650567121093399,195047,21502674,195
18708301054,-5523006736180979956,1361604173395711047488480143336083,8808650567121093399,195046,21502674,228
-4025327810,1189500000000000000,1361614866835942704615790059256796,8808650567121093399,195046,21502675,141
955888070,-282187928396890112,1361612328736505085608343313529393,8808650567121093399,195046,21502676,224
-33840360,10000000000000000,1361612418635119895672465296849449,8808650567121093399,195046,21502677,206
-5228611503,1545097344086974504,1361626308846217908475136520290442,8808650567121093399,195046,21502687,3
-6356722160,1878505704553160681,1361643196352293121746004659538329,8808650567121093399,195047,21502687,237
-5151705739,1522439659293611045,1361656882873943361905788250291446,8808650567121093399,195047,21502688,76
-366542136,108322237824202470,1361657856675856714119399640360610,8808650567121093399,195047,21502690,445
-101547258673,30015686813768166829,1361927694672429198416134527965237,8808542215205725395,195051,21502691,5
9741027366,-2876923047192931558,1361901818276408689508334870119743,8808542215205725395,195050,21502695,16
-496873480,146891231597690880,1361903138824477094962678055181997,8808542215205725395,195050,21502695,34
-42971702,12703783020544494,1361903253031131547751373989039787,8808542215205725395,195050,21502695,465
-92419533375,27327043863567010102,1362148922392037306673272534859776,8808542215205725395,195054,21502696,126
25000000000,-7385699631711872731,1362082491943456077493275068714251,8808542215205725395,195053,21502696,262
2800000000,-827153499226376867,1362075052136527307592793659680215,8808542007660028182,195053,21502705,143
35680781067,-10539738430420828767,1361980252780572933643751990050976,8808542007660028182,195052,21502708,100
-219794899911,65013403593215497772,1362538133077725910843214603577563,19836128184062858037,195060,21502714,28
50664062500,-14975387529327913656,1362403491419461466698972812693295,8808542007660028182,195058,21502715,36
562510725,-166251455782223969,1362401996075811462793939846323119,8808542007660028182,195058,21502715,142
6745061531,-1993491432596055168,1362384065677902800209682361926400,8808542007660028182,195058,21502717,302
161833644,-47829012862580436,1362383635481304920782635818954742,8808542007660028182,195058,21502718,17
86309029960,-25503839819952851233,1362154241971659870572021943478564,8808542007660028182,195054,21502720,5
1751470000,-517460762776747259,1362149587686606523563695986046622,8808542007660028182,195054,21502720,263
108000000,-31907802960740146,1362149300692845666401998656250234,8808542007660028182,195054,21502720,329
745611201,-220284959778350407,1362147319346491458161843899912084,8808542007660028182,195054,21502721,35
46562500000,-13755254599119905605,1362023598128399242013442969594335,8808542007660028182,195052,21502721,297
-1174387498,347247968121212628,1362026719878005240066044947211204,8808542007660028182,195052,21502723,387
28240101853,-8341366842962477057,1361951693708265614074397171933228,8808542007660028182,195051,21502726,9
65800683551,-19432188152882574102,1361776912209282717366506428432517,8808650359575396186,195049,21502726,27
6420000000,-1895680553317730462,1361759861778079017351702888805879,8808650359575396186,195048,21502726,256
48397343012,-14289111290569682369,1361631340383166001994586294367216,8808650359575396186,195046,21502727,48
-697280236,206055902058758470,1361633192797226499853448787014402,8808650359575396186,195047,21502730,87
646849616,-190961873659933818,1361631475217603883643507554541111,8808650359575396186,195046,21502730,461
88632615494,-26161419369430785666,1361396170023187585274265448103499,8808650359575396186,195043,21502734,6
-115000000,33972305494587330,1361396475429515367902048586486016,8808650359575396186,195043,21502735,144
54882812500,-16195067533702552679,1361250811180156795157330989028015,8808650359575396186,195041,21502739,19
64375000000,-18991649049007084797,1361080003120472010278539016448506,8809781567441836480,195038,21502740,17
200000000,-58995755104428205,1361079472559613346147190892977901,8809781567441836480,195038,21502740,134
68945312500,-20334663411690313941,1360896598784012791034005793553579,8809781567441836480,195036,21502741,8
40937500000,-12071481128226633327,1360788037492079110065242062402172,8809781567441836480,195034,21502742,308
2900000000,-855066989041882403,1360780347700243775754276194264161,8809781567441836480,195034,21502747,119
-67170572,19825000000000000,1360780525901367227698778920838993,8809781567441836480,195034,21502749,352
-372698946,110000000000000000,1360781514659177049332841968669086,8809781567441836480,195034,21502750,191
122947031,-36250864910070789,1360781188647755041769779432202971,8809781567441836480,195034,21502751,109
4085000000,-1204450146535612965,1360770356781922781104141637973335,8809781567441836480,195034,21502754,39
-649041404,191558164290246732,1360772078642204390896059913639900,8809781567441836480,195034,21502754,209
-135528634,40000000000000000,1360772438190498871490264658305388,8809781567441836480,195034,21502754,315
1847225803,-544644425110465204,1360767540092095999267144720197803,8809781567441836480,195034,21502756,273
385666321,-113711110447595360,1360766517464886771468522932917870,8809781567441836480,195034,21502757,50
-16941221,5000000000000000,1360766562408423581542798526001056,8809781567441836480,195034,21502758,227
-1016473,300000000000000,1360766565105035790147255061586047,8809781567441836480,195034,21502758,441
-13552976,4000000000000000,1360766601059865238206675536052595,8809781567441836480,195034,21502761,130
-1503750000,443815259454135315,1360770590385355268125800565359437,8809781567441836480,195034,21502763,160
-41427894500,12228010493228950144,1360880504393298550089649445826865,8809781567441836480,195035,21502768,19
108476214,-31988806717576101,1360880216711435174055074094560648,8809781567441836480,195035,21502771,105
-235062421,69387500000000000,1360880840415367255860833637572562,8809781567441836480,195035,21502771,135
-50478287492,14902035423028638415,1361014790450883239538788095389597,8809781567441836480,195037,21502772,9
-599693975,177057332621178708,1361016381967432470240799681061131,8809781567441836480,195037,21502773,264
-25672153802,7579992678591433023,1361084516303426543756289611613699,8809781567441836480,195038,21502775,30
-1378116744,406925961000503104,1361088174041807983948355630161533,8809781567441836480,195039,21502775,107
133079347,-39256059173739927,1361087821004061011775390820269880,8809781567441836480,195039,21502780,114
-53813782,15890000000000000,1361087963834620994191438655088245,8809781567441836480,195039,21502781,191
-97406456,28761944727156330,1361088222367325309045878042231465,8809781567441836480,195039,21502783,236
-1711506076,505371190776673180,1361092765001068393541934273387674,8809781567441836480,195039,21502784,16
-495954164,146445302842880362,1361094081355040189835628447159018,8809781567441836480,195039,21502784,302
424062562,-125091988162854335,1361092956377276379406534247371300,8809781567441836480,195039,21502785,178
-60959142,18000000000000000,1361093118174008895673926382470769,8809781567441836480,195039,21502785,414
438515259,-129355126740573576,1361091954856970329032248091857764,8809781567441836480,195039,21502789,154
1500000000,-442474812868790423,1361087975590729268660223003161124,8809781567441836480,195039,21502790,5
-107549804550,31763704937319340997,1361373518281354932704173485358501,8808650359575396186,195043,21502790,23
-32403523847,9572653186980773888,1361459575109539239005844566979012,8808650359575396186,195044,21502791,44
58646164,-17309028234096050,1361459419425927571502267415393387,8808650359575396186,195044,21502792,25
-304631504,90000000000000000,1361460228513479925457902091834363,8808650359575396186,195044,21502793,245
-1387761160,410000000000000000,1361463914381536319761495587977939,8808591181447243609,195044,21502795,127
-3384774,1000000000000000,1361463923371458408528089718456337,8808591181447243609,195044,21502796,62
-1692381467,500000000000000000,1361468418332502791825154957655820,8808591181447243609,195044,21502796,281
-48759610612,14407038572818528304,1361597936486802285460370611740716,8808591181447243609,195046,21502798,6
2290360125,-676119146048183751,1361591855187707041264279939365895,8808591181447243609,195046,21502809,180
-21494931866,6351937409853816706,1361648958610134348957866052879071,8808591181447243609,195047,21502810,42
102717521738,-30318764140541827789,1361376258932844542554100431790059,8808591181447243609,195043,21502811,2
1046112464,-308714811647969434,1361373482222384949258391989617087,8808591181447243609,195043,21502812,129
-33322711,9843577607906279,1361373570715380719063274083039385,8808591181447243609,195043,21502812,213
1600000000,-472168367997033387,1361369323835099505052003838538995,8808591181447243609,195043,21502813,43
-3480018957,1028003309034780125,1361378565504754721973104185606032,8808591181447243609,195043,21502815,5
29999997,-8853248031064065,1361378485874929777708775958641675,8808591181447243609,195043,21502815,17
-10084507,2979000000000000,1361378512655907680144459873336825,8808591181447243609,195043,21502815,520
-86110283870,25441563403775325871,1361607230328724035762271922137706,8808591181447243609,195046,21502817,2
-109995324555,32510913250285736971,1361899501688952128162197528254071,8808482829531875605,195050,21502818,21
-6765129369,2000000000000000000,1361917481754297209991466555875513,8808482829531875605,195051,21502818,128
-72904175,21553216380447191,1361917675518416668555742139239176,8808482829531875605,195051,21502820,356
-38031906354,11244498119582435172,1362018763923898039524522662608209,8808482829531875605,195052,21502823,57
-83062419910,24564006505274059991,1362239595144948960894756795345907,8808482829531875605,195055,21502823,84
-50539776100,14950000000000000000,1362373996133403447568542776816191,8808482829531875605,195057,21502823,229
-47323524670,14001286168201274397,1362499868153513172213427030664954,8808482829531875605,195059,21502826,20
-175740647,52000000000000000,1362500335635212144340988025383111,8808482829531875605,195059,21502827,389
-45860868338,13571015812170555459,1362622072044827190466433710900466,8830882855226686260,195061,21502830,59
568664434,-168124132150931238,1362620563683060536535523424659671,8830882855226686260,195061,21502833,272
1695439553,-501250000000000000,1362616066611011078851399845397485,8830882855226686260,195061,21502834,61
-28801275770,8523486078063150218,1362617590612060960478063463417165,442888467933268543832,195061,21502835,171
79710127539,-23562300438134379435,1362405914864998573981505718912451,8808482829531875605,195058,21502837,35
143431659,-42391772077493041,1362405533570935518883871622556216,8808482829531875605,195058,21502838,8
1000000000,-295553142475205370,1362402875209347400588473145562262,8808482829531875605,195058,21502839,84
-100693463,29790000000000000,1362403143022420715582320107728683,8808482829531875605,195058,21502840,159
1644364734,-485994847788482383,1362398771774311322064069521433018,8808577737543084491,195058,21502847,58
4961190592,-1466269582042670677,1362385583510757641761538471654223,8808577737543084491,195058,21502847,304
-13965793,4131652144401242,1362385620654045206879141833746192,8808577737543084491,195058,21502848,247
55293641919,-16340000914501925474,1362238651610175648321935301563267,8808577737543084491,195055,21502853,36
1000000000,-295480741984164313,1362235993928431411768354095789176,8808577737543084491,195055,21502856,2
-1616714679,478186695841146429,1362240292796131953656727976484767,8808577737543084491,195055,21502866,280
124112873369,-36673038783205169820,1362237133845064277415068406004256,919779197069058322494,195055,21502868,29
-191026857,56501250000000000,1362237641787674930746311333890893,8808577737543084491,195055,21502868,93
326700000,-96533542091455522,1362236773523195830778979658904996,8808577737543084491,195055,21502870,348
-4815285964,1424260400000000000,1362249577532767763396707319248690,8808577737543084491,195056,21502870,509
2000000000,-590969810714717449,1362244262094384927571148654980104,8808577737543084491,195055,21502875,38
-25000000,7394486808372333,1362244328570346678616680827576647,8808577737543084491,195055,21502875,224
50563098753,-14939101904733941912,1362109959818796607227782682225429,8808577737543084491,195054,21502878,2
51015625000,-15069816377770663532,1361974415364673283825305596112254,8808577737543084491,195052,21502879,9
40468750000,-11952177632508235482,1361866912303443350966870576515673,8808577737543084491,195050,21502880,46
53593750000,-15825655927059160784,1361724570869817370146523427230148,8808686089458452495,195048,21502885,40
40234375000,-11878602851547570767,1361617730886236723144376056022958,8808686089458452495,195046,21502887,68
-751875000,222184987863358986,1361619728290445911669376479148771,8808686089458452495,195046,21502890,119
-11839055391,3498620114047695360,1361651180273810548955460584334727,8808686089458452495,195047,21502891,217
3000000000,-885674373149107558,1361643214232966551677976640717643,8808686089458452495,195047,21502894,315
-1493143377,441252789468455000,1361647181018425263657487693050335,8808686089458452495,195047,21502894,325
-130958571,38700917194875636,1361647528932907010914627431610641,8808686089458452495,195047,21502900,37
-84596520,25000000000000000,1361647753671363962709925266843553,8808967266558272130,195047,21502903,326
4414769,-1303350127737353,1361647741948986911159424344236636,8808967266558272130,195047,21502904,123
-536759551,158623603134406730,1361649167901939093580561241796966,8808967266558272130,195047,21502907,31
-70464977,20823890104878757,1361649355099096289748979645621151,8808967266558272130,195047,21502908,26
5433132,-1604000000000000,1361649340672663675414626159769681,8808967266558272130,195047,21502909,176
130669182,-38576893452702657,1361648993710722362589810748500463,8808967266558272130,195047,21502911,52
-24010266378,7095870744687635652,1361712782312397982023711636236357,8808967266558272130,195048,21502912,45
69765625000,-20595724124432183488,1361527543642681933832776035857164,8808967266558272130,195045,21502917,2
41875000000,-12359356376267782872,1361416383155201403413629202491153,8808967266558272130,195043,21502919,27
44218750000,-13048920858920767331,1361299020700425217376942565922919,8808967266558272130,195042,21502921,29
48332409,-14261627503428807,1361298892430844077131821182887270,8808967266558272130,195042,21502921,33
9605001701,-2834131043929428364,1361273402156202281013571130176280,8808967266558272130,195041,21502927,185
-507857741,150000000000000000,1361274750586943991785358141573757,8808967266558272130,195041,21502927,325
5000000000,-1475302166967382561,1361261481667182435430192832928314,8808967266558272130,195041,21502927,365
600995546,-177328069929705820,1361259886772262565809867662386538,8808967266558272130,195041,21502927,431
936888599,-276434908635163992,1361257400506937332102249379936476,8808967266558272130,195041,21502927,437
3023998882,-892243113236102970,1361249375640884523788302100469079,8808967266558272130,195041,21502927,507
-1660749693,490499996701893290,1361253785009380269555524191046670,8808967266558272130,195041,21502928,9
-930082839,274699996469366956,1361256254435513517121354588167395,8808967266558272130,195041,21502928,18
-930984030,274967161427602016,1361258726263336383300712234897341,8808967266558272130,195041,21502928,430
-37243738,11000000000000000,1361258825148257442090643282399822,8808967266558272130,195041,21502935,83
62031250000,-18300504647893413581,1361094237582690224400567957279505,8810098474424712424,195039,21502937,2
-176103817,52000000000000000,1361094704978659800695431841484805,8810098474424712424,195039,21502938,60
1306800000,-385485759924905532,1361091238351297697412021398250035,8810098474424712424,195039,21502940,149
-24980000,7376068919099063,1361091304650237776332778178564559,8810098474424712424,195039,21502943,250
-2506250000,740046596224433610,1361097956473244967793176503386292,8810098474424712424,195039,21502945,75
-30818008,9100000000000000,1361098038267539643644777683122219,8810098474424712424,195039,21502945,189
998000000,-294396161816367841,1361095390798045440754033040645833,8810098474424712424,195039,21502946,16
5097757799,-1503750000000000000,1361081867754037853241015649763458,8810098474424712424,195038,21502946,26
-629917106,185998939098365172,1361083539583931700214265255376638,8810098474424712424,195038,21502951,35
65173147,-19224799927465335,1361083366697603882306398395688939,8810098474424712424,195038,21502951,51
83208816051,-24540985685541404759,1360862672546704363351298023372159,8810098474424712424,195035,21502952,61
1498881350,-441995880848974464,1360858697730579413666489273643265,8810098474424712424,195035,21502955,94
100000000,-29488291640360149,1360858432545897411229066706490969,8810098474424712424,195035,21502955,122
3875868026,-1142918411931270494,1360848154417231324044226426118115,8810098474424712424,195035,21502955,195
47500000000,-14005427871161470412,1360722205278447078483609931030388,8810098474424712424,195033,21502956,15
-268265087,79170130678516049,1360722916889985347079291302256905,8810098474424712424,195033,21502956,417
-5316817664,1569111121031253189,1360737020663327411493578615794737,8810098474424712424,195033,21502956,452
124218750000,-36614582270415935787,1360407752646811455843800923148182,8810433163491447688,195029,21502957,8
-339002954,100000000000000000,1360408651451069584123216128220966,8810433163491447688,195029,21502958,204
10000000000,-2946822258207251618,1360382152037426523894727060673864,8810433163491447688,195028,21502961,214
17010743422,-5012500000000000000,1360337076936437349301743414577471,8810433163491447688,195027,21502961,281
-44559360482,13144006600096841253,1360455215827447681797846640814727,8810433163491447688,195029,21502962,48
-107752449531,31793980495628034552,1360740991591764529361688339677184,8810098474424712424,195033,21502963,8
337009122,-99360996234156456,1360740098050201960959414476939773,8810098474424712424,195033,21502964,42
750000000,-221123360085957133,1360738109514255461861513341527842,8810098474424712424,195033,21502966,87
-15315385967,4520100000000000000,1360778737908910881292556476073583,8810098474424712424,195034,21502966,178
-5193326955,1532791650327941025,1360792515228902486621756771186753,8810098474424712424,195034,21502967,286
1070068361,-315513591430920949,1360789677852887914830939590262996,8810098474424712424,195034,21502968,42
26204972,-7726615712343152,1360789608368356371865959643552401,8810098474424712424,195034,21502969,100
1889319586,-557069559033524757,1360784598708398202140070619050424,8810098474424712424,195034,21502970,7
-1003547679,296193596536036387,1360787261010191187728888755375309,8810098474424712424,195034,21502970,194
14969854642,-4413763066441086878,1360747568566509360812192665454760,8810098474424712424,195034,21502971,99
1028617196,-303271552652968239,1360744841281686234971401611633292,8810098474424712424,195033,21502972,507
-847086702,250000000000000000,1360747088377693813312093362620313,8810098474424712424,195034,21502978,453
9992743464,-2946149226332287566,1360720594009853007706785480077803,8810098474424712424,195033,21502979,80
-3020761619,891486891450540981,1360728607036391355451668431828465,8810098474424712424,195033,21502982,21
750000000,-221119625472708095,1360726618534029786906095906865145,8810098474424712424,195033,21502982,113
99000000,-29187742278517648,1360726356052152271017955089386492,8810098474424712424,195033,21502984,101
10000000000,-2948198782390063466,1360699843252898820145095616869397,8810098474424712424,195033,21502990,43
36597860785,-10788797297512500325,1360602820888381312067028074250375,8810098474424712424,195031,21502990,141
15405418,-4541087084489417,1360602780050927954901494462542892,8810098474424712424,195031,21502990,527
-102375600005,30213697546987635562,1360874352367456016587448213569536,8810098474424712424,195035,21502992,74
-2581420133,762000000000000000,1360881201516087115369876670577977,8810098474424712424,195035,21502992,639
6409123431,-1889980278816890862,1360864205149348020884062740622384,8810098474424712424,195035,21502993,267
-3387735659,1000000000000000000,1360873193533378334246829744570469,8810098474424712424,195035,21502993,369
86357757442,-25461690065248657417,1360644219598043397342417953430042,8810098474424712424,195032,21502995,221
-104085450580,30720292633591274658,1360920345385757722392998063284303,8810098474424712424,195036,21502996,2
130000000,-38338250143045004,1360920000614456735995085059323617,8810098474424712424,195036,21503003,92
-9992934,2949961043257410,1360920027129839467256533584655173,8810098474424712424,195036,21503003,517
61673392849,-18185887049204034262,1360756483621355076915698923417776,8810098474424712424,195034,21503004,2
-234376601,69172474286386718,1360757105370118289935793577186525,8810098474424712424,195034,21503005,14
-12774564405,3770302286804177009,1360790994294982454552511144250492,8810098474424712424,195034,21503007,67
489113142,-144216649502505665,1360789697371891615511492886265528,8810098474424712424,195034,21503007,144
4972087438,-1466021048818278298,1360776513562070141210782588634500,8810059874795594375,195034,21503013,70
-508228698,150000000000000000,1360777861825581826671769252228339,8810059874795594375,195034,21503013,158
-817037500,241143292479127516,1360780029323597408689616181713533,8810059874795594375,195034,21503014,53
-105980000,31279362482519832,1360780310475751435120593621562850,8810059874795594375,195034,21503017,284
-84704380,25000000000000000,1360780535186336716030758065495156,8810059874795594375,195034,21503018,81
283357548,-83547672072365453,1360779783848816346294139978671825,8810059874795594375,195034,21503018,105
-1444164622,426237500000000000,1360783615051940093171988665495686,8810059874795594375,195034,21503019,402
-67763177,20000000000000000,1360783794820408317900120220641531,8810059874795594375,195034,21503019,411
871432952,-256942016927076864,1360781484161438555380107065833111,8810059874795594375,195034,21503021,14
-2073840028,612085125094266954,1360786985841706622253723299475895,8810059874795594375,195034,21503023,35
-128489050227,37932655705522571735,1361127940612300511588806530433024,8810059874795594375,195039,21503027,2
948004964,-279660633986763978,1361125425646627947461521956048796,8810059874795594375,195039,21503028,180
-33864576,10000000000000000,1361125515530862059825587733621718,8810059874795594375,195039,21503029,162
521133916,-153733628909937360,1361124133016655768268786320217835,8810059874795594375,195039,21503030,488
16478265,-4861055116842161,1361124089301576613156624234216918,8810059874795594375,195039,21503030,514
-871631094,257387189414800985,1361126402806615701493207758290979,8810059874795594375,195039,21503032,470
-1760278332,519801806818740144,1361131075005345314041109530048026,8810059874795594375,195039,21503048,142
-2722007320,803802821737232438,1361138299925446234865112852937598,8810059874795594375,195039,21503049,36
-50869278,15021668179590813,1361138434946560176124144651905475,8810059874795594375,195039,21503050,125
-172229904,50859412204500028,1361138892092491516774806596255305,8810059874795594375,195039,21503050,141
1000000000,-295003841400792639,1361136239146584111515735252518229,8810059874795594375,195039,21503054,83
-3692062455,1090268321593576928,1361146038939890452646020042099059,8810059874795594375,195039,21503055,80
-1002500000,296041578829386991,1361148699886948302096194663406437,8810059874795594375,195039,21503055,88
7147151469,-2108442261628357121,1361129738834636485626210546155780,8810059874795594375,195039,21503056,131
-300000000,88588753007477941,1361130535107857990280556146924216,8810059874795594375,195039,21503060,654
2163867119,-638339825709747109,1361124794568954804629390325995368,8810059874795594375,195039,21503063,20
9669093609,-2852312478010453057,1361099143951392512598978392872585,8810059874795594375,195039,21503068,130
18716362409,-5520885707051446279,1361049495068611100211568029872792,8810059874795594375,195038,21503070,402
52304687500,-15426514477147845703,1360910765660026634928601621970044,8810059874795594375,195036,21503071,6
9700498760,-2860676741383712441,1360885039823314045797797303459810,8810059874795594375,195036,21503072,194
-405079540,119575323783506851,1360886114616953747644260424195116,8810059874795594375,195036,21503073,491
-891000000,263014721978928918,1360888478704638282883600774953322,8810059874795594375,195036,21503073,535
-4609966998,1360832988466422754,1360900710447730597280734351633914,8810059874795594375,195036,21503076,564
93789062500,-27653451146353856695,1360652025177410067765419873145012,8810059874795594375,195032,21503081,49
-2793064534,824205510463957067,1360659433485515992050192497129658,8810059874795594375,195032,21503081,87
46093750000,-13587061634821801043,1360537246128949364456342354950483,8810059874795594375,195030,21503084,50
-17315722,5108807523019821,1360537292049074507868377746451410,8810059874795594375,195030,21503085,199
61562500000,-18142983071852243494,1360374137478438183845598455067389,8810394563862329639,195028,21503086,25
14604061838,-4303300495589484203,1360335439712005483425365824995361,8810394563862329639,195027,21503086,76
-391155400,115371814028156920,1360336476683325751683508422841635,8810394563862329639,195027,21503086,328
94257812500,-27768597516975084497,1360086765397307747076540198262105,8810394563862329639,195024,21503088,2
108664857744,-32000302144706318181,1359799000176301015039512452393558,8810394563862329639,195020,21503089,116
-26527668480,7818599983444097492,1359869274393758519014878494722818,8810394563862329639,195021,21503090,162
-1971161046,581000000000000000,1359874496469376822289699606266929,8810394563862329639,195021,21503093,170
-135065984231,39821349202618315750,1360232414019736432721702173731593,8810394563862329639,195026,21503094,53
-50837289427,14993729988537718459,1360367178893747732996769532391657,8810394563862329639,195028,21503097,5
100000000,-29466994158428202,1360366913909497020010429237818661,8810394563862329639,195028,21503099,285
-35664069600,10520375484910880400,1360461471906597103660048492479974,8810394563862329639,195029,21503100,123
-552305801,162933580248841895,1360462936366970288405805368815489,8810394563862329639,195029,21503100,239
-7371708823,2174732654819947786,1360482483335943470627755731003295,8810059874795594375,195030,21503101,81
-3660805992,1080000000000000000,1360492190833227605946859708878940,8810059874795594375,195030,21503104,95
-3389610,1000000000000000,1360492199821651017183266286636232,8810059874795594375,195030,21503107,532
-11984794,3535743497752939,1360492231602410648512677337678540,8810059874795594375,195030,21503110,160
192911580,-56855685213362832,1360491720303789304162433922278927,8810059874795594375,195030,21503113,99
-2229326635,657696350861233711,1360497631957066870029276428173849,8810059874795594375,195030,21503115,106
721256956,-212573251468295298,1360495720302849661155540266927259,8810059874795594375,195030,21503116,73
29398846555,-8664099080283580885,1360417806917440980061992627062359,8810394563862329639,195029,21503116,222
576202053,-169801905649041465,1360416279960517714138940122855578,8810394563862329639,195029,21503119,83
-83075184299,24510000000000000000,1360636583996942706144361978649595,8810059874795594375,195032,21503121,116
252584417,-74458495581179669,1360635914397658216581707750076430,8810059874795594375,195032,21503121,143
-392498862,115819218287154476,1360636955429831339940738583100115,8810059874795594375,195032,21503123,183
-176222206,52000000000000000,1360637422827848724233880626479312,8810059874795594375,195032,21503123,351
35704930083,-10524620143643405286,1360542775762222416423629055758449,8810059874795594375,195031,21503126,403
800000000,-235796493447200031,1360540655263250942421931283703123,8810059874795594375,195030,21503127,305
10000000000,-2947394152835760525,1360514149583805729570191757327205,8810059874795594375,195030,21503131,80
48707246401,-14354303588417326684,1360385065889017507230776733275649,8810394563862329639,195028,21503133,245
-197747072,58330000000000000,1360385590163838188177455417331359,8810394563862329639,195028,21503136,450
-293597528,86603356403778498,1360386368561903488350383086412815,8810394563862329639,195028,21503137,21
2000000000,-589354328802555428,1360381068746985734609200076698136,8810394563862329639,195028,21503140,215
-1007512500,297187466086808622,1360383739892288173945936861655538,8810394563862329639,195028,21503142,114
-672096646,198250000000000000,1360385521779536588101243721145417,8810394563862329639,195028,21503149,329
-11761675,3469375000000000,1360385552962563435348961591186489,8810394563862329639,195028,21503149,491
-984868381,290509999076319188,1360388164090245104459665068157948,8810394563862329639,195028,21503150,151
-271210202,79999997885546496,1360388883136782836690116850657433,8810394563862329639,195028,21503152,242
-326129883,96199996050767872,1360389747790231817045075211746491,8810394563862329639,195028,21503152,256
-2026543106,597781260000000000,1360395120697190379197716675315233,8810394563862329639,195028,21503152,526
-2984621197,880399749966778125,1360403033802299952022894571931558,8810394563862329639,195028,21503154,26
2000000000,-589368768483550193,1360397733857532237055244927518983,8810394563862329639,195028,21503154,76
-100812535,29737500000000000,1360398001140619499178540956442464,8810394563862329639,195028,21503154,120
9856354675,-2904447869827167226,1360371882665881859560532959196331,8810394563862329639,195028,21503157,223
6944000000,-2046174946329874249,1360353482277567199221335097924130,8810394563862329639,195028,21503158,407
-61085130150,18019751005132799281,1360515442974131546686649885730445,8810269202727176069,195030,21503165,240
-40673938,12000000000000000,1360515550832649752002929598230802,8810269202727176069,195030,21503166,160
-50125000,14788341891606816,1360515683753370013862514262678072,8810269202727176069,195030,21503167,428
38746226544,-11418981505640299383,1360412998553533499299110107186894,8810603891793911333,195029,21503170,103
69062500000,-20349280187134536916,1360230010406805417304680891587442,8810603891793911333,195026,21503171,48
-1788170476,527342984009276267,1360234750096155079185282458969991,8810603891793911333,195026,21503171,560
-372000000,109705656333627301,1360235736116158548148030559295118,8810603891793911333,195026,21503171,643
-217240000,64065817598339752,1360236311931296998705646110082299,8810603891793911333,195026,21503176,406
-80256542033,23672009746505248528,1360449072840008793634270156259008,8810603891793911333,195029,21503181,2
667661075,-196763120374967712,1360447303474291149549692539998484,8810603891793911333,195029,21503181,87
100000000,-29470465427035221,1360447038465121188016885454346612,8810603891793911333,195029,21503185,30
-540000000,159299909874218837,1360448470231749602383006133931929,8810603891793911333,195029,21503187,178
1211802019,-357123533882143496,1360445258846726785075141976583185,8810603891793911333,195029,21503188,78
10000000000,-2946980852678963309,1360418758520439283009318330169639,8810603891793911333,195029,21503189,23
-520490948,153538353471474094,1360420138502956885947415304542659,8810603891793911333,195029,21503189,86
-39390318,11619666522777982,1360420242938990614737334238580612,8810603891793911333,195029,21503190,33
-151492759,44688544383357145,1360420644593747174396531707841803,8810603891793911333,195029,21503191,133
-124392292,36694252085885924,1360420974396856496170345736085191,8810603891793911333,195029,21503193,306
-298864254,88161485566674390,1360421766780688009108129730581457,8810603891793911333,195029,21503198,46
53792431894,-15850627112663576829,1360279232162600732924577218650605,8810603891793911333,195027,21503203,2
-134541845,39680000000000000,1360279588801219426057977339637133,8810603891793911333,195027,21503206,67
-3390648215,1000000000000000000,1360288576669634071556972324176670,8810603891793911333,195027,21503207,329
169921875000,-50048528542799809635,1359838522053436658719528370436242,8810603891793911333,195020,21503208,2
83365659319,-24542285973722659365,1359617834008788658356522646362928,8810859855842361666,195017,21503209,8
45271838730,-13324385731173217742,1359498019755085356249824110801142,8810859855842361666,195015,21503217,9
42377463,-12471414234016686,1359497907610839518518532951216989,8810859855842361666,195015,21503217,159
-132111033430,38928347119763257482,1359847781849401697506390976757760,8810603891793911333,195020,21503220,112
-157746142285,46508341776485146929,1360265792705472106094284588183611,8810603891793911333,195026,21503221,5
850031343,-250440986008627411,1360263540648815898372778479616149,8810603891793911333,195026,21503223,56
1149495716,-338669534758457717,1360260495208881472931978055777398,8810603891793911333,195026,21503224,303
345191576,-101701579594717208,1360259580671197672117581195356781,8810603891793911333,195026,21503224,653
532519314,-156892481099849250,1360258169836805103132087405897234,8810603891793911333,195026,21503224,675
4352642367,-1282376704681253969,1360246638237925981750036267504442,8810603891793911333,195026,21503231,391
-87629447964,25847443709154051607,1360478951820312172845773168312320,8810269202727176069,195030,21503234,60
-12460907129,3676223402430195981,1360511994487710325099884684051789,8810269202727176069,195030,21503234,339
503235280,-148319767096694924,1360510660691620646332168419206528,8810269202727176069,195030,21503235,91
-4157493,1226573421121350,1360510671716319952346682228091144,8810269202727176069,195030,21503237,301
-22264025527,6568776376053186570,1360569713256848551023376823618559,8810269202727176069,195031,21503237,327
-112277188756,33134942218076550703,1360867537070886927076211123536423,8810269202727176069,195035,21503238,20
9262260912,-2731269228067117684,1360842975569156136901561929713112,8810269202727176069,195035,21503243,81
40716984796,-12005515604635952387,1360735013494501573323601387263828,8810269202727176069,195033,21503246,288
-122855621604,36266380361411157179,1361060983331705922498293026258944,8810269202727176069,195038,21503247,2
213074448,-62850681282682196,1361060418133994454705331220196204,8810269202727176069,195038,21503250,123
-5000417,1476451118754766,1361060431404646943994535428102777,8810269202727176069,195038,21503251,230
9900000000,-2920150689742079407,1361034171347424014783020471216163,8810269202727176069,195038,21503251,309
-10071829,2973750000000000,1361034198076113057537961037470157,8810269202727176069,195038,21503252,160
42109375000,-12419521469733169556,1360922512968347130285349813479072,8810269202727176069,195036,21503253,845
2443311755,-720555179651413291,1360916033227313082686301407644378,8810269202727176069,195036,21503254,204
-180000000,53136549912752089,1360916510829774427041985039436673,8810269202727176069,195036,21503255,37
78906250000,-23266509117823033712,1360707281948895748294570913587723,8810269202727176069,195033,21503258,2
37617422828,-11089456396188233767,1360607557725567806850977334191978,8810269202727176069,195031,21503258,211
-132483532,39091812230115279,1360607909090979565242175459272475,8810269202727176069,195031,21503259,20
500000000,-147387005251941051,1360606583682943114222497896407773,8810269202727176069,195031,21503260,91
-21256157998,6272287177863350941,1360662960316339993064797925326469,8810269202727176069,195032,21503269,16
-1520000,448541621423412,1360662964347926213076384890014114,8810269202727176069,195032,21503269,197
-215189084,63500856209738823,1360663535106947509016893879999466,8810269202727176069,195032,21503272,3
129834940,-38275122839211502,1360663190910012911400525430194022,8810269202727176069,195032,21503272,340
64541383,-19026684383048026,1360663019808630227075652410517165,8810269202727176069,195032,21503273,26
28000000000,-8253898690790291380,1360588794922670126954804062127061,8810269202727176069,195031,21503274,189
-3000000,885183013631049,1360588802878880809518231061711907,8810269202727176069,195031,21503276,393
-98911066466,29190426665045141067,1360851172559370202945283132936811,8810269202727176069,195035,21503280,2
3601636375,-1062042045426314843,1360841621927279872320060304663539,8810269202727176069,195035,21503280,95
19920396,-5874037732987297,1360841569103784311028979411503693,8810269202727176069,195035,21503283,132
-94094794248,27779117277152555585,1361091253639331425605502304780288,8810269202727176069,195039,21503284,27
-10037684141,2963975069857513783,1361117894469250786459026553795055,8810269202727176069,195039,21503285,167
-74459530,21987197425523054,1361118092094795270180818632464279,8810269202727176069,195039,21503286,12
-2643031619,780466460528766600,1361125107091123735241809008250172,8810269202727176069,195039,21503286,123
-514180712,151834457193648504,1361126471811087519862847075361789,8810269202727176069,195039,21503287,74
-13376487,3950000000000000,1361126507314516429112789147393156,8810269202727176069,195039,21503292,398
-426960008,126078948266707054,1361127640538561173425467624764755,8810269202727176069,195039,21503293,46
99125000,-29241823528785173,1361127377575433323156869720004444,8810269202727176069,195039,21503294,78
1482809943,-437426816752946043,1361123443924584712086414378169492,8810269202727176069,195039,21503295,18
1070211048,-315709160579673075,1361120604844857851340278580226249,8810269202727176069,195039,21503296,327
-561534490,165816659998468598,1361122095239794617137355197665179,8810269202727176069,195039,21503298,135
-902250000,266427995209401917,1361124489950525592070289250096796,8810269202727176069,195039,21503298,225
3260143334,-961730218130328549,1361115841393226874975183381521763,8810269202727176069,195039,21503301,28
506958127,-149549673006735973,1361114496536954689204916913217464,8810269202727176069,195039,21503303,249
72049783,-21254239272035493,1361114305403825335945912537462874,8810269202727176069,195039,21503304,102
-891722458,263316267822924965,1361116672145697563853378490836550,8810269202727176069,195039,21503306,79
41523437500,-12248206279665384014,1361006527625104120631585788407093,8810269202727176069,195037,21503307,48
475800000,-140335673189673251,1361005265627625249221869402087234,8810269202727176069,195037,21503307,131
282892897,-83438222708632970,1361004515292202284545910785524525,8810269202727176069,195037,21503307,198
3000000000,-884833340872372286,1360996558245928718296813331575266,8810269202727176069,195037,21503307,361
-4216951883,1245014198892250114,1361007748694815143048678782022400,8810269202727176069,195037,21503310,116
-342564776,101139831260044974,1361008657760842746730123673015230,8810269202727176069,195037,21503311,9
-155250087,45836536596643026,1361009069749252494869096653907866,8810269202727176069,195037,21503311,169
-891782657,263293325769499097,1361011436284916732184786333967765,8810269202727176069,195037,21503313,22
68884174155,-20314602951275407831,1360828753028934248409534414909817,8810269202727176069,195035,21503314,5
321191047,-94709543533703243,1360827901333834577980488550587538,8810269202727176069,195035,21503314,34
-918958725,271244679457997950,1360830339337934362618039339428794,8810269202727176069,195035,21503314,81
450000000,-132691691491284113,1360829146080537130095211040257996,8810269202727176069,195035,21503315,234
-341852500,100903048759757751,1360830053018313932282509269823644,8810269202727176069,195035,21503315,407
8050382188,-2373783466766499608,1360808706281006469110088818151992,8810269202727176069,195034,21503322,200
10000000,-2948613033341967,1360808679764995752322741374964651,8810269202727176069,195034,21503327,193
-3199305587,944301345945688578,1360817167343655167965884121397656,8810269202727176069,195035,21503329,57
6122701512,-1805348694150356964,1360800932373253720554780670397141,8810269202727176069,195034,21503332,65
-56963753796,16814891248575313633,1360952068144408293376009715182594,8810269202727176069,195037,21503332,209
3999482337,-1179531895200428955,1360941460960617045528700570566247,8810269202727176069,195036,21503336,9
-1791570116,528898397106297921,1360946214810399799881488991256982,8810269202727176069,195036,21503337,50
-738695234,218075000000000000,1360948174914262935243797183216601,8810269202727176069,195036,21503337,73
-5225702083,1542731265142574916,1360962041306616876163217223082505,8810269202727176069,195037,21503338,37
25000000000,-7372834860916766728,1360895739568825398624005636427186,8810269202727176069,195036,21503338,303
-3563351113,1051887702041389722,1360905194156230446918982204874469,8810269202727176069,195036,21503342,18
-1898360276,560394704011638780,1360910231101429180433090084783175,8810269202727176069,195036,21503342,222
18895852034,-5572281874398240097,1360860121207649379157224869953616,8810269202727176069,195035,21503343,68
1012970611,-298707821292809240,1360857435015971791961348192937756,8810269202727176069,195035,21503345,59
287026781,-84639106171274704,1360856673881356663052706587050806,8810269202727176069,195035,21503345,112
-140990000,41617044892972220,1360857047944089516395120720860162,8810269202727176069,195035,21503347,541
37274707605,-10990851666771527941,1360758210444123499418007511515323,8810269202727176069,195034,21503348,465
-39239364363,11581775630509304100,1360862309873931264102195501133485,8810269202727176069,195035,21503349,21
76914062500,-22677369077016014316,1360658378956352307272192803242798,8810269202727176069,195032,21503350,44
-3456535412,1020000000000000000,1360667546930399759155968365773176,8810269202727176069,195032,21503354,174
185130497495,-54556818152601793349,1360176944806672530898044522356690,8810603891793911333,195025,21503357,29
-25010636411,7375555932528414720,1360243235332878954265800047247430,8810603891793911333,195026,21503357,421
-64396032144,18993490890196452082,1360413946329734807978994965724741,8810603891793911333,195029,21503358,6
-82416435581,24315532014885654492,1360632497124126958575775265435538,8810269202727176069,195032,21503359,25
-801964429,236644000000000000,1360634624130058806814583289180085,8810269202727176069,195032,21503359,155
-172046392,50767618043211078,1360635080440063386333354206851670,8810269202727176069,195032,21503363,76
924959268,-272664617027249916,1360632628447270358217100893766360,8810269202727176069,195032,21503364,399
-65740598,19398739252510068,1360632802807209593803816289932269,8810269202727176069,195032,21503367,134
-16197298,4779500332119787,1360632845766361559158586279805770,8810269202727176069,195032,21503367,522
750000000,-221088504011395885,1360630857582400003440357474543385,8810269202727176069,195032,21503370,27
22078632,-6508432300700225,1360630799053980477582111362174715,8810269202727176069,195032,21503372,504
1438716764,-424109804211295825,1360626985159113162493416660133781,8810269202727176069,195032,21503375,172
-17581304067,5188026227687696019,1360673616227557221802034666744401,8810269202727176069,195032,21503375,221
-10000000000,2951035456645548498,1360700140753517649946482768793143,8810269202727176069,195033,21503376,162
874999988,-257962036514783232,1360697820976711604406201040792401,8810269202727176069,195033,21503377,40
-315000317,92959262848244172,1360698656514073626916635061045521,8810269202727176069,195033,21503377,202
-3915899419,1155624630518741853,1360709043510761070051415349642721,8810269202727176069,195033,21503377,696
4939179712,-1456145666780657080,1360695948820590146763535298460430,8810269202727176069,195033,21503379,289
3750000000,-1105538596135129737,1360686007036798424177835721926476,8810269202727176069,195033,21503381,178
-32530994,9600000000000000,1360686093323612988430859491926761,8810269202727176069,195033,21503382,45
3965000000,-1168905386477457187,1360675581700892655674653923595192,8810269202727176069,195032,21503382,55
-49983281,14750000000000000,1360675714276987949709247736876881,8810269202727176069,195032,21503383,113
5016171540,-1478771368092659012,1360662416120532478429976276826106,8810269202727176069,195032,21503387,207
850898904,-250842807529375103,1360660160364861094425296664885881,8810269202727176069,195032,21503388,242
40820312500,-12032746167352041678,1360551953413756267855550207049508,8810269202727176069,195031,21503388,381
4950768206,-1459225115006998417,1360538831031012176052914724802168,8810269202727176069,195030,21503389,302
-1067652037,315000000000000000,1360541662317115065605257177936549,8810269202727176069,195030,21503390,247
-16946821,5000000000000000,1360541707258164317820373724811697,8810269202727176069,195030,21503391,52
-1182524068,348893391156424090,1360544843185179464462166421259522,8810269202727176069,195031,21503392,62
665719998,-196218699064016896,1360543078648067139988026737188062,8810269202727176069,195031,21503392,73
25778778254,-7597815549344181595,1360474753725043163456312465746268,8810269202727176069,195030,21503393,61
-769005376,226865802115985485,1360476792842480471014727321596194,8810269202727176069,195030,21503393,295
1000000000,-294716913344161030,1360474142563082688295283029688822,8810603891793911333,195029,21503395,289
1477823029,-435537339927685230,1360470226052526475426808150327237,8810603891793911333,195029,21503397,48
21619441,-6371565483146545,1360470168757086597669608799896610,8810603891793911333,195029,21503397,272
45225865392,-13327549495355572707,1360350322572840543731202612296845,8810603891793911333,195028,21503399,121
31779529581,-9363662262608525621,1360266121107812522545348622781429,8810603891793911333,195026,21503401,86
-15037500,4434875683444961,1360266160967891600659677835139110,8810603891793911333,195026,21503401,797
-1003656355,296000000000000000,1360268821376942335727380350562813,8810603891793911333,195026,21503403,209
906841550,-267179887004513693,1360266418797985420847894258008040,8810603891793911333,195026,21503405,11
-1273109424,375467886498667558,1360269793453943195923233289267546,8810603891793911333,195026,21503409,51
998869638,-294294202364121304,1360267147053176770934129950227033,8810603891793911333,195026,21503410,75
-2376242506,700808279083395418,1360273445825773066651716473152430,8810603891793911333,195027,21503410,305
-164450702079,48500625775336738857,1360277003048116748535155465090390,1079689089455713249484,195027,21503411,17
-101243077,29859200000000000,1360277271418677315118039056132752,8810603891793911333,195027,21503416,211
-3118931,919853545945045,1360277279686199946817166742909824,8810603891793911333,195027,21503417,58
-339067989,100000000000000000,1360278178473041411367066241363777,8810603891793911333,195027,21503420,80
99200000,-29227433535037216,1360277915649302831365426239635806,8810603891793911333,195027,21503421,69
20000000,-5892626360761503,1360277862660658161834890281342595,8810603891793911333,195027,21503421,231
-339067698,100000000000000000,1360278761447499626384789779796548,8810603891793911333,195027,21503423,157
-500000000,147463418043288763,1360280086829296973325023078152812,8810603891793911333,195027,21503423,734
-826304481,243699996081702198,1360282277172794405288059527028824,8810603891793911333,195027,21503424,41
-764937191,225601788224159937,1360284304851981072758036255709423,8810603891793911333,195027,21503432,117
-700000000,206450548365972965,1360286160402343917529373215334140,8810603891793911333,195027,21503432,605
-248629506,73328275393808608,1360286819467234229968494031809089,8810603891793911333,195027,21503435,203
-141201567,41644595930664833,1360287193763382635865420145830603,8810603891793911333,195027,21503435,471
-8979516,2648330768052358,1360287217566231097577056378683911,8810603891793911333,195027,21503439,352
-14443153014,4259842126546037967,1360325504466731657026428152655431,8810603891793911333,195027,21503442,101
-329211228,97099866498840021,1360326377187554828245277877841549,8810603891793911333,195027,21503443,337
-1890839619,557699899770128681,1360331389720868823145429427355527,8810603891793911333,195027,21503445,336
24018885424,-7076941458395397670,1360267751283043703337079359131790,8810603891793911333,195026,21503448,365
522625878,-153979499336231615,1360266366643245217050224829837278,8810603891793911333,195026,21503448,388
545000000,-160571177545856731,1360264922728672964083454739664293,8810603891793911333,195026,21503451,145
6116335032,-1802008029949440156,1360248718415461037986834370164630,8810603891793911333,195026,21503451,202
3000000000,-883850880499251254,1360240770506094258763471042507127,8810603891793911333,195026,21503452,279
934382931,-275282949142586304,1360238295061448246642719128449469,8810603891793911333,195026,21503453,121
222626885,-65589005263715869,1360237705261199364432377722320371,8810603891793911333,195026,21503455,86
-3386150003,998611840350862636,1360246680653017744964274672850297,8810603891793911333,195026,21503458,361
39882341216,-11749134938941785210,1360141028147948087390816337812101,8810603891793911333,195025,21503460,482
348990878,-102802882677635083,1360140103706945433240469685058859,8810603891793911333,195025,21503464,65
1100000000,-324028102576137773,1360137189928107412649637688997477,8810603891793911333,195025,21503465,131
40351562500,-11885440728255373775,1360030311711683573058512902727530,8810603891793911333,195023,21503467,573
-2981328216,878956784826573045,1360038211659607754174568868569136,8810603891793911333,195023,21503468,112
3000000000,-883577339875532258,1360030266210017995507874596549548,8810603891793911333,195023,21503468,282
157812500000,-46465298582691233300,1359612438599673185996536420581433,8810859855842361666,195017,21503470,2
-240600000,70889860028816325,1359613075729897267211243642851922,8810859855842361666,195017,21503470,152
-13521782498,3984135341647855616,1359648883573811222391137393961178,8810859855842361666,195017,21503471,5
358000000,-105380412872846246,1359647935982246549623879606364230,8810859855842361666,195017,21503475,151
-604724,178183842031821,1359647937583692950494723797857002,8810859855842361666,195017,21503475,233
26896216644,-7916715215160989647,1359576749662206488709008769527061,8810859855842361666,195016,21503476,6
1400000000,-412057611806857889,1359573044397570844108638794510733,8810859855842361666,195016,21503476,176
-75946605697,22378745486800665485,1359774175774059186919527607632476,8810859855842361666,195019,21503477,2
-78108021782,23022545190366617600,1359981098783942546276680508676094,8810603891793911333,195022,21503478,15
-53875985112,15884172371425229799,1360123863635092463793054644788134,8810603891793911333,195024,21503482,6
753847758,-222056536550614115,1360121866821754666055790738111362,8810603891793911333,195024,21503482,345
300000000,-88369068617793926,1360121072174870562493195555532564,8810603891793911333,195024,21503484,85
-3940375267,1161860778246489032,1360131514826661579550232983526974,8810603891793911333,195024,21503487,117
-25134539,7411238658271470,1360131581437899429628062756403736,8810603891793911333,195024,21503491,44
-203735988,60074173754379196,1360132121401909337782134352559113,8810192032485141932,195024,21503495,226
-400000000,117945277979681476,1360133181528104464988759858803711,8810192032485141932,195024,21503496,331
605636810,-178401397860527931,1360131577202694718061741806983149,8810192032485141932,195024,21503499,79
74672466,-21996111071101178,1360131379396397625189354313915675,8810192032485141932,195024,21503499,220
201476147,-59348372758503364,1360130845689242942261861423334953,8810192032485141932,195024,21503502,212
-4359586504,1285489112241879478,1360142400036350193148450307675540,8810192032485141932,195025,21503502,515
-6782709,2000000000000000,1360142418012927353106229928904727,8810192032485141932,195025,21503508,194
40472623857,-11921187801801830124,1360035213334409375082615288263375,8810192032485141932,195023,21503510,20
-6783688778,2000000000000000000,1360053189911569332862236517450956,8810192032485141932,195023,21503510,285
-6512172517,1920000000000000000,1360070447425642892330672897471034,8810192032485141932,195024,21503514,35
-4595207422,1354845741028141041,1360082625170144608607195853927346,8810192032485141932,195024,21503514,69
-474830945,140000000000000000,1360083883530545805651769339970476,8810192032485141932,195024,21503514,271
-8184153079,2413070956567199744,1360105572908667397348844869460611,8810192032485141932,195024,21503514,444
-447127301,131836250000000000,1360106757890927699590756664098851,8810192032485141932,195024,21503516,3
-796758749,234926250000000000,1360108869475857711856419034995565,8810192032485141932,195024,21503516,10
-3397016388,1001626708038956713,1360117872385758980260702320192627,8810192032485141932,195024,21503516,22
18681205499,-5502573128317869683,1360068388928820752924706130229655,8810192032485141932,195024,21503516,40
-610509548,180000000000000000,1360070006820765149124872040856537,8810192032485141932,195024,21503517,66
-864886040,255000000000000000,1360072298834353043741773747577953,8810192032485141932,195024,21503519,280
-10793509031,3182393051638749267,1360100903101476092481172492298321,8810192032485141932,195024,21503521,120
-1015000000,299272762985312935,1360103593051433932098421468400480,8810192032485141932,195024,21503522,51
-43704333,12886250000000000,1360103708876767645851390290432789,8810192032485141932,195024,21503522,382
-1135805152,334893624277025084,1360106718997306242777037230024921,8810192032485141932,195024,21503525,179
-259319841,76461000000000000,1360107406250839356542931039427376,8810192032485141932,195024,21503537,118
-63159328486,18624962204194138797,1360274812785921853172298213734533,8810192032485141932,195027,21503543,2
-1038250216,306206394833436672,1360277565057363651058058347374753,8810192032485141932,195027,21503545,73
-39969995,11788192924194682,1360277671013043490185067353319560,8810192032485141932,195027,21503545,219
9603750000,-2829511683583060123,1360252225822895949953686430562990,8810192032485141932,195026,21503545,437
-83934305227,24757538675688662328,1360474753725043028044586990902496,8810192032485141932,195029,21503546,2
9603750000,-2830331638255749434,1360449301161219429150219519355732,8810192032485141932,195029,21503547,223
-2005000000,591478321742514159,1360454617539064052469704129396868,8810192032485141932,195029,21503548,53
-99033488862,29220797819277787129,1360717271715380582775354391246560,8809857343418406668,195033,21503549,6
-1889010014,557480509704331778,1360722282701441118624193066036464,8809857343418406668,195033,21503550,67
-286756512,84627314474687773,1360723043385062862017652563182331,8809857343418406668,195033,21503552,238
-61348253977,18107215224021831680,1360885802443905687908540296276285,8809857343418406668,195036,21503556,93
-149990000,44275536540032422,1360886200420323809713492123556790,8809857343418406668,195036,21503556,342
-166901648113,49283736903650108117,1361329216052170667600770348585433,8808726135551966374,195042,21503557,2
31383446755,-9260278080943947777,1361245926504347946699376296709359,8808726135551966374,195041,21503558,6
-38880820376,11484169053343150839,1361349166707675771181499443095822,8808726135551966374,195042,21503562,24
-554225741,163713410552737711,1361350638455933259255578653178841,8808726135551966374,195042,21503567,97
-1083305698,320000000000000000,1361353515186928026916948314295914,8808726135551966374,195042,21503570,218
-561278092,165797674693184342,1361355005672270684071025947080827,8808726135551966374,195042,21503571,198
-21140872,6244875000000000,1361355061812350280788836246651041,8808726135551966374,195042,21503572,68
729990839,-215418622018957002,1361353124276623629735128152901407,8808726135551966374,195042,21503572,261
720067268,-212489598304834397,1361351213085360781914257164450895,8808726135551966374,195042,21503573,454
81667898,-24099903425503416,1361350996324045264614945845047119,8808726135551966374,195042,21503576,85
-1275000000,376625330696299973,1361354382104552229197600109206352,8808726135551966374,195042,21503576,309
1879344636,-554588494627701998,1361349393979515219914857404468364,8808726135551966374,195042,21503577,24
200000000,-59019110799807581,1361348863145018842246989773923310,8808726135551966374,195042,21503579,170
-280015213,82713950851203009,1361349606725600446449119619999852,8808726135551966374,195042,21503579,214
500000000,-147547736815312826,1361348279639720930341193690632712,8808726135551966374,195042,21503585,77
-524728588,155000000000000000,1361349673056296520927169620236294,8808726135551966374,195042,21503587,42
-203120455,60000000000000000,1361350212443358039863676431695745,8808726135551966374,195042,21503587,203
9995500708,-2949575034660159947,1361323683135192707881467151209180,8808726135551966374,195042,21503587,247
-3011560280,889559385294455543,1361331680081772751499016778400341,8808726651021582202,195042,21503589,151
-3385431,1000000000000000,1361331689071556584083196497673595,8808726651021582202,195042,21503592,346
-9479208,2800000000000000,1361331714242951315318899711638706,8808726651021582202,195042,21503594,121
15000000000,-4426190623162063884,1361291903840846224756195086315115,8808726651021582202,195042,21503594,191
-120300000,35532542691796917,1361292223270724046079260123736596,8808726651021582202,195042,21503595,54
-141090727,41673440212414973,1361292597905943115810804059729173,8808726651021582202,195042,21503595,70
-69015321,20384805726612649,1361292781160940067282592177795745,8808726651021582202,195042,21503599,208
4986342912,-1471311514420791342,1361279547771780452499995951662109,8808726651021582202,195041,21503602,100
-266622784,78749926763767375,1361280255716598890604134434677255,8808726651021582202,195041,21503603,12
-44995783,13290000000000000,1361280375190826025647882903818802,8808726651021582202,195041,21503603,295
39188867762,-11562409190379695305,1361176379633842135583095501250742,8808726651021582202,195040,21503604,64
-1992389141,588386495408884116,1361181669101245873235199919186357,8808726651021582202,195040,21503607,94
-310775000,91777570313403565,1361182494161763670528328540981166,8808726651021582202,195040,21503607,489
2604150986,-768281360791492226,1361175584023338338732503603817395,8808726651021582202,195040,21503608,128
-3790000,1119245992323603,1361175594085117865207862027645054,8808726651021582202,195040,21503609,107
26748061495,-7890810389381720696,1361104628404370615370063846625712,8809857858888022496,195039,21503611,138
40676667335,-11998241140840808895,1360996726708995038423595890105195,8809857858888022496,195037,21503618,363
42903324956,-12652968629211366422,1360882936966765351844362034576697,8809857858888022496,195036,21503619,355
61817682993,-18227435780197136769,1360719015338591199611850933858516,8809857858888022496,195033,21503622,59
45783368804,-13496760543234416807,1360597637269289357699758126530247,8809857858888022496,195031,21503627,19
1000000000,-294769272600041452,1360594986372054936790699788110841,8809857858888022496,195031,21503627,158
199809084,-58897440533938254,1360594456699946142283628084781094,8809857858888022496,195031,21503627,192
-30660006734,9047188336103303108,1360675778524113062762015506814298,8809857858888022496,195032,21503628,380
-95061901747,28057846139636680606,1360927980108241109751851826322210,8809857858888022496,195036,21503629,6
20000000,-5898259771605407,1360927927064447302721644130824058,8809857858888022496,195036,21503629,116
-2991078592,882995811933013398,1360935863989760837232739157696847,8809854428157825884,195036,21503645,67
-9823275576,2900000000000000000,1360961931025524984463296442299583,8809854428157825884,195037,21503645,140
-138928410199,41025956836170740107,1361330720842584720334212061584127,8808723220291385590,195042,21503646,27
236470955,-69779608032039150,1361330093224939451513496404849813,8808723220291385590,195042,21503648,320
-9847550896,2908851164685451536,1361356243178295743207501021520816,8808723220291385590,195042,21503651,26
-365613174,108000000000000000,1361357214075327797062041516259387,8808723220291385590,195042,21503654,39
277915656,-82012604032505368,1361356476430636505421365435484775,8808723220291385590,195042,21503654,67
-3535952605,1044506599768620215,1361365866322837209279472713296357,8808723220291385590,195043,21503663,7
-69949005,20662808648892871,1361366052077092682490621385797839,8808723220291385590,195043,21503664,365
100539924,-29669616402539915,1361365785220122462173379210890721,8808723220291385590,195043,21503666,396
-10025000,2961366005602918,1361365811842173070183109369334121,8808723220291385590,195043,21503669,227
197001691,-58135725645730148,1361365288952918389726607726306400,8808723220291385590,195043,21503671,69
-81669337922,24128793564162299006,1361582201675682142715133925741083,8808723220291385590,195046,21503673,18
86476215,-25527480751994258,1361581972074258301876899792919952,8808723220291385590,195046,21503675,19
130287423,-38460382371401762,1361581626150638195060911935711998,8808723220291385590,195046,21503675,83
39527188797,-11667382885687082292,1361476686389873094686441798891722,8808723220291385590,195044,21503682,9
4453758292,-1314519162107655939,1361464863230579853224585617611704,8808723220291385590,195044,21503684,204
-12252865,3620000000000000,1361464895773610001696376697157570,8808723220291385590,195044,21503684,336
270652791,-79881977343095511,1361464177292381266915236713815008,8808723220291385590,195044,21503687,131
-2395463040,707720825669602134,1361470539552095760619898567144753,8808723220291385590,195044,21503689,72
2778499632,-820064700379039432,1361463163656891768412059400605278,8808723220291385590,195044,21503689,218
116064232076,-34248026590997790746,1361155127162988323683316468499816,8808723220291385590,195040,21503696,2
94418625378,-27849450671396679807,1360904673444176106509510362801464,8809854428157825884,195036,21503698,9
110415101218,-32554728503496246685,1360611904552077388215114146636701,8809854428157825884,195032,21503700,2
-1694501676,500000000000000000,1360616398868588448082451609499241,8809854428157825884,195032,21503700,527
-67186760,19825000000000000,1360616577068238111606191539901740,8809854428157825884,195032,21503701,91
97048494703,-28602358101379816365,1360359356739307921763769247807484,8810189117224561148,195028,21503704,5
-9033945091,2664712892886666601,1360383307955697348109723315983030,8810189117224561148,195028,21503706,5
-1084846862,320000000000000000,1360386184208994683135703500144643,8810189117224561148,195028,21503707,306
-33604753,9912500000000000,1360386273305434713865219214443086,8810189117224561148,195028,21503709,173
6555166,-1931664836347161,1360386255934382453704994692230966,8810189117224561148,195028,21503712,297
-16587115177,4892912003767405397,1360430234854021222857599086746531,8810189117224561148,195029,21503714,143
-1713725823,505537500000000000,1360434778772462790062900515967160,8810189117224561148,195029,21503715,66
-12670926626,3737942248948847661,1360468376487208999518008766269131,8810189117224561148,195029,21503716,101
-2105250000,621069775312081562,1360473958843424988575211645040335,8810189117224561148,195029,21503717,363
1500000000,-442073098420671436,1360469983373793311587703836183384,8810189117224561148,195029,21503719,83
20643429790,-6083674212796727043,1360415274181652026399279706421729,8810189117224561148,195029,21503720,234
-7572406258,2233784885870609636,1360435352091475534166940114535780,8810189117224561148,195029,21503722,326
500000000,-147349623380210538,1360434027007558236753240862453579,8810189117224561148,195029,21503724,169
-3389900,1000000000000000,1360434035995849790925197050529084,8810189117224561148,195029,21503726,106
-54238406,16000000000000000,1360434179808514657676496059737164,8810189117224561148,195029,21503726,115
7930000000,-2336927174981613766,1360413164317979788073485645696941,8810189117224561148,195029,21503730,474
-257044796,75824354042631271,1360413845849380830000358317869251,8810189117224561148,195029,21503734,21
6000000,-1768141278017656,1360413829948861254423662104980686,8810189117224561148,195029,21503738,62
-1105816103,326200000000000000,1360416761929566225315770655210430,8810189117224561148,195029,21503739,318
-746576704,220230289295782611,1360418741423615475445175727155173,8810189117224561148,195029,21503740,147
-7418701650,2188454047681308624,1360438411886648942782974124366143,8810189117224561148,195029,21503740,157
270895023,-79832953822740171,1360437693965823940746685887141618,8810189117224561148,195029,21503740,188
-271190461,80000000000000000,1360438413029148274503180933182021,8810189117224561148,195029,21503741,274
-135595123,40000000000000000,1360438772560810441381428456202222,8810189117224561148,195029,21503742,105
122802294,-36189951862892315,1360438447112247484778473860947474,8810189117224561148,195029,21503742,286
372692162,-109832626123711203,1360437459410730966239633932558292,8810189117224561148,195029,21503745,78
276519217,-81490292782560485,1360436726585808140338354346713356,8810189117224561148,195029,21503746,56
-49975119,14742414203768319,1360436859094925216173812778262993,8810189117224561148,195029,21503747,314
-753880000,222391238828013084,1360438858012218895842217890302533,8810189117224561148,195029,21503752,169
10000000000,-2946953119483771234,1360412356687722250839065085079748,8810189117224561148,195029,21503752,896
34739205699,-10236588904788646513,1360320301214389142138298836171271,8810189117224561148,195027,21503754,40
53359375000,-15720689391302440451,1360178928388294490416044570916512,8810189117224561148,195025,21503755,48
-10012874128,2952686576614916739,1360205467996113195178802764299865,8810189117224561148,195026,21503756,11
-1004505000,296223848362802728,1360208130542427578872800093434901,8810189117224561148,195026,21503756,126
80138332663,-23605156513085181743,1359995854375422605703931594177976,8810189117224561148,195022,21503757,2
250000000,-73627252969003587,1359995192261149450949526205886170,8810189117224561148,195022,21503758,22
1227178838,-361414187049801812,1359991942140003860497089892742271,8810189117224561148,195022,21503758,83
-11664000,3438572814700837,1359991973046898849277902654638142,8810189117224561148,195022,21503758,262
-40714480067,12003670621364787449,1360099865538163924434323992848662,8810189117224561148,195024,21503763,19
-1017468011,300000000000000000,1360102562025630176021180415500174,8810189117224561148,195024,21503764,200
30075879690,-8858493063522987706,1360022899475969791300229105491816,8810189117224561148,195023,21503764,481
45507812500,-13401812750398722014,1359902379815784695884675306051735,8810189117224561148,195021,21503766,629
95583170306,-28141011551123688512,1359649317890664199418032331345081,8810445081273011481,195017,21503768,35
270880536,-79736105371777331,1359648600861608757318407843636819,8810445081273011481,195017,21503768,297
115429687500,-33970107846897635671,1359343123760248491393111069859124,8810445081273011481,195013,21503770,2
-271355746,79920000000000000,1359343842083639918912449648802447,8810445081273011481,195013,21503772,323
-732899560,215854826316695845,1359345782193385862444879782673565,8810445081273011481,195013,21503773,32
2350809434,-691670027618623227,1359339562332204173309464482028558,8810445081273011481,195013,21503773,41
-382465927,112643730000000000,1359340574777476403612304129989962,8810445081273011481,195013,21503774,130
-500000000,147260076532579492,1359341898355524411101697902972669,8810445081273011481,195013,21503774,416
-18674424,5500000000000000,1359341947789691739071622354726776,8810445081273011481,195013,21503779,83
-261768351,77096175017409019,1359342640732458313081081313169051,8810445081273011481,195013,21503779,153
820209760,-241326909413174243,1359340470593785217861511290728695,8810445081273011481,195013,21503780,107
-1086512010,320000000000000000,1359343346763520663384388483694955,8810445081273011481,195013,21503782,104
1495431289,-439994412851246825,1359339390102021139001092928277034,8810445081273011481,195013,21503782,382
-9942102110,2928198173348813582,1359365708836288553752646945377624,8810445081273011481,195013,21503783,261
-75074824465,22115078200047119698,1359564479831963511798015407438219,8810445081273011481,195016,21503784,137
16217007253,-4772877089853911186,1359521559607361088333601436623893,8810445081273011481,195015,21503787,120
500000000,-147151743063058030,1359520236341384612523284904634658,8810445081273011481,195015,21503792,22
-297118806,87530574776393416,1359521023068853668817060620059472,8810445081273011481,195015,21503792,163
451402183,-132849143543857386,1359519828419385057321959009981100,8810445081273011481,195015,21503793,46
-796353740,234604222200650673,1359521937049271623722300126044373,8810445081273011481,195015,21503793,293
1475467403,-434234616820902734,1359518032182891611641837206668090,8810445081273011481,195015,21503795,217
1200000000,-353161869469871110,1359514856365355710549186120138060,8810445081273011481,195015,21503796,81
-1253125000,369165751782866266,1359518174438363963280528492681505,8810445081273011481,195015,21503797,95
200000000,-58860438477262036,1359517645134300170902380441746894,8810445081273011481,195015,21503801,34
-6788854828,2000000000000000000,1359535621195146705420362897786023,8810445081273011481,195016,21503801,59
-543100630,160000000000000000,1359537059280014428181801494269153,8810445081273011481,195016,21503802,217
-113507886,33440000000000000,1359537359839751782238942160934127,8810445081273011481,195016,21503804,330
147481404,-43405329921441892,1359536969516164122536697835312773,8810445081273011481,195016,21503804,409
24992692950,-7355252745431371713,1359470833204930573788292044266314,8811243762759472724,195015,21503809,141
671642017,-197651770354744108,1359469055977219648048443341100114,8811243762759472724,195015,21503809,288
113111702042,-33279302632616629512,1359169818086596066374468203708416,8811243762759472724,195010,21503810,29
2500000000,-735375185163653960,1359163205805033121985521497820352,8811243762759472724,195010,21503810,103
363000000,-106775881999094565,1359162245707099231797443843867107,8811243762759472724,195010,21503811,7
-10530000,3100480604306940,1359162273571787249788177330802039,8811243762759472724,195010,21503812,189
-99140539,29191204788764672,1359162535919441732222090676945950,8811243762759472724,195010,21503814,273
-101887368,30000000000000000,1359162805535913249089632615258693,8811243762759472724,195010,21503815,217
-401000000,118071670628444349,1359163866671487280520682175675244,8811243762759472724,195010,21503822,93
-77582638404,22847139030803960572,1359369198838478636145123099241941,8811243762759472724,195013,21503826,28
-225000000,66269789789023535,1359369794419375005513900775149118,8811243762759472724,195013,21503829,50
135000000,-39722128906615184,1359369437249448811091568724921808,8811243762759472724,195013,21503837,393
2890128058,-850380469031644761,1359361790873543952965485180349715,8811243762759472724,195013,21503838,669
169651939,-49917454611438650,1359361342030189627820342247692077,8811243762759472724,195013,21503842,161
99125000,-29165980132358868,1359361079778108533351124128273862,8811243762759472724,195013,21503844,72
-46370572,13657468161445169,1359361202520721051444677841735400,8811243762759472724,195013,21503844,111
6029844600,-1774166583829017230,1359345249726516778827891639874250,8811243762759472724,195013,21503847,91
555000000,-163296054933888989,1359343781415489802015549526877408,8811243762759472724,195013,21503847,99
-385621157,113573712976995496,1359344802126948132915402915690416,8811243762759472724,195013,21503847,258
-90959667,26789600431733368,1359345042890866191272133999773417,8811243762759472724,195013,21503847,306
-3000000,883565412522222,1359345050831659153891689424475294,8811243762759472724,195013,21503849,432
-336562295,99125000000000000,1359345941689417124208192578983649,8811243762759472724,195013,21503856,205
-346731679,102120243063045052,1359346859466070627644069929933076,8811243762759472724,195013,21503859,151
-18932595926,5576282754933981583,1359396974722089482894504161275861,8811243762759472724,195014,21503861,96
-106917791,31492033405294977,1359397257747787070459643215355871,8811243762759472724,195014,21503863,385
-3063430583,902321794995392324,1359405367108405051259231480407555,8811243762759472724,195014,21503865,64
-1224755249,360750000000000000,1359408609246475041591423288618291,8811243762759472724,195014,21503866,226
-3785946345,1115156250000000000,1359418631396252207652083776837289,8811243762759472724,195014,21503867,441
-29990000,8833665719440073,1359418710786311602150193263800925,8811243762759472724,195014,21503870,63
-305546793,90000000000000000,1359419519635726152752819078739154,8811243762759472724,195014,21503871,87
-4002491906,1178959495266158306,1359430115199031985042963266467058,8811243762759472724,195014,21503871,305
-50000000000,14729367543917418752,1359562491202527521174826789745512,8811243762759472724,195016,21503873,242
54670515790,-16088995727854809831,1359417823593443173337537346993709,8811243762759472724,195014,21503874,2
71992187500,-21181371174099658089,1359227366813124686104920315665480,8811243762759472724,195011,21503877,8
45273437500,-13317204224022370680,1359107623316053491388132134062685,8812388986333767254,195009,21503879,69
-1698254748,500000000000000000,1359112116339940419928495533432465,8812388986333767254,195009,21503879,89
-3787598344,1115156250000000000,1359122138111419114761307264494732,8811243762759472724,195010,21503879,145
153320312500,-45082787839958485647,1358716818442597364784495295472026,8812388986333767254,195004,21503881,2
743437500,-218537197262397400,1358714853674518360550502881708160,8812388986333767254,195004,21503881,97
-249075400,73290170000000000,1358715512263487334657505052511338,8812388986333767254,195004,21503882,51
112996467400,-33208565988388931513,1358416926568470348831058447826944,8801740308980245045,194999,21503882,56
-61939857,18217738212886011,1358417090471993307702741428699342,8801740308980245045,194999,21503886,184
-123249055,36250000000000000,1358417416610322765992834303252579,8801740308980245045,194999,21503887,726
-3109102238,914454602630896121,1358425643884708075922465702911253,8801740308980245045,194999,21503889,90
-19763839514,5813233974528442368,1358477894002153090680164998595047,8812388986333767254,195000,21503892,317
-45000000,13236578429139844,1358478012946679217336912153583216,8812388986333767254,195000,21503894,114
3511923,-1031985807391575,1358478003668566393761960063980784,8812388986333767254,195000,21503895,74
-13479690,3965000000000000,1358478039298245817105285145737786,8812388986333767254,195000,21503895,178
-3706888087,1090375000000000000,1358487837460087236519682628913433,8812388986333767254,195000,21503896,132
-24000000,7059611552431773,1358487900898093911544943987115830,8812388986333767254,195000,21503901,19
-100250000,29488592884541528,1358488165883998355857088796278991,8812388986333767254,195000,21503901,27
28739193704,-8444727779263645720,1358412214848841482413003729781357,8801740308980245045,194999,21503903,207
-1047625746,308125924453274784,1358414987032959109511899397464426,8801740308980245045,194999,21503907,349
-7580058365,2229471501083067136,1358435045408433263936922333242663,8801740308980245045,194999,21503909,81
29908561,-8788137993102057,1358434966302710909815440103274174,8801740308980245045,194999,21503911,137
2156326000,-633598194116370500,1358429263019163566420107154958839,8801740308980245045,194999,21503913,80
10174776817,-2989606135778131703,1358402352318272129422652505535432,8801740308980245045,194999,21503916,435
-29710103,8738141581578932,1358402430934627935937786486568310,8801740308980245045,194999,21503916,642
-20221785,5947500000000000,1358402484443806265680692069227768,8801740308980245045,194999,21503918,148
-4626444272,1360712009090819018,1358414726660124023290530234145621,8801740308980245045,194999,21503919,122
29992142,-8812432975535573,1358414647335712324908363010216683,8801740308980245045,194999,21503920,215
-2273899669,668799543234862412,1358420664471319858301083536287052,8801740308980245045,194999,21503921,65
-1550591410,456063461122845993,1358424767637536067151341050850684,8801740308980245045,194999,21503924,246
12055577881,-3542196525579851042,1358392882838378817576218409832509,8801740308980245045,194999,21503926,78
2396758714,-704201124462267105,1358386544028192075288770219973084,8801740308980245045,194999,21503928,77
399112500,-117264178191438041,1358385488484056403180824677540639,8801740308980245045,194999,21503928,252
1000000000,-293811541814729785,1358382843762925547531794814822553,8801740308980245045,194999,21503932,256
-150375000,44226052517780862,1358383241661156904322259825726074,8801740308980245045,194999,21503932,289
7000000000,-2056649963812159048,1358364728890744714770242880615803,8801740308980245045,194998,21503933,168
-1740485176,511873477911299345,1358369334175185542249476597049518,8801740308980245045,194999,21503934,298
-5223429526,1536221821443683823,1358383155439144797826051328505669,8801740308980245045,194999,21503934,355
123632812500,-36315951662001991147,1358056260300327572853629810098687,8801740308980245045,194994,21503935,2
936000000,-274874347980764772,1358053786040834753800311244269641,8801740308980245045,194994,21503938,21
3500000000,-1027833238211506317,1358044534082020256747395015796931,8801740308980245045,194994,21503939,6
1000000000,-293664067228447963,1358041890688370112695710911132486,8801740308980245045,194994,21503939,225
45273437500,-13293984403653020095,1357922225949372973883080077879850,8801740308980245045,194992,21503940,67
1000000000,-293611173747509824,1357919583031839274602700990641007,8801740308980245045,194992,21503943,207
512158448,-150375000000000000,1357918229443285210249897940538215,8801740308980245045,194992,21503943,796
-77139484805,22674997402182615040,1358122234568063662820579754813664,8801740308980245045,194995,21503945,2
-40916812716,12030180912983111372,1358230469136506181967500892096238,8801740308980245045,194996,21503946,32
-12113018223,3561784080418734080,1358262514220916634323634616502798,8801740308980245045,194997,21503946,173
17581339628,-5164498554284225148,1358216026399599520276872933296109,8801740308980245045,194996,21503949,192
-134561673,39565551895626345,1358216382367682260548838437919107,8801740308980245045,194996,21503952,274
-129051077,37945275196954139,1358216723697533537750236740200036,8803306395541422909,194996,21503953,349
495008000,-145403070459276716,1358215415096244565790386213294775,8803306395541422909,194996,21503953,442
2656957241,-780446721635242694,1358208391217156731435803620620126,8803306395541422909,194996,21503957,131
5138428263,-1509323742372317508,1358194807576945381377880219129545,8803306395541422909,194996,21503957,274
-51145066469,15039353552142206976,1358330091358249199825119230015196,8803306395541422909,194998,21503958,78
4000000000,-1175143450521047479,1358319515280115351256361366459774,8803306395541422909,194998,21503959,75
-64042183395,18835719208655286272,1358488884215980126697208330379275,8813955072894945118,195000,21503960,6
-11321092224,3330183047079293015,1358518804082752014126077344143700,8813955072894945118,195001,21503960,158
-1784345500,524891814293206293,1358523519947595263709410178711377,8813955072894945118,195001,21503963,108
1000458708,-294006057167384066,1358520877143146547042383382331289,8813955072894945118,195001,21503966,38
-55247172,16251773980631663,1358521023156415317294503286052451,8813955072894945118,195001,21503967,328
-131161919868,38593072707724931906,1358867760731319980162640635099446,8813955072894945118,195006,21503972,2
-135377073303,39854004875650366024,1359225841488106586421450798348292,8812809849320650588,195011,21503974,2
-30032988,8843819318643167,1359225920955294284919809699887991,8812809849320650588,195011,21503974,263
-140000000,41225837237510401,1359226291394945723163674515440193,8812809849320650588,195011,21503976,251
-149769412,44102663494052701,1359226687684660789764167713347452,8812809849320650588,195011,21503976,377
-166073309,48903709166871326,1359227127114741334735303129328310,8812809849320650588,195011,21503977,204
-136447624103,40190504003646101835,1359588263656577085024496761612717,8812809849320650588,195016,21503978,2
-1014405843,298872150141668262,1359590949207739702577854271497564,8812809849320650588,195017,21503978,134
-114333591881,33693421127608101683,1359893708315653263375880403331212,8812553885272200255,195021,21503980,28
-10000000,2947596088065726,1359893734802396904266037687025381,8812553885272200255,195021,21503980,289
-610967702218,180303167354745466369,1361514002896637686881687057454905,8811087988339024697,195045,21503981,63
184390409079,-54406414679495964619,1361024804190714118195445722759476,8812219196205464991,195038,21503981,112
75000000000,-22118390179537316183,1360825944020230289022798448740143,8812219196205464991,195035,21503981,288
14323871765,-4223544724530428141,1360787971327952565237286324271862,8812219196205464991,195034,21503981,411
31682621707,-9341118083424183005,1360703987985607070435912109940120,8812219196205464991,195033,21503982,50
5000000000,-1474065292390398358,1360690735082797704134262369578142,8812219196205464991,195033,21503984,284
1034654164,-305025972611263240,1360687992680822555485311650418624,8812219196205464991,195033,21503985,81
917300589,-270427984752704175,1360685561339539803683769814685830,8812219196205464991,195033,21503986,131
2834819150,-835722593508283123,1360678047594819991460190999564615,8812219196205464991,195032,21503986,159
227410600584,-67012026964121024590,1360075576634406090934624884963589,8812553885272200255,195024,21503987,2
182021144267,-53594185078560328236,1359593750659838277078851675859664,8812809849320650588,195017,21503991,2
2422914860,-713145351713552196,1359587339402045598277646761440039,8812809849320650588,195016,21503991,544
-776275040,228711781373121040,1359589394518890977721873441436975,8812809849320650588,195016,21503993,189
47968750000,-14117474943121144420,1359462476814071682411189876663648,8812809849320650588,195015,21503995,21
76681441218,-22562309070595460824,1359259639090314373018677494062561,8812809849320650588,195012,21503996,2
-5441031074,1602317896478363352,1359274036907868570247916623237752,8812809849320650588,195012,21503997,12
41054687500,-12077185398940287268,1359165461638021360052754694776163,8812809849320650588,195010,21503997,72
49902229106,-14677296731324608413,1359033521663277376834436335231456,8813955072894945118,195008,21503997,269
-227608585,67004998775520652,1359034123666412961928762597500192,8813955072894945118,195008,21504000,339
20098366055,-5910553152609370396,1358980994025763418065307883612296,8813955072894945118,195008,21504005,305
-5864847633,1726420127632662328,1358996504962994444164684752345851,8813955072894945118,195008,21504008,135
-673469470,198250000000000000,1358998286130426885739011108515680,8813955072894945118,195008,21504017,198
-35630305826,10489276109336608768,1359092526518804377964452388085768,8813955072894945118,195009,21504018,37
509238092,-149775966549090326,1359091180190791545831661464466272,8813955072894945118,195009,21504018,81
402842382,-118482888494840560,1359090115154554443086051803649518,8813955072894945118,195009,21504020,128
-40134998517,11817122041247563776,1359196296069330223946040195785346,8812809849320650588,195011,21504021,8
-49811538542,14668795992425669219,1359328104275993124533946237048411,8812809849320650588,195013,21504022,21
-7602427333,2239057939377668780,1359348223596744199843270073419441,8812809849320650588,195013,21504023,67
234607406,-69028207642279937,1359347603025309361438897173672790,8812809849320650588,195013,21504023,136
-581716465,171329021460062655,1359349142522557780540884976280760,8812809849320650588,195013,21504029,298
-403872270,118950000000000000,1359350211361894740968149880925559,8812809849320650588,195013,21504030,166
-339530631,100000000000000000,1359351109923758516022597047503784,8812809849320650588,195013,21504030,377
-169765147,50000000000000000,1359351559204690403549820630792896,8812809849320650588,195013,21504034,101
-454354643,133818750000000000,1359352761648944484030493648518294,8812809849320650588,195013,21504035,62
1750000000,-514901964079848714,1359348132621745834455717832673491,8812809849320650588,195013,21504039,14
-3368134302,992000000000000000,1359357046355434482995833725129486,8812809849320650588,195013,21504039,377
109749806,-32291958417204442,1359356756047056891102079744729408,8812809849320650588,195013,21504044,79
9927431412,-2920915791225933639,1359330496682001423740814878516316,8812809849320650588,195013,21504047,446
1351562228,-397657021675379249,1359326921700165106922382416432224,8812809849320650588,195013,21504047,705
49811538542,-14654106077634904390,1359195179620434471880786233358373,8812809849320650588,195011,21504049,2
37043463301,-10896011809343353557,1359097225548738555926587660976237,8813955072894945118,195009,21504049,81
-8134508957,2394954700895915468,1359118743385047732990759895551405,8812809849320650588,195010,21504049,239
12320815779,-3623827273815440793,1359086168515994377297156990090171,8813955072894945118,195009,21504049,409
6199198049,-1823257002678982815,1359069779358014919248212680896296,8813955072894945118,195009,21504053,9
227327027,-66858714361742623,1359069178368669825265061050974718,8813955072894945118,195009,21504055,30
335568610,-98693329939781804,1359068291219697669828899466914523,8813955072894945118,195009,21504055,587
81484375000,-23961372888579499004,1358852907707712409782226781827943,8814117328587267773,195006,21504058,16
96982057,-28514110748700009,1358852651400640909767466901436001,8814117328587267773,195006,21504058,347
15000000,-4410213451796445,1358852611758201961484531163026961,8814117328587267773,195006,21504061,326
32930551808,-9681430492526727285,1358765587508372125858761776407372,8814117328587267773,195004,21504062,245
698057647,-205212309874787670,1358763742900043172154268887505500,8814117328587267773,195004,21504063,191
158203125000,-46493579399395723514,1358345713654713340312520473259529,8803468651233745564,194998,21504064,6
1189609807508,-348696751203057816755,1355228358284735441564020000687849,8912625543120859707,194952,21504065,2
-3000000000,878226931195609539,1355236161318256785111858198954232,8912625543120859707,194952,21504066,15
-282746518910,82817288152109973504,1355972031441809501440728743062149,8911211583570637388,194963,21504066,42
276194992278,-80818486251327882231,1355253561428953271039981067236135,8912625543120859707,194953,21504066,70
-9905823659,2900000000000000000,1355279327886810683435611957269066,8912625543120859707,194953,21504066,251
87333983577,-25538287697922505290,1355052307061322424251786423082692,8912625543120859707,194950,21504066,269
-20643437354,6041842117476678206,1355105988740736597390215354136822,8912625543120859707,194950,21504066,290
-4479144606,1311002077649411388,1355117636975145126235619071298243,8912625543120859707,194951,21504066,306
-2372463325,694406079370582315,1355123806763069275572275937685516,8912625543120859707,194951,21504066,324
-1269888641,371691543993771985,1355127109237036265941682144482688,8912625543120859707,194951,21504066,331
-2579264317,754946368693796674,1355133816924551284987442441612995,8912625543120859707,194951,21504066,373
-1642067724,480634380871199243,1355138087354040781971485040080791,8912625543120859707,194951,21504066,567
-7262016564,2125633692175034947,1355156973578506204023430601950716,8912625543120859707,194951,21504066,642
-140494316940,41135152630244786176,1355522458811852903659222007818312,8912625543120859707,194957,21504067,5
-120370390430,35260746618238461105,1355835768137227689540507728800050,8911211583570637388,194961,21504068,2
-50416167045,14773523333348507214,1355967051505043344638612631766462,8911211583570637388,194963,21504071,5
3000000000,-878295501213619333,1355959242719666281742940617656106,8911211583570637388,194963,21504071,84
-36545595212,10710674683285764759,1356054422008470432004844894895484,8911211583570637388,194964,21504072,115
-750000000,219823521871554891,1356056375447174607046090332922244,8911211583570637388,194964,21504072,171
-38423415822,11262674861747435126,1356156460027751621440404572266045,8911211583570637388,194966,21504073,81
-27944716460,8192201918777341562,1356229259172103004322289535053282,8911211583570637388,194967,21504073,100
-167038499029,48986936362346746600,1356664944453993211605290494998162,8898850470212225743,194973,21504074,2
-1013678808,297375000000000000,1356667590716526680595322962154943,8898850470212225743,194973,21504074,185
-27175620378,7972731028215000536,1356738537969689828315100442258754,8898850470212225743,194974,21504077,368
-60441810934,17735291895392031632,1356896359704747960854069285300122,8898850470212225743,194977,21504084,10
-1731548527,508144820613861408,1356900881552920694884702590229358,8898850470212225743,194977,21504085,119
-86764172943,25466384005233526626,1357128108337983148542820594704532,8790894055225849992,194980,21504087,2
193444466,-56731134261019507,1357127597047152362261889782428196,8790894055225849992,194980,21504087,143
-3639608118,1068457133540830187,1357137221730254724635208164759082,8790894055225849992,194980,21504088,176
-67805281258,19907946420128851498,1357316552907423778121567234652182,8790894055225849992,194983,21504089,23
-40709850649,11955129656411623424,1357424244953064670603533721781699,8790894055225849992,194985,21504090,131
-83258595056,24456189652257482085,1357644546795698451053028231000552,8790894055225849992,194988,21504091,34
23238224890,-6819916824868552704,1357583082117004792341481980156875,8790894055225849992,194987,21504094,155
21394856381,-6278382042847315539,1357526498034692749675796056634151,8790894055225849992,194986,21504094,698
1500000000,-440159674528965033,1357522531084117901620356704195367,8790894055225849992,194986,21504094,733
-10213371,3000000000000000,1357522558108177548636343022910642,8790894055225849992,194986,21504095,33
1080000000,-316913385414149856,1357519701918005672781148551080184,8790894055225849992,194986,21504095,203
35000000000,-10269619358705724269,1357427146705031914717191715434662,8790894055225849992,194985,21504097,118
-71891815,21114004434852112,1357427336900403659651695046335231,8790894055225849992,194985,21504099,34
-50627117,14868750000000000,1357427470838399285174677238467815,8790894055225849992,194985,21504101,135
203538565,-59717749600821347,1357426932630619662643013168448789,8790894055225849992,194985,21504101,284
828011660,-242936240518461072,1357424743161400322068096573201991,8790894055225849992,194985,21504102,339
92000000000,-26987655382689207818,1357181516211660483750070355293085,8790894055225849992,194981,21504103,97
-32026148941,9402984696169269988,1357266218484756902697961324019712,8790894055225849992,194982,21504103,338
-25009804813,7343778732534290432,1357332371389591067405985785583732,8790894055225849992,194983,21504103,341
1304950621,-382815063667030538,1357328921258820910975900776649342,8790894055225849992,194983,21504105,23
2790283065,-818539684143024359,1357321544148516515206078901153283,8790894055225849992,194983,21504105,178
17686210137,-5188107132885831024,1357274786197336186444508817979608,8790894055225849992,194982,21504106,24
-209465317979,61529449671380519534,1357828941310049913036081909672605,8803468651233745564,194991,21504107,2
-498000000,146345010514677144,1357830257705826644331903490147961,8803468651233745564,194991,21504109,181
-110944260,32602727466509849,1357830550972352068720527707441035,8803468651233745564,194991,21504110,291
1750000000,-513749429767606557,1357825927405786913262157309380795,8803468651233745564,194991,21504112,29
634701000,-186329007735047878,1357824250509384960933212505055486,8803468651233745564,194990,21504116,156
5000000000,-1467832609488475838,1357811040525328052647830895864945,8803468651233745564,194990,21504119,324
-136120385,40000000000000000,1357811400331452525684831717267983,8803468651233745564,194990,21504120,152
-81126692153,23843461147117794654,1358025875915186722855228608320470,8803468651233745564,194993,21504121,40
-72744408939,21386280562271794043,1358218248783336824276845808105155,8803468651233745564,194996,21504123,10
2320155362,-681518829219496218,1358212115350402935619957150188659,8803468651233745564,194996,21504124,284
299986529,-88117127139480659,1358211322326840760672356565801227,8803468651233745564,194996,21504125,86
-1506530485,442967562845764845,1358215306887892130700003484445329,8803468651233745564,194996,21504126,156
-70612481689,20765216903223946565,1358402093193336905881068095252531,8803468651233745564,194999,21504129,2
-51000742,15000000000000000,1358402228120633583269943403278670,8803468651233745564,194999,21504133,53
140681306,-41334879210364209,1358401856121066443643778590218316,8803468651233745564,194999,21504133,92
-110168639440,32409002016589991507,1358693068710796094665742620819456,8814117328587267773,195003,21504134,22
499249999,-146751990891903245,1358691749589419531470449402755436,8814117328587267773,195003,21504134,78
37146212064,-10918140284743188481,1358593608827209843905034158341887,8814117328587267773,195002,21504135,11
-2710060326,797293854977333973,1358600771943004256775506626902694,8814117328587267773,195002,21504135,287
-679810194,200000000000000000,1358602568796606723511412176321202,8814134699042425352,195002,21504138,139
301978361,-88753208317452070,1358601771015105494424761807086344,8814134699042425352,195002,21504141,431
84531250000,-24840131371309163019,1358378419806425721774939131130346,8803486021688903143,194999,21504142,2
140210698,-41195161388872676,1358378049065002008716618548558724,8803486021688903143,194999,21504147,659
38147162165,-11207143389984665728,1358277188863073497522871710747686,8803486021688903143,194997,21504148,18
318116090,-93451399770624622,1358276347834568429014006652051397,8803486021688903143,194997,21504151,35
15062148159,-4424600769039948643,1358236528041826486970674933484485,8803486021688903143,194997,21504153,26
-200031612,58817647647000000,1358237057114528815912323374481673,8803486021688903143,194997,21504153,43
-60230601722,17712396584589918563,1358396382519413635050797304797828,8803486021688903143,194999,21504153,381
-80247613772,23605381276616951469,1358608507059886881665676835665088,8814134699042425352,195002,21504154,5
-52921030879,15571114761869438015,1358748402128158322017166731970004,8814134699042425352,195004,21504155,47
-1400000000,411969766648663308,1358752103374954872173238311193833,8814134699042425352,195004,21504156,343
27488407525,-8080355245969808266,1358679470981593532313858107731626,8814134699042425352,195003,21504157,9
949461863,-279083641556114073,1358676962365051663185219066180525,8814134699042425352,195003,21504160,139
-47246417225,13902703530762776844,1358801867979668053706722266949429,8814134699042425352,195005,21504162,462
10189509932,-2995577722531703086,1358774941443288863156790786181991,8814134699042425352,195004,21504167,125
-44852115935,13200000000000000000,1358893533781051667726557047803537,8814134699042425352,195006,21504175,31
10000000000,-2940262116922318625,1358867104463507954173388243167610,8814134699042425352,195006,21504177,521
-4000000,1177258946320762,1358867115040317847836653221468830,8814134699042425352,195006,21504178,122
-505902814,148894801310189803,1358868452751118461753736062738679,8814134699042425352,195006,21504179,149
-52640000,15492759944173693,1358868591942226050957965010504531,8814134699042425352,195006,21504179,218
-166903158211,49138125448798873769,1359310087375152514594532094280833,8812989475468130822,195012,21504184,57
1381319578,-406400010389815297,1359306433867320854250694283982930,8812989475468130822,195012,21504185,18
10006748198,-2944034476189508054,1359279967202113047501913897088210,8812989475468130822,195012,21504187,14
250000000,-73549760213988291,1359279305994883498472383952924506,8812989475468130822,195012,21504188,68
2471048268,-726976181122540397,1359272770529570360055872601530767,8812989475468130822,195012,21504191,309
399999990,-117678332929114112,1359271712609540877629610891548302,8812989475468130822,195012,21504192,76
346125542,-101828546397208577,1359270797177990096070811507268619,8812989475468130822,195012,21504193,17
2000000000,-588388139303001658,1359265507609535268475642326924938,8812989475468130822,195012,21504195,42
1905273926,-560516030904892866,1359260468609396666318438287550071,8812989475468130822,195012,21504198,254
-420000000,123683866270494564,1359261579962798574515565524157496,8812989475468130822,195012,21504200,142
452727716,-133188403834131420,1359260382608310252547716707672971,8812989475468130822,195012,21504201,189
1226950485,-360956567892986296,1359257137633866424843641337165995,8812989475468130822,195012,21504202,60
339825437,-99972941824838633,1359256238884071707010155326862469,8812989475468130822,195012,21504202,287
250000000,-73547192389129250,1359255577699926724892518330482098,8812989475468130822,195012,21504203,25
9988909134,-2938566344820627427,1359229160192839661276544513073215,8812989475468130822,195011,21504203,288
-80421431451,23685534773878014483,1359441985037669432918572606247498,8812989475468130822,195014,21504208,2
-1485822975,437670945323354696,1359445917701715831035993590412057,8812989475468130822,195014,21504209,320
-83843004999,24701290267932949643,1359667869552014174369797550585559,8812989475468130822,195018,21504210,9
-42195328268,12434369236148277275,1359779597774682716617151762537736,8812989475468130822,195019,21504211,45
455510000,-134109086099065813,1359778392143324858691032722303770,8812989475468130822,195019,21504215,69
22756561097,-6699575705056830418,1359718163423636223782995330101817,8812989475468130822,195018,21504218,38
2465690567,-725868446881977042,1359711637916776874318365974942228,8812989475468130822,195018,21504219,89
52773437500,-15534169407602590658,1359571986814074941676002052019618,8812989475468130822,195016,21504227,11
9853440,-2900119556635720,1359571960742201806740023608232594,8812989475468130822,195016,21504227,38
95034594,-27971107973620709,1359571709283886282047846757541875,8812989475468130822,195016,21504227,162
350640712,-103202427138733634,1359570781501243176169290021033963,8812989475468130822,195016,21504228,245
1000000000,-294324510876538864,1359568135544358220383186764391462,8812989475468130822,195016,21504229,9
4714796812,-1387664831802047403,1359555660534020879436538469146064,8812989475468130822,195016,21504229,148
4280000000,-1259672845144814869,1359544336162742807776298864178466,8812989475468130822,195016,21504235,67
3495517407,-1028771431563681441,1359535087579115555665194673134606,8812989475468130822,195016,21504235,401
92352357,-27180182851866621,1359534843231161873271561020970680,8812989475468130822,195016,21504237,293
-1146010185,337620000000000000,1359537876893893046763818878016447,8812989475468130822,195016,21504238,314
-1508611625,444446390077834489,1359541870438261223183118337964124,8812989475468130822,195016,21504239,81
32898635032,-9681861820219191664,1359454831173790499247988390219838,8812989475468130822,195015,21504242,42
1000000000,-294274310422951990,1359452185668204130183429423328761,8812989475468130822,195014,21504244,6
2000000000,-588545184904005673,1359446894687920270778880845908404,8812989475468130822,195014,21504245,117
-847122370,249533808452836838,1359449136857859466194048019639364,8812989475468130822,195014,21504245,155
75901972,-22335853516331189,1359448936060089627408395879878176,8812989475468130822,195014,21504246,95
-786257463,231605718490296100,1359451017138332950288141969305930,8812989475468130822,195014,21504246,246
-23763634,7000000000000000,1359451080036381401844465069238754,8812989475468130822,195014,21504247,151
92858355388,-27320793934853618099,1359205467998841287644855420121879,8812989475468130822,195011,21504253,28
85257542866,-25075790740617620930,1358980055923005004548009117830604,8814134699042425352,195008,21504254,2
28515645440,-8385112927697923474,1358904684135255007486286564925465,8814134699042425352,195006,21504254,210
94981622,-27928082770927735,1358904433096354872765523180547324,8814134699042425352,195006,21504261,324
48859814510,-14365210898211011086,1358775307628857899927382994661659,8814134699042425352,195005,21504264,2
43719391612,-12851567708247525491,1358659787940344094327683615279699,8814134699042425352,195003,21504265,32
321437870,-94480426409604895,1358658938678240258950538830903805,8814134699042425352,195003,21504266,107
82665326574,-24293948653617460970,1358440566146192262736434157443971,8814134699042425352,195000,21504267,2
51238207383,-15054125432721765465,1358305090427781363280990639123161,8803486021688903143,194998,21504268,102
-36474985,10726248400292357,1358305186911837663067683525796277,8803486021688903143,194998,21504269,170
-42370718518,12461043670784904644,1358417275686422945050319457080516,8803486021688903143,194999,21504273,39
-57585063589,16938811746155776683,1358569480737715173405492539786495,8814134699042425352,195001,21504276,2
-321370096,94542586071862333,1358570330133647022141902159692908,8814134699042425352,195001,21504276,58
633853196,-186284204455958231,1358568655669195499688050740898021,8814134699042425352,195001,21504277,42
-27702118802,8150000000000000000,1358641877453496019176201879702233,8814134699042425352,195003,21504277,223
-3799417515,1117862167765335727,1358651920626812071267215405879250,8814134699042425352,195003,21504278,34
-162424285,47788736639770175,1358652349973630013792880561364355,8814134699042425352,195003,21504279,62
-891221968,262217310756942816,1358654705804227327554272362508097,8814134699042425352,195003,21504280,211
-1930029269,567860623241339762,1358659807616260178590315642478410,8814134699042425352,195003,21504281,483
-733772433,215894462102658708,1358661747269970087492762431014125,8814134699042425352,195003,21504283,247
-309000000,90915822245607372,1358662564082083703717819693402640,8814134699042425352,195003,21504283,422
-509811438,150000000000000000,1358663911722285553769748855466521,8814134699042425352,195003,21504284,335
-7773253060,2287133361168643408,1358684459941382242425233973231123,8814134699042425352,195003,21504285,150
-40783637,12000000000000000,1358684567752598390429388306196233,8814134699042425352,195003,21504285,220
-110259538320,32449250154766262926,1358976100512788070665185440825344,8814134699042425352,195007,21504286,31
-144995546436,42693219177282469888,1359359699626593874140979550505664,8812989475468130822,195013,21504289,2
-40743130,12000000000000000,1359359807451819791094676293247649,8812989475468130822,195013,21504289,150
-98243976690,28941157110962115265,1359619856352135419515159136601040,8812989475468130822,195017,21504290,70
-46470379976,13693313619411509531,1359742896738349148259052598415077,8812989475468130822,195019,21504291,5
-886274025,261180291604862776,1359745243557011427440198742482839,8812989475468130822,195019,21504291,125
-9074708848,2674320822413647550,1359769273608148260410278193310333,8812947703073996023,195019,21504292,185
5999000000,-1766151149576907682,1359753395956876753807841768723810,8812947703073996023,195019,21504293,145
24994703496,-7358186583962128770,1359687246057645979232559794080899,8812947703073996023,195018,21504294,160
-3978216588,1172270591869115363,1359697779469356619226360615091312,8812947703073996023,195018,21504296,353
-20000000,5893493694893604,1359697832425215047266118451047217,8812947703073996023,195018,21504301,125
4446699408,-1309008465596761042,1359686064474361478335045153758296,8812947703073996023,195018,21504301,360
9900000000,-2914256341639709107,1359659865388332280585508442065239,8812947703073996023,195018,21504302,17
-76450833032,22530222025147510581,1359862312167687637434152688664606,8812691739025545690,195020,21504303,28
914344026,-269229326409605626,1359859891732994349869193094709565,8812691739025545690,195020,21504304,33
49900729266,-14692218145389688600,1359793939552315552221261954924518,755235175791275864833,195019,21504306,117
26236681,-7724647943995695,1359793870107938563702754748489383,8812947703073996023,195019,21504308,215
-40946969590,12068702798733051675,1359902316297453158135772668035238,8812691739025545690,195021,21504310,291
-47180986137,13908502913317125251,1360027294475426239095308235933969,8812691739025545690,195023,21504311,56
-71826850,21175816629189600,1360027484755788971319903853098447,8812691739025545690,195023,21504313,41
-8546857,2519763897621917,1360027507397729862428350049032585,8812691739025545690,195023,21504314,340
3579418211,-1054213157711789572,1360018029774563492495215084643437,8812691739025545690,195023,21504319,89
10197350,-3003310717494352,1360018002774096818644992668135918,8812691739025545690,195023,21504320,382
401157924,-118148437190436475,1360016940591978150177682869245513,8812691739025545690,195023,21504325,63
-231998632,68396250000000000,1360017555182833720028782883892469,8812691739025545690,195023,21504325,307
97156704,-28614446371804379,1360017297932259827641865084994768,8812691739025545690,195023,21504327,294
-200000000,58962659385936983,1360017827755331687235354906047863,8812691739025545690,195023,21504331,274
-20291595,5982234629027361,1360017881510131093248351273839982,8812691739025545690,195023,21504334,37
2000000000,-589035097145651794,1360012585946665892380375745244878,8812691739025545690,195023,21504335,240
96050205258,-28283071982541911786,1359758315563510389825140636360485,8812947703073996023,195019,21504346,2
83661997544,-24626607634242548313,1359536923024083402003400085648471,8812947703073996023,195016,21504348,39
1000000000,-294309851473842688,1359534277186444539660703469275196,8812947703073996023,195016,21504350,93
97146259,-28591039753757879,1359534020153767122046607423841827,8812947703073996023,195016,21504350,226
120000000000,-35308854211646086579,1359216594505286648507033171073918,8812947703073996023,195011,21504355,223
100000000,-29417169491061520,1359216330045725140552864979229941,8812947703073996023,195011,21504357,78
-16050853044,4726578659214316058,1359258800614675306541682597555810,8812947703073996023,195012,21504357,134
-140000000,41227831766786367,1359259171066454058532666610653388,8812947703073996023,195012,21504358,288
3542300662,-1042102893348202421,1359249802589507125351943295381185,8812947703073996023,195011,21504360,179
1000000000,-294185554199072280,1359247157869297415817565946551100,8812947703073996023,195011,21504362,124
-3289991,968834618724085,1359247166574739648459625525377710,8812947703073996023,195011,21504362,162
83873758,-24674396207579136,1359246944752582234142165507490901,8812947703073996023,195011,21504365,16
-227520139,66999999984041984,1359247546779613654873499200496656,8812947703073996023,195011,21504365,54
-2991315518,880886395530214265,1359255461965014345526149697065949,8812947703073996023,195012,21504368,57
97141304,-28577856425184901,1359255205050854696750567735661524,8812947703073996023,195012,21504368,237
-339578096,100000000000000000,1359256103598663001409876365262122,8812947703073996023,195012,21504369,361
-1669976237,491781651424064719,1359260522491913516802766878831831,8812947703073996023,195012,21504374,127
-216468728,63746859105205294,1359261095287918869684087065330904,8812947703073996023,195012,21504376,68
-1150040726,338670992117139253,1359264138408695901884336959735794,8812947703073996023,195012,21504377,527
-73048911,21511939205487181,1359264331703754156620139131091543,8812947703073996023,195012,21504378,186
292368884,-86012659190475459,1359263558452264391164056108873203,8812947703073996023,195012,21504381,94
944411225,-277837793005328896,1359261060697987561330314106663040,8812947703073996023,195012,21504386,16
-118851360,35000000000000000,1359261375189720467961072127023249,8812947703073996023,195012,21504387,186
250000000,-73547748224527346,1359260713997444601108191640349251,8812947703073996023,195012,21504387,217
345283825,-101579273626624428,1359259800802510270116076568704085,8812947703073996023,195012,21504387,245
2000000000,-588378619337537029,1359254511294567708181778366215743,8812947703073996023,195012,21504388,160
17345036,-5102703869821996,1359254465421397336433323247593183,8812947703073996023,195012,21504390,291
711223769,-209233311502979964,1359252584419561665310680477221537,8812947703073996023,195012,21504393,154
-1044779103,307668993050689961,1359255348972555555299880839357889,8812947703073996023,195012,21504398,96
-67915640,20000000000000000,1359255528682117216231742565278008,8812947703073996023,195012,21504401,13
-221980000,65369367835550098,1359256116057139205178039666871223,8812947703073996023,195012,21504402,290
1203651955,-354100166561757469,1359252932706177880695968138130526,8812947703073996023,195012,21504402,659
1000000000,-294186909115983290,1359250287973787504620090950701277,8812947703073996023,195011,21504403,77
595368891,-175149189973632750,1359248713387286482667946861750607,8812947703073996023,195011,21504403,179
50553384621,-14870617856680707234,1359115026933226887072183883070781,8812947703073996023,195010,21504404,24
-679295846,200000000000000000,1359116824028843496390801142271978,8812947703073996023,195010,21504405,175
-45008659446,13252741868865873065,1359235906250446464639434711753257,8812947703073996023,195011,21504406,276
-4262321884,1255155572727761014,1359247184423336023730119153570084,8812947703073996023,195011,21504407,204
-57171473120,16837695005762244962,1359398479162779323461105845251225,8812947703073996023,195014,21504408,18
5000000000,-1471238120675262762,1359385252771695511322800487167614,8812947703073996023,195013,21504410,69
-6188919,1822879673880396,1359385269151140869006212688522424,8812947703073996023,195013,21504411,122
-33932671604,9995163411974989423,1359475080472915639478926015063634,8812947703073996023,195015,21504414,418
2225725299,-654991727069699084,1359469192114928484284309957330304,8812947703073996023,195015,21504417,86
108903227,-32048154454437983,1359468904002883009102178136069727,8812947703073996023,195015,21504417,353
26434185,-7779077085607048,1359468834069189503297172749332848,8812947703073996023,195015,21504419,12
-158602133413,46734726088852785098,1359888770657783070279948384662391,8812691739025545690,195021,21504422,2
9908722891,-2917693796530420497,1359862539907278692178490688264920,8812691739025545690,195020,21504422,331
-11950502933,3522446017868000000,1359894191688068137639830517459747,8812691739025545690,195021,21504423,97
-98385170,29000000000000000,1359894452274501041866040293942547,8812691739025545690,195021,21504426,93
300000000,-88339520210460342,1359893658081526757666721518767623,8812691739025545690,195021,21504428,94
-42311316138,12472693687879746593,1360005734452451986678743766234661,8812691739025545690,195023,21504430,576
-17976962774,5299941060582178506,1360053358339885771208285830056319,8812691739025545690,195023,21504431,77
-196094011,57814187189410173,1360053877843086148643054174759587,8812691739025545690,195023,21504431,187
-684800785,201899428385746510,1360055692058667129469171016149254,8812691739025545690,195023,21504431,194
-105107814,30988925091451629,1360055970517061926629582527370472,8812691739025545690,195023,21504431,223
3000000000,-883600416009941996,1360048026742398018085084110262117,8812691739025545690,195023,21504432,143
-150465789,44361315770256564,1360048425361606139090393413082750,8812691739025545690,195023,21504435,36
4716595,-1389187581964276,1360048412872484453457290298120101,8812691739025545690,195023,21504436,148
-84329379362,24866634979834969645,1360271857965854337932679403631086,8812691739025545690,195027,21504439,10
-712195810,210043611735935048,1360273745362941806469891324846695,8812691739025545690,195027,21504439,240
-675934912,199349943167868841,1360275536669513867682363701371737,8812691739025545690,195027,21504439,246
-791058169,233303309209841899,1360277633072173583006734269451140,8812691739025545690,195027,21504439,253
-422647741,124649935420321694,1360278753143967821758084123484821,8812691739025545690,195027,21504439,259
-666976257,196709258953445823,1360280520722040577350109958487586,8812691739025545690,195027,21504439,276
-380177308,112124754531842614,1360281528245827601999723737214194,8812691739025545690,195027,21504439,290
-458306383,135167390478790756,1360282742824728630991164994854258,8812691739025545690,195027,21504439,303
-357272723,105369901399816191,1360283689651167984375061545877639,8812691739025545690,195027,21504439,317
-386496856,113989095684942180,1360284713927438140154596797380326,8812691739025545690,195027,21504439,324
-330745912,97546667076840590,1360285590456335217741219014260661,8812691739025545690,195027,21504439,331
-190006418,56038520665814419,1360286094003859546511658958979968,8812691739025545690,195027,21504439,341
-371414691,109541313247427024,1360287078313517297941580647529499,8812691739025545690,195027,21504439,355
-288500897,85087662218229600,1360287842889047698222652198399494,8812691739025545690,195027,21504439,384
-70518219619,20800830586052571744,1360474753725043028044589738332664,8812691739025545690,195029,21504443,6
-286396520,84490326355690433,1360475512961903587325887462038524,8812357049958810426,195030,21504443,356
-586645006,173067439283002768,1360477068159817169669490141255943,8812357049958810426,195030,21504443,362
-149047942,43971025712662117,1360477463286986842444411186582153,8812357049958810426,195030,21504443,368
-201586259,59470533633222769,1360477997693979915115832155843715,8812357049958810426,195030,21504443,386
-193795216,57172119885729316,1360478511447242398951705093858966,8812357049958810426,195030,21504443,404
-183307363,54078105949852741,1360478997397447082864840191036098,8812357049958810426,195030,21504443,410
-180465066,53239628587843964,1360479475813026828751610053209922,8812357049958810426,195030,21504443,416
-166911537,49241187897997544,1360479918298297302173081572111122,8812357049958810426,195030,21504443,431
-147570641,43535385511319580,1360480309510769126483080443000670,8812357049958810426,195030,21504443,437
-225294373,66465012497419740,1360480906770711207126890653577999,8812357049958810426,195030,21504443,443
-172462847,50879007922664799,1360481363973564004169505042459475,8812357049958810426,195030,21504443,464
-184794110,54516944851374530,1360481853867210313340923106513760,8812357049958810426,195030,21504443,470
-180577881,53273134022620409,1360482332583872587945230428446996,8812357049958810426,195030,21504443,476
-118527806,34967468614315623,1360482646804354831947663060130357,8812357049958810426,195030,21504443,504
-114337500,33731281363291573,1360482949916359123341312666801728,8812357049958810426,195030,21504443,533
-112855492,33294081345310025,1360483249099648928636680734961093,8812357049958810426,195030,21504443,540
-143847917,42437337863999660,1360483630444976377316833812246633,8812357049958810426,195030,21504443,547
-126830427,37416937401616388,1360483966676581933579138378257916,8812357049958810426,195030,21504443,553
-140647330,41493159166766594,1360484339537443753894425441393815,8812357049958810426,195030,21504443,560
-101439421,29926227789907002,1360484608456930938010898253590420,8812357049958810426,195030,21504443,569
-140000000,41302225538932100,1360484979602047839055998275017184,8812357049958810426,195030,21504443,645
22635526773,-6670871796020936704,1360425006514039357152843315594402,8812691739025545690,195029,21504443,891
-45726263679,13489990958289934726,1360546226767197249942665431113658,8812357049958810426,195031,21504445,33
-150725715,44470510895991702,1360546626382780908604513700470610,8812357049958810426,195031,21504447,17
-132899112,39210924899645473,1360546978735302250564547416263581,8812357049958810426,195031,21504447,31
-231722234,68368023256737417,1360547593095851901740924404079315,8812357049958810426,195031,21504447,50
-134752991,39757955115279505,1360547950364030709629031645300666,8812357049958810426,195031,21504447,64
-119852216,35361600174042385,1360548268126210813745427402481791,8812357049958810426,195031,21504447,70
-126564995,37342178898062303,1360548603686030450995352043727021,8812357049958810426,195031,21504447,109
-205448829,60616380605914787,1360549148389696477273511903041972,8812357049958810426,195031,21504447,126
-115795345,34164707235974017,1360549455396500481893998459291100,8812357049958810426,195031,21504447,147
-109146895,32203136890575481,1360549744776475770800041257095325,8812357049958810426,195031,21504447,173
-112479849,33186519451707710,1360550042993205758695292215275616,8812357049958810426,195031,21504447,197
-113563821,33506353821025433,1360550344083993084675271789571673,8812357049958810426,195031,21504447,204
-105112740,31012923968716222,1360550622768619436410919470298291,8812357049958810426,195031,21504447,210
-114425103,33760499000915561,1360550926143175766829819561727460,8812357049958810426,195031,21504447,234
-101316009,29892745238030607,1360551194761786049807000658333241,8812357049958810426,195031,21504447,240
-103497175,30536298831217857,1360551469163420624064187524185150,8812357049958810426,195031,21504447,255
-7891194360,2328291774994253319,1360572391380364973421974334790715,8812357049958810426,195031,21504447,531
170452924720,-50225843414285553584,1360120845577954011329037031975912,8812691739025545690,195024,21504450,8
-105480845,31101885460048225,1360121125051381205459563781588128,8812691739025545690,195024,21504450,58
-130889482,38593846673759804,1360121471845616956070012827713229,8812691739025545690,195024,21504450,80
-110662483,32629763994532779,1360121765048161985106290419590777,8812691739025545690,195024,21504450,114
1390922559,-409714171800622132,1360118081621809504264853775463621,8812691739025545690,195024,21504451,43
4500000000,-1325517812151445084,1360106164906264850584029301060006,8812691739025545690,195024,21504452,83
-37964892580,11194841449125522249,1360206758830408160874214359929042,8812691739025545690,195026,21504452,347
-469657731,138499997231475658,1360208003355243877958604675800768,8812691739025545690,195026,21504454,55
89453125000,-26348394750676391491,1359971125116095641786567187797082,8812691739025545690,195022,21504457,2
20000000,-5889968671433789,1359971072163897956510287485162133,8812691739025545690,195022,21504457,147
258205664,-76041122352862288,1359970388536400484801859464526561,8812691739025545690,195022,21504457,233
2921481032,-860365795616462305,1359962653646415061039803696953035,8812691739025545690,195022,21504458,89
200000000,-58898932286578233,1359962124131220690510343702172247,8812691739025545690,195022,21504460,123
82030245116,-24153602615472447606,1359744979032084325653382036455424,8812947703073996023,195019,21504461,2
3850085,-1133466698601711,1359744968842249229956680913778722,8812947703073996023,195019,21504462,347
-51770412,15256489974170533,1359745105929105517086081649502392,8812947703073996023,195019,21504464,34
-10897092505,3211388861345935749,1359773961793335280946152633673531,8812947703073996023,195019,21504469,205
-3461917329,1020260554285641902,1359783129322184811550272250840531,8812947703073996023,195019,21504471,262
-78042368,23000000000000000,1359783335988180721621913235648668,8812947703073996023,195019,21504473,358
-1713851170,505093777488677083,1359787874497248229342497036723482,8812947703073996023,195019,21504475,157
-156472632,46114646583029860,1359788288859394408596766879736675,8812947703073996023,195019,21504475,306
1702609831,-501279473471176343,1359783782370427568785737534332891,8812947703073996023,195019,21504477,764
-18972813,5591515039850856,1359783832612863410390996511634529,8812947703073996023,195019,21504478,228
-2005190931,590956084212771869,1359789142635806147289401330113881,8812947703073996023,195019,21504481,83
250000000,-73604872827891712,1359788480929981634580355502272794,8812947703073996023,195019,21504481,91
-53198810344,15680058120933538954,1359929377996103322226273713517011,8812670689656063636,195021,21504483,5
-33921930440,10000000000000000000,1360019235601387444938941040036201,8812670689656063636,195023,21504483,375
-4805585154,1416767150083312950,1360031966331722614716741531446188,8812670689656063636,195023,21504483,480
-3918559064,1155276604964542854,1360042347370638903242102773026198,8812670689656063636,195023,21504484,358
-54263921880,16000000000000000000,1360186119539093499582370495456903,8812670689656063636,195025,21504484,366
-58646528659,17296038484579647488,1360341537599006134975133513053655,8812670689656063636,195028,21504487,26
-2040772350,601935893279962224,1360346946450796604641004494381310,8812670689656063636,195028,21504488,90
-48217259741,14223311854606720140,1360474753725043028044589120334639,8812670689656063636,195029,21504489,167
-41061330555,12114535759967391744,1360583616176691197136469915960894,8812336000589328372,195031,21504491,409
-5948566403,1755196953536297284,1360599388555201875878730589608438,8812336000589328372,195031,21504501,91
-1999547578,590000000000000000,1360604690355266279885795229010135,8812336000589328372,195031,21504504,185
-3389028102,1000000000000000000,1360613676457070354474040380538436,8812336000589328372,195032,21504504,695
-4077302774,1203106606724926757,1360624487695519539394508164274149,8812336000589328372,195032,21504507,110
-167964871,49562500000000000,1360624933069190203841288064596770,8812336000589328372,195032,21504507,145
15198083,-4480115935339002,1360624892790272856154324641305517,8812336000589328372,195032,21504507,412
-33268778697,9817476595685379074,1360713113634420804586184862281102,8812336000589328372,195033,21504510,10
35309010,-10409797381859734,1360713020044126624315360170983950,8812336000589328372,195033,21504512,188
-27648758882,8160000000000000000,1360786346634847872955440607454887,8812336000589328372,195034,21504521,572
-5102956235,1506135633341708736,1360799880922979825906869788700975,8812336000589328372,195034,21504527,128
-24980000,7372911390039753,1360799947176712169225166753509103,8812336000589328372,195034,21504527,171
-406569036,120000000000000000,1360801025508928658175756171692499,8812336000589328372,195034,21504528,71
-372687717,110000000000000000,1360802013980127106380463138360612,8812336000589328372,195034,21504528,163
1000000000,-294857834491680193,1360799363032134638932997465714455,8812336000589328372,195034,21504530,328
-149913050,44247200258403646,1360799760641980706223586375298729,8812336000589328372,195034,21504532,154
974190935,-287246892460853425,1360797178120901609380957720878307,8812336000589328372,195034,21504534,34
674147988,-198776529263874008,1360795391001213539562636600315236,8812336000589328372,195034,21504538,531
-7472219,2205430346402730,1360795410819435154133047034153102,8812336000589328372,195034,21504540,200
4000000000,-1179412999120853253,1360784807192342458865227689575068,8812336000589328372,195034,21504541,40
-49187506317,14518888839032100498,1360915275405532043627559978249471,8812336000589328372,195036,21504542,931
-38257955342,11294691036620321553,1361016770649032682580312392438491,8812336000589328372,195037,21504543,34
-38277670429,11302197530396395520,1361118333346650584986007752417354,8812336000589328372,195039,21504546,117
-57616300492,17015470339399623544,1361271251001764022839058608082861,8811204792722888078,195041,21504553,5
-32752913514,9674422634901124930,1361358197509467256383664316885838,8811204792722888078,195042,21504556,101
1876489150,-553748957631527138,1361353218336534677503187780771075,8811204792722888078,195042,21504561,63
339745704,-100257982694708779,1361352316841684296886943011773174,8811204792722888078,195042,21504562,217
-216559817704,63997119582106409094,1361927476431287323642911523885648,8811096440807520074,195051,21504573,5
30986811386,-9151288402430132224,1361845189309629603088515070611861,8811096440807520074,195050,21504575,89
-17296399608,5113095223946546176,1361891142567717760016784937849936,8811096440807520074,195050,21504583,74
110666900,-32683312799428817,1361890848683882147344165552817810,8811096440807520074,195050,21504583,81
673011324,-198760479471634902,1361889061457096606841184442974696,8811096440807520074,195050,21504586,217
967595948,-285759262221773677,1361886491949269816100329111022053,8811096440807520074,195050,21504587,290
-83419950,24660952945209808,1361886713586279446525185440712865,8811096440807520074,195050,21504588,211
-74358351692,21985318391745003520,1362084303688938704822651811804248,8811096440807520074,195053,21504591,2
-7211071075,2132415827495235244,1362103468490410273054882570698134,8811096440807520074,195053,21504593,67
674674381,-199313848977938007,1362101676287802543979590399031622,8811096440807520074,195053,21504594,303
29948680,-8847495211916507,1362101596732347306032602488896680,8811096440807520074,195053,21504603,111
-76421599438,22602575305140795316,1362304734348793346972977086877478,8811096440807520074,195056,21504605,8
59838197567,-17680721381609015892,1362145751743574788525768981872640,8811096440807520074,195054,21504605,130
3000000000,-886317869098655201,1362137782095683179582097337713270,8811096440807520074,195054,21504606,108
-302500000,89459351983347461,1362138586099620136774249387737086,8811096440807520074,195054,21504608,300
1603142122,-473627476706258346,1362134327306750510060401809473871,8811096440807520074,195054,21504608,410
76611529869,-22630427455332556584,1361930837627997880797240835318110,8811096440807520074,195051,21504610,36
95154750,-28103740532615654,1361930584923043720435500746071755,8811096440807520074,195051,21504611,168
500000000,-147673700482452915,1361929257061520525678521815398515,8811096440807520074,195051,21504611,336
1995000000,-589215198287846259,1361923958919819383928911167986958,8811096440807520074,195051,21504611,429
27351390264,-8077660484877880864,1361851325712144232975661788785147,8811096440807520074,195050,21504612,198
3668590197,-1083375777733661669,1361841584146748946761241646704098,8811096440807520074,195050,21504614,191
-3382897,1000000000000000,1361841593134114930664798487169266,8811096440807520074,195050,21504615,80
370742173,-109483455335583106,1361840608674002591251109758244860,8811096440807520074,195050,21504616,111
-84572533,25000000000000000,1361840833358152188840030769874075,8811096440807520074,195050,21504616,277
3059048339,-903358392838637237,1361832710522718519322532880603127,8811204792722888078,195049,21504616,288
-39669945356,11727373849102522368,1361938108685036097200829993013440,8811096440807520074,195051,21504617,14
5834407,-1723197407612361,1361938093190282955904050184203318,8811096440807520074,195051,21504617,107
85000000,-25104826198989840,1361937867451152378002981867987117,8811096440807520074,195051,21504621,78
-196180213,58000000000000000,1361938388718379444409278614966898,8811096440807520074,195051,21504623,278
95722791680,-28266553140487375309,1361684221640224642693008570974208,8811204792722888078,195047,21504625,84
-309500000,91468542712586954,1361685043691385078146572603922503,8811204792722888078,195047,21504625,257
4286570248,-1265561578347474697,1361673664076365355379880522190055,8811204792722888078,195047,21504627,212
-51750000,15293768353200551,1361673801525368579189449502877979,8811204792722888078,195047,21504627,267
270598794,-79890551854309843,1361673083169391778482324983914690,8811204792722888078,195047,21504629,146
484699311,-143100558231141594,1361671796444755349367353345469874,8811204792722888078,195047,21504629,432
34693750000,-10242132414674285798,1361579701736876965649512501644560,8811204792722888078,195046,21504630,37
14415977724,-4255412504342586891,1361541438125782857877677425517896,8811204792722888078,195045,21504630,56
-12030000000,3554639629128802912,1361573384580218422796564051430249,8811204792722888078,195046,21504630,199
-89169836108,26353217566042851738,1361810227678828239965228728549347,8811204792722888078,195049,21504633,31
-8085368790,2390000000000000000,1361831707219391318948669881843129,8811204792722888078,195049,21504633,179
500000000,-147652258717086948,1361830379566995939710295438319931,8811204792722888078,195049,21504634,14
-55592040152,16434775806782091202,1361978084844876272732739346478092,8811096440807520074,195052,21504637,27
-2268442921,670699606072540900,1361984112667701306602266401297027,8811096440807520074,195052,21504638,24
-241413048,71377784117501432,1361984754165970290646193854810388,8811096440807520074,195052,21504638,167
-44930796884,13285708519439323136,1362104157690789957305988167377052,8811096440807520074,195053,21504639,59
-829706873,245360169055622182,1362106362832427132630872528707096,8811096440807520074,195053,21504639,112
-43454554,12850363706809224,1362106478323348791996908317844680,8811096440807520074,195053,21504639,393
341349553,-100842777067150456,1362105571559022293069742250069408,8811096440807520074,195053,21504640,264
351529027,-103849895404081230,1362104637755102946814636773347648,8811096440807520074,195053,21504642,198
97999573,-28951340269884749,1362104377428648989856743044933666,8811096440807520074,195053,21504646,325
1685780981,-498016956771228006,1362099899328942443680925848479339,8811096440807520074,195053,21504648,15
339978117,-100436652081107812,1362098996216435739424063455009277,8811096440807520074,195053,21504649,215
-4000000,1182865525607212,1362099006847281127798512150673728,8811096440807520074,195053,21504649,399
9950272886,-2939459950857615466,1362072575629298752056576490549057,8811096440807520074,195053,21504652,224
1288400000,-380604355177721669,1362069153287492799276867702274067,8811096440807520074,195053,21504655,691
-195941970,57940733076299204,1362069674022066331644019395747156,8811096440807520074,195053,21504657,182
-19130378809,5657133948065293108,1362120516755277559690033351043555,8811096440807520074,195054,21504659,133
-892348500,263890865461080479,1362122888439065267474730526311200,8811096440807520074,195054,21504659,345
-3258125000,963520853682267869,1362131547953610433205123360369851,8811096440807520074,195054,21504666,297
-9661857676,2857360000000000000,1362157228093678199872297031924111,8811096440807520074,195054,21504667,302
9912500000,-2928551825505959543,1362130894960052736214871601723367,8811096440807520074,195054,21504674,8
-2833647973,838000000000000000,1362138426372747247395503911534685,8811096440807520074,195054,21504682,363
1505302417,-444721989491583509,1362134427494027236817525621616254,8811096440807520074,195054,21504683,26
119964624,-35441872872994915,1362134108805600358789781691922509,8811096440807520074,195054,21504684,504
54031882036,-15961279415411009369,1361990587185112469890560639301545,8811096440807520074,195052,21504685,54
150939515546,-44570446404020711325,1361589818910947660347075605276686,8811204792722888078,195046,21504687,2
-4000000,1181981337729471,1361589829533715898239343439357384,8811204792722888078,195046,21504687,312
-338414592,100000000000000000,1361590728259262470581746834892688,8811204792722888078,195046,21504689,96
2000000000,-590398308027144824,1361585419544484310682779395981437,8811204792722888078,195046,21504689,613
172915174,-51044196735053897,1361584960567759847876479798804062,8811204792722888078,195046,21504693,89
-831342031,245656335030930574,1361587168343999544191915459535769,8811204792722888078,195046,21504697,131
-4829931944,1427230232532533626,1361599995226707717918186544566388,8811204792722888078,195046,21504699,524
86687326092,-25586149509036260947,1361369930932538730585949341195694,8811204792722888078,195043,21504702,48
85803334614,-25316722343041838504,1361142290908406340518663442923520,8812336000589328372,195039,21504708,5
-8790586688,2595914556784858032,1361165619407739997333382468676428,8811204792722888078,195040,21504710,45
2376000000,-700954774778585377,1361159316596703625374273755623681,8811204792722888078,195040,21504711,246
76915345,-22691043928183418,1361159112564478946498090569796133,8811204792722888078,195040,21504713,644
-5813988937,1716939327017733156,1361174543136830002117718955732206,8811204792722888078,195040,21504714,24
41590875257,-12269140228256401831,1361064233747883423759831056728820,8812336000589328372,195038,21504714,49
14000000,-4129608662106951,1361064196620235751242249284255495,8812336000589328372,195038,21504721,95
4995714828,-1473581846389582248,1361050948239557118938284730802662,8812336000589328372,195038,21504724,212
499164664,-147236609062199298,1361049624494526283866766705006512,8812336000589328372,195038,21504727,112
100000000,-29496566561921567,1361049359302780414842685918055347,8812336000589328372,195038,21504727,152
118267832,-34884934926536114,1361049045666385539033986294838412,8812336000589328372,195038,21504728,288
-134066433604,39594892338688055813,1361404881459922868156583791129097,8811204792722888078,195043,21504731,2
-15338547104,4531373458479095439,1361445606070804818462120369433689,8811204792722888078,195044,21504731,171
-21267862017,6283483384592902144,1361502077341196783341603272937733,8811204792722888078,195045,21504733,186
-260971182,77105867196587006,1361502770311323185212635314505807,8811204792722888078,195045,21504736,117
-2156231889,637077671144511751,1361508495891105269075971928746490,8811204792722888078,195045,21504738,44
-4376057554,1292961154780497115,1361520116063310538168714489258827,8811204792722888078,195045,21504740,137
-54661150097,16152182963126063104,1361665279857929257650182189401652,8811204792722888078,195047,21504745,11
-29960757,8854245832232999,1361665359433298508245045342706008,8811204792722888078,195047,21504745,330
-92183081116,27247592064440176640,1361910241418915651883275654702769,8811096440807520074,195051,21504747,2
-48330447576,14289491472303755264,1362038666308501114607741745234011,8811096440807520074,195052,21504748,20
-64625733533,19111604849022345216,1362210429295819024305232983038002,8811096440807520074,195055,21504749,2
-44579069560,13186065126845153280,1362328937289001569375271018991778,8811096440807520074,195057,21504753,5
-2413300000,713896668859870940,1362335353339639302640964224450106,8811096440807520074,195057,21504761,184
-3474521819,1027836594727002268,1362344590883287763367097470555312,8811096440807520074,195057,21504772,86
-55383337787,16385437646896233214,1362491852808226851313277143613440,8811096440807520074,195059,21504774,26
-3508750000,1038200567479395015,1362501183496691484997305042015300,8811096440807520074,195059,21504781,96
-94290463027,27904826878891909120,1362751378272981374458332799919331,8833496466502330729,195063,21504788,39
-20000000,5919994544720404,1362751431343221058762211064866172,8833496466502330729,195063,21504788,299
-106091508842,31409547438534701191,1363033004611295290840575311574249,8833496466502330729,195067,21504789,7
-3376963492,1000000000000000000,1363041969187070387326988562290807,8833496466502330729,195067,21504789,98
-523516380,155026951929052298,1363043358937928137556724837326947,8833496466502330729,195067,21504790,20
736350564,-217834655950662616,1363041405165762342871612817957909,8833496466502330729,195067,21504804,110
159184025,-47091342607349786,1363040982800670642404473211233145,8833496466502330729,195067,21504806,104
-26649360051,7891965679823648144,1363111730925021882354350657993542,8833496466502330729,195068,21504808,311
-31960480323,9465886168156783928,1363196588578854761565357798268881,8833496466502330729,195069,21504811,182
-97958931507,29020285514642943185,1363455961750833828800035098198016,8860283564441056417,195073,21504813,36
-506233134,150000000000000000,1363457302371839754857247264798849,8860283564441056417,195073,21504814,51
45774319634,-13548462778508956358,1363336152771713849096736133755983,8860283564441056417,195072,21504818,5
-60470373917,17916682505841817165,1363496282644539445419075084040736,8860283564441056417,195074,21504821,12
200000000,-59205407481737638,1363495753233080819911478291460698,8860283564441056417,195074,21504824,26
455160000,-134739494970212768,1363494548400015721124968015662810,8860283564441056417,195074,21504824,99
-6411849890,1900000000000000000,1363511529599424117849655459273365,8860283564441056417,195074,21504824,580
-102719879,30438990813390454,1363511801647094008659814365146435,8860283564441056417,195074,21504826,147
111389542,-32975072337743836,1363511506785832391780405736868669,8860283564441056417,195074,21504828,60
83242187500,-24638516268312117850,1363291190544617450197790534045858,8860283564441056417,195071,21504830,183
61716244010,-18261999308854775848,1363127679288326176759613203939328,8833496466502330729,195068,21504831,532
171458134,-50728807074239772,1363127224298596314555381375476354,8833496466502330729,195068,21504833,117
96532230,-28560688168237381,1363126968136061774219540388032570,8833496466502330729,195068,21504835,293
1380000000,-408295102500278728,1363123306112665111352559588939837,8833496466502330729,195068,21504838,47
2000000000,-591728139058639120,1363117998867301581586384374297210,8833496466502330729,195068,21504840,490
-212373037,62896213066335631,1363118562705169581365878407268186,8833496466502330729,195068,21504841,66
145549954,-43062857463236542,1363118176471804077250579530820274,8833496466502330729,195068,21504842,239
-2087311181,618178671910904218,1363123718181350971061325368281125,8833496466502330729,195068,21504845,22
79193582,-23430637130088449,1363123508030553560889067589807615,8833496466502330729,195068,21504846,12
2568010777,-759781503852648715,1363116693504426693622998653607446,8833496466502330729,195068,21504846,36
14186240,-4197173941064380,1363116655859720504596492849689732,8833496466502330729,195068,21504846,594
3008755379,-890172176667452980,1363108671851785919345123909240116,8833496466502330729,195068,21504849,382
1347000000,-398520851239188481,1363105097494238255853737366426710,8833496466502330729,195068,21504851,49
96527155,-28558259621324572,1363104841353485499233002769816950,8833496466502330729,195068,21504851,563
1525529211,-451337469537754349,1363100793280503196580656797133121,8833496466502330729,195068,21504854,91
3000000000,-887561162801880865,1363092832690909429487183737581181,8833496466502330729,195068,21504857,76
-929064152,275141050949952786,1363095299213709510022034206914330,8833496466502330729,195068,21504859,128
-20000000,5922983009207046,1363095352310739510667596339943029,8833496466502330729,195068,21504863,270
99378470,-29401421203666647,1363095088607619674951530624662772,8833496466502330729,195068,21504866,278
-200000000,59229832554132345,1363095619577941752747590769588518,8833496466502330729,195068,21504867,78
233960123,-69217819935103210,1363094998759140556932793307066649,8833496466502330729,195068,21504868,68
-105980000,31385878385466661,1363095280120225611411637305123269,8833496466502330729,195068,21504869,224
-5315530051,1574205901254936909,1363109392208313015350627117480895,8833496466502330729,195068,21504871,629
1500272110,-443867981711108042,1363105411129617479213127134467368,8833496466502330729,195068,21504871,660
124811646,-36926446705930877,1363105079934090115151703319575825,8833496466502330729,195068,21504873,233
97864422,-28953898844090184,1363104820244825310424309692781844,8833496466502330729,195068,21504876,23
9981590528,-2953068011573693838,1363078333999744003884691479819661,8833496466502330729,195068,21504876,343
536164327,-158621744481271572,1363076911311752027544602699491659,8833496466502330729,195068,21504877,112
-23430548,6938750000000000,1363076973514702186995347799435068,8833496466502330729,195068,21504877,173
294532267,-87135880380730596,1363076191987736301249761619973633,8833496466502330729,195068,21504880,23
4996382720,-1478139317776889379,1363062934467055600549664957940385,8833496466502330729,195068,21504883,254
42223254503,-12490259392696584424,1362950908577334300746776647846133,8833496466502330729,195066,21504885,117
461599628,-136536610611833441,1362949683972239848896930163464645,8833496466502330729,195066,21504885,327
55627699542,-16452327866175125651,1362802122051446393769942530510233,8833496466502330729,195064,21504886,27
16090564574,-4758246265326336557,1362759445053745455495514265745712,8833496466502330729,195063,21504887,117
99597109,-29451585436205289,1362759180900699592973833540191049,8833496466502330729,195063,21504888,149
-80303199,23770000000000000,1362759393988665767017315583160581,8833496466502330729,195063,21504892,209
50000000,-14785361994621227,1362759261377862402321243573513427,8833496466502330729,195063,21504895,1369
-7318047991,2166196053558880568,1362778680406528245873000768459939,8833496466502330729,195063,21504897,41
-6091759,1803231255331217,1362778696571731474312052092629500,8833496466502330729,195063,21504898,106
-370516284,109677191029177330,1362779679781221255104818562994034,8833496466502330729,195063,21504898,169
456663073,-135042490209204977,1362778468576982797732748187442887,8833496466502330729,195063,21504901,30
40000000000,-11827701090364620253,1362672385212630856789176678720168,8833496466502330729,195062,21504903,62
-70194386221,20777949439547862245,1362858650714832807171810654158848,8833496466502330729,195065,21504905,23
-4399611648,1302499989409625400,1362870327074684932129765598484577,8833496466502330729,195065,21504907,258
76797699,-22713331564547583,1362870123357444396584353600246150,8833496466502330729,195065,21504908,222
-3603119892,1066715822182677187,1362879686012262847543468819863733,8833496466502330729,195065,21504909,248
458455057,-135592306040580887,1362878469876693041780185375680097,8833496466502330729,195065,21504909,312
-20050000000,5936133094733288417,1362931684791631836353791183316945,8833496466502330729,195066,21504911,97
99341729,-29383494004848370,1362931421249302127943045659099079,8833496466502330729,195066,21504913,287
-14981746341,4435893928907588000,1362971187156558110482138900721315,8833496466502330729,195066,21504917,232
-459110000,135940394167428861,1362972405804522520882591731051433,8833496466502330729,195066,21504918,130
191725061,-56712197945797179,1362971897149399101802935767485734,8833496466502330729,195066,21504919,63
-239880000,71027426551048298,1362972533880146528775480159587803,8833496466502330729,195066,21504919,286
-45633119973,13512975916204089344,1363093671976694394203344873625602,8833496466502330729,195068,21504920,366
-48445748040,14348486034082848768,1363222227476955159940845627954905,8860283564441056417,195070,21504922,5
-370263279,109673652517763146,1363223207682304239597415417811145,8860283564441056417,195070,21504923,19
-8271236132,2450018543174091500,1363245104657796823222603450547965,8860283564441056417,195070,21504923,372
112050352,-33157719415031459,1363244808163315206458003616388962,8860283564441056417,195070,21504927,184
-92141080,27293492834988113,1363245052098180670973989167476150,8860283564441056417,195070,21504928,59
-202820419,60078314744313637,1363245589046518983400805770725663,8860283564441056417,195070,21504929,151
-78806547983,23347211133597131042,1363454254124355590256372425424896,8860283564441056417,195073,21504930,6
-67323686305,19950962728807211008,1363632565322506835580351130140285,8860283564441056417,195076,21504938,53
-255218569,75642390875365636,1363633241374361142144951452317118,8860283564441056417,195076,21504938,175
99363330,-29420147278160804,1363632978301041558748642597630338,8860283564441056417,195076,21504938,730
96752056,-28646973024398295,1363632722141403121493563425178501,8860283564441056417,195076,21504940,381
-28305194528,8389631511018349556,1363707704249640790607709012492288,8860283564441056417,195077,21504942,146
-42408138,12570422302580503,1363707816597455405279824043114138,8860283564441056417,195077,21504944,170
1164776266,-344911615926986956,1363704732416981837701706911891436,8860283564441056417,195077,21504944,255
486223869,-143979344143073341,1363703444961699678882581569579350,8860283564441056417,195077,21504944,264
6856000000,-2030151899374258962,1363685291456403552054306734561290,8860283564441056417,195077,21504948,96
99208347,-29376501238976058,1363685028773364421928245598375751,8860283564441056417,195077,21504948,398
-36481747,10813389390110147,1363685125417744166192367743764567,8860283564441056417,195077,21504950,120
99201924,-29374592410585982,1363684862751773673294548084490309,8860283564441056417,195077,21504956,444
-50606364,15000000000000000,1363684996813874265900269301150392,8860283564441056417,195077,21504957,70
4897402672,-1450151713043182744,1363672029637964408660237818997408,8860283564441056417,195076,21504958,90
-324377785,96145569700247572,1363672888936433521191876946599321,8860283564441056417,195076,21504960,56
-19990354,5925144593568386,1363672941892255556438463460796079,8860283564441056417,195076,21504960,81
500000000,-148051789219897902,1363671618021396172532386068009789,8860283564441056417,195076,21504962,84
-6072810709,1800000000000000000,1363687705473467285218932067219788,8860283564441056417,195077,21504968,49
95832580,-28377006354880939,1363687451727855781796535130598073,8860283564441056417,195077,21504968,199
486804198,-144147535937874143,1363686162768611954580811540157387,8860283564441056417,195077,21504969,38
-37111264,11000000000000000,1363686261080819055825007099041448,8860283564441056417,195077,21504969,55
3548097801,-1050618760499736498,1363676866506334840756621087877167,8860283564441056417,195077,21504971,113
-24305983768,7204679905693394793,1363741258141151813622864175285420,8860283564441056417,195077,21504974,726
-3373456857,1000000000000000000,1363750195614524654004278619290975,8860283564441056417,195078,21504976,96
-481650153,142777507186851863,1363751471684693377018995518335560,8860283564441056417,195078,21504977,58
95829765,-28378826789034587,1363751217922803652710911112008165,8860283564441056417,195078,21504978,159
202367825,-59928751078656729,1363750682043246841231368089117764,8860283564441056417,195078,21504978,217
-80658648009,23910000000000000000,1363752699022533263490494728137658,938729616996579871412,195078,21504979,9
18196984,-5388827266572013,1363752650835939760915624002074319,8860283564441056417,195078,21504980,140
-208452003876,61817456217938149341,1364304724121221664184078241366016,8869016267241395254,195086,21504984,2
-3370692,1000000000000000,1364304733049894929278661935180844,8869016267241395254,195086,21504986,228
6606409500,-1957971314128404165,1364287242218352877861740277453617,8869016267241395254,195085,21504988,32
-11123162032,3299949645227740902,1364316706390526381148190256117734,8869016267241395254,195086,21504989,60
200196174,-59334819832084102,1364316176344283735892342000215090,8869016267241395254,195086,21504989,330
1416853091,-419930399992244336,1364312425047299632613919739901192,8869016267241395254,195086,21504992,29
-1393820825,413517436919218176,1364316117209383303673210986802327,8869016267241395254,195086,21504992,52
-16853183,5000000000000000,1364316161852749629146129455876469,8869016267241395254,195086,21504993,37
-33411432,9912500000000000,1364316250358223369396190320815957,8869016267241395254,195086,21504993,127
75000000,-22228744561058312,1364316051785739848697846401321729,8869016267241395254,195086,21504997,17
1422262054,-421533440187051078,1364312286168573524065772542031596,8869016267241395254,195086,21504999,273
247853661,-73459224668471408,1364311629947047389041066277311180,8869016267241395254,195086,21505003,68
-67413168,20000000000000000,1364311808520512690932740153607751,8869016267241395254,195086,21505004,32
3369671293,-998701277107480870,1364302886982350884647758084155681,8869016267241395254,195086,21505005,79
-337069987,100000000000000000,1364303779849677394106127465638539,8869016267241395254,195086,21505006,190
-55000000,16317098479135595,1364303925539718348679601792538120,8869016267241395254,195086,21505006,322
79831146614,-23656526606690260269,1364092598479530100536858330005504,8869016267241395254,195083,21505010,5
4993601280,-1479520512039305968,1364079381715907284728612172905193,8869016267241395254,195082,21505012,12
3000000,-888841190210137,1364079373775764641462879305263489,8869016267241395254,195082,21505012,122
-9980000,2959837497044441,1364079400203186570348037176215074,8869016267241395254,195082,21505012,171
-64064318,19000000000000000,1364079569847978607145127358696817,8869016267241395254,195082,21505012,268
33223411,-9843447442677079,1364079481915086143118623203995875,8869016267241395254,195082,21505012,358
19982100413,-5920076013881923234,1364026597048220234925020783651129,8869016267241395254,195082,21505014,183
96063212,-28459438636019685,1364026342816075273415439105756745,8869016267241395254,195082,21505015,339
2973436431,-880897340865629974,1364018473636949030433115948576030,8869016267241395254,195082,21505017,29
75526656721,-22375016402217905419,1364015227172293325287187555621639,546049818426008877177,195081,21505018,8
782970606,-231956670492491298,1364013155070920152039806485293341,8869016267241395254,195081,21505019,208
-42151673,12500000000000000,1364013266679335965722102657978698,8869016267241395254,195081,21505025,127
-57319893253,17000000000000000000,1364165054124842573644897510064623,8869016267241395254,195084,21505025,154
-507500000,150531832493665471,1364166398174390905531923831185899,8869016267241395254,195084,21505029,425
-337137440,100000000000000000,1364167291041717414990293212668757,8869016267241395254,195084,21505029,448
-379279093,112500000000000000,1364168295517459738130958766836972,8869016267241395254,195084,21505030,55
-153730000,45598724507776700,1364168702653572173129953131808550,8869016267241395254,195084,21505032,453
11332353525,-3357920103344635904,1364138705883734197249848966412694,8869016267241395254,195083,21505033,4
404377036,-119819316471216695,1364137635521025224303774309290103,8869016267241395254,195083,21505033,55
79958969216,-23688623415549375143,1363926021735555180033003948854905,8869016267241395254,195080,21505034,11
-101348813,30050964765061818,1363926290050800868139794835013759,8869016267241395254,195080,21505041,92
1000000000,-296213323968618685,1363923643935756862730787405504698,8869016267241395254,195080,21505053,75
96022307,-28443026000446513,1363923389850228269857437423323673,8869016267241395254,195080,21505054,147
112958222072,-33452316791926587613,1363624303835533266871755561803952,8860283564441056417,195076,21505056,8
2000000000,-592163188628617604,1363619008745257384404547216402083,8860283564441056417,195076,21505061,110
-480841715,142510436775300541,1363620282428491415505795608208029,8860283564441056417,195076,21505061,255
95680602,-28329202631487213,1363620029110338146154484386437490,8860283564441056417,195076,21505067,298
-506111324,150000000000000000,1363621369731344072211696553038323,8860283564441056417,195076,21505072,33
-6657624887,1973197559965748071,1363639005131995619696860972874248,8860283564441056417,195076,21505074,174
-57656269,17088480828322018,1363639157859838005118233116916627,8860283564441056417,195076,21505075,101
-10459138364,3100000000000000000,1363666864027293810300617893333848,8860283564441056417,195076,21505076,55
-101215391,30000000000000000,1363667132151494995512060326654014,8860283564441056417,195076,21505077,303
993000000,-294028066592654319,1363664502968887652253960224998722,8860283564441056417,195076,21505078,267
697746941,-206602729498969483,1363662655538778944716433657333671,8860283564441056417,195076,21505081,239
-299000000,88622371887342573,1363663447598867925798651332747421,8860283564441056417,195076,21505082,231
10000000,-2960997370414311,1363663421121794233824370260098018,8860283564441056417,195076,21505093,134
578448443,-171278235941552080,1363661889561340932479581956634794,8860283564441056417,195076,21505095,360
39233332715,-11616068315603864205,1363558019324954935124544923099195,8860283564441056417,195075,21505096,56
-1229723916,364429843661561260,1363561276406978928711350293259171,8860283564441056417,195075,21505097,267
132733527340,-39286350130777398632,1363209980050590827424274445490449,8860283564441056417,195070,21505099,2
75322856772,-22284981015541003024,1363010140162355983639747516294839,8833496466502330729,195067,21505100,40
991250000,-293227141627061160,1363007510190439594706281491963999,8833496466502330729,195067,21505100,336
4000000000,-1183250613733087524,1362996897544328799622397272538198,8833496466502330729,195067,21505101,71
-60500000,17914438254040403,1362997058139667996254773956276263,8833496466502330729,195067,21505101,205
95657460,-28296468058988469,1362996804346939549631933245562398,8833496466502330729,195067,21505106,382
448825805,-132767184366863493,1362995613550056405106251524089085,8833496466502330729,195067,21505108,528
-33771707,10000000000000000,1362995703195814156071115656596250,8833496466502330729,195067,21505110,68
-488150387,144544329346071808,1362996998974407439434600097150421,8833496466502330729,195067,21505111,275
38561920348,-11406160682051470031,1362894696431398758469034472077596,8833496466502330729,195065,21505112,26
102433719699,-30290371359026301380,1362623020264011261102117647705549,8833496466502330729,195061,21505113,5
502000000,-148415195057846728,1362621689119176571964991026840144,8833496466502330729,195061,21505115,45
95849359,-28337618952772177,1362621434957363277381173259782679,8833496466502330729,195061,21505125,219
5278571513,-1560579911921900854,1362607438022022089506386494082186,8833496466502330729,195061,21505129,287
-15003183,4440000000000000,1362607477824738530934786168915367,8833496466502330729,195061,21505133,526
10000000,-2956413375427138,1362607451308488679483699604175169,8833496466502330729,195061,21505139,4
716862823,-211933983877991316,1362605550459806546086739305371615,8833496466502330729,195061,21505139,180
-18585064467,5500000000000000000,1362606417038297586383632050266614,502593845663873810068,195061,21505140,9
-638356198,188913290875593336,1362608110565808563483753581549313,8833496466502330729,195061,21505140,167
-607513497,179786226847937059,1362609722273062460501839543872131,8833496466502330729,195061,21505143,17
1228000205,-363047958342865666,1362606466074030385772579747275487,8833496466502330729,195061,21505143,231
-159347845,47156901005684577,1362606888815642769955669869168868,8833496466502330729,195061,21505145,141
15782474977,-4665804769826658989,1362565040931289675703646709213429,8833496466502330729,195060,21505146,29
-112171323,33193607618541433,1362565338497900420938347414035129,8833496466502330729,195060,21505146,122
1205054482,-356241055265101543,1362562143350392542661287415059534,8833496466502330729,195060,21505149,109
-59104301,17490000000000000,1362562300140822849098834782814566,8833496466502330729,195060,21505150,329
292609779,-86501762327904257,1362561524301300019799831672799947,8833496466502330729,195060,21505154,5
10730437949,-3172128096872583249,1362553353480234174498615664426282,30758460912285919593,195060,21505154,18
2016840687,-596211782379155854,1362548006020803315790487039334104,8833496466502330729,195060,21505158,34
-1059738018,313589180427469764,1362550817214773508247172134030452,8833496466502330729,195060,21505158,308
-1689682571,500000000000000000,1362555299502661056490378759388731,8833496466502330729,195060,21505162,223
111119478,-32848988644727930,1362555004878100935482302237979916,8833496466502330729,195060,21505163,104
-9896194,2928426591888259,1362555031130203020272145947057963,8833496466502330729,195060,21505163,228
-2811608266,832000000000000000,1362562489657247900548841771654140,8833496466502330729,195060,21505164,204
36804979762,-10879575408000476528,1362464777930653644380696052829856,8811096440807520074,195059,21505165,114
147742036933,-43656924015845819239,1362072220898275580367554411825841,8811096440807520074,195053,21505168,2
-636461289,188204862299035028,1362073912364253011967925153531698,8811096440807520074,195053,21505168,159
139311642540,-41142854500357417658,1361703963119530978214955097990714,8811204792722888078,195048,21505170,2
-365426475,108000000000000000,1361704933743121276344750765168843,8811204792722888078,195048,21505170,253
10238574098,-3022876898234595555,1361677752785716706120079016423529,8811204792722888078,195047,21505170,369
-121000000,35759562010086550,1361678074166035833146130016790786,8811204792722888078,195047,21505170,397
10271389696,-3032445678628370457,1361650807168537321690220257710356,8811204792722888078,195047,21505172,682
-17865514068,5279832939795837662,1361698258375983608406274717882773,8811204792722888078,195047,21505173,17
198659837,-58653684852429843,1361697730976634158862188099938757,8811204792722888078,195047,21505173,112
-69962970,20677011128372494,1361697916806215437151941386956662,8811204792722888078,195047,21505174,151
-33622428424,9937499994372177920,1361787227657355485003529859638560,8811204792722888078,195049,21505178,11
-845790387,250000000000000000,1361789474471221915859538348476821,8811204792722888078,195049,21505178,125
-4628582794,1368138102938236521,1361801770277865412002247954517088,8811204792722888078,195049,21505184,280
-477782899,141226705803890830,1361803039518349054134116090105078,8811204792722888078,195049,21505184,317
-22676262394,6703124994664169472,1361863282552546973940820829590562,8811096440807520074,195050,21505185,224
-49299411690,14574999994609172480,1361994273411713918941885436437167,8811096440807520074,195052,21505186,7
41354117171,-12214000306875340166,1361884446807526426158732560652973,8811096440807520074,195050,21505186,38
-39463353181,11667182075996648692,1361989304042844247722176881598457,8811096440807520074,195052,21505187,8
100000000,-29537309948083719,1361989038447431858103612350838354,8811096440807520074,195052,21505187,66
8000314268,-2363040295173360880,1361967790315398406894122662084454,8811096440807520074,195051,21505187,75
-7020493539,2075703418061476846,1361986445421690564954948122688824,8811096440807520074,195052,21505187,128
-1745197643,516000000000000000,1361991082902538259190277802715841,8811096440807520074,195052,21505188,75
2500000000,-738431221639544700,1361984443030959654295718149387544,8811096440807520074,195052,21505189,73
35818310907,-10578953141533489281,1361889318545107200317230489471276,8811096440807520074,195050,21505191,66
-5798435550,1714183887285442710,1361904724543065945073824810989648,8811096440807520074,195051,21505191,157
-20954840391,6195175289456639223,1361960402850726727544738280730009,8811096440807520074,195051,21505191,423
-25306519026,7482398777531821783,1362027649906977918597128384813819,8811096440807520074,195052,21505193,304
-24102642506,7127134673817298793,1362091704074708083760339557492437,8811096440807520074,195053,21505196,526
-30000000,8871396903415002,1362091783805198843219669347378811,8811096440807520074,195053,21505197,116
2842037,-839587477933305,1362091776255744176196992261161533,8811096440807520074,195053,21505197,129
1000000000,-295417028706738970,1362089119906614746675845414692172,8811096440807520074,195053,21505200,2
-67596560607,19991757030285963590,1362268793143707203534592346427400,8811096440807520074,195056,21505200,113
-69946808,20689577126639754,1362268979088508892845808374623604,8811096440807520074,195056,21505200,136
-25062500000,7413604255499919108,1362335607863212895472291886675340,8811096440807520074,195057,21505201,536
-351930739,104107915533051398,1362336543519151612323154982377711,8811096440807520074,195057,21505202,64
-50000000,14790978081329248,1362336676451084889124731848829980,8811096440807520074,195057,21505204,444
1499963598,-443273712653888924,1362332690595070217587996712059333,8811096440807520074,195057,21505210,92
33482173,-9894721683573642,1362332601623099152912968599257847,8811096440807520074,195057,21505210,202
-2104208007,622464783538609024,1362338195941920905698386760640507,8811096440807520074,195057,21505211,8
31034065059,-9170771545896037363,1362255733630527472298865088403942,8811096440807520074,195056,21505211,117
15000000,-4432330805024749,1362255693775620912531678486238939,8811096440807520074,195056,21505212,250
-11832942,3500000000000000,1362255725231401856194127427867029,8811096440807520074,195056,21505213,47
-3728219334,1102757275359060855,1362265636078020023980509022749225,8811128985645216684,195056,21505223,815
540629251,-159752004164594021,1362264199615363700142943903239720,8811128985645216684,195056,21505226,277
582986168,-172267786803219780,1362262650612933812471068377025613,8811128985645216684,195056,21505226,316
570543991,-168590843177359036,1362261134672951157167217914631329,8811128985645216684,195056,21505226,325
570504351,-168578754476052542,1362259618841668033246651862904959,8811128985645216684,195056,21505226,334
105626356992,-31205147204319409105,1361979027503371523518728587182080,8811128985645216684,195052,21505230,2
-521382715,154154407289650391,1361980412940330590358662149095749,8811128985645216684,195052,21505230,84
509956354,-150625301630931913,1361979058543420067583095159292271,8811128985645216684,195052,21505230,166
998002937,-294778269470858331,1361976407947715775942758667792699,8811128985645216684,195052,21505231,380
129134839,-38142232992598406,1361976064979290376909448155108234,8811128985645216684,195052,21505231,408
254411453,-75144815813620981,1361975389289978702389924179907353,8811128985645216684,195052,21505233,153
43962039121,-12983827894086873820,1361858640933652759291136436017809,8811128985645216684,195050,21505234,51
-20767306661,6139314289059272556,1361913816994259369839836476388187,8811128985645216684,195051,21505236,169
499986941,-147666207225326159,1361912489205018856699853284511355,8811128985645216684,195051,21505242,15
-42629541,12602802686670364,1361912602470600664766931961141719,8811128985645216684,195051,21505246,375
8000000000,-2362682260455767607,1361891357636436288786456928682112,8811128985645216684,195050,21505249,16
-120300000,35563843558713751,1361891677260533575437217653678006,8811128985645216684,195050,21505254,35
897644167,-265101518388080538,1361889293513091465889330751812026,8811128985645216684,195050,21505256,153
-489546551,144722500000000000,1361890594182360893985414182586452,8811128985645216684,195050,21505260,287
-3382631268,1000000000000000000,1361899581515149009835288464570430,8811128985645216684,195050,21505263,222
173349593,-51196053337344610,1361899121169007158064299996383578,8811128985645216684,195050,21505265,32
-31951487588,9446394273588769553,1361984019057991652218919253025948,8811128985645216684,195052,21505266,130
-40657999602,12022160355338015632,1362092066213937168063395692432429,8811128985645216684,195053,21505268,282
-12170000,3598831798925140,1362092098557836193457249684438387,8811128985645216684,195053,21505271,895
-9990000,2954176764648085,1362092125108005892268972585979166,8811128985645216684,195053,21505272,122
-202899081,60000000000000000,1362092664347973179219965042898204,8811128985645216684,195053,21505273,72
574243714,-169641733771318497,1362091138958562317998751323449305,8811128985645216684,195053,21505274,346
-37065169083,10961443874151337429,1362189653102497569941193229060115,8811128985645216684,195055,21505274,552
-20607983257,6095174528468175170,1362244432464386560536512215714233,8811128985645216684,195055,21505275,241
-5747459679,1700000000000000000,1362259710930126357481298495086996,8811128985645216684,195056,21505277,107
-46414248545,13729936220230322521,1362383106436097172859181657089374,8811128985645216684,195058,21505278,2
-3356546,993000000000000,1362383115360518631458220582251384,8811128985645216684,195058,21505280,407
-645435095,190945603137963381,1362384831452198459833223522147291,8811128985645216684,195058,21505284,13
-2028111829,600000000000000000,1362390223851871329343148091337678,8811128985645216684,195058,21505284,81
-44242536108,13089968016905628366,1362507867750625053106405353386213,8811128985645216684,195059,21505286,18
-10050053,2973750000000000,1362507894476705931765913917032262,8811128985645216684,195059,21505289,157
-506937875,150000000000000000,1362509242576624149143395059329858,8811128985645216684,195059,21505291,73
-325268173,96245136821728367,1362510107563698003758838287348496,8811128985645216684,195059,21505292,120
-34862892403,10315760589970365671,1362511172259196810804175550597359,767252334604093410236,195059,21505294,10
-99850715,29545370609740003,1362511437793274828754875160127767,8811128985645216684,195059,21505297,299
-33795713,10000000000000000,1362511527666602709913373902947606,8811128985645216684,195059,21505302,377
30000000000,-8867472300853981252,1362431792874649559256382233892990,8811128985645216684,195058,21505302,483
-3379966,1000000000000000,1362431801861982347372232108174973,8811128985645216684,195058,21505302,550
30000000000,-8866948223645020667,1362430992773541344851107825492503,868275925432886206692,195058,21505309,17
49498862878,-14628707290883843237,1362299453943443186019965520896791,8811128985645216684,195056,21505309,90
16981952,-5018297338305771,1362299408819773141927958078416551,8811128985645216684,195056,21505310,45
-18502871352,5473410000000000000,1362348600176928943101818472170479,8811128985645216684,195057,21505310,233
16421522563,-4852880992741591941,1362304963902328752301499317580370,8811128985645216684,195056,21505311,55
-15000000,4437087406516171,1362305003779909884620187245362571,8811128985645216684,195056,21505315,91
5400710,-1595964165590853,1362304989429273492351420051131215,8811128985645216684,195056,21505315,209
-73891406936,21860661172127933535,1362501458466195648795056262846245,8811128985645216684,195059,21505316,2
-58762815655,17389387795283478528,1362657385520268289632574616837282,8833529011340027339,195062,21505318,28
-193459392907,57277601105278009344,1363170853023848007224038183532806,8833529011340027339,195069,21505320,2
-105226054508,31172433356064905248,1363449537741943463733325358694400,8860316109278753027,195073,21505321,34
-3712388182,1100000000000000000,1363459368926542519605847755094872,8860316109278753027,195073,21505321,78
27452171274,-8125715027496796160,1363386709501889608270066323540491,8860316109278753027,195072,21505321,90
-5099872354,1510983612470289170,1363400213828089920737061620677358,8860316109278753027,195072,21505324,12
-42351332393,12548954710161575936,1363512369364708820860603759197566,8860316109278753027,195074,21505325,2
-200000000,59266101791390516,1363512899051969891402501981290304,8860316109278753027,195074,21505326,239
150000000,-44405142198606366,1363512501985118191166075490761115,8860316109278753027,195074,21505331,67
1462913637,-433071230997708172,1363508629500497263577947866949936,8860316109278753027,195074,21505333,51
-4049556,1200000000000000,1363508640225425917093445164109645,8860316109278753027,195074,21505342,123
-4386981762,1300000000000000000,1363520258898133892215517087128385,8860316109278753027,195074,21505344,156
-193338107,57292641929354128,1363520770947714778660084744791460,8860316109278753027,195074,21505345,79
98908829,-29280744927408857,1363520509121884973552696932982052,8860316109278753027,195074,21505348,286
-104611,31000000000000,1363520509398945630435180613158677,8860316109278753027,195074,21505352,77
2000000000,-592073045353671170,1363515215134172337314860030225059,8860316109278753027,195074,21505353,162
-1503750000,445609991333351327,1363519197746975957191579718783708,8860316109278753027,195074,21505357,56
-20000000,5926667467340806,1363519250716214074142849608523182,8860316109278753027,195074,21505361,148
350047205,-103626897843857537,1363518324093664498929397593358265,8860316109278753027,195074,21505362,367
-250625000,74268489796611065,1363518987863876393093856603545356,8860316109278753027,195074,21505366,110
753617717,-223098410257703835,1363516992937636000728004612873257,8860316109278753027,195074,21505366,132
-200000000,59266503726375071,1363517522628489341297154425792432,8860316109278753027,195074,21505369,253
-33745859,10000000000000000,1363517612002894787259631902123345,8860316109278753027,195074,21505370,86
490668750,-145255678662142773,1363516313139471267620943542473932,8860316109278753027,195074,21505373,280
4983467424,-1475270741691993309,1363503121399060007391806415794195,8860316109278753027,195074,21505381,9
-506198116,150000000000000000,1363504462015141696828968560757895,8860316109278753027,195074,21505382,165
-16400280405,4860000000000000000,1363547897976188434593022057581800,8860316109278753027,195075,21505384,65
-47132103891,13968681601704503543,1363672742237490064077435034315344,8860316109278753027,195076,21505385,33
-582096703,172533719168690335,1363674284247347072313244445208188,8860316109278753027,195076,21505386,259
39801879,-11785512515834563,1363674178862337169495483703655147,8860316109278753027,195076,21505387,150
-505260000,149759579686956314,1363675517329676605391470749669308,8860316109278753027,195077,21505390,63
9072559293,-2686382705381616948,1363651495933269021779716236673145,8860316109278753027,195076,21505392,300
323147500,-95682154313716351,1363650640351912986038562870735174,8860316109278753027,195076,21505393,9
-11050000,3275115066577102,1363650669623059170282786350527888,8860316109278753027,195076,21505394,214
11000000,-3257036061272613,1363650640498930956946192390780265,8860316109278753027,195076,21505395,300
2036197548,-602903861839303520,1363645249385955172808357161320525,8860316109278753027,195076,21505395,319
2675038813,-792053049742801356,1363638166917680793197093361776925,8860316109278753027,195076,21505401,460
2550058074,-755039805258429465,1363631415418562933524572264355651,8860316109278753027,195076,21505401,628
-11809078,3500000000000000,1363631446699604839611439381071470,8860316109278753027,195076,21505403,34
506093685,-149847029535301029,1363630106780728145153360492725233,8860316109278753027,195076,21505403,70
-139476149,41338171430428045,1363630476238177526931228016326548,8860316109278753027,195076,21505406,10
-30075000,8913681113497044,1363630555903672512301526405226316,8860316109278753027,195076,21505407,433
-511448069,151584033124384768,1363631910676956071598579803796950,8860316109278753027,195076,21505413,655
-123524582183,36619292960194330004,1363959115479379535987387677016064,8869048812079091864,195081,21505416,2
-1804552807,535096186565258075,1363963893160863082491830142087003,8869048812079091864,195081,21505416,206
5284151289,-1565309314251150685,1363949910085184698697491396140366,8869048812079091864,195081,21505419,50
-13371751,3965000000000000,1363949945487244287009694568040540,8869048812079091864,195081,21505422,176
-11129074,3300000000000000,1363949974951757941847089389546360,8869048812079091864,195081,21505424,187
99125000,-29363216680041410,1363949712646999860070050441005404,8869048812079091864,195081,21505425,63
-499152072,148008974842547579,1363951034165927219684469972610073,8869048812079091864,195081,21505425,336
490668750,-145348038451185215,1363949735756339501953635193295833,8869048812079091864,195081,21505429,109
-42547777650,12617331575861245237,1364062391374068160949152354116145,8869048812079091864,195082,21505430,242
-2667651836,791148303467468760,1364069455252853166607424453535979,8869048812079091864,195082,21505435,147
1000000000,-296275511532034871,1364066808591990878016007970253747,8869048812079091864,195082,21505437,196
147436743,-43681799014122028,1364066418377803930159908056232720,8869048812079091864,195082,21505438,262
-13369467,3965000000000000,1364066453779863518472111228132894,8869048812079091864,195082,21505439,1064
105178365754,-31155338757727873656,1363788049241451066129837326573493,8860316109278753027,195078,21505441,2
32592836781,-9651883444381711114,1363701742953879746082123788403679,8860316109278753027,195077,21505442,105
131792597595,-39015962015624214803,1363352865674435156789149790100896,8860316109278753027,195072,21505443,2
-38749604,11480000000000000,1363352968276252608754073932928784,8860316109278753027,195072,21505443,211
141238069,-41801502889939298,1363352594490913185441706384844736,8860316109278753027,195072,21505444,132
-1044656003,309491408586843430,1363355360551976493699475380124057,8860316109278753027,195072,21505444,296
5887581,-1742523508081344,1363355344970485497162911913126394,8860316109278753027,195072,21505449,212
-167292664,49562500000000000,1363355787932382488714440905191483,8860316109278753027,195072,21505449,351
-32427850523,9607755918334974879,1363441656679669600274718805076080,8860316109278753027,195073,21505451,629
-148498271,44000000000000000,1363442049927053562509619700932098,8860316109278753027,195073,21505456,64
32182371831,-9525502938292518932,1363356873722783061010360694595343,8860316109278753027,195072,21505456,185
-1170638486,346817436567838477,1363359973383002215347280061797443,8860316109278753027,195072,21505458,167
5000000000,-1479825474027030922,1363346740914577507445602775710931,8860316109278753027,195072,21505459,83
-13383586,3965000000000000,1363346776351529266769725095076138,8860316109278753027,195072,21505463,122
-100000000,29625847951426163,1363347041130783915889593091573996,8860316109278753027,195072,21505464,12
378374109,-111984408885460993,1363346039776110243490010763730624,8860316109278753027,195072,21505464,32
55835270225,-16523322779128336349,1363198289686127619833918997735659,8860316109278753027,195070,21505467,2
165476047,-48963977286206151,1363197850526880534471911216474255,8833529011340027339,195069,21505468,250
46352796925,-13714442924254573858,1363074845314422346861874323255526,8833529011340027339,195068,21505473,40
2748750000,-813197352361054031,1363067551725200381148300030706732,8833529011340027339,195068,21505476,173
-3590148862,1063183642384850084,1363077082680410930909382117648634,8833529011340027339,195068,21505479,25
14308213,-4233015128405545,1363077044714382847669005284713444,8833529011340027339,195068,21505479,391
46429801238,-13734789647130053926,1362953857011612516204627770703082,8833529011340027339,195066,21505480,2
58959534155,-17437737755180323587,1362797457466314711153814280529510,8833529011340027339,195064,21505481,26
2000000000,-591445273399090026,1362792152777534156825958176721109,8833529011340027339,195064,21505484,33
-146426708,43344870075328033,1362792541344474829818463165203332,8833529011340027339,195064,21505488,40
-37252685629,11028250494454726656,1362891404567461968042767904670642,8833529011340027339,195065,21505489,19
-368294331,109037500000000000,1362892382038791793243042697951249,8833529011340027339,195065,21505489,172
-87615026097,25943816373670419507,1363124956489705583727637383179434,8833529011340027339,195068,21505490,2
-951222745,281716577210990592,1363127481950004657263655804223567,8833529011340027339,195068,21505490,152
3000000000,-887595918855716394,1363119521078011615527518825046976,8833529011340027339,195068,21505492,103
-168827796,50000000000000000,1363119969305148988082958372579067,8833529011340027339,195068,21505497,34
-728411636,215726593450015679,1363121903195417732754881895917624,8833529011340027339,195068,21505499,79
-189431683,56102240503789112,1363122406126350956755401794126616,8833529011340027339,195068,21505502,345
750530002,-222055107303536213,1363120414508040088928184079923963,8833529011340027339,195068,21505505,63
-225882083,66897279030064976,1363121014211557642110305688451413,8833529011340027339,195068,21505506,97
-2008202,594750000000000,1363121019543219441156852641869307,8833529011340027339,195068,21505509,104
-40172756,11897577284815532,1363121126199559601988982870858286,8833529011340027339,195068,21505509,116
-97613619878,28914774069991146300,1363379783559463824654428945776640,8860316109278753027,195072,21505512,2
2400000000,-710340455095135576,1363373431757979248151200416997523,8860316109278753027,195072,21505513,130
-4387889,1300000000000000,1363373443376651956126322488920541,8860316109278753027,195072,21505516,108
1672717656,-495079019440696770,1363369016423874439130558557196910,8860316109278753027,195072,21505516,208
38925175260,-11519887378379667690,1363266006610443010398245772047246,8860316109278753027,195070,21505522,148
-5002545459,1481885021402054126,1363279250869715718995114250550839,8860316109278753027,195071,21505527,180
2500000000,-739828711864260016,1363272635386848813489858155113262,8860316109278753027,195071,21505531,82
-86030278352,25488680974387692790,1363500438957617585049589824824250,8860316109278753027,195074,21505533,2
-80108731049,23741930625309584199,1363712631050995218272604846555136,8860316109278753027,195077,21505534,23
-20240927670,6000000000000000000,1363766255694262795759090645103167,8860316109278753027,195078,21505534,85
-404802317,120000000000000000,1363767328187128147308820361074127,8860316109278753027,195078,21505534,259
300000000,-88843405297029496,1363766533757260591862629105711167,8860316109278753027,195078,21505535,40
-15549873,4609618247251752,1363766574955449609961127394119484,8860316109278753027,195078,21505537,25
-40369614,11967205706367300,1363766681911639095571809688145039,8860316109278753027,195078,21505537,92
3423479621,-1013838181738588817,1363757616260342316979671082734992,8860316109278753027,195078,21505540,24
-9194145,2725484893393942,1363757640619201506883270047098160,8860316109278753027,195078,21505543,58
43515625000,-12885656663634484411,1363642418217691438193789924493482,8860316109278753027,195076,21505543,77
63016545916,-18656324917952979203,1363475595011353394950636633815949,8860316109278753027,195074,21505544,11
10453906168,-3094483366259740588,1363447924414953006270386505771723,8860316109278753027,195073,21505544,168
-68000000,20148564706889384,1363448104491552133044572365294337,8860316109278753027,195073,21505544,208
2500000000,-740011990808245206,1363441487369821130546802174358021,8860316109278753027,195073,21505544,241
356000000,-105377123243204750,1363440545096910928712103260885207,8860316109278753027,195073,21505544,249
-1282484342,380000000000000000,1363443941324317875286247361459915,8860316109278753027,195073,21505544,568
70585937500,-20890887223119327201,1363257136859605024467301075205069,8860316109278753027,195070,21505545,15
150019905,-44394375428421863,1363256739889028830365273703881907,8860316109278753027,195070,21505547,44
500000000,-147961430284440552,1363255416831013762221084479844539,8860316109278753027,195070,21505547,153
-5309678,1572826047329569,1363255430888053047221429451647060,8860316109278753027,195070,21505549,71
-115739754,34284290085916966,1363255737301857303794890917475832,8860316109278753027,195070,21505554,90
838522637,-248137489166088142,1363253518478389262465890220105020,8860316109278753027,195070,21505557,570
336485049,-99573179111842473,1363252628103833836227655731335182,8860316109278753027,195070,21505561,105
-299000000,88569085759225293,1363253419684771898549920858338390,8860316109278753027,195070,21505562,444
248000000,-73388547842389877,1363252763450871952960352656451868,8860316109278753027,195070,21505563,88
-17768135427,5263415427071906270,1363299804913312918790239036398938,8860316109278753027,195071,21505563,121
339975034,-100612772063732738,1363298905242809320365357270840318,8860316109278753027,195071,21505566,143
-94967025,28132810556618000,1363299156678131022528402920004255,8860316109278753027,195071,21505567,60
-405079754,120000000000000000,1363300229170996374078132635975215,8860316109278753027,195071,21505570,20
193163814,-57165269499608491,1363299718004215615126465904127302,8860316109278753027,195071,21505570,35
1099491636,-325384846652604940,1363296808441713293741710822125313,8860316109278753027,195071,21505571,270
388055752,-114841343469355036,1363295781540583409882568595271138,8860316109278753027,195071,21505573,65
352013519,-104174843919999923,1363294850018348514841821044381933,8860316109278753027,195071,21505574,137
918686766,-271875394659937899,1363292418932630343921193824406815,8860316109278753027,195071,21505575,130
923660376,-273346303068564588,1363289974694179357945321030032697,8860316109278753027,195071,21505575,318
4279826260,-1266550889355363581,1363278649308216057232354560544599,8860316109278753027,195071,21505578,155
-26769845,7930000000000000,1363278720182119575880599199275013,8860316109278753027,195071,21505579,179
250000000,-73983136698576880,1363278058631458699174648193571144,8860316109278753027,195071,21505580,121
1000000000,-295931828768019134,1363275412435235719876530123740776,8860316109278753027,195071,21505581,52
2000000000,-591860211031596075,1363270120073608098987935157830985,8860316109278753027,195071,21505582,274
300000000,-88778635309267346,1363269326222908041989415015682955,8860316109278753027,195071,21505584,102
269335252,-79703965518718197,1363268613517102146948571395928953,8860316109278753027,195071,21505584,251
1000000000,-295927728214135096,1363265967357545957583923512098433,8860316109278753027,195070,21505584,298
2000000000,-591852009995461923,1363260675069251276018062825130883,8860316109278753027,195070,21505585,289
2000000000,-591847414796314988,1363255382822046458550561692067404,8860316109278753027,195070,21505589,101
671937828,-198841301922874528,1363253604800722050543908044036882,8860316109278753027,195070,21505589,166
2440000000,-722045739859844563,1363247148331617021659644557074632,8860316109278753027,195070,21505590,59
7500000000,-2219360069096616242,1363227303010291756999409116503719,8860316109278753027,195070,21505590,76
60550786,-17917603090532445,1363227142792670623124756336602074,8860316109278753027,195070,21505594,56
-1727942838,511829498669486561,1363231717238383952165181601281615,8860316109278753027,195070,21505600,79
-42565595,12608288879208235,1363231829924216179182835663459819,8860316109278753027,195070,21505600,197
5188254266,-1535252965401495514,1363218101828068914604171582806488,8860316109278753027,195070,21505600,244
550716241,-162960271314655055,1363216644651744746517160381705657,8860316109278753027,195070,21505600,655
-29944532332,8869636597399380539,1363218206045577724360085497082192,449837595385392534969,195070,21505602,18
412767463,-122140443864611472,1363217113876538073974303008879261,8860316109278753027,195070,21505603,82
500000000,-147952828774166033,1363215790895436949474186441430750,8860316109278753027,195070,21505604,415
-1590000000,470961835721646037,1363220000088842485590898282449386,8860316109278753027,195070,21505604,448
2500000000,-739764404614037409,1363213385181005320406829876499910,8860316109278753027,195070,21505604,515
-23425857,6938750000000000,1363213447195670899224043935389022,8860316109278753027,195070,21505605,219
50000000000,-14795189164646487663,1363210823001390234391395571497745,446687831081211753468,195070,21505608,6
-88882142442,26331376715952734600,1363446158115246427957244297649401,8860316109278753027,195073,21505612,38
10764671742,-3186334247178206681,1363417666196397637495404319936876,8860316109278753027,195073,21505614,186
10775591936,-3189433246418444338,1363389146566571901187637087604300,8860316109278753027,195072,21505615,174
2000000000,-591958969336210292,1363383853321856260514459546112238,8860316109278753027,195072,21505618,249
2809928644,-831673466378050845,1363376416571322721649136498562133,8860316109278753027,195072,21505620,165
-48485257,14364791932777440,1363376544955796556343323614490822,8860316109278753027,195072,21505621,22
506295402,-149850716464688812,1363375205003951665591654014774410,8860316109278753027,195072,21505626,15
-11000000,3258978620258368,1363375234130879320261121772875250,8860316109278753027,195072,21505627,421
359453666,-106389078308133241,1363374282809156485508538225370168,8860316109278753027,195072,21505627,499
-3099839566,918396164670568579,1363382490920274613940197978905192,8860316109278753027,195072,21505629,396
-3148331407,932774266489114026,1363390827534822889772975208951832,8860316109278753027,195072,21505630,298
8946,-2647693218847,1363390827511147451329974585519380,8860316109278753027,195072,21505637,171
168181952,-49778707231713341,1363390382394352783694890976429026,8860316109278753027,195072,21505641,205
3503565086,-1036982241762598671,1363381109790919511701182421577170,8860316109278753027,195072,21505642,317
-16876306,5000000000000000,1363381154478122234682421159742626,8860316109278753027,195072,21505643,222
-1052640000,311869830480803671,1363383941796189810175841317633252,8860316109278753027,195072,21505644,197
-843810477,250000000000000000,1363386176156325959237778225906086,8860316109278753027,195072,21505645,310
235402652,-69674290496692540,1363385553134986488385400993531649,8860316109278753027,195072,21505646,192
-29000000,8591983452753058,1363385629925327757520631497498328,8860316109278753027,195072,21505651,342
535228293,-158416227315808188,1363384213381442880802562032005887,8860316109278753027,195072,21505653,163
5000000000,-1479878095656952521,1363370980442480215137970404085264,8860316109278753027,195072,21505655,12
999200160,-295735441673413658,1363368336002333255612177538417807,8860316109278753027,195072,21505656,65
-14370060217,4257504833537887892,1363406387198651331630050677012962,8860316109278753027,195073,21505656,78
31587289550,-9348889171845411711,1363322790259050143015705247895877,8860316109278753027,195071,21505656,102
12891318924,-3815113876918128050,1363288675848398997586529722980292,8860316109278753027,195071,21505656,267
639000000,-189103516531601008,1363286984901489767713940715958787,8860316109278753027,195071,21505658,698
200000000,-59187232727907221,1363286455654492764360283926702190,8860316109278753027,195071,21505659,227
32756260070,-9693141865644051708,1363199780437769872451908634236686,8860316109278753027,195070,21505660,8
-1964344977,581830476996569600,1363204980513065063367510217208572,8860316109278753027,195070,21505660,162
-2175275958,644312500000000000,1363210739017725953537387114054735,8860316109278753027,195070,21505664,367
3813671472,-1128469152203597235,1363200648346436078015557842006916,8860316109278753027,195070,21505665,5
-66932267,19825000000000000,1363200825531194874636169438832951,8860316109278753027,195070,21505665,447
30639362360,-9065612146584590981,1363119523498497783588628212969305,8833529011340027339,195068,21505665,496
63788928731,-18870477465287735859,1362950273671681990937260756040218,8833529011340027339,195066,21505666,2
53977326681,-15964282263376600281,1362807089588858163949909532870257,8833529011340027339,195064,21505667,36
-20268631,6000000000000000,1362807143376114648656562278574107,8833529011340027339,195064,21505667,185
58046722974,-17164101686923440129,1362653198080172654792517347911048,8833529011340027339,195062,21505668,199
-2191672764,648643809624535549,1362659012875331903480389074351022,8833529011340027339,195062,21505670,259
-1262127833,373539756776561344,1362662361488449399454550139753451,8833529011340027339,195062,21505672,92
268853764,-79490649444710220,1362661648534647528763688504139993,8833529011340027339,195062,21505672,257
-3378826,1000000000000000,1362661657499190276214797295090634,8833529011340027339,195062,21505677,171
54138431804,-16005145294855320216,1362518106914723146150764806622874,8833529011340027339,195060,21505678,261
336202178,-99382160361238811,1362517215553417601011739083012375,8833529011340027339,195060,21505680,97
118048854241,-34887464066472324139,1362203514267660713169181092816455,8811128985645216684,195055,21505682,10
54062500000,-15971950605601812356,1362059897223770876277603350405402,8811128985645216684,195053,21505684,61
63310000,-18702010800711894,1362059729058493364586988850914162,8811128985645216684,195053,21505684,168
-45659589553,13502712929189192983,1362181082433130382430930966283513,8811128985645216684,195055,21505685,40
59309849103,-17521444443499719533,1362023532606074639259378211553530,8811128985645216684,195052,21505688,2
-507298493,150000000000000000,1362024880705992856636859353851126,8811128985645216684,195052,21505689,102
-47281221918,13981599998664507392,1362150537998091174686954716574640,8811128985645216684,195054,21505692,79
204976782,-60558950383282922,1362149993462382927003592517768945,8811128985645216684,195054,21505694,83
170746579,-50445840331831395,1362149539862027911170429592615951,8811128985645216684,195054,21505695,140
204988253,-60562250574267120,1362148995296644911471731302112864,8811128985645216684,195054,21505701,249
-3413587260,1009534498915192053,1362158068319147746082136575152076,8811128985645216684,195054,21505703,9
-30262781,8949976893805702,1362158148755568536661368619300827,8811128985645216684,195054,21505705,109
-3236247753,957100634460944354,1362166750537482153989247544212263,8811128985645216684,195054,21505706,345
-9897239366,2927123495972223566,1362193057570452369446926587290979,8811128985645216684,195055,21505709,310
-4264342565,1261220607946016257,1362204392579775210084408140440167,8811128985645216684,195055,21505712,54
-43525463184,12874277786215772846,1362320097998646578637607572465946,8811128985645216684,195057,21505714,66
-80557122,23829798635131476,1362320312164977186353047338286888,8811128985645216684,195057,21505715,62
-118318170,35000000000000000,1362320626721624770407792938156327,8811128985645216684,195057,21505717,61
-709907876,210000000000000000,1362322514061510274736266537372962,8811128985645216684,195057,21505717,111
19994933,-5908856234761106,1362322460930087184259766450458851,8811128985645216684,195057,21505719,284
-12352735058,3654192856025540112,1362355302376872133423733022999045,8811129115527951362,195057,21505721,460
98837411,-29209604526789441,1362355039729115633353440498890435,8811129115527951362,195057,21505722,16
197835865,-58466769038587444,1362354514005951401227858587780389,8811129115527951362,195057,21505723,34
-26354812423,7796874992532062208,1362424587115183694291098967550484,8811129115527951362,195058,21505723,87
-3379980198,1000000000000000000,1362433574447839330030345362331392,8811129115527951362,195058,21505725,20
-69300000,20503216719367353,1362433758717068497577220402424704,8811129115527951362,195058,21505727,247
43905519,-12976975924876130,1362433642030325625102938747609230,8811129115527951362,195058,21505730,132
-59323808437,17553674174375586145,1362591213802982326043904124362292,8833529141222762017,195061,21505731,5
-1176831842,348260812167717646,1362594335801874361653606102840432,8833529141222762017,195061,21505734,288
-8561513673,2533663800000000000,1362617048938983171182045636585209,8833529141222762017,195061,21505735,24
-7942864661,2350658553406029824,1362638121517760002986144927417019,8833529141222762017,195061,21505736,96
-1050576834,310919393564422731,1362640908767913640830438692474753,8833529141222762017,195061,21505740,96
48580977,-14363248555132595,1362640779943547686308194795449649,8833529141222762017,195061,21505743,133
25000000,-7391394500849336,1362640713649929885521766740731681,8833529141222762017,195061,21505748,70
-1290476767,381919679712143611,1362644137385174417388483687905605,8833529141222762017,195061,21505748,220
336947833,-99621004810894133,1362643243881679629654335573002816,8833529141222762017,195061,21505754,270
-40358290295,11945085312295149568,1362750326108009179224633495807063,8833529141222762017,195063,21505755,15
-17619494,5215357347708015,1362750372861302378554920247646800,8833529141222762017,195063,21505755,75
6285888404,-1858735542679604958,1362733701811794064561603327746880,8833529141222762017,195063,21505759,54
-14915263606,4414927473573971074,1362773279617275887233230717128937,8833529141222762017,195063,21505759,322
-33487129,9912500000000000,1362773368478304564784865885487992,8833529141222762017,195063,21505759,403
14347412,-4242720822602868,1362773330425226405209848770813685,8833529141222762017,195063,21505759,539
-421959334,124903969565440586,1362774450132184437457263662057625,8833529141222762017,195063,21505761,320
-24059268240,7122111359503146116,1362838296602980051614186811582657,8833529141222762017,195064,21505766,98
-5000000,1480187392041486,1362838309872183006706118669476024,8833529141222762017,195064,21505767,575
151069554,-44677525993684481,1362837909158240303515394511593136,8833529141222762017,195064,21505768,147
371061572,-109738168658477272,1362836924913628496179497251664352,8833529141222762017,195064,21505769,154
-3377957,1000000000000000,1362836933878171111821528542293260,8833529141222762017,195064,21505769,319
-157190885,46534314055445252,1362837351037012551530445252839567,8833529141222762017,195064,21505772,134
-1002500000,296777736750340360,1362840011513681023748802448255544,8833529141222762017,195064,21505772,617
84445088206,-24969876948709241777,1362616056009915099177036743411094,8833529141222762017,195061,21505775,2
200000000,-59128990123001452,1362615525680398563385865448639489,8833529141222762017,195061,21505775,76
25000000,-7391120529175779,1362615459389238021972198758254768,8833529141222762017,195061,21505776,72
2086647495,-616903990403731468,1362609926360611975075282167533170,8833529141222762017,195061,21505777,118
-1000000000,295938846269074209,1362612579317010978126768447387185,8833529141222762017,195061,21505777,168
8029053321,-2373700795251032064,1362591289530181752257088005872398,8833529141222762017,195061,21505777,308
43325499245,-12807424317855778944,1362476316495287308364166944929071,8811129115527951362,195059,21505778,2
11220842496,-3316633741776158995,1362446493893252042505560170859975,8811129115527951362,195058,21505778,99
-14366287552,4250633663532674276,1362484695750619236094617257345497,8811129430180260379,195059,21505779,187
227658990,-67293250593325561,1362484090661267596410549698059924,8811129430180260379,195059,21505780,101
10432434176,-3083637550006929211,1362456363122036335937057578137581,8811129430180260379,195059,21505781,79
320000000,-94584188323094911,1362455512637259881048658998571334,8811129430180260379,195059,21505781,105
10200384106,-3014922661756760783,1362428402970501902638766574384370,8811129430180260379,195058,21505783,83
6869459,-2030362210708199,1362428384713833621065322014032474,8811129430180260379,195058,21505783,209
-253498648,75000000000000000,1362429058763758722895986178077192,8811129430180260379,195058,21505784,270
5060414,-1495675580472409,1362429045314900787340677715677505,8811129430180260379,195058,21505787,146
55006996,-16258081489021974,1362428899125024382808788614834784,8811129430180260379,195058,21505789,116
-6759962,2000000000000000,1362428917099689052190939659209309,8811129430180260379,195058,21505792,101
-25525393302,7552310169228503660,1362496792221074575750410005705066,8811129430180260379,195059,21505794,239
-13518576,4000000000000000,1362496828170403914514712094454117,8811129430180260379,195059,21505795,28
-23450504,6938750000000000,1362496890531256151852412374030987,8811129430180260379,195059,21505800,121
-31937631,9450000000000000,1362496975461546714683076058700621,8811129430180260379,195059,21505802,52
-23924782287,7079415101824065288,1362560489689471843860561952079304,8833529455875071034,195060,21505804,5
-5012091971,1483176673814538388,1362573785689497173957608817946551,8833529455875071034,195060,21505806,297
1269393399,-375265684056301742,1362570419921516102119550482697823,8833529455875071034,195060,21505806,519
-5012500,1483304578017302,1362570433218662730085191557830142,8833529455875071034,195060,21505807,102
-31337890576,9274109374873395098,1362653571364414508329718250511664,8833529455875071034,195062,21505813,58
-3378844390,1000000000000000000,1362662535906710831333729580552883,8833529455875071034,195062,21505820,82
5000000000,-1478311792506382603,1362649276888610704727090000279461,8833529455875071034,195061,21505820,87
500000000,-147829596977878248,1362647951000992138871273291438480,8833529455875071034,195061,21505821,306
-38695987,11452263698559720,1362648053665294453254403371136050,8833529455875071034,195061,21505822,248
-1756640678,519888074512222497,1362652714223927771998473460244743,8833529455875071034,195061,21505822,269
-449157605,132931389200500688,1362653905892988768861881473099447,8833529455875071034,195062,21505822,297
-10790000,3193380130110015,1362653934520180013470552286699747,8833529455875071034,195062,21505822,489
46000000,-13600427911883304,1362653812537776388660779744653581,8833543862445000927,195062,21505825,458
8446830000,-2497360953191532286,1362631413676963864028352397703106,8833543862445000927,195061,21505829,71
-69550508010,20583353192880269924,1362634526298244911929350057641403,523663405873568194584,195061,21505831,13
370774140,-109620437358941794,1362633543111206821524597876987131,8833543862445000927,195061,21505835,35
-3378965,1000000000000000,1362633552075734497633167846383826,8833543862445000927,195061,21505841,107
3459938,-1022939849904504,1362633542900974522182161471252209,8833543862445000927,195061,21505847,201
3370855985,-996595980607026795,1362624604419483726532951094418712,8833543862445000927,195061,21505850,69
-1422050593,420849424424907144,1362628377135796457975032504228002,8833543862445000927,195061,21505850,150
-405478667,120000000000000000,1362629452879117591003428831831483,8833543862445000927,195061,21505850,324
-50684788,15000000000000000,1362629587347032732631978372781918,8833543862445000927,195061,21505851,9
564293147,-166833614584545539,1362628091014311123438530768467826,8833543862445000927,195061,21505851,177
100000000,-29565023060816093,1362627825845259123964816659207463,8833543862445000927,195061,21505851,258
577431090,-170717409729309613,1362626294678731548214462069831265,8833543862445000927,195061,21505852,165
590777504,-174662877896160767,1362624728125251919495106933036300,8833543862445000927,195061,21505852,174
506332263,-149696392806940511,1362623385496481202698639628712420,8833543862445000927,195061,21505852,183
548982677,-162305592073618081,1362621929775648655287897629099096,8833543862445000927,195061,21505852,192
-10854287710,3212323607901652590,1362650726739536306586696300191824,8833543862445000927,195061,21505852,308
-11190726876,3312034847400109783,1362680417567590060895012491927877,8833543862445000927,195062,21505853,200
515279414,-152354054853413765,1362679051102216073110223720117361,8833543862445000927,195062,21505853,227
1980000000,-585429100633946063,1362673800381480673051540324723301,8833543862445000927,195062,21505856,148
569024592,-168243384964676289,1362672291404511350361132654565770,8833543862445000927,195062,21505856,198
602800623,-178229530727059683,1362670692861679031632460236337990,8833543862445000927,195062,21505856,207
579372736,-171302233866996031,1362669156449856640528204656131810,8833543862445000927,195062,21505856,216
533606900,-157770378753943715,1362667741405407606151063208783956,8833543862445000927,195062,21505856,273
10000000,-2956674885799154,1362667714886954536614631279832646,8833543862445000927,195062,21505856,280
1000000000,-295666907437850291,1362665063046859853233206221219716,8833543862445000927,195062,21505859,8
500000000,-147833022179055778,1362663737130682997887956038566628,8833543862445000927,195062,21505862,15
587481699,-173698022432697802,1362662179231003775029839227083354,8833543862445000927,195062,21505862,199
-1869632852,553340362347719297,1362667139665996349103955716287726,8833543862445000927,195062,21505867,61
643553254,-190277371617925010,1362665433065932311000845045907233,8833543862445000927,195062,21505869,15
-437792317,129570166986888717,1362666594601280262973701035408867,8833543862445000927,195062,21505872,262
-42704014,12638804434606464,1362666707902192409927067454381220,8833543862445000927,195062,21505872,357
-6015000000,1780237901903237633,1362682666894134078954269758804909,8833543862445000927,195062,21505873,41
10667831747,-3154134696608198698,1362654377421615901360603829731000,8833543862445000927,195062,21505874,90
-270308867,80000000000000000,1362655094583829990046201381466654,8833543862445000927,195062,21505874,131
4981518099,-1472831356847846786,1362641884741448096039303482252229,8833543862445000927,195061,21505875,57
-33789243,10000000000000000,1362641974386724857125003176219185,8833543862445000927,195061,21505875,394
392837940,-116144928046423464,1362640932681450308048854949637013,8833543862445000927,195061,21505876,90
-966396570,286007283070375683,1362643496601654961049721469134056,8833543862445000927,195061,21505880,13
-6015000000,1780177253871313890,1362659455049915669395016856554909,8833543862445000927,195062,21505882,85
-1805651243,534402031075017755,1362664245658251752228722655413486,8833642441971015222,195062,21505887,69
-4573963586,1353730850299953232,1362676381080497834759916071811522,8833642441971015222,195062,21505893,5
-26590530773,7870040905007271573,1362696751868151624960519610274682,30593668048960298550,195062,21505894,20
-1192596534,352980754380843344,1362699916138581159123127268347742,8833642441971015222,195062,21505894,270
-317591662,94000000000000000,1362700758794778939502057478756539,8833642441971015222,195062,21505894,358
7457518004,-2205020513158958300,1362680982159635343578487388563788,8833642441971015222,195062,21505895,244
-742000000,219609415723794836,1362682950832350775318050444768271,8833642441971015222,195062,21505896,93
27722574016,-8196404774417340872,1362609437998458515774025256453440,8833642441971015222,195061,21505896,116
-67581701,20000000000000000,1362609617287011235003584875689354,8833642441971015222,195061,21505897,273
27515328620,-8134258719646737773,1362536661835621078080937644616246,8833642441971015222,195060,21505898,120
60669141325,-17932321036119004620,1362375469803897987882838760993245,8811242416276204567,195057,21505899,2
-297276162,87945171927938440,1362376260186250174706562049245927,8811242416276204567,195057,21505899,369
41622482634,-12300152284726263813,1362265660747700583432666353384321,8811242416276204567,195056,21505900,20
-15641264,4626510074567526,1362265702327150995434795116012908,8811242416276204567,195056,21505900,141
-1002500,296528240965177,1362265704992114670483596521840550,8811242416276204567,195056,21505900,155
-1005360740,297375000000000000,1362268377565796988673110794296480,8811242416276204567,195056,21505901,514
537914676,-158950507547844170,1362266948328460326270209762216143,8811242416276204567,195056,21505903,109
535959214,-158372348814304575,1362265524289761033700900094968336,8811242416276204567,195056,21505903,118
525803041,-155370946107854942,1362264127238813316106556747400999,8811242416276204567,195056,21505903,127
511321608,-151091483208350010,1362262768667567558526174930130552,8811242416276204567,195056,21505903,136
554306253,-163792764549776546,1362261295890045918773916666138981,8811242416276204567,195056,21505903,145
-6015000000,1779178815678912998,1362277285756305427837826640761453,8811242416276204567,195056,21505903,252
76530500943,-22611240872118070954,1362073971969006128272013770013469,8811242416276204567,195053,21505909,32
50000000,-14770492655073070,1362073839156976086946494441030631,8811242416276204567,195053,21505910,21
-401000000,118577980561654139,1362074904843029559883679966300014,8811242416276204567,195053,21505916,40
-1477122068,436794996794498376,1362078830414489841461848221215113,8811242416276204567,195053,21505921,20
-18261280,5400000000000000,1362078878945462130720270674586317,8811242416276204567,195053,21505921,39
-81716517482,24168052206039555981,1362296082477294844901214304592948,8811242416276204567,195056,21505922,17
-11435282,3382579183336881,1362296112877268291705756824464904,8811242416276204567,195056,21505922,38
-2337247293,691365518159961726,1362302326329268952797082849222889,8811242416276204567,195056,21505922,93
-413972405,122455071019900295,1362303426859576053899542603904825,8811242416276204567,195056,21505924,109
-80284924050,23752415413543338673,1362516894973323762492481927703624,8811242416276204567,195059,21505925,2
599998553,-177360586990831736,1362515300197837415863079341181347,8811242416276204567,195059,21505925,108
-7097060,2100000000000000,1362515319070993306130243628603482,8811242416276204567,195059,21505926,74
-94511540988,27970844838442329895,1362766065681579413279834489718457,8833642441971015222,195063,21505927,2
-40539702,12000000000000000,1362766173254711044817570261260005,8833642441971015222,195063,21505928,59
-3378308,1000000000000000,1362766182219138680779048242221800,8833642441971015222,195063,21505928,462
-2005000000,593494641367240811,1362771502558903548318773349538208,8833642441971015222,195063,21505932,54
-3354633,993000000000000,1362771511460580190828520984633271,8833642441971015222,195063,21505932,126
7576280324,-2240367969126107754,1362751417797211349436197089997292,8833642441971015222,195063,21505934,137
-2173537893,643369358815618858,1362757185235271646986224377815622,8833642441971015222,195063,21505935,366
-105270000,31160162017650439,1362757464568289179048971257184740,8833642441971015222,195063,21505935,383
20000000000,-5913898436984952707,1362704423333086800560469087635054,8833642441971015222,195062,21505935,402
10000000000,-2956776586321107512,1362677904263808380575726098918382,8833642441971015222,195062,21505941,9
3000000000,-887010535155283668,1362669948744293888324566741450076,8833642441971015222,195062,21505943,18
-1554052063,459945388967020414,1362674071891449777333826436542255,8833642441971015222,195062,21505944,43
-147015742,43511693349649342,1362674461948876128411637540185990,8833642441971015222,195062,21505946,245
-20855019,6172383124278047,1362674517280757987431997300898211,8833642441971015222,195062,21505946,258
6595897835,-1950186947889027811,1362657026225459390365826420851953,8833642441971015222,195062,21505947,122
-11825972,3500000000000000,1362657057600956116230999354218238,8833642441971015222,195062,21505947,180
-21333480918,6314092457323783769,1362713659825876565477227380140105,8833642441971015222,195062,21505952,177
-117845208,34880225416933478,1362713972507133241601660888484088,8833642441971015222,195062,21505953,73
-443120284,131156391087680182,1362715148249110140973566391590965,8833642441971015222,195062,21505953,182
353200566,-104437120569294139,1362714211561756612588069725698199,8833642441971015222,195062,21505954,239
-6015000000,1780362025616688156,1362730171488301067184168791075302,8833642441971015222,195063,21505955,42
9500000000,-2809046639476332906,1362704977395929254920913455599464,8833642441971015222,195062,21505955,71
-886884039,262500000000000000,1362707330558183694808883458070839,8833642441971015222,195062,21505962,37
1030000000,-304554604208663882,1362704599034711331170705364313218,8833642441971015222,195062,21505965,64
10000000000,-2956777348783486277,1362678079958594453137354966137870,8833642441971015222,195062,21505965,80
211728436,-62602140039445687,1362677518485504761015237661233238,8833642459170430640,195062,21505974,66
-345094653,102136915489514207,1362678434084490844374606316655350,8833642459170430640,195062,21505975,41
9783916270,-2892776328100462480,1362652489027952787080419616682875,8833642459170430640,195061,21505977,240
1350643129,-399331280339515401,1362648907460810806609550999392796,8833642459170430640,195061,21505982,196
49231696708,-14554415637620186575,1362518370186660612842669057766663,8833642459170430640,195060,21505986,23
195218149,-57706985378345334,1362517852617782667427234917302183,8833642459170430640,195060,21505987,47
42177186565,-12466654128206398484,1362405759342113689108669069989472,8811310420929349620,195058,21505988,127
35078918511,-10366998903410889334,1362312542983289957243256433722125,8811310420929349620,195057,21505989,30
371456178,-109770188907280953,1362311555968878876005880370016219,8811310420929349620,195056,21505990,117
273521138,-80828994163924947,1362310829183374841007685163396813,8811310420929349620,195056,21505990,361
-24767937784,7326917328513926445,1362376677271799408046572850631680,8811310420929349620,195057,21505991,7
29545239303,-8731332274943387479,1362298168244265647214911764257363,8811310420929349620,195056,21505991,129
688899577,-203574469022053740,1362296337775204300355783576843074,8811310420929349620,195056,21505993,84
-105279584,31141925683342919,1362296617652290961026177529830890,8811310420929349620,195056,21505994,246
-169031821,50000000000000000,1362297067009677377194472611562870,8811310420929349620,195056,21505995,449
195781835,-57854814151989964,1362296546799810865311402670144059,8811310420929349620,195056,21505995,464
-3550524175,1050260008042531890,1362305985641656293631876254048391,8811310420929349620,195056,21505996,43
481740122,-142359144659382569,1362304705598971419567357662264094,8811310420929349620,195056,21505999,172
3300000000,-975176639153107084,1362295937158233771882466760052628,8811310420929349620,195056,21506001,72
40543502,-11980853991215179,1362295829430665257101647346336764,8811310420929349620,195056,21506002,129
-223776540,66193544004550324,1362296424321823887268840849026949,8811310420929349620,195056,21506004,91
293407030,-86703600065081378,1362295644713957591767341871363067,8811310420929349620,195056,21506005,110
-23664495,7000000000000000,1362295707623991690030903182805544,8811310420929349620,195056,21506014,81
-5026592,1486875000000000,1362295720986756968581707857798548,8811310420929349620,195056,21506016,320
-134419518,39761546526570692,1362296078329649509475316559403646,8811310420929349620,195056,21506018,119
32947915221,-9735688622497747313,1362208538487841261081932437555282,8811310420929349620,195055,21506020,33
500000000,-147733983440828367,1362207210116521925011478482744362,8811310420929349620,195055,21506021,247
-2067064551,611364439884708784,1362212704539059012559016413743116,8811310420929349620,195055,21506022,155
-13017057,3850000000000000,1362212739139577766603975135036478,8811310420929349620,195055,21506022,234
52402884468,-15481902029743426458,1362073531395048768562225909486012,8811310420929349620,195053,21506025,22
556000000,-164247609996127039,1362072054539085727806558625445591,8811310420929349620,195053,21506025,364
150000000,-44311344567041427,1362071656107270155380058703851872,8811310420929349620,195053,21506027,18
-1115976498,330000000000000000,1362074621866020502090806243282943,8811310420929349620,195053,21506029,289
-62564955,18500822058232258,1362074788135641434847645834209985,8811310420929349620,195053,21506031,65
2530083126,-747408765337343955,1362068067702437302298982045085271,8811310420929349620,195053,21506033,11
5362732,-1584190088599230,1362068053457964710015875387458698,8811310420929349620,195053,21506033,91
-349309470,103291909187447332,1362068981757611718166569633673669,8811310420929349620,195053,21506036,83
-202905976,60000000000000000,1362069520986475417568523731752045,8811310420929349620,195053,21506042,51
-19082321,5642710973140581,1362069571698352521414219232424192,8811310420929349620,195053,21506044,24
5000000000,-1477025464226132173,1362056290811863781395499222086450,8811310420929349620,195053,21506047,74
500000000,-147700962229874948,1362054962737459403810797390411729,8811310420929349620,195053,21506047,753
-31992178,9460000000000000,1362055047755876913749838819875419,8811310420929349620,195053,21506052,155
106556364,-31476921444395071,1362054764726619231300408097103218,8811310420929349620,195053,21506052,206
-200000000,59139457834803266,1362055296221663365628052508605218,8811310420929349620,195053,21506054,165
-50757573014,15010369108743622137,1362190196626300306098207880567125,8811310420929349620,195055,21506055,36
-291024167,86072186739080068,1362190970169757830046171401472656,8811310420929349620,195055,21506057,323
-73970432,21877225780315090,1362191166783617803622304367606531,8811310420929349620,195055,21506058,49
14127710,-4174183197678725,1362191129250850377285214494883684,8811310420929349620,195055,21506061,101
4395839,-1298797645396587,1362191117572524906171978627125571,8811310420929349620,195055,21506061,111
-1606046541,475000000000000000,1362195386467695859770781903579385,8811310420929349620,195055,21506061,126
-437752535,129469027219848315,1362196550024969726866582773126574,8811310420929349620,195055,21506063,62
-677344525,200330827574252393,1362198350427711673948879280615733,8811310420929349620,195055,21506066,42
6300000000,-1861399291926120967,1362181613388774268686390048900515,8811310420929349620,195055,21506067,86
3057827648,-903449895348496704,1362173489889349921287872914980062,8811310420929349620,195054,21506069,26
-462390177,136751429130539594,1362174718894645576790547901441309,8811310420929349620,195054,21506076,517
-1155857427,341844748961513095,1362177791103904645524250471227476,8811310420929349620,195055,21506077,37
-1893480329,560000000000000000,1362182823906632506609155386625657,8811310420929349620,195055,21506081,181
-1005483085,297375000000000000,1362185496459688216770090385226610,8811310420929349620,195055,21506081,227
-672490668,198892025182518033,1362187283931700517470698483468368,8811310420929349620,195055,21506082,4
-9721710951,2875296399713659604,1362213124645207460439270117343320,8811310420929349620,195055,21506082,295
-56647054,16754270990138654,1362213275218315929177938712002594,8811310420929349620,195055,21506084,38
169603870,-50112891423929619,1362212824621058980418990896465536,8811310420929349620,195055,21506087,106
209467099,-61891242280886462,1362212268117069517907912934824643,8811310420929349620,195055,21506087,113
-9627889115,2847651558613411561,1362237860382305566921865523554904,8811310420929349620,195055,21506094,37
2500000000,-738698836196218878,1362231218265679617984722705577033,8811310420929349620,195055,21506097,211
20000000000,-5909331369266055350,1362178083664387762622408659481561,8811310420929349620,195055,21506097,315
176701668,-52207380986414802,1362177614234227248595120008446357,8811310420929349620,195055,21506098,438
-994941288,294254971356305784,1362180258747124621275748309314477,8811310420929349620,195055,21506100,266
-9609976294,2842219784661574546,1362205802196205738271635069822391,8811310420929349620,195055,21506101,5
-6015000000,1779033862749639027,1362221790636343959032734056049311,8811310420929349620,195055,21506101,47
-501417929,148304375444166181,1362223123469674832486388388601173,8811310420929349620,195055,21506101,353
2649721095,-782921187118745943,1362216083721432440820070322872812,8811310420929349620,195055,21506106,222
4557473183,-1346591596689990587,1362203975649787446539900108298342,8811310420929349620,195055,21506109,79
10004321794,-2955882026605439430,1362177397412228067908601357310839,8811310420929349620,195055,21506109,647
387251039,-114415070784236323,1362176368632694816776447885252466,8811310420929349620,195055,21506112,57
-6914138677,2044883933791951930,1362194746306695080065396944083205,8811310420929349620,195055,21506113,292
-20286858,6000000000000000,1362194800229581450005592353891042,8811310420929349620,195055,21506117,64
-65363748561,19334316148811576220,1362368560585036927731283972784714,8811310420929349620,195057,21506120,31
-218466791,64629809485142467,1362369141422682424101325752692985,8811310420929349620,195057,21506121,189
5050000000,-1492451844927213610,1362355721827677151841035170312608,8811310420929349620,195057,21506122,24
104713541,-30946207090162512,1362355443570413769571440192930566,8811310420929349620,195057,21506122,70
207288095,-61260237545915804,1362354892740193962340834382210274,8811310420929349620,195057,21506123,127
-35130750980,10393354837294907294,1362448299355509615933142421498886,8811310420929349620,195058,21506124,65
-426862789,126295174133241657,1362449434388896925699820717636815,8811310420929349620,195059,21506124,159
-19568753255,5790000000000000000,1362501469974243917988391182200153,8811310420929349620,195059,21506125,199
-34708705,10270000000000000,1362501562272251087869358991987901,8811310420929349620,195059,21506132,34
-41231367,12200000000000000,1362501671915453373414422991930504,8811310420929349620,195059,21506132,73
202619477,-59893368129626907,1362501133376086030638310929005354,8811317781863162637,195059,21506135,109
434919518,-128560012132444429,1362499977411247827815977170138436,8811317781863162637,195059,21506144,154
-87711526920,25957442645849770524,1362732711940782388495112910929920,8833717807557973292,195063,21506149,2
-587095685,173775593941641285,1362734269726228687057375516262092,8833717807557973292,195063,21506150,32
-131755732851,39008687583688764201,1363083957299832867075099846670474,8833717807557973292,195068,21506156,27
-200500000,59376937412741000,1363084489575550355984751242757468,8833717807557973292,195068,21506156,219
-30000000,8884333775811223,1363084569217838102475186321492173,8833717807557973292,195068,21506156,279
1210273369,-358056603454574348,1363081357867035891744100782268237,8833717807557973292,195068,21506161,15
-11814608326,3498895021469375719,1363112723190663569454910753538468,8833717807557973292,195068,21506161,77
23159993,-6852129750670803,1363112661735038510831008639127187,8833717807557973292,195068,21506161,231
1996222803,-590601382522093498,1363107364728349484044803103055317,8833717807557973292,195068,21506162,12
92319926,-27313611568962595,1363107119757058417244750712881595,8833717807557973292,195068,21506162,248
9548917302,-2825072923509963344,1363081782142525723634568683093702,8833717807557973292,195068,21506164,175
24183839249,-7154384230767161417,1363017615750807194923102082681340,8833732135214220601,195067,21506169,386
172224243,-50947245101683006,1363017158814084099196849763339750,8833732135214220601,195067,21506172,1273
5509320310,-1629744944968104877,1363002541923354300928686578667198,8833732135214220601,195067,21506174,146
275239731,-81419391885675320,1363001811687400415008891628582967,8833732135214220601,195067,21506179,112
4441206121,-1313752853646088600,1362990028873183383430563111421305,8833732135214220601,195066,21506186,45
337720769,-99900226206162743,1362989132885934061919186223304922,8833732135214220601,195066,21506189,550
5258053892,-1555353123146286493,1362975183202139997648533342312478,8833732135214220601,195066,21506190,65
-35516604,10516358904697149,1362975277474321190892481823419423,8833732135214220601,195066,21506192,7
700000000,-207060393984928097,1362973420386705922415836135986834,8833732135214220601,195066,21506194,37
405658518,-119993759482300982,1362972344184152862916158516453790,8833732135214220601,195066,21506194,94
97088741779,-28713393734582827104,1362714818894692133709324415401984,8833732135214220601,195062,21506195,8
202797268,-59964679423517035,1362714281082214489801239043159351,8833732135214220601,195062,21506201,207
-199716658,59112878691604970,1362714810989957404525987461542758,8833732135214220601,195062,21506203,449
337640519,-99836157193349753,1362713915577331592260622512971048,8833732135214220601,195062,21506207,140
-3078144195,911085173265004905,1362722082851510315249939502721004,8833732135214220601,195063,21506208,78
-61370704018,18167100776607919501,1362884938858203215943931832307326,8833732135214220601,195065,21506209,112
97580000,-28860426623183047,1362884680014202092391876893282004,8833732135214220601,195065,21506211,39
405153724,-119828836618651664,1362883605290812680093863934942626,8833732135214220601,195065,21506213,186
-1866218411,552509330352063664,1362888558170433272275494564742539,8833732135214220601,195065,21506215,205
9982000762,-2952252391741594396,1362862079947107525434438313134031,8833732135214220601,195065,21506215,256
461234202,-136410738568843405,1362860856503607247613893964866921,8833732135214220601,195065,21506218,216
-15790000,4674586641055185,1362860898408175437297867347402291,8833732135214220601,195065,21506219,93
-901247500,266812352564208980,1362863290203917050317136310697984,8833732135214220601,195065,21506221,73
-10025000,2967884605378752,1362863316809033689493145221759056,8833732135214220601,195065,21506225,52
-51316449299,15193668175993212094,1362999517964990576749049789948633,8833732135214220601,195067,21506229,115
-69409202957,20555365552398094215,1363183783181061085433064842754873,8833732135214220601,195069,21506230,43
-108181568078,32048772354115533045,1363470254468145125544808706419759,8860519233152946289,195073,21506233,2
17922324,-5305291550102511,1363470207029785131431397475645910,8860519233152946289,195073,21506233,103
16904344541,-5003789373793393272,1363425464613763877391421574463231,8860519233152946289,195073,21506233,152
-9575326048,2837151217010868224,1363450820902785788746979728787534,8860519233152946289,195073,21506235,220
-33746951238,10000000000000000000,1363540193259359105028157807045420,8860519233152946289,195075,21506235,262
15000000,-4440693162051596,1363540153551984146392569730001075,8860519233152946289,195075,21506239,173
132200065374,-39127285193012331530,1363190264589782494056565699623624,8833732135214220601,195069,21506242,24
-3253703662,963721913508543882,1363198901861081357198839663243682,8860519233152946289,195070,21506242,373
-4680074586,1386223352232114563,1363211290865853951834287353191317,8860519233152946289,195070,21506244,150
-57049947767,16900040681376720422,1363362330512041906964567557319586,8860519233152946289,195072,21506244,525
94891851,-28085040181347166,1363362079383855267317310968615967,8860519233152946289,195072,21506244,551
-1512306799,448045000000000000,1363366083667605356466631011823272,8860519233152946289,195072,21506245,113
-49234945108,14588075186427841505,1363496460733333334110101343407072,8860519233152946289,195074,21506247,7
-87706882,25989613006507198,1363496693008629416116087194443617,8860519233152946289,195074,21506247,17
-887916242,263110973394581757,1363499044493402673405492251565700,8860519233152946289,195074,21506248,249
-1515900986,449200079234836157,1363503059100368087175839700808223,8860519233152946289,195074,21506248,285
-3614167590,1070980597812192412,1363512630706355164645326333485372,8860519233152946289,195074,21506249,84
-269827373474,80000000000000000000,1364227267325883346662684867275378,8869251935953285126,195085,21506256,193
97811113439,-28980299190711345310,1363968389139698764343255179984896,8869251935953285126,195081,21506256,245
-16775082971,4974454503749680773,1364012803238457323637611130455628,8869251935953285126,195081,21506257,73
38453362973,-11391015756883868870,1363911048405681571667473918411992,8869251935953285126,195080,21506259,46
-37308834300,11063008843320000000,1364009823772299891970535961969442,8869251935953285126,195081,21506260,26
55106158209,-16323464229629240794,1363863992072134999343898199851008,8860519233152946289,195079,21506260,142
32115345003,-9511549377047157230,1363778942589144487799935714281334,8860519233152946289,195078,21506261,120
83694652538,-24782135669221512149,1363557348005284761427925435312383,8860519233152946289,195075,21506263,7
-337438,100000000000000,1363557348899008327161088247093165,8860519233152946289,195075,21506263,135
-4656393547,1379934451770845228,1363569681698395473930914444428603,8860519233152946289,195075,21506267,187
-202380105249,60000000000000000000,1364105693424927219020189436429236,8869251935953285126,195083,21506271,70
25000000000,-7406936423591074740,1364039527984263364091109532837958,8869251935953285126,195082,21506271,262
26085140259,-7727673057079239994,1363970497434534417853583470836022,8869251935953285126,195081,21506273,121
3592451281,-1064195564676265975,1363960991079347533849665169872855,8869251935953285126,195081,21506273,163
8750000000,-2591959499497463483,1363937837357935683551120726819845,8869251935953285126,195080,21506275,260
73405550,-21744109160843752,1363937643119929280808368076926694,8869251935953285126,195080,21506278,219
500000000,-148109271293204693,1363936320074254107296965405051737,8869251935953285126,195080,21506282,71
-607051827,180000000000000000,1363937927192737252432117184067366,8869251935953285126,195080,21506282,347
-161532814,47896981182073400,1363938354837869166681475816802616,8869251935953285126,195080,21506282,506
45742187500,-13548508763946776903,1363817265537091074374477120012186,8860519233152946289,195079,21506287,63
40619220086,-12029105303264495054,1363709704807884338573321888716733,8860519233152946289,195077,21506288,33
-1003502500,297454950871661109,1363712363232877718610634342816338,8860519233152946289,195077,21506291,58
32299856662,-9564065591329521069,1363626844165312047076059549891651,8860519233152946289,195076,21506291,111
102189130635,-30250549194469001893,1363356352632631033645752914683252,8860519233152946289,195072,21506295,7
114619286,-33923449263922804,1363356049299103888862097547788917,8860519233152946289,195072,21506297,16
202335667,-59884507799801939,1363355513829410612079807810633096,8860519233152946289,195072,21506298,515
2747132234,-813053488546798698,1363348243743738617760809314250843,8860519233152946289,195072,21506299,128
-334588706,99125000000000000,1363349129647223150758446491951574,8860519233152946289,195072,21506300,130
-1615098359,478489644094309527,1363353406021932014341639937974536,8860519233152946289,195072,21506301,169
-55909883008,16565733547971353813,1363501457886486798707987828131120,8860519233152946289,195074,21506304,651
-18222388614,5399952293504264209,1363549718532672194723565391404443,8860519233152946289,195075,21506306,224
-15018190159,4450719846143797316,1363589495664781944606729736040913,8860519233152946289,195075,21506307,98
-3077110582,911950000000000000,1363597645976839648184991770887640,8860519233152946289,195075,21506309,139
-163157790,48354675320458857,1363598078133968120883555006298714,8860519233152946289,195075,21506309,407
23076269,-6832221678120835,1363598017042247059857378227526810,8860519233152946289,195075,21506312,109
-32974363,9772534336937313,1363598104381689398431228241791134,8860519233152946289,195075,21506313,20
-7231795196,2143300330282436658,1363617259561825569279657391876197,8860519233152946289,195076,21506314,19
-596854171,176893449344346766,1363618840500268597961682001278234,8860519233152946289,195076,21506317,14
102990851728,-30487473473903857739,1363346230460215645765761571550643,8860519233152946289,195072,21506318,2
46884193435,-13874676987808039352,1363222167170661472082331062475249,8860519233152946289,195070,21506322,99
-5086277889,1506592103423611779,1363235631939329243845600640926064,8860519233152946289,195070,21506323,179
188081958,-55656061186481956,1363235134279164579055823413391205,8860519233152946289,195070,21506324,178
149030502840,-44087393086852958423,1362839834067301349879922548539392,8833732135214220601,195064,21506325,37
1000000000,-295741603738353213,1362837181613787414662122631406330,8833732135214220601,195064,21506326,101
300000000,-88722256640427861,1362836385879746564710058363597656,8833732135214220601,195064,21506328,14
93316090591,-27592353074303019776,1362588915003330995481974161801216,8833732135214220601,195061,21506332,2
569146704,-168258525087726090,1362587405922733348685688375488610,8833732135214220601,195061,21506338,23
79913795149,-23621448293260675521,1362375190054135904867525149371978,8811332109519409946,195057,21506339,15
-702827049,207922050592865541,1362377058675721042389751030836031,8811332109519409946,195057,21506340,47
52792021,-15602224042025646,1362376918386429182638051394999228,8811332109519409946,195057,21506343,16
2000000000,-591080302159199669,1362371603616124717997120195762025,8811332109519409946,195057,21506345,21
-9393597528,2779003604817825752,1362396578870583447151693455104518,8811332109519409946,195058,21506349,137
66167330,-19555740774749130,1362396403032765858279128940844199,8811332109519409946,195058,21506349,149
39336556563,-11625017781181792174,1362291875273903649344422583132886,8811332109519409946,195056,21506352,33
36903803184,-10904451635727353427,1362193826573027765144784340223291,8811332109519409946,195055,21506353,18
-84511969,24995057838531068,1362194051206752113583918215525273,8811332109519409946,195055,21506353,163
-25669731967,7592400000000000000,1362262285059210497020937984492503,8811332109519409946,195056,21506354,20
87290542579,-25789228931590956356,1362030398076003698052687742640335,8811332109519409946,195052,21506354,57
135040506,-39889736869079330,1362030039402591320337421111811677,8811332109519409946,195052,21506354,133
-582203441,172149857675274825,1362031586534985470594240026119018,8811332109519409946,195052,21506355,198
22718402143,-6710525523575330025,1361971248029963788564471399875850,8811332109519409946,195051,21506357,7
-71084793,21016997819195587,1361971436912363071157343813558859,8811332109519409946,195051,21506358,69
-72785437,21519817984428405,1361971630313670336416572603463256,8811332109519409946,195051,21506359,40
200000000,-59073075234691009,1361971099150941847825443506472839,8811332109519409946,195051,21506362,98
-39990000,11823478230572348,1361971205410025817292533972557390,8811332109519409946,195051,21506363,150
143397076978,-42342681829017454862,1361590479062395062310556358497468,8811440461434777950,195046,21506365,2
1249889345,-368966681668501929,1361587161494473503553973462964310,8811440461434777950,195046,21506367,37
-35312461552,10434632962412448287,1361587962473290168248658532766820,1031617092154084156715,195046,21506374,27
-1303250000,385104220332637483,1361591423394560238472321691952067,8811481632735253457,195046,21506376,172
5395724,-1592820939202439,1361591409072760399677191686617679,8811481632735253457,195046,21506380,193
-170459129,50370011615979135,1361591861746700001923320813045384,8811481632735253457,195046,21506382,194
79842902994,-23569656658564078158,1361590019086678424053772227143857,1013415695941071958481,195046,21506383,21
-8169551072,2414103382771010933,1361611714568847806513122499434787,8811481632735253457,195046,21506386,397
-739997068,218673028038405035,1361613679777469189774863081871806,8811481632735253457,195046,21506387,599
-318124015,94007514666740942,1361614524620475001385516093409350,8811481632735253457,195046,21506389,18
-83322609485,24626337775309230157,1361835840855692791187515656089574,8811481632735253457,195049,21506390,2
-65182228,19268007801911693,1361836014018889991167069476477261,8811373280819885453,195050,21506390,262
-43502046873,12860392176687680800,1361951591438696718402201540463735,8811373280819885453,195051,21506393,17
-13434696,3972000000000000,1361951627135392835064440832280779,8811373280819885453,195051,21506393,458
-1319113270,390000000000000000,1361955132098002477127211176854667,8811373280819885453,195051,21506395,149
-152204940,45000000000000000,1361955536516765128134453908920884,8811373280819885453,195051,21506395,179
-100751328,29787548432896249,1361955804219953564553354216157672,8811373280819885453,195051,21506395,331
-359150198,106184341611649466,1361956758507510175556402295424088,8811373280819885453,195051,21506396,65
-7300698939,2158516127177972461,1361976157272428299107699699584061,8811373280819885453,195052,21506397,236
-28179966731,8332232830536379785,1362051039745571535161685857752161,8811373280819885453,195053,21506398,41
-662015654,195755340191517911,1362052799015181814731924026602001,8811373280819885453,195053,21506407,123
531773531,-157086109211342942,1362051386562957548992295233235583,8811373280819885453,195053,21506412,2
23748687628,-7015039469524599145,1361988310278543939596091500725644,8811373280819885453,195052,21506414,150
8536298694,-2521347845755388297,1361965639379183299791763915526929,8811373280819885453,195051,21506414,292
103426786475,-30542275169303624508,1361691017867677471390567321567232,8811481632735253457,195047,21506415,2
1561742151,-461093272572387486,1361686871961885886712910124423552,8811481632735253457,195047,21506417,56
2468212500,-728716476867219994,1361680319730392653010208702922128,8811481632735253457,195047,21506418,35
-160990000,47578132580192829,1361680747313790453169825287282147,8811481632735253457,195047,21506418,163
-16818783067,4970698761364005771,1361725418849863095986270031185728,8811481632735253457,195048,21506431,10
-287307231,84914904110916607,1361726181977822404247795781120140,8811481632735253457,195048,21506433,115
-4739526846,1400801545180836199,1361738770943631909086556504131921,8811481632735253457,195048,21506434,264
-208841479,61725210353410195,1361739325666437146470168643146479,8811481632735253457,195048,21506434,288
-455462347,134616674895290102,1361740535462873676857108309232506,8811481632735253457,195048,21506437,83
-39358659566,11633768230582819524,1361845087938759514057358287011266,8811373280819885453,195050,21506439,454
101350314503,-29923909793635300864,1361576027922641028619247607087104,8811481632735253457,195046,21506448,8
10000000000,-2951881764449957799,1361549486169743549538157814002644,8811481632735253457,195045,21506449,139
84381933843,-24903967191890874389,1361325562924803804865043028590515,8811481632735253457,195042,21506452,5
-574961310,169832632677793466,1361327089206105731134150346028805,8811481632735253457,195042,21506452,153
8300494,-2449359304459856,1361327067182767872875282567021404,8811481632735253457,195042,21506453,80
14093846555,-4158782420914404764,1361289673620227654396210715156721,8811481632735253457,195041,21506458,23
-2349211,693875000000000,1361289679856063616400739435003651,8811481632735253457,195041,21506458,112
89682324806,-26457919571522643712,1361051797562062413174615250275863,8812612840601693751,195038,21506460,11
2103782237,-620543086456323006,1361046218684448006597708846199526,8812612840601693751,195038,21506463,78
300000000,-88489222342182803,1361045423138494122544535126312817,8812612840601693751,195038,21506468,61
-1319780460,389678176907053519,1361048924716260380488988950927928,8812612840601693751,195038,21506468,109
-300000000,88578233772542211,1361049720664281935498819575814849,8812612840601693751,195038,21506471,91
93071670,-27452951293472341,1361049473853611148456099387562316,8812612840601693751,195038,21506472,61
111467720695,-32872010386177654003,1360753944136357752130262825697280,8812612840601693751,195034,21506473,2
45742187500,-13485314173058917824,1360632706918499208776732239113763,8812612840601693751,195032,21506475,41
-1029748535,303858858079420884,1360635437339355661334366011714960,8812612840601693751,195032,21506478,95
-39118937071,11544144239148277371,1360739170935933018591884006691135,8812612840601693751,195033,21506479,2
-461480223,136195040253198471,1360740394759983445094644455142136,8812612840601693751,195033,21506481,10
-2016074936,595000000000000000,1360745741188902807997300174261156,8812833206665715825,195033,21506485,73
-33598085339,9916421268967857756,1360834846132514564514277051987164,8812833206665715825,195035,21506485,406
274091014,-80821896832977419,1360834119536398782933624444978135,8812833206665715825,195035,21506487,56
3000000000,-884611797238198132,1360826166796843856067174521469869,8812833206665715825,195035,21506490,240
10000000000,-2948631318983725880,1360799658336300384714905469187714,8812833206665715825,195034,21506494,21
5750000000,-1695410991347756805,1360784416439126003616926259203422,8812833206665715825,195034,21506499,120
341279140,-100626354587750126,1360783511799155231654188230852089,8812833206665715825,195034,21506500,208
1000957868,-295132243135426310,1360780858533766679080866880442571,8812833206665715825,195034,21506502,90
20000000000,-5896982231820259777,1360780261052720601852010684673435,781961318562053229660,195034,21506508,17
-60000000,17708645214599445,1360780420175431354914104181247410,8812833206665715825,195034,21506510,518
20000000000,-5896917563122020050,1360765776538090821751307746334228,31904774214194012273,195034,21506512,42
32494606,-9580796727325939,1360765690405867241872529218054325,8812833206665715825,195034,21506513,233
16146278,-4760611279006164,1360765647607544019885442183064071,8812833206665715825,195034,21506514,19
20000000000,-5896623264799019684,1360712636434479320184654428553710,8812833206665715825,195033,21506515,45
26220853501,-7730028769487708130,1360643142781164097337041349676439,8812833206665715825,195032,21506518,100
20000000000,-5895561629789937028,1360590141152293535659230736176382,8812833206665715825,195031,21506519,2
33895159194,-9990501256197760911,1360500325648180021563765269712642,8812833206665715825,195030,21506526,63
20000000000,-5894324089628884562,1360447336186155352213404135362107,8813167895732451089,195029,21506526,550
137673635422,-40562196086855864479,1360082692246368274146763537150458,8813167895732451089,195024,21506528,114
31724276930,-9343706084592449047,1359998694678987982344475509512125,8813167895732451089,195023,21506529,128
166499673583,-49019994178616216892,1359558024136289528846623543897625,8813423859780901422,195016,21506530,5
-3669741455,1081165303518869344,1359567738398574415630868018846936,8813423859780901422,195016,21506533,20
9000000000,-2648867501043070133,1359543926437616871171284107146941,8813423859780901422,195016,21506535,158
-40813079210,12024814798506741944,1359651969309969224477267149213699,8813423859780901422,195017,21506540,118
111520980,-32827334764363206,1359651674209057819339912153633716,8813423859780901422,195017,21506542,210
100000000,-29436005136282747,1359651409594461288848533766877124,8813423859780901422,195017,21506547,42
-103875089248,30613462262041704687,1359926475153782680293080760955133,8813167895732451089,195021,21506551,8
-10409283238,3068446264127100479,1359954045921578737885065482176316,8813167895732451089,195022,21506551,158
-28891520795,8517288196600496128,1360030575915884301322481271508011,8813167895732451089,195023,21506552,10
-6848975311,2019234569574315278,1360048719250540136676650714959440,8813167895732451089,195023,21506552,86
-6015000000,1773404007657177725,1360064653735258129022188264092141,8813167895732451089,195023,21506553,35
3965000000,-1167837934716978499,1360054155165983523150159905890447,8813167895732451089,195023,21506554,71
101380298,-29859979712111690,1360053886732276904514765489049330,8813167895732451089,195023,21506554,417
503709687,-148359629384565471,1360052553016527187766802944928207,8813167895732451089,195023,21506556,135
341114688,-100469708401816833,1360051649819120852828789860974284,8813167895732451089,195023,21506557,198
-47280407544,13939607874785061188,1360053242043844405110628502829350,693279847374069187414,195023,21506559,33
-1294388704,381623986008598753,1360056671032132926490285462413143,8813167895732451089,195023,21506560,106
800000000,-235628029597247411,1360054552795416831896876327863891,8813167895732451089,195023,21506560,115
-101753762,30000000000000000,1360054822353024390986546834762306,8813167895732451089,195023,21506562,168
-9459685089,2789045149274756560,1360079882630951483903118963439110,8813167895732451089,195024,21506562,378
-1850478735,545597701429919744,1360084784964654390159235028337175,8813167895732451089,195024,21506562,467
-9248135454,2726791955658803184,1360109285881850348769591132590267,8813167895732451089,195024,21506562,502
-40239794761,11865756852742717440,1360215902716153788782552564257815,8813167895732451089,195026,21506564,28
341126509,-100497326246992688,1360214999270469972719285002949151,8813167895732451089,195026,21506564,109
15000000000,-4418932069598122237,1360175274182704523109249748636347,8813167895732451089,195025,21506564,155
-689207794,203235022220367103,1360177100300916587795397545058916,8813167895732451089,195025,21506565,153
16000000000,-4713255710766335248,1360134729317651342170978690372213,8813167895732451089,195025,21506566,95
-6015000000,1773628317731149469,1360150665817852230890708582055703,8813167895732451089,195025,21506567,39
-6111393363,1802094160280065801,1360166858090866940931288137108309,8813167895732451089,195025,21506567,326
10952334,-3226373525358369,1360166829086580511463622670666061,8813167895732451089,195025,21506568,29
-23121845826,6818431079716749312,1360228094418885677715889393171241,8813167895732451089,195026,21506568,42
15000000000,-4419120111598127957,1360220059503961962013933254853549,43574670011545057041,195026,21506569,8
-18208823567,5369992482010525185,1360268310248163997182098712145603,8813167895732451089,195026,21506570,204
-811818491,239423525505508130,1360270461529254951430651250712101,8813167895732451089,195026,21506571,34
876684107,-258295331947123334,1360268139519192475276957848131965,8813167895732451089,195026,21506571,50
-231751993,68348779025622420,1360268753650304266332536270663619,8813167895732451089,195026,21506572,153
-10333257225,3047568396557996273,1360296136825165895149953296201620,8813167895732451089,195027,21506574,124
-77644456,22900000000000000,1360296342587472998588401783134077,8813167895732451089,195027,21506574,507
-1019542500,300698520743822766,1360299044439934607327113313695530,8813167895732451089,195027,21506576,44
-940878125,277498722395486024,1360301537836324928366754483894761,8813167895732451089,195027,21506576,266
-18275863500,5390219789877936903,1360302027544700153711098809775848,871628304700499393261,195027,21506577,66
-23118331264,6818749993923379200,1360363295742530338488624450944747,8813167895732451089,195028,21506581,57
-82000000,24186986771330988,1360363513068739943266341102623149,8813167895732451089,195028,21506581,324
-10293855983,3036370629335973888,1360390795628823493018839133845117,8813167895732451089,195028,21506584,225
-21844949041,6443990978412630222,1360448696521865935220634086696198,8813167895732451089,195029,21506586,155
-21732307485,6411039487758269853,1360449444943036778634924417095946,678335849866659046652,195029,21506589,13
101370353,-29874408563171030,1360449176379618418415997676053737,8813167895732451089,195029,21506589,158
-118643859,35000000000000000,1360449490863493904020613267435221,8813167895732451089,195029,21506590,96
-69300000,20443543383547703,1360449674553915387339801799445242,8813167895732451089,195029,21506593,111
294264658,-86721433586652068,1360448894950041393262215167690721,8813167895732451089,195029,21506600,25
1162818328,-342688065601326769,1360445814270531553475065919186240,8813167895732451089,195029,21506600,53
99847115033,-29419630443282099223,1360181339193074035269842664616395,8813167895732451089,195025,21506604,2
-7816970466,2305137007104540725,1360202051433631735946051613008432,8813167895732451089,195025,21506611,19
-20050000000,5912841329212777198,1360255179812384372743566932834884,8813167895732451089,195026,21506612,60
7125000000,-2099148927346002210,1360236308991548434184318751236348,8813167895732451089,195026,21506612,72
-11434773,3372207910962697,1360236339291691656548988874647543,8813167895732451089,195026,21506613,271
-49653887529,14644752862288481585,1360367926109853410338725275665658,8813167895732451089,195028,21506614,43
-53895927583,15899092477380381452,1360510514100090805392144171792749,8879558609070961634,195030,21506615,2
-25231172,7443878742293159,1360510580485141939728742619156648,8879558609070961634,195030,21506615,295
-301141882,88845062100937226,1360511372811856921533711882864054,8879558609070961634,195030,21506616,432
3000000,-884197405370189,1360511364922575616965618158849397,8879558609070961634,195030,21506621,257
34235202369,-10089556207092057711,1360420938147007455030474767485529,8813167895732451089,195029,21506622,10
-19003968,5605946709122795,1360420988517860222193555612304080,8813167895732451089,195029,21506623,420
-26306324046,7760453440346171340,1360490598797018600325380139470260,8879558609070961634,195030,21506624,164
250000000,-73680831779615090,1360489941377300861417979462209794,8879558609070961634,195030,21506625,221
10000000000,-2947174804349477996,1360463561427657307188931060716374,8813167895732451089,195029,21506627,66
-508462544,150000000000000000,1360464909215695102637283595208450,8813167895732451089,195029,21506628,30
250000000,-73678048969013246,1360464246868567882071530126845613,8813167895732451089,195029,21506630,49
-739896754,218275025960656548,1360466208125027477163775999915003,8813167895732451089,195029,21506630,119
-11557511089,3409632819980428528,1360496679371864941089193099570488,8879558609070961634,195030,21506631,232
-5731135447,1690824344759508121,1360511758266144654036874506742524,8879558609070961634,195030,21506636,184
-2066584895,609702000000000000,1360517195632851978792225493157724,8879558609070961634,195030,21506637,42
1258485595,-370918840700419210,1360513886096929709563077217195435,8879558609070961634,195030,21506637,169
14000000000,-4126267714987816135,1360513189634835523093354747702834,469396126263389565922,195030,21506639,7
170697737,-50310283407481407,1360512740739627390256402865266521,8879558609070961634,195030,21506640,101
81334054433,-23968047703969764262,1360297560180709161312753377627506,8813167895732451089,195027,21506640,187
-35770129571,10550587672671509131,1360392359886422086508882773840043,8813167895732451089,195028,21506641,87
-300750000,88714026866700949,1360393157004450057199266597422535,8813167895732451089,195028,21506641,160
-48682008928,14361392600097921024,1360521843029090654759437838913776,8879558609070961634,195030,21506642,71
536171303,-158029360980980009,1360520433006763527353649947984842,8879558609070961634,195030,21506643,179
-6416000000,1892944649990459071,1360537314424601531220982389278183,8879558609070961634,195030,21506644,5
-55880006208,16488544860910262619,1360684360464927697365835089467236,8879558609070961634,195033,21506645,6
2974019708,-876758050669235926,1360676537561517481617739052532272,8879558609070961634,195032,21506646,193
-47267032852,13949732263775544988,1360800942286755626056552223848746,8879558609070961634,195034,21506648,5
566294848,-166976351863692371,1360799452434599238326611756254895,8879558609070961634,195034,21506656,66
-218022885,64350000000000000,1360800026312571782861494102016952,8879558609070961634,195034,21506659,218
123500547,-36415059384894816,1360799701397970738869808792994312,8879558609070961634,195034,21506660,142
570769804,-168295518500541717,1360798199775505342657451884467298,8879558609070961634,195034,21506661,49
-211111565,62309991166201539,1360798755460530979450268060176559,8879558609070961634,195034,21506663,104
-100770636339,29748460999524933923,1361064054395802580643018439972069,8879558609070961634,195038,21506664,2
500000000,-147485846203268221,1361062738448343254295238649898137,8879558609070961634,195038,21506664,46
1023069662,-301775700819715603,1361060045844429026403919176355716,8879558609070961634,195038,21506665,13
1234073405,-364014059858806485,1361056797916647739072990126495251,8879558609070961634,195038,21506667,80
-415188551,122590340272136548,1361057891186203744020408514865684,8879558609070961634,195038,21506668,220
15000000,-4424539464747449,1361057851708100473697637231269291,8879558609070961634,195038,21506669,53
525138544,-154899585490601007,1361056469611301190840068602036090,8879558609070961634,195038,21506673,5
26456334322,-7803391068242625470,1360986843590128752093174261376312,8879558609070961634,195037,21506674,85
-369325833,109037500000000000,1360987815994471119221724902806465,8879558609070961634,195037,21506678,74
1037182577,-305904909415074407,1360985086547553308451517661694000,8879558609070961634,195037,21506680,41
133931649232,-39491272316796964555,1360632724332407389588752823222272,8879558609070961634,195032,21506681,2
16215158,-4779985890110225,1360632681682821347026830361612614,8879558609070961634,195032,21506683,129
-18844395809,5560608244181142272,1360633468092254618819972799866104,559932875460729151670,195032,21506686,25
-67778133,20000000000000000,1360633646453706847113642526598678,8879558609070961634,195032,21506686,391
-90615466,26738857886351621,1360633884912783023895545600302888,8879558609070961634,195032,21506688,414
1555019242,-458395829175144556,1360629794860467512559302549603741,8879558609070961634,195032,21506691,6
-30500327,9000000000000000,1360629875123121015291453926633399,8879558609070961634,195032,21506691,232
-13216807,3900000000000000,1360629909903604199808719523346250,8879558609070961634,195032,21506693,107
953819395,-281170016477406378,1360627401154606602837147826787876,8879558609070961634,195032,21506693,190
-650728227,192015661248020480,1360629113564216141488385538297636,8879558609070961634,195032,21506695,9
92064725970,-27134326966291429084,1360386345602448043781794419522880,8813167895732451089,195028,21506697,2
101141637742,-29798377227691775797,1360118465686668825701975606192396,8813167895732451089,195024,21506700,2
49716661,-14644650457745013,1360118334034944932793081411412954,8813167895732451089,195024,21506700,264
23632110848,-6960806390033142940,1360055758136423026586220733330193,8813167895732451089,195023,21506702,31
120729784768,-35550803406071101372,1359736167056853421032636284953770,8813423859780901422,195019,21506704,2
-269020437,79278027216804297,1359736879369343755207609527113048,8813423859780901422,195019,21506706,44
-4740906289,1397118257768761665,1359749432466594283970241575462883,8813423859780901422,195019,21506707,667
62938198726,-18526889680505920576,1359582885225721261867537944986094,8813423859780901422,195016,21506712,5
80245672091,-23615046822019153066,1359370598060464761103550199790392,8813423859780901422,195013,21506713,45
11222909784,-3302139099888997032,1359340913522717223808124037255496,8813423859780901422,195013,21506720,96
-154571594,45524441657901898,1359341322559490045261268253605746,8813423859780901422,195013,21506720,193
-1236702615,364234766478650362,1359344595206182768457459761220458,8813423859780901422,195013,21506721,90
91018587893,-26775398748280729753,1359103899543088193742335298605866,8814569083355195952,195009,21506722,33
121499443585,-35727333999238524257,1358782770852902056844055128550673,8814569083355195952,195005,21506723,2
-18689790467,5500000000000000000,1358783271541695440659242064467527,869875703504448369158,195005,21506726,68
-5437027,1600000000000000,1358783285915815864999207418541252,8814569083355195952,195005,21506726,175
15000000000,-4409762031318950386,1358782884292510890500397716297610,869913021827142332748,195005,21506731,6
-99415425,29255803462199309,1358783147121537188297244009786325,8814569083355195952,195005,21506731,36
-596192969,175446896938993907,1358784723305802611960535503865739,8814569083355195952,195005,21506736,8
-9980000,2936904973823595,1358784749690443717325136785388852,8814569083355195952,195005,21506737,983
-41334006,12163733466915112,1358784858967299756707687562316093,8814569083355195952,195005,21506739,37
-50755047,14936151460098632,1358784993151074608982016495398097,8814569083355195952,195005,21506740,180
200000000,-58796969344654536,1358784464665132921707375460614184,8814569083355195952,195005,21506744,147
-2483524050,730852351117853675,1358791030514950034222510990233497,8814569083355195952,195005,21506744,176
55902099,-16434520374803295,1358790882796231310053334373953242,8814569083355195952,195005,21506745,213
-1104381556,325000000000000000,1358793802539442504108796920178700,8814569083355195952,195005,21506746,43
-2432799247,715934807231016819,1358800234372651951143025680956191,8814569083355195952,195005,21506746,113
-4010000,1180085940658576,1358800244974337839953562378010439,8814569083355195952,195005,21506746,421
-693577367,204110227059080424,1358802078664952581575919600957560,8814569083355195952,195005,21506748,28
247553137439,-72743701019159441317,1358147887376586088003322508342349,8803920406001673743,194995,21506749,111
-101193422376,29757060136369946448,1358415542953779454955102798872576,8803920406001673743,194999,21506749,413
-25006060768,7355119589831459840,1358481644381912493065973436094565,8814569083355195952,195000,21506749,422
-2425307269,713402128597268318,1358488053461979641566595637821983,8814569083355195952,195000,21506751,101
-679256943,199804075237081337,1358489848466878848872812348365656,8814569083355195952,195000,21506751,273
-3993224898,1174621572950537878,1358500401061842985537244860194465,8814569083355195952,195000,21506751,325
-1329903553,391200000000000000,1358503915534286736658773931220308,8814569083355195952,195001,21506753,163
-186294733,54799999988400128,1358504407847911166091355748347617,8814569083355195952,195001,21506756,18
-601717455,176999996019703808,1358505997984947350414529461257184,8814569083355195952,195001,21506756,53
-289132567,85050801746436087,1358506762066488906624616668506059,8814569083355195952,195001,21506756,379
-696901869,205000000000000000,1358508603750668275182677659202117,8814569083355195952,195001,21506758,24
-777576781,228731912593175265,1358510658638203590122865169001967,8814569083355195952,195001,21506760,30
31654536,-9302199436682127,1358510575027063698867057406120025,8814569083355195952,195001,21506760,65
-327846810,96439582468411128,1358511441423421245121332621133940,8814569083355195952,195001,21506760,193
-69300000,20385338532916972,1358511624561740597050293081457563,8814569083355195952,195001,21506760,265
-150351980,44227667206238247,1358512021895374665862835799620839,8814569083355195952,195001,21506763,84
-11799122705,3470920703788295235,1358543204040486908226267099458253,8814569083355195952,195001,21506763,147
-151631923,44606250000000000,1358543604775242644610379333927697,8814569083355195952,195001,21506763,365
-20963039,6166794408118013,1358543660176646053632006972815611,8814569083355195952,195001,21506763,608
999925420,-293858052342074990,1358541018886606016749372455378368,8814569083355195952,195001,21506765,219
9326523,-2740872703726115,1358540994250766652601389033434455,8814569083355195952,195001,21506767,105
-27193398211,8000000000000000000,1358612864852888352428159402061113,8814569083355195952,195002,21506772,224
-84417168912,24840000000000000000,1358836023072476230390281396646888,8814569083355195952,195005,21506773,275
14102853,-4146337826198611,1358835985803867404868244852993078,8814569083355195952,195005,21506776,91
-454224836,133679057263325633,1358837186753159476918727892884397,8814569083355195952,195005,21506776,153
82030848073,-24113841465520953582,1358620443843505374429147342554640,8814569083355195952,195002,21506777,196
-1059288751,311651757567836132,1358623243668438960229583057219413,8814569083355195952,195002,21506782,88
-4694741379,1381248293414938333,1358635652561754872971053196924897,8814569083355195952,195002,21506784,28
-59480409,17500000000000000,1358635809778697014189424257106267,8814569083355195952,195002,21506784,113
-3492250617,1027477929539773424,1358645040460879861812541899557182,8814569083355195952,195003,21506785,94
-101964998,30000000000000000,1358645309975637818186892288439531,8814569083355195952,195003,21506786,99
-547056806,160954495170508340,1358646755962698080519537576094246,8814569083355195952,195003,21506786,261
-339882314,100000000000000000,1358647654345224601767372205702079,8814569083355195952,195003,21506788,64
-99141269,29169318465890083,1358647916397284804659580508960890,8814569083355195952,195003,21506789,147
-6413061847,1886873282232868985,1358664867737149982703291504388290,8814569083355195952,195003,21506790,50
82137905581,-24139184105382790558,1358447897039753731187295318569240,8814569083355195952,195000,21506794,12
63815509,-18751490085163120,1358447728495371152428189446390755,8814569083355195952,195000,21506795,196
50000000000,-14690522438507307421,1358315540257293321874215092329037,8803920406001673743,194998,21506795,222
-25385477017,7465624995582967808,1358382691251314391475513688219707,8803920406001673743,194999,21506797,20
-5614000000,1651123157976437332,1358397542594822125143403647267842,8803920406001673743,194999,21506798,42
-176573124,51932180754020843,1358398009708769233070301945569279,8803920406001673743,194999,21506799,37
853964799,-250909411075283747,1358395751727020161455881630158704,8803920406001673743,194999,21506799,356
-282736833,83155942859615201,1358396499689076263416296163325766,8803920406001673743,194999,21506808,131
-511370680,150399848249482727,1358397852489319584792888656179635,8803920406001673743,194999,21506811,48
-4010000000,1179396326935641792,1358408460795488912070985028593241,8803920406001673743,194999,21506814,146
980287634,-288029574061114023,1358405868762297985930812508186803,8803920406001673743,194999,21506815,53
-19975873640,5875432027861298000,1358458688623094497150015457512213,8814569083355195952,195000,21506818,138
-356882230,104972642999718246,1358459631678976834148587461950003,8814569083355195952,195000,21506819,60
5000000000,-1469206659324078293,1358446425980221602455739726308861,8814569083355195952,195000,21506819,948
-560713474,164924255174397603,1358447907630912084558737932535692,8814569083355195952,195000,21506821,100
-3793373915,1115765350650212548,1358457931471859304598374310062140,8814569083355195952,195000,21506823,132
-10427208353,3067095382262546432,1358485485720845291387221055908280,8814569083355195952,195000,21506823,333
1010618451,-296975078393024731,1358482816413979452755948353302170,8814569083355195952,195000,21506825,29
-27401127057,8060424391668619718,1358555229858277660222922517845910,8814569083355195952,195001,21506827,350
-35902422798,10562499993153830912,1358650121512579962238627689456521,8814569083355195952,195003,21506828,10
-14813998,4358585789887980,1358650160669353102030348944213011,8814569083355195952,195003,21506829,74
50529384,-14851929479660295,1358650027175466862384344583715895,8814569083355195952,195003,21506830,129
-483329119,142205570053911598,1358651304725459966658373325133415,8814569083355195952,195003,21506831,226
10000000000,-2939213992720067134,1358624886131235189685362836558532,8814569083355195952,195002,21506834,56
14776964,-4343181205163161,1358624847093335197348402258603232,8814569083355195952,195002,21506836,12
-54164818443,15937499994701955072,1358768026808451924512161784545695,8814569083355195952,195004,21506838,44
-951499480,280000000000000000,1358770542279526184006098747447628,8814569083355195952,195004,21506838,159
1000000000,-293978136261819394,1358767899910133518663707897735333,8814569083355195952,195004,21506839,3
-5046306196,1485000000000000000,1358781240890652359194052147411656,8814569083355195952,195005,21506839,115
-54711844444,16102181162338034553,1358925900072603600060158462194117,8814569083355195952,195007,21506840,12
-15018564655,4420696571805673177,1358965614838155226055809682929717,8814569083355195952,195007,21506840,80
8157719687,-2398846478023090316,1358944053239759398332973357072016,8814569083355195952,195007,21506841,41
-10192015,3000000000000000,1358944080191235193970408395960250,8814569083355195952,195007,21506841,333
-116528676,34300000000000000,1358944388336441790758415673915736,8814569083355195952,195007,21506842,215
1000000000,-294053366270001525,1358941745290857781535316053223581,8814569083355195952,195007,21506844,75
-2285056707,672602732488267524,1358947787836279360582928417528061,8814569083355195952,195007,21506844,468
-10191959,3000000000000000,1358947814787755156220363456416295,8814569083355195952,195007,21506844,762
-61346296184,18059419532074126919,1359110057457222475475223569245435,8814569083355195952,195009,21506845,2
-410764046,120937241271212103,1359111143936266112887768179923737,8814569083355195952,195009,21506847,683
-108804598787,32041085116492483802,1359399032345363561049803461476578,8813423859780901422,195014,21506848,2
-39000000,11487263598605538,1359399135558342343566796005758125,8813423859780901422,195014,21506851,268
309000000,-90923433642470428,1359398318203283561716956989141824,8813423859780901422,195014,21506856,89
33639078,-9898311958510449,1359398229222533181098411960630620,8813423859780901422,195014,21506859,58
-446369682,131476005549205437,1359399410533474179050413108484192,8813423859780901422,195014,21506862,18
-14520000,4276798777134841,1359399448960479675389670285433919,8813423859780901422,195014,21506864,238
-3021605,890000000000000,1359399456957123116878307147025660,8813423859780901422,195014,21506867,1015
-37046527479,10912670640914636902,1359497507222415022081175060932080,8813423859780901422,195015,21506868,16
-100754039,29680923905264433,1359497773905297588773445575248128,8813423859780901422,195015,21506868,24
-140112910253,41286843210907529627,1359868738036959745997713120257747,8813167895732451089,195021,21506868,210
1446846072,-426028562691658809,1359864908147344571704022048161569,8813167895732451089,195021,21506870,320
-2529021969,745425608963164145,1359871605985470084638552944188502,8813167895732451089,195021,21506873,101
-39000000,11495251719308436,1359871709273221809515017188717028,8813167895732451089,195021,21506881,156
-489421168,144257059483371234,1359873005459482737742946563280253,8813167895732451089,195021,21506886,117
120117187500,-35360952898457458629,1359555126346252858317967429955257,8813423859780901422,195016,21506889,2
19975693128,-5878983614866299297,1359502277297271693858806015396761,8813423859780901422,195015,21506890,124
-12403028851,3653808303056292676,1359502563923308614016198514611982,1009467872774222701799,195015,21506893,55
1000000000,-294294975727519905,1359499918362339911092119536990400,8813423859780901422,195015,21506893,166
-30551031369,9000000000000000000,1359500630713042226198829779134290,1000486043715311707441,195015,21506894,45
200000000,-58858919381370692,1359500101601529566333654892103848,8813423859780901422,195015,21506894,213
-734315329,216321526205709380,1359502045248848426668710520048327,8813423859780901422,195015,21506897,28
47406041,-13951374613672033,1359501919833142479120182442463649,8813423859780901422,195015,21506897,307
-73745112,21724560000000000,1359502115028153988363306956914763,8813423859780901422,195015,21506898,121
-28967507,8533534719092959,1359502191701900554824299671205313,8813423859780901422,195015,21506906,41
-10183648,3000000000000000,1359502218656878447482626170952757,8813423859780901422,195015,21506914,245
-10183647,3000000000000000,1359502245611856340140952670700201,8813423859780901422,195015,21506915,175
-33943248658,10000000000000000000,1359592095538165201229285162181764,8813423859780901422,195017,21506916,159
3085549353,-908177592559425922,1359583931487163017808635174800459,8813423859780901422,195016,21506916,224
4119735700,-1212555288995447562,1359573031268169967469170532401390,8813449303661931932,195016,21506918,10
-359025128,105776274543985255,1359573981664473524710591984511052,8813449303661931932,195016,21506918,25
-10584890103,3118595355133045905,1359602002139864504203493049001259,8813449303661931932,195017,21506921,122
-12469476571,3674010498573875712,1359635013001819404287566545714908,8813449303661931932,195017,21506927,197
-10563031596,3112434533263900309,1359662978122431095578215414483787,8813449303661931932,195018,21506927,207
300000000,-88309449396927448,1359662184268042501327162065020529,8813449303661931932,195018,21506928,35
-31230387,9202322815178251,1359662266950606482620172348591988,8813449303661931932,195018,21506928,345
-5840988395,1721121015156896997,1359677731165600172952471694947345,8813449303661931932,195018,21506929,23
-105203842,31000000000000000,1359678009699567617826856872851365,8813449303661931932,195018,21506929,105
10000000000,-2943657828305187713,1359651547801079083017936982655628,8813449303661931932,195017,21506931,206
1000000000,-294359481038128755,1359648901667879949119576007023825,8813449303661931932,195017,21506932,6
300000000,-88307620889167472,1359648107829928654837530325614349,8813449303661931932,195017,21506932,483
6061299910,-1784174493259256951,1359632069062150525478365375408048,8813449303661931932,195017,21506932,622
10000000000,-2943458913686406184,1359605608951797282573585285341127,8813449303661931932,195017,21506933,29
-20074719460,5914940629466482432,1359658754496336836832327220626447,8813449303661931932,195017,21506935,573
-51351382916,15132596493003453447,1359794720371786470516010636723160,8813449303661931932,195019,21506936,2
-3773706590,1112182500000000000,1359804713584731400145433370424806,8813193339613481599,195020,21506937,14
-8635244963,2545031043597991936,1359827581268020906334504702243053,8813193339613481599,195020,21506937,135
72253295,-21273988314407304,1359827390020769365346188988511470,8813193339613481599,195020,21506937,290
-712513486,210000000000000000,1359829276918574748205730543048558,8813193339613481599,195020,21506949,245
37214817793,-10956626171473858128,1359730781746679392038339535656078,8813449303661931932,195019,21506950,68
-14796605517,4360522197882634240,1359769960893386091836625652985570,8813449303661931932,195019,21506953,119
-2604963709,767702226320302202,1359776858672318777534704726494937,8813449303661931932,195019,21506954,309
-1500932978,442339675799465926,1359780833079572284138967658053770,8813449303661931932,195019,21506955,188
-302330236,89100000000000000,1359781633640104520858571508094036,8813449303661931932,195019,21506955,323
-555012476,163568470000000000,1359783103297359294662201370688826,8813449303661931932,195019,21506956,31
-2924110100,861774241084585912,1359790846310211265158403760084690,8813449303661931932,195019,21506958,9
-1272747562,375098744997557832,1359794216559941192997493994372704,8813449303661931932,195019,21506958,104
14332337,-4219752550651864,1359794178626638426495145432190629,8813449303661931932,195019,21506960,292
-627485754,184930605005966336,1359795840254488817125283880481840,8813193339613481599,195020,21506962,87
-115048144,33906672109681255,1359796144913656396143243620847583,8813193339613481599,195020,21506964,595
-72270000,21299223025246606,1359796336292023932799860253443922,8813193339613481599,195020,21506964,639
-621669758,183217112602019538,1359797982539489062966165581909881,8813193339613481599,195020,21506965,58
916448819,-269823553095859067,1359795556900621166246614610574007,8813193339613481599,195020,21506965,66
-33930847,10000000000000000,1359795646752897613049449922694820,8813193339613481599,195020,21506970,35
-30009753722,8844397949617278033,1359797264952128832057463306153631,432811375683609061941,195020,21506971,114
1713821415,-504587019097730431,1359792728912685553185938302423562,8813449303661931932,195019,21506972,119
-42936220925,12655042124566966272,1359906437289189300033097855531689,8813193339613481599,195021,21506974,12
-615836455,181527325172060155,1359908068353529700895100478970326,8813193339613481599,195021,21506975,47
-41306416711,12176699722039033725,1360017478772493136745257579060991,8813193339613481599,195023,21506976,5
-44731380041,13188553051362634405,1360135980923963572795216240092881,8813193339613481599,195025,21506977,41
299926825,-88349347372306405,1360135186687847115457669883858873,8813193339613481599,195025,21506977,212
-3391390,1000000000000000,1360135195673074760137953415070954,8813193339613481599,195025,21506978,409
-38869831760,11462193517954991064,1360238186091140964475487064305026,8813193339613481599,195026,21506981,37
-556623578,164153455532404832,1360239661047307584035008490132625,8813193339613481599,195026,21506981,62
-604796438,178360482205634038,1360241263656843016603749119699646,8813193339613481599,195026,21506984,73
-27056768186,7979739921262644586,1360312963436580904586913228669275,8813193339613481599,195027,21506984,365
-35991669652,10616177091176182651,1360408352204461362342176881641607,8813193339613481599,195029,21506991,2
-122363995945,36103833989014756107,1360730824364609741143712222271439,8879584052951992144,195033,21506993,2
-37272609647,11000000000000000000,1360732091158343867082961376902315,687621046187208865222,195033,21506998,235
545223231,-160746964053785508,1360730656892221064406900507513754,8879584052951992144,195033,21507001,104
-538720905,158988845042020551,1360732074762222726520875506467283,8879584052951992144,195033,21507003,99
-643709453,189973798203165418,1360733768957494746323510591697752,8879584052951992144,195033,21507006,35
8395139678,-2475089080770478793,1360711684954600109291248794454245,8879584052951992144,195033,21507006,372
1000000000,-294818695290831685,1360709054432341019901822116061092,8879584052951992144,195033,21507010,61
28175017,-8306505096190280,1360708980317480260433928284084782,8879584052951992144,195033,21507012,29
156647224,-46182421789960255,1360708568254437998801548169581507,8879584052951992144,195033,21507012,308
-1100154643,324670577385883178,1360711463681925229709028859047249,8879584052951992144,195033,21507014,43
1360702275,-401160058938617591,1360707884327965147037162331506318,8879584052951992144,195033,21507014,77
495000000,-145934581412745276,1360706582225449570721841378053585,8879584052951992144,195033,21507016,177
-854569141,252194104205560636,1360708831304338436202123896812435,8879584052951992144,195033,21507016,236
99125000,-29223831343380171,1360708570554460383857486261416660,8879584052951992144,195033,21507017,274
-13435533,3965000000000000,1360708605914516965842422849488883,8879584052951992144,195033,21507019,270
-13554131,4000000000000000,1360708641586705194831009571377633,8879584052951992144,195033,21507022,322
66465338415,-19592657111448516791,1360533825940785829321907971825626,8879584052951992144,195030,21507023,31
346298580,-102068736257561315,1360532915231638236845840655722730,8879584052951992144,195030,21507023,213
-955427874,281886872034281200,1360535429112027858770300549108723,8879584052951992144,195030,21507025,157
-35601505557,10504515150798450489,1360629108872456244958926884452293,8879584052951992144,195032,21507026,31
-1003120991,296000000000000000,1360631748614385190114344304219809,8879584052951992144,195032,21507026,188
-112360000,33155154793799765,1360632044293615831533965078290608,8879584052951992144,195032,21507027,238
-6806840044,2008587179364809464,1360649956968599990219786297012868,8879584052951992144,195032,21507029,195
-31351859,9251543340473268,1360650039474298852721847931789643,8879584052951992144,195032,21507029,246
-7291854491,2151765945249950222,1360669229024254773665357224900479,8879584052951992144,195032,21507030,272
-274486903,81000000000000000,1360669951386066410684238343147671,8879584052951992144,195032,21507030,356
-10000000,2950962092002474,1360669977702885211314776719405458,8879584052951992144,195032,21507039,107
-262088482,77341358451386588,1360670667436759352199669107255869,8879584052951992144,195032,21507041,42
9987841943,-2944373850357990287,1360644396236607655825580359278040,8879584052951992144,195032,21507042,6
-648411865,191336932307085278,1360646102588373759723948525607171,8879584052951992144,195032,21507045,23
-7381848157,2178310105340858789,1360665528860398466491759791076805,8879584052951992144,195032,21507048,57
-3083912298,910050323521855271,1360673644732008097386947781376848,8879584052951992144,195032,21507048,77
-892946330,263506957580176819,1360675994699455709431534582473614,8879584052951992144,195032,21507052,327
-33886950,10000000000000000,1360676083879926281903001387195489,8879584052951992144,195032,21507052,370
-100250000,29583666799614126,1360676347708458926781862385579403,8879584052951992144,195032,21507054,129
42888440043,-12642633452178539355,1360563543706403844082488830298626,8879584052951992144,195031,21507060,90
-2914118503,859815658435956628,1360571211582906333883297824956648,8879584052951992144,195031,21507066,33
198583424,-58534109157633338,1360570689311830874338272973539416,8879584052951992144,195031,21507072,7
-3512371,1036336134579619,1360570698553925289644917986550097,8879584052951992144,195031,21507072,280
-1993630,588226821706010,1360570703799759765954028733229563,8879584052951992144,195031,21507075,34
-25241213,7447500000000000,1360570770216915224802153636046179,8879584052951992144,195031,21507075,187
143293919,-42237046737434081,1360570393356514660936010474926936,8879584052951992144,195031,21507075,268
640000000,-188644913750808955,1360568710170703815469674777589988,8879584052951992144,195031,21507083,232
2012361439,-593155943324169971,1360563417731869547566392054979641,8879584052951992144,195031,21507089,73
4534236121,-1336477144315992993,1360551493003441388175214123557060,8879584052951992144,195031,21507093,351
12400998221,-3655104788998750378,1360518880300582498471556935792867,8879584052951992144,195030,21507099,303
12518681078,-3689613237352257708,1360485959695806360982816780965236,8879584052951992144,195030,21507108,139
497313131,-146568710829474079,1360484651935265793399707287499477,8879584052951992144,195030,21507113,169
-24152633725,7125742232997741800,1360548199639817480622792316996391,8879584052951992144,195031,21507114,11
-38061297600,11230561155236012118,1360648354312679167256702623629035,8879584052951992144,195032,21507115,26
-11183148,3300000000000000,1360648383742234456172286669187253,8879584052951992144,195032,21507115,177
-37942225319,11197073374121461499,1360748239769488320451481547493204,8879584052951992144,195034,21507116,130
-13552986631,4000000000000000000,1360783911957717309038203436243429,8879584052951992144,195034,21507118,280
-47042126594,13885541853015889833,1360907743873377879486677643590701,8879584052951992144,195036,21507124,2
75228665,-22185248083738571,1360907545925317461795162663114011,8879584052951992144,195036,21507124,126
-56390141140,16648144508454454043,1361056014861459709284301936137999,8879584052951992144,195038,21507126,8
348777848,-102878406785298040,1361055096928020103579375916112689,8879584052951992144,195038,21507130,82
-11077740,3270850253448204,1361055126097616581039207470297190,8879584052951992144,195038,21507133,66
651281343,-192106983295601236,1361053412021461447509072729230549,8879584052951992144,195038,21507133,88
-676686667,199800494893934605,1361055193851676972886126846224683,8879584052951992144,195038,21507133,152
143884407,-42441303442914930,1361054815168794256707345934690057,8879584052951992144,195038,21507134,93
199269949,-58778230266955507,1361054290719546170246384700992040,8879584052951992144,195038,21507136,701
500000000,-147483730214809168,1361052974794737531916221351017891,8879584052951992144,195038,21507136,722
144324014,-42570834555660737,1361052594956112385677719010376160,8879584052951992144,195038,21507138,3
-713435777,210650907152947193,1361054473550815027460351261510945,8879584052951992144,195038,21507144,270
-1388588746,410000000000000000,1361058129950108498790490255107843,8879584052951992144,195038,21507148,6
300000000,-88490771574538791,1361057340390463642517227011010680,8879584052951992144,195038,21507148,369
48568841,-14326304128240810,1361057212563895986603665513736159,8879584052951992144,195038,21507151,270
876590075,-258566469838583248,1361054905502419801750786898558094,8879584052951992144,195038,21507152,36
-73002263605,21557926871812106920,1361247171834680358034296316114282,8878452845085551850,195041,21507165,19
-20137354,5947500000000000,1361247224881523093253227214319306,8878452845085551850,195041,21507165,85
-5281866237,1559997443023634938,1361261138784680288447352032178340,8878452845085551850,195041,21507171,109
-2952514015,872037932074537032,1361268916650849587059248877588556,8878452845085551850,195041,21507175,7
3623438450,-1069127083608661600,1361259376140154028782735300974003,8878452845085551850,195041,21507176,396
-10086272,2979000000000000,1361259402710401108768812668902169,8878452845085551850,195041,21507176,739
-52073131071,15381449991997596750,1361396592682450731467076556240912,8878452845085551850,195043,21507177,9
-12330235898,3642580029071955661,1361429081521450753196081434331183,8878452845085551850,195044,21507178,243
-1765887152,521690000000000000,1361433734570191658847878035353316,8878452845085551850,195044,21507179,317
-19823416529,5856608840710463504,1361485970738015931368396978619116,8878452845085551850,195044,21507186,267
71292755659,-21039503184964037457,1361298221677831375011371413514955,8878452845085551850,195042,21507189,6
-1650473825,487499996372980380,1361302569779662567493820516858839,8878452845085551850,195042,21507189,81
-976398421,288399997295132672,1361305142072104997501028209799396,8878452845085551850,195042,21507189,105
-158508419,46818928758046244,1361305559658712960426296785336396,8878452845085551850,195042,21507190,274
171306460,-50548522052959091,1361305108581640192673460160067400,8878452845085551850,195042,21507191,150
-7472211389,2207112205912601882,1361324794219990092284093815791050,8878452845085551850,195042,21507192,18
-1450278122,428384804826829822,1361328615062591488887228177562263,8878452845085551850,195042,21507195,502
-33854467,10000000000000000,1361328704254424587195644988331534,8878452845085551850,195042,21507196,38
10000000,-2950866937260437,1361328677921935206160181949199914,8878452845085551850,195042,21507198,329
