amount0,amount1,sqrtPriceX96,liquidity,tick,block,logIndex
75001227661,-30426117255077648539,1595819396015307714387712519495151,3506460186928549493,198221,25821306,100
-15587061566,6327448955887309105,1595962292689272110119567457517568,3506460186928549493,198223,25821306,144
-12192755,4950000000000000,1595962404478168560342699616193771,3506460186928549493,198223,25821306,271
65000000,-26362229635315322,1595961808825886075813947517365353,3506460186928549493,198223,25821306,537
10662559540,-4324177384478543718,1595864104414515568616101469493587,3506460186928549493,198221,25821307,79
-10096,4098256992892,1595864104507069028536241326968628,3506460186928549493,198221,25821307,134
-4948470860,2008783856076627968,1595909470109185761888050671753190,3506460186928549493,198222,25821307,146
-11691808027,4746630045014114594,1596016666176779620639740945331045,3506460186928549493,198223,25821310,304
-26569283017,10788945742606303232,1596260319578482103820716660098960,3506460186928549493,198226,25821312,2
87949,-35683039968934,1596260318772226923681883838732539,3506460186928549493,198226,25821313,673
69612731666,-28232292269581966169,1595622140856685619093357811538428,3496833951562252062,198218,25821314,67
-46119861763,18720667340838207488,1596045192939491542044463083479784,3506460186928549493,198224,25821314,84
-9974284073,4050000000000000000,1596136656582041724607138364010327,3506460186928549493,198225,25821314,346
-12641897759,5133836061783725056,1596252597161416100802380872947916,3506460186928549493,198226,25821315,27
-848975,344791287126520,1596252604948049937878262405852427,3506460186928549493,198226,25821315,216
-973352,395304230535692,1596252613875448663876159149142237,3506460186928549493,198226,25821315,281
73948,-30002203565477,1596252613197551487477927804560980,3506460186928549493,198226,25821315,301
41658,-16901432114656,1596252612815665100946104079350646,3506460186928549493,198226,25821315,322
-1211517154,492032587948389786,1596263724690417484350551132325896,3506460186928549493,198226,25821316,190
-20129734188,8176277023956078592,1596448374586494123669608243641986,3506460186928549493,198229,25821317,44
-4321345338,1755486731012269824,1596488019823745208788915025779597,3506460186928549493,198229,25821318,64
-12615817247,5125500000000000000,1596603770591877860578550579232337,3506524525945502308,198231,25821318,312
-288854345,117363205270866071,1596606421028740936261773220226814,3506524525945502308,198231,25821318,598
-28893372821,11741515055201116099,1596871582024121388226575994448680,3506524525945502308,198234,25821318,829
-396175469,161022508825460460,1596875218427815296820490474603834,3506524525945502308,198234,25821318,1154
-13176076327,5355733904995778560,1596996168043479456158054925681416,3506524525945502308,198235,25821322,20
130764365,-53103171485809340,1596994968203960476578286076176878,3506524525945502308,198235,25821322,88
451310,-183275895350998,1596994964062933566777668243098687,3506524525945502308,198235,25821322,375
4108549,-1668472712146151,1596994926364629673441324730198563,3506524525945502308,198235,25821323,335
-9855474422,4006519371507666432,1597085406397194929020843196740995,3506524525945502308,198237,25821325,31
-15679301999,6375000000000000000,1597229374304028348058856009895375,3506524525945502308,198238,25821325,426
-389235,158272372579561,1597229377878325162151152865074252,3506524525945502308,198238,25821325,589
-306267,124535757605207,1597229380690741216792037677033392,3506524525945502308,198238,25821325,608
-21270174334,8650012001412868096,1597424281478614410875645276511650,3521118752686365653,198241,25821326,70
-1702070658,692277816381051837,1597439850529033333336022902952671,3521118752686365653,198241,25821326,275
-997901921,405879767725373456,1597448978602211773315763265182703,3521118752686365653,198241,25821326,319
-4583984510,1864517943946628092,1597490910862916068843280805416063,3521118752686365653,198242,25821326,647
-386236714,157104758678806233,1597494444085924296278801226096526,3521118752686365653,198242,25821326,1145
-9000128121,3661068223738801700,1597576780041827771353123985283391,3521118752686365653,198243,25821328,1050
-26140668168,10635629886899392512,1597815971092050578200658759952092,3521118752686365653,198246,25821329,13
230216,-93586017464321,1597815968986285700185917354704123,3521118752686365653,198246,25821329,156
-2560466293,1041926252498080768,1597839401489789485081281177317180,3521118752686365653,198246,25821330,811
-4785653770,1947500000000000000,1597883199983650455479681814300622,3521118752686365653,198247,25821331,375
416250000,-169225927799103030,1597879392256546941702788865075669,3521118752686365653,198247,25821331,748
10078294,-4097307737564842,1597879300063642895204427387084012,3521118752686365653,198247,25821335,494
-16215408,6598936025578581,1597879448471067288138881174279495,3521118752686365653,198247,25821335,857
-47805449414,19459980340428611584,1598317112541088143937097960931021,3520821997007690020,198252,25821336,2
-2752956394,1120960000000000000,1598342324606715689457032409198857,3520821997007690020,198252,25821336,359
-6074620783,2473613953988746240,1598397959881252851027759430713745,3520821997007690020,198253,25821338,128
-66615756783,27137550255040282624,1599008311807503692840228258476128,3521282820468143200,198261,25821339,2
1195436,-486688739702500,1599008300857103929754500067824590,3521282820468143200,198261,25821343,152
-28437165521,11590884205427392512,1599268963048151917793799378287767,3521282820468143200,198264,25821344,10
436167,-177630909308711,1599268959051491817541998346623613,3521282820468143200,198264,25821344,301
30359910095,-12362081116407177684,1598990814687167507234156326642257,3521282820468143200,198260,25821345,98
-3904711764,1591287577588229376,1599026600439074800882536996917683,3521282820468143200,198261,25821346,285
-9268535613,3777492457279385088,1599111550771002078188716440385411,3521282820468143200,198262,25821347,32
19648486807,-7999472997747866836,1598931564220927188767700613467257,3521282820468143200,198260,25821349,2
53846644256,-21913314417486036913,1598438456566068673111003231072032,3520821997007690020,198254,25821350,2
8393297861,-3414500881263979397,1598361620920598439902070674484778,3520821997007690020,198253,25821350,227
52164806947,-21213952721847071760,1597884268298144988271179135430685,3521118752686365653,198247,25821351,2
29685191983,-12066472714003875043,1597612762413707074555436213545894,3521118752686365653,198243,25821352,22
18543819706,-7535633610135748209,1597443204257267081635464949906163,3521118752686365653,198241,25821352,288
965901,-392470550286614,1597443195426346364619735041832339,3521118752686365653,198241,25821352,473
-11571113726,4706659927278187520,1597549046320277337188598664252978,3521118752686365653,198242,25821356,8
8771086,-3564391147544673,1597548966118449186228587053358957,3521118752686365653,198242,25821357,133
515561,-209513426246264,1597548961404219150420998336956175,3521118752686365653,198242,25821357,181
162627,-66088029250761,1597548959917182361976398870510246,3521118752686365653,198242,25821358,585
14693463244,-5970622764051305520,1597414615833984166618718347351310,3521118752686365653,198241,25821359,2
472118644,-191826637940326816,1597410299571707097406135354333573,3521118752686365653,198241,25821360,408
144773,-58822343624568,1597410298248154406488890222299663,3521118752686365653,198241,25821360,413
-5683866144,2311793138935628800,1597462289548592663549362814654685,3521118752686365653,198241,25821361,78
-41218003954,16769060689589385216,1597839418997459015654092126708832,3521118752686365653,198246,25821362,2
248167,-100886328789605,1597839416727430932473936772836827,3521118752686365653,198246,25821362,61
20229966,-8224035836352784,1597839231679639724470465562478227,3521118752686365653,198246,25821363,576
-1983900687,807326219266103644,1597857388122493807593557745134710,3521118752686365653,198246,25821363,984
5206711143,-2116655603940034010,1597809761573673848874455055692568,3521118752686365653,198246,25821366,29
726489,-295326460483938,1597809754928577659450915896768579,3521118752686365653,198246,25821366,62
123497812,-50203352946235142,1597808625310497340313153311979085,3521118752686365653,198246,25821366,127
592342084,-240793228149184100,1597803207258351958105059069544108,3521118752686365653,198246,25821367,383
23319290,-9479500785801849,1597802993961533088076279560428944,3521118752686365653,198246,25821367,459
10248495455,-4165860533022393048,1597709258561365101565137186043725,3521118752686365653,198244,25821368,107
2500000000,-1016138551389056415,1597686394580925634621858299083688,3521118752686365653,198244,25821368,139
-4424165,1799999707483495,1597686435062197079019469629848790,3521118752686365653,198244,25821369,503
-58218448883,23694447550969473668,1598219322359705632467270243934450,3520821997007690020,198251,25821371,51
186387516,-75807598912560688,1598217616480575257502027253415315,3520821997007690020,198251,25821372,38
-729499121,297000000000000000,1598224296454429258554179454328413,3520821997007690020,198251,25821373,36
-729493023,297000000000000000,1598230976428283259606331655241511,3520821997007690020,198251,25821373,53
-729486925,297000000000000000,1598237656402137260658483856154609,3520821997007690020,198251,25821373,63
-1215797991,495000000000000000,1598248789691893929078737524343107,3520821997007690020,198251,25821373,83
-1215781053,495000000000000000,1598259922981650597498991192531605,3520821997007690020,198251,25821373,93
-1215764115,495000000000000000,1598271056271407265919244860720103,3520821997007690020,198251,25821373,103
-1215747178,495000000000000000,1598282189561163934339498528908601,3520821997007690020,198252,25821373,113
-1215730241,495000000000000000,1598293322850920602759752197097099,3520821997007690020,198252,25821373,123
-1215713304,495000000000000000,1598304456140677271180005865285597,3520821997007690020,198252,25821373,133
-1215696367,495000000000000000,1598315589430433939600259533474095,3520821997007690020,198252,25821373,143
-729409691,297000000000000000,1598322269404287940652411734387193,3520821997007690020,198252,25821373,153
-340389102,138600000000000000,1598325386725419807810082761479972,3520821997007690020,198252,25821373,163
-1177482968,479452947906055360,1598336170338740468343107718618375,3520821997007690020,198252,25821373,198
-1478821914,602162695580447488,1598349713877670879737513626068587,3520821997007690020,198252,25821373,228
-1478796853,602162695580447488,1598363257416601291131919533518799,3520821997007690020,198253,25821373,262
46813321,-19043375818061288,1598362828888355496297460505914521,3520821997007690020,198253,25821373,326
358388729,-145790029557055733,1598359548212375704472622291269744,3520821997007690020,198253,25821373,370
361008136,-146854980879650201,1598356243572066978096716704832656,3520821997007690020,198253,25821373,377
12710185637,-5170006346344881966,1598239904233311393841168995977014,3520821997007690020,198251,25821374,46
4551687182,-1851265285900188377,1598198245681117340447374265070441,3520821997007690020,198251,25821375,272
99500000,-40467629342736154,1598197335048339864560292147056381,3520821997007690020,198251,25821376,51
9658600208,-3928028272268755498,1598108944253209365720416353799784,3521118752686365653,198249,25821377,218
546255000,-222141889585596228,1598103945872022736924374192744801,3521118752686365653,198249,25821377,515
1534368689,-623964081941444260,1598089906150229938919682477335080,3521118752686365653,198249,25821377,1021
167345,-68051536900176,1598089904619012560704529037081677,3521118752686365653,198249,25821377,1058
1114624066,-453264483902340872,1598079705783155303401840839953219,3521118752686365653,198249,25821378,260
234889,-95517325691763,1598079703633934349958752085378383,3521118752686365653,198249,25821378,400
-8843863,3599953855406634,1598079784595452622515416178332750,3521118752686365653,198249,25821378,561
33683062635,-13694569087703721798,1597771645159821365835147007580785,3521118752686365653,198245,25821380,2
3138973055,-1275947584913958143,1597742935255464939097076708548583,3521118752686365653,198245,25821380,33
1089937,-443035802052100,1597742925286783110958858704713513,3521118752686365653,198245,25821380,172
9590000,-3898127327342857,1597742837575607463619363898950051,3521118752686365653,198245,25821381,389
-556619021,226480711405563567,1597747931035965935909155798907042,3521118752686365653,198245,25821381,527
-6686895165,2720919600000000000,1597809123426413583679131717685339,3521118752686365653,198246,25821382,10
-35511915189,14453408059366252544,1598134176276311530746338158312832,3520821997007690020,198250,25821385,5
-8186213,3332480202941625,1598134251228771546322681294781235,3520821997007690020,198250,25821386,357
-9996693,4069498902252671,1598134342757883552833864031574147,3520821997007690020,198250,25821386,436
-8001482167,3257428962858493000,1598207607203348739694636937142768,3520821997007690020,198251,25821387,179
-37474000752,15259761182620918073,1598550822037416779787243922391040,3520821997007690020,198255,25821391,2
-7377278522,3004868502381436259,1598618406020684858213231390340900,3520821997007690020,198256,25821391,432
-30804992256,12550049332921776128,1598900675385702840740228201706584,3520821997007690020,198259,25821392,2
-6226252447,2537132975056037862,1598957733782952912528941892539553,3521282820468143200,198260,25821392,59
-4303027026,1753544479886454180,1598997168457489069165007252220206,3521282820468143200,198261,25821392,261
435186,-177171363907562,1598997164471168648961987511034317,3521282820468143200,198261,25821392,502
98360026,-40043995507120820,1598996263489240893198600414988991,3521282820468143200,198261,25821392,528
-1192287237,485888695379660383,1599007190421966509243062389306133,3521282820468143200,198261,25821393,79
116726149566,-47490012544530270450,1597938561715856543117463705237148,3521118752686365653,198247,25821394,129
-88857339516,36182003025498865664,1598752334048837309889158944766363,3520821997007690020,198257,25821394,133
-26442797470,10774413492551254016,1598994656362576029176946780143362,3521282820468143200,198260,25821395,7
-13185339981,5373734591392876070,1599115503867207897120469061216783,3521282820468143200,198262,25821396,207
-2210945673,901158694134413819,1599135769620495729104480886632130,3521282820468143200,198262,25821396,530
31717346999,-12912556946033094656,1598845230450765053697064318680709,3520821997007690020,198259,25821397,2
-34253796964,13959339583634078048,1599159164980288342020058189107918,3521282820468143200,198263,25821397,322
4931476290,-2008036917559953844,1599113984549362906859567101601229,3521282820468143200,198262,25821397,344
93682734214,-38124923814628371653,1598256095044851355230657978124790,3520821997007690020,198251,25821398,2
-1125920356,458417560292918305,1598266405540868094776712317811594,3520821997007690020,198251,25821399,138
204555717,-83201869682822029,1598264533270341972274477762623393,3520821997007690020,198251,25821400,913
-5859291595,2385695714841273344,1598318191132290598725019150163738,3520821997007690020,198252,25821401,94
2075284141,-844155629871165669,1598299195312709942483626525662215,3520821997007690020,198252,25821401,266
-463909906,188890013203005646,1598303443731395053565274184096171,3520821997007690020,198252,25821402,13
-377400176,153666621116945891,1598306899923352272031619654174385,3520821997007690020,198252,25821402,515
-13081784080,5326941327426060026,1598426710794695718963735344120740,3520821997007690020,198253,25821403,24
94512199,-38450032947776024,1598425845563377108066204376830483,3520821997007690020,198253,25821404,45
-7291486478,2969458370052531968,1598492633119850156869141789671424,3520821997007690020,198254,25821407,741
709331333,-288597316642007820,1598486138887786301793568801553266,3520821997007690020,198254,25821407,862
-3253202158,1324936094363906891,1598515938680609780476477529781052,3520821997007690020,198254,25821408,23
-9998055005,4072230767376472916,1598607529236345583438957534166406,3520821997007690020,198256,25821408,139
-30613617160,12471899113520824320,1598888040886137024538865329457020,3520821997007690020,198259,25821409,7
213748,-87008472114890,1598888038928207491408504928393409,3520821997007690020,198259,25821409,205
-9000678330,3667682955810393000,1598970523410111300111097772600182,3521282820468143200,198260,25821410,62
210842,-85834222944459,1598970521478858370014127128266277,3521282820468143200,198260,25821410,469
-62270278969,25384860733200863232,1599541390215090403498128372984550,3521282820468143200,198267,25821411,2
-8883377840,3622840830973714432,1599622862656026146707383498073168,3521282820468143200,198268,25821413,68
-1903615288,776385049325888770,1599640322430834303740379009694692,3521282820468143200,198269,25821413,589
-42052668003,17155388874699556864,1600024121548323479520716473118829,3544089432230839117,198273,25821415,5
-1166636247,476046577581552051,1600034758254362089634663723457510,3544089432230839117,198273,25821415,589
968541863,-394819383789174105,1600025932062218585915553498025479,3544089432230839117,198273,25821416,429
2914249,-1187966495288482,1600025905505213084230871508957550,3544089432230839117,198273,25821417,236
-1274348251,520000000000000000,1600037524299256676998386987590310,3544089432230839117,198274,25821417,614
1543092926,-629031262442389427,1600023462297707249836326445805565,3544089432230839117,198273,25821418,536
1234727462,-503320230133030844,1600012210567819441701967494620505,3544089432230839117,198273,25821420,17
194664210,-79351630160427110,1600010436661158693353332854120165,3544089432230839117,198273,25821420,52
-560245,228603148714276,1600010441769029659945585927083916,3544089432230839117,198273,25821420,330
549885,-224151211729391,1600010436758126585897874023034537,3544089432230839117,198273,25821420,338
108741,-44326155831654,1600010435767214831266337268302126,3544089432230839117,198273,25821420,351
154089,-62811360944096,1600010434363066090728335390454430,3544089432230839117,198273,25821420,359
59427,-24224285287801,1600010433821531897454381366738021,3544089432230839117,198273,25821420,371
202576,-82576357931267,1600010431975536408030061577533426,3544089432230839117,198273,25821420,393
323632,-131922984778173,1600010429026396473151808658660846,3544089432230839117,198273,25821420,452
345291,-140751836297707,1600010425879887454795427477248761,3544089432230839117,198273,25821420,469
276126,-112557666962642,1600010423363659436043268196245220,3544089432230839117,198273,25821420,473
228815,-93272285869723,1600010421278556347007554610266399,3544089432230839117,198273,25821420,499
110939,-45222172514560,1600010420267614128493489953582027,3544089432230839117,198273,25821420,518
291832,-118960296725590,1600010417608255243244473690301591,3544089432230839117,198273,25821420,535
-24507346,10000000000000000,1600010641046602235413079757198374,3544089432230839117,198273,25821428,592
121525,-49537507741612,1600010639939190645228227210445310,3544089432230839117,198273,25821429,548
-8347716656,3406372465228071936,1600086751362477665100898380367251,3544089432230839117,198274,25821430,35
-11611721484,4738822490197278720,1600192634828867564308423602339083,3544089432230839117,198275,25821432,30
-6470304595,2640847412841343425,1600251641486925945791586869706752,3544089432230839117,198276,25821432,717
44429773,-18116494938944407,1600251236492460468080045343917568,3544089432230839117,198276,25821432,1213
-40168746,16395427919744691,1600251602829191729780367145007813,3544089432230839117,198276,25821432,1233
-18138469989,7404233785576630272,1600417041804971010704173650047493,3544089432230839117,198278,25821433,16
-3120594472,1274000000000000000,1600445507850377812984586572697755,3544089432230839117,198279,25821433,337
19880000,-8108149458429342,1600445326592597707241768684674706,3544089432230839117,198279,25821433,897
-5820040364,2376184305191110144,1600498419661927770875179807546080,3544089432230839117,198279,25821434,38
-9915915154,4048795838533716079,1600588864156534771200448977174528,3545106498333858278,198280,25821434,302
-12136530202,4956124353908785152,1600699571209658271444221499790833,3545106498333858278,198282,25821435,206
3181490,-1297997356516262,1600699542201236224465359449292015,3545106498333858278,198282,25821435,269
256275,-104555781291044,1600699539864561025617029535670558,3545106498333858278,198282,25821435,284
218616,-89191576229888,1600699537871254280173367349083326,3545106498333858278,198282,25821436,184
-45714266769,18674225193310064640,1601116671964930823293903957132313,3545106498333858278,198287,25821437,5
7132941272,-2911525438007501079,1601051603451283832344864796261305,3545106498333858278,198286,25821439,1607
-9197414205,3758003748057249792,1601135547575939697250819368599140,3545106498333858278,198287,25821440,28
-4581076090,1871944981933733071,1601177362005473888391491678137068,3545106498333858278,198288,25821440,197
-99621953858,40732261058047705088,1602086489898048765778277378689883,3548444973528819073,198299,25821441,14
125343499978,-51190266476727103883,1600943185084589931696962649476604,3545106498333858278,198285,25821444,2
704612156,-287556942985492552,1600936758589864972912408684047588,3545106498333858278,198285,25821445,137
1477840372,-603109061582470333,1600923279947469507854739155319865,3545106498333858278,198285,25821445,488
-4015998923,1640599606737480603,1600959926717172579474445796699484,3545106498333858278,198285,25821446,20
408351,-166654597385063,1600959922992675859396039072550304,3545106498333858278,198285,25821446,673
-490563,200407548066389,1600959927469264315583189396022073,3545106498333858278,198285,25821446,765
-323712044,132244803777854396,1600962881477572358784011733575796,3545106498333858278,198285,25821446,913
780180,-318405426640400,1600962874361657251820244013792733,3545106498333858278,198285,25821447,139
307812,-125623695823018,1600962871554143685447454772016049,3545106498333858278,198285,25821447,198
26134281228,-10664292641864637638,1600724539557368293856885068589865,3545106498333858278,198282,25821448,5
19524929,-7966108911773377,1600724361525996947203095092299899,3545106498333858278,198282,25821448,484
2723812660,-1111289563569720939,1600699525761490496510120939918383,3545106498333858278,198282,25821449,65
6838536936,-2789905823821115197,1600637175275796180531193871006557,3545106498333858278,198281,25821449,966
3344972081,-1364563191232879951,1600606679200621346556154100314239,3545106498333858278,198281,25821451,445
4765077778,-1943797804861616426,1600563238043507780137588808484967,3545106498333858278,198280,25821452,55
23016391675,-9387492570905447621,1600353394308786623850404832221311,3544089432230839117,198277,25821453,70
46606026269,-19001251637884041563,1599928621096505378573984550461558,3544089432230839117,198272,25821454,2
-268914862,109717200926678189,1599931072599506545034368765310526,3544089432230839117,198272,25821457,441
-12206727163,4980695887398403749,1600042360445101644201605732499456,3544089432230839117,198274,25821458,13
-699419377,285404217228639941,1600048737469753860313255066097273,3544089432230839117,198274,25821459,412
-1644968426,671252775510273380,1600063735830811252385311295344483,3544089432230839117,198274,25821459,428
-3675412877,1499850000000000000,1600097248231284872793692238858608,3544089432230839117,198274,25821460,172
-2556618347,1043333180743114365,1600120560295411605088894531410919,3544089432230839117,198275,25821463,196
-1318775,538188422542985,1600120572320604755421617116104772,3544089432230839117,198275,25821463,369
12100239821,-4932795328003386833,1600010299620840896602096217787782,3544089432230839117,198273,25821465,2
4463273837,-1819330838251060463,1599969628457746279951334758286288,3544089432230839117,198273,25821466,166
-38353938,15649179529853741,1599969978120426873371546981110944,3544089432230839117,198273,25821466,762
29547637406,-12041954467284250040,1599700686587158014627861442092508,3521282820468143200,198269,25821467,2
3992161000,-1626669053699354600,1599664086857254387308793228183040,3521282820468143200,198269,25821468,35
31490914209,-12828861521641706326,1599375440026729569215261640320150,3521282820468143200,198265,25821469,2
22729152583,-9256592871318413186,1599167168529741521231710855783187,3521282820468143200,198263,25821472,2
2539863655,-1034225983725345473,1599143898650980640292423898439626,3521282820468143200,198262,25821472,438
17310852827,-7048133414470447287,1598985317052155913539446660861868,3521282820468143200,198260,25821473,5
16549769892,-6736950689656906063,1598833726288350581856561379934208,3520821997007690020,198258,25821475,3
3870099440,-1575225479834347913,1598798279389751620066956358538650,3520821997007690020,198258,25821475,308
77027831,-31351509228671534,1598797573894708034305907185278534,3520821997007690020,198258,25821476,386
64211130805,-26125294053306711001,1598209683042870741923956544872267,3520821997007690020,198251,25821482,2
38789948896,-15772985271056541156,1597854769614359601918272998758735,3521118752686365653,198246,25821484,8
244199,-99275141782663,1597854767380584594817816894994859,3521118752686365653,198246,25821484,285
5138196,-2088857501692053,1597854720379516685098452971497191,3521118752686365653,198246,25821485,95
-346057153,140825501368167115,1597857887488557579448033298817239,3521118752686365653,198246,25821485,191
-755830155,307581656206398413,1597864804876635167662922629095579,3521118752686365653,198246,25821485,405
-7423591214,3021138335096440832,1597932749066017896183626657255103,3521118752686365653,198247,25821486,34
25000000,-10164372501481765,1597932520359003743785000661126588,3521118752686365653,198247,25821486,161
207822,-84495160482793,1597932518457790868958705984459314,3521118752686365653,198247,25821486,292
-31691595306,12900241769425367040,1598222648677148642256183223310817,3520821997007690020,198251,25821487,2
-2335162603,950726355440736000,1598244031933703032247548017543340,3520821997007690020,198251,25821487,426
-144711919,58918120240000000,1598245357090277881036086030621382,3520821997007690020,198251,25821487,454
-15588364204,6347230520744579072,1598388115790358323026195985602170,3520821997007690020,198253,25821492,12
506510,-206051366178794,1598388111153636801809211996403500,3520821997007690020,198253,25821492,137
259916,-105735556673224,1598388108774296444710180985126186,3520821997007690020,198253,25821492,153
464810,-189087585584625,1598388104519306566533773523083528,3520821997007690020,198253,25821492,524
-7035185414,2864940238254195704,1598452541306797521322530112834942,3520821997007690020,198254,25821492,577
3249784033,-1322115938596710288,1598422790067872388435394243646277,3520821997007690020,198253,25821493,588
-46031801133,18750545093995536384,1598844517848936893094854562005586,3520821997007690020,198259,25821494,6
-3499848083,1426029152376691021,1598876591375714400092752731437799,3520821997007690020,198259,25821494,123
-3379640915,1377104491165791097,1598907564513745426717088387088589,3520821997007690020,198259,25821496,43
-2534891929,1032929086582928496,1598930794643508748263470346060481,3521282820468143200,198260,25821498,755
131285,-53443745810511,1598930793441035106034608377790645,3521282820468143200,198260,25821498,769
-1099260299,447940826416015620,1598940866981172688640655562816415,3521282820468143200,198260,25821498,775
231949,-94423673521214,1598940864856658830382018699011096,3521282820468143200,198260,25821499,426
-9974999493,4064999998054465536,1599032280816591101451312957650443,3521282820468143200,198261,25821500,107
564261526,-229729691021680605,1599027111944273087054644964721636,3521282820468143200,198261,25821502,38
-55204097565,22504970051569102848,1599533216111922741319499177503391,3521282820468143200,198267,25821503,2
-18744956527,7644968056118242061,1599705140366248960759019270569984,3521282820468143200,198269,25821504,2
-5545361429,2261942311863050496,1599755745664974781249947339790886,3544089432230839117,198270,25821507,160
199335838,-81229893037874929,1599753929769724482756777051051049,3544089432230839117,198270,25821508,187
-41652609,16990521884228527,1599754309403136917385557898630988,3544089432230839117,198270,25821508,366
-19429709,7925578482245432,1599754486490952420347536263678894,3544089432230839117,198270,25821512,203
-735455,300000000000000,1599754493194102830112594445685797,3544089432230839117,198270,25821512,764
-929574,379183227306172,1599754501666510181757254148387036,3544089432230839117,198270,25821515,1026
-957177,390442442916397,1599754510390491585839625860552506,3544089432230839117,198270,25821515,1030
-625,254947535888,1599754510396188091438478738926841,3544089432230839117,198270,25821516,226
-3713149181,1514664009951408640,1599788353798451298675094027001437,3544089432230839117,198270,25821518,111
18920835,-7710613440245745,1599788181427593731480723465895872,3544089432230839117,198270,25821519,307
-12532115126,5112559650343352320,1599902415615310889296323796466673,3544089432230839117,198272,25821519,317
-7920544520,3231615346379538432,1599974622294421846141211399330934,3544089432230839117,198273,25821520,263
-814178020,332204576537759695,1599982045018566329179650867914642,3544089432230839117,198273,25821521,172
-10445158878,4262154135697832960,1600077277886036945067641669541203,3544089432230839117,198274,25821522,40
-42598290374,17387516493086654464,1600465781680388380118626564899152,3544089432230839117,198279,25821523,2
-46028773422,18797242834537013248,1600885677858545156620998369147235,3545106498333858278,198284,25821524,2
-91525807686,37406649430259195904,1601720864467226798936200996036024,3548444973528819073,198295,25821525,2
-4224229772,1727387152142563080,1601759413544972243871735205765497,3548444973528819073,198295,25821525,325
129966971,-53094663816429722,1601758228070014940250997880465067,3548444973528819073,198295,25821525,573
350675518,-143259073388694961,1601755029442663310483808254247153,3548444973528819073,198295,25821525,578
12103746,-4944650391352093,1601754919040623063351095635809217,3548444973528819073,198295,25821525,585
41402122,-16913685554655162,1601754541399082096532704569739754,3548444973528819073,198295,25821525,596
-50648200231,20717594056932237312,1602216880105317468301335042660719,3548571873165885465,198301,25821526,9
-4509045011,1845000000000000000,1602258052407043613558303802001236,3548571873165885465,198301,25821527,39
7114621,-2908307122776326,1602257987473927531807775028992453,3548571873165885465,198301,25821527,84
3880210,-1586147760235818,1602257952060364833559662575663714,3548571873165885465,198301,25821527,101
95029811,-38846163327123457,1602257084750852403932552441184553,3548571873165885465,198301,25821528,235
229000000,-93610151475010050,1602254994738148946905792099613940,3548571873165885465,198301,25821530,315
9920000,-4055071785420166,1602254904201477320850130592259050,3548571873165885465,198301,25821530,424
28810510528,-11775152431731179523,1601991998582248950657544393387632,3548444973528819073,198298,25821531,10
53329757,-21792837878778999,1601991512001080583303282546730845,3548444973528819073,198298,25821531,969
57080982853,-23318162722763055854,1601470874031627757101890686762157,3548444973528819073,198291,25821533,2
-52151651624,21325205665196072960,1601946776037790993948404332417972,3548444973528819073,198297,25821534,12
-10171969008,4160872429615324160,1602039631767659755698142054033197,3548444973528819073,198299,25821535,74
-23669802092,9684066277687394304,1602255740368368639144386774550254,3548571873165885465,198301,25821536,6
-4361692814,1784791865010226240,1602295569088793880635036492954252,3548571873165885465,198302,25821536,261
19254997712,-7870547713612124824,1602120664392878025257695624716939,3565193204591401446,198300,25821541,5
33442149182,-13665512480109319104,1601816969364915950083226599768219,3565066304954335054,198296,25821544,10
183000000,-74765294888655426,1601815307820241273643161400896717,3565066304954335054,198296,25821544,518
3000000,-1225659279740830,1601815280581832701136522502149722,3565066304954335054,198296,25821544,524
-1090759,446079271392010,1601815290490307597801632506020600,3565066304954335054,198296,25821544,646
263909,-107820819026403,1601815288094154303156424551699998,3565066304954335054,198296,25821544,672
268797,-109817598933207,1601815285653625619828646404437263,3565066304954335054,198296,25821544,692
-812434,332254887844932,1601815293033791941461406977144872,3565066304954335054,198296,25821544,751
1216201,-496882308733159,1601815281991340289982832408318087,3565066304954335054,198296,25821544,1014
17999509257,-7353004877670798925,1601651872670002648690210303023441,3565066304954335054,198294,25821545,20
4498913262,-1837623047350002689,1601611034299834588501802374133605,3565066304954335054,198293,25821545,197
104837730377,-42795417048705109442,1600659356830994099330858338506179,3561727829759374259,198281,25821547,2
534506,-218058711955463,1600659351980429459296092520291341,3561727829759374259,198281,25821547,190
70430874422,-28721765568204806671,1600020314922219634155299102546045,3560710763656355098,198273,25821548,2
517141,-210806128919463,1600020310231644254793733359020684,3560710763656355098,198273,25821548,284
-2155396576,879511501031359616,1600039870157658939191306242844009,3560710763656355098,198274,25821550,208
-23331977,9520751732779273,1600040081894741716350861986296366,3560710763656355098,198274,25821550,1452
-22416569705,9148378691131833344,1600243537574562864766226829751498,3560710763656355098,198276,25821551,5
-13247470,5407085016549748,1600243657825614448286796446621570,3560710763656355098,198276,25821551,592
-313076553,127785500462549082,1600246499715608912109413894646666,3560710763656355098,198276,25821551,616
-49516030,20210532320928251,1600246949188431554196751967662616,3560710763656355098,198276,25821551,824
-13366475906,5456094698330191371,1600368290192504046846569595632436,3560710763656355098,198278,25821552,246
-1465151344,598114053900000000,1600381591970398830529809974746635,3560710763656355098,198278,25821552,326
-100114263,40869689086877347,1600382500893242755878051730306383,3560710763656355098,198278,25821552,480
10143580719,-4136542880792096504,1600290460086403930945977267326021,3560710763656355098,198277,25821553,8
9143042468,-3728116607306882793,1600207507033476786789727190401119,3560710763656355098,198276,25821554,49
3940802289,-1606760629150762638,1600171755549939506127189586291299,3560710763656355098,198275,25821554,370
71042182767,-28953311165150236137,1599526638988767739882053871138412,3539678942588810813,198267,25821555,2
-157754010,64331220001959057,1599528078185941694242849814952499,3539678942588810813,198267,25821556,39
140280,-57147924227963,1599528076906807314678318529370657,3539678942588810813,198267,25821559,77
49856182833,-20304999092280834899,1599073592815445445990050256538597,3539678942588810813,198261,25821560,2
221875292,-90337678491828418,1599071570799214935172440554853184,3539678942588810813,198261,25821560,126
138200,-56268410663866,1599071569539766590618435442750008,3539678942588810813,198261,25821560,321
10483726039,-4268243136855180289,1598976034021889979966768825264343,3539678942588810813,198260,25821562,2
642410380,-261528184505887011,1598970180271354927578102550386303,3539678942588810813,198260,25821562,871
178427,-72637856133896,1598970178645511464426290937011570,3539678942588810813,198260,25821563,235
12490582650,-5084592390328352157,1598856363179368294117971812300432,3539218119128357633,198259,25821564,90
536529,-218391199887169,1598856358290510672478321712226618,3539218119128357633,198259,25821565,13
-71036457,28943990082858486,1598857005900373464829641714970292,3539218119128357633,198259,25821565,998
56971352680,-23182401578311045319,1598338049730424349130375740653531,3539218119128357633,198252,25821567,2
122708,-49915048501396,1598338048613036993657084832701521,3539218119128357633,198252,25821568,65
118331,-48134490266308,1598338047535508825288768078459586,3539218119128357633,198252,25821568,77
22903,-9316287304575,1598338047326956455880610308054665,3539218119128357633,198252,25821568,86
4647239929,-1890359929232125183,1598295730143148484899512403388839,3539218119128357633,198252,25821570,60
811250000,-329982274755075268,1598288343232138445067821620300472,3539218119128357633,198252,25821574,420
-19549908,7960000000000000,1598288521333861568585951294418866,3539218119128357633,198252,25821575,28
436496,-177547070295338,1598288517359331696221113135297452,3539218119128357633,198252,25821583,2578
44774,-18211844587273,1598288516951645327628389603196649,3539218119128357633,198252,25821583,2582
-2479076300,1009402609292744334,1598311101919489600630842300331023,3539218119128357633,198252,25821584,73
10248061466,-4168335137262293939,1598217790481043905294031088624182,3539218119128357633,198251,25821586,18
29014177976,-11798696978984522766,1597953681073675685459954263395656,3539514874807033266,198247,25821588,8
1349432026,-548655426490468977,1597941400023070780254885484127082,3539514874807033266,198247,25821588,356
-3598229648,1464460000000000000,1597974163965514876942859631027165,3539514874807033266,198248,25821589,39
3706907170,-1507181931492600507,1597940427349274955471402640052266,3539514874807033266,198247,25821589,229
16268229880,-6613705668286856919,1597792386793989223205764786917453,3539514874807033266,198245,25821589,889
-626,254947528648,1597792386799693090948731890143847,3539514874807033266,198245,25821591,539
49690,-20199097577757,1597792386347558422177417667509290,3539514874807033266,198245,25821591,665
1295404821,-526582752993177780,1597780599369566522454330780608384,3539514874807033266,198245,25821592,12
28005175515,-11382219585558874276,1597525820854715143352518440472222,3539514874807033266,198242,25821592,42
106637,-43333577558765,1597525819884740486772636343601601,3539514874807033266,198242,25821593,198
19768429152,-8032351087824135369,1597346024506032704660801263869784,3539514874807033266,198240,25821595,5
9903169722,-4023197296512075826,1597255714635399150724068161434552,3524920648066169921,198239,25821597,112
3979452598,-1616538262274129199,1597219380383102082577237573592896,3524920648066169921,198238,25821597,177
-2455133778,998316929884794383,1597241807914512483016515844343296,3524920648066169921,198239,25821597,309
6238946822,-2534315997150420512,1597184845157125337383644711360838,3524920648066169921,198238,25821597,552
37743856553,-15328038252331440928,1596840323272257709937381628497363,3524920648066169921,198234,25821598,13
19842238962,-8055417289818913003,1596659265037511879988817331318015,3524920648066169921,198231,25821599,91
35309865675,-14330342386515723787,1596337164622473330375443435253590,3524856309049217106,198227,25821601,5
106928,-43387252142279,1596337163647258467020324883507146,3524856309049217106,198227,25821601,664
128957,-52325820083332,1596337162471131495089183066059592,3524856309049217106,198227,25821601,685
20521808852,-8326022888124310833,1596150018532019908813997455346106,3524856309049217106,198225,25821602,5
31008885139,-12577093017897673458,1595867323329091821812041908436322,3524856309049217106,198221,25821605,54
-121941995,49500000000000000,1595868435383826470322944589884519,3524856309049217106,198221,25821605,494
-55223145371,22423862186323550208,1596372204315410446346612332576428,3524856309049217106,198228,25821607,2
-7527746,3057675012581809,1596372273008379633377835993581180,3524856309049217106,198228,25821607,566
105553,-42831338245222,1596372272045660041522685521358502,3524856309049217106,198228,25821607,661
-1418484637,576175176704311040,1596385216254412384381143169151147,3524856309049217106,198228,25821607,871
-33263858790,13514147167271989248,1596688818638969553555037720185605,3524920648066169921,198232,25821608,5
41834,-16982152199963,1596688818257268843475557491897254,3524920648066169921,198232,25821608,614
-4481379615,1821048294804303043,1596729728730294972344146349196706,3524920648066169921,198232,25821611,412
-61651277486,25062018567469588480,1597292755552543521278766955785721,3524920648066169921,198239,25821614,2
-4171423,1696334044121256,1597292793661268234032465719776372,3524920648066169921,198239,25821614,358
-626,254947521409,1597292793666995717332841376592502,3524920648066169921,198239,25821614,415
238910,-97056814239032,1597292791485490424195116677066668,3524920648066169921,198239,25821615,323
9940000,-4038118451609837,1597292700722396193545107799119371,3524920648066169921,198239,25821617,257
-27698190898,11265410651981000704,1597544841020282420302139498432527,3539514874807033266,198242,25821619,9
-19664240860,8000000000000000000,1597723822719716186675951808226354,3539514874807033266,198245,25821621,177
26371638165,-10717634575310214022,1597483920212187532968679954544228,3539514874807033266,198242,25821622,92
4349183,-1767275480256032,1597483880653662167304565243869750,3539514874807033266,198242,25821622,735
45241014334,-18378789941571417514,1597071476915804087940502358059582,3524920648066169921,198236,25821623,2
2595246839,-1054009599312666450,1597047786384253611183789436601965,3524920648066169921,198236,25821623,1374
2285458308,-928169050947578920,1597026924317911910989841949742918,3524920648066169921,198236,25821623,1377
221138346,-89807294532263125,1597024905757031661926724854630363,3524920648066169921,198236,25821623,1422
17231874463,-6997400939466669456,1596867628111898379428225589881730,3524920648066169921,198234,25821624,2
4031047766,-1636701212248242584,1596830840665434176643138394043718,3524920648066169921,198233,25821624,316
175649039,-71315970237987159,1596829237726291992691477123909109,3524920648066169921,198233,25821624,393
17757064021,-7208877952999513835,1596667206801051425080312354574789,3524920648066169921,198231,25821625,9
4072867916,-1653265719154267299,1596630047041115190188325703211882,3524920648066169921,198231,25821625,909
5024073290,-2039274671889138948,1596584211119899688594528454535370,3524920648066169921,198230,25821626,451
4174947747,-1694524979004617492,1596546123992890258685488336687957,3524920648066169921,198230,25821628,65
3660669173,-1485723416212765357,1596512729893969279976186541319129,3524856309049217106,198229,25821629,322
-11679659,4744965224179986,1596512836493182275771870830015889,3524856309049217106,198229,25821630,267
-32690270854,13283195083775334400,1596811248130758963970263738994407,3524920648066169921,198233,25821631,2
5255630,-2133809046238175,1596811200170028278440236202223455,3524920648066169921,198233,25821631,327
37138995,-15078593054921865,1596810861254818457415876199060317,3524920648066169921,198233,25821631,337
3869511977,-1571003593045273680,1596775550466177422559166577410862,3524920648066169921,198233,25821632,266
-11538460989,4689454440408278015,1596880900664708098989589101111594,3524920648066169921,198234,25821632,433
343330,-139405533514256,1596880897531348410250309466387769,3524920648066169921,198234,25821632,621
215736,-87597364142952,1596880895562459208178049440922724,3524920648066169921,198234,25821632,1036
86279,-35032364460223,1596880894775051450152003926637650,3524920648066169921,198234,25821632,1125
526208,-213661063711623,1596880889972681363324069023808570,3524920648066169921,198234,25821633,48
-1305938066,530797545301680796,1596892814521152349057151018424961,3524920648066169921,198234,25821633,53
2778613,-1128244207077984,1596892789162080665218820102251970,3524920648066169921,198234,25821633,462
585188,-237613033887594,1596892783821352193875268252225533,3524920648066169921,198234,25821635,376
-2797143572,1136923531936299076,1596918325197502818972343864536817,3524920648066169921,198235,25821637,66
-12775494,5192794992521384,1596918441855419074066893725768565,3524920648066169921,198235,25821637,114
-19056322879,7746578666173343744,1597092471395696218106106997334534,3524920648066169921,198237,25821638,77
-21206600031,8622672209627766784,1597286182677188088957620941012197,3524920648066169921,198239,25821639,2
-29674096593,12069088905543280640,1597556330312913211036054068800613,3539514874807033266,198242,25821640,2
-26458773327,10764790129754828800,1597797167866847130247479691847822,3539514874807033266,198246,25821645,2
1896878,-771091989433632,1597797150606797769492670323740811,3539514874807033266,198246,25821645,187
-13853644503,5637669853124796416,1597923280573192618008965809548264,3539514874807033266,198247,25821646,3
-538534,219171318367652,1597923285476649496581638116342363,3539514874807033266,198247,25821646,450
307352,-124960014415103,1597923282679556482414147803421769,3539514874807033266,198247,25821646,512
-1864969393,759007745079999744,1597940263741568708574442375102597,3539514874807033266,198247,25821647,135
3166058,-1287251588132471,1597940234927852244997106276487381,3539514874807033266,198247,25821647,283
-2967585309,1207785064020769076,1597967256355765889693105197318445,3539514874807033266,198248,25821647,306
-6326384154,2574927481420983150,1598024864467833819124956061085160,3539514874807033266,198248,25821647,377
-27186181128,11067272249231593472,1598272482455024770085552206553827,3539218119128357633,198251,25821648,2
666328,-271027146057668,1598272476387870373022667150378656,3539218119128357633,198251,25821648,425
665264,-270594554737957,1598272470330399870601690217583617,3539218119128357633,198251,25821648,438
644091,-261982241789174,1598272464465722721673690585144712,3539218119128357633,198251,25821648,450
171370,-69704250745842,1598272462905338614184220991842658,3539218119128357633,198251,25821648,532
-30689408998,12497529446955591680,1598552089981882546275364098377997,3539218119128357633,198255,25821649,2
-32943253328,13420221239168645120,1598852361907434653236500295407102,3539218119128357633,198259,25821650,2
330840,-134665890168878,1598852358892833497754282156839331,3539218119128357633,198259,25821650,619
324166,-131949147043649,1598852355939048759511738796812073,3539218119128357633,198259,25821650,651
317391,-129191679280453,1598852353046992091344770619321418,3539218119128357633,198259,25821650,698
311605,-126836571266398,1598852350207656355936295027223153,3539218119128357633,198259,25821650,714
311920,-126964853519454,1598852347365448922076149387739783,3539218119128357633,198259,25821650,730
300461,-122300249635486,1598852344627662290253121362261882,3539218119128357633,198259,25821650,798
265124,-107916703894958,1598852342211862566584427743511313,3539218119128357633,198259,25821651,319
258032388,-105030135934365662,1598849991030217748212268766172650,3539218119128357633,198259,25821652,440
183433,-74664793020267,1598849989358788026621514615373590,3539218119128357633,198259,25821652,750
2293210,-933432276844245,1598849968463177290968646794849036,3539218119128357633,198259,25821653,138
-625,254947514170,1598849968468881636644472361485516,3539218119128357633,198259,25821653,336
-5880591650,2396122651972864000,1598903580726812749837448008303911,3539218119128357633,198259,25821654,18
3248680,-1322437085115540,1598903551123025481640495264690361,3539218119128357633,198259,25821654,87
-242958459,99000000000000000,1598905766207270359566982417670388,3539218119128357633,198259,25821656,202
325848,-132642997008189,1598905763237953247816857400593220,3539218119128357633,198259,25821656,394
4125149,-1679225233244130,1598905725647184552756857018385954,3539218119128357633,198259,25821657,87
571882,-232796114543064,1598905720435861663098492643721553,3539218119128357633,198259,25821657,206
192448,-78339535674519,1598905718682169956399890472937513,3539218119128357633,198259,25821659,569
2228520,-907163836171811,1598905698374598786701911916215790,3539218119128357633,198259,25821660,314
36800860783,-14977393158751652108,1598570417728060434440354159882809,3539218119128357633,198255,25821662,2
43180392303,-17565758824392117733,1598177194494006676371330951455127,3539218119128357633,198250,25821663,2
4965171250,-2019274855573648381,1598131991448861282068189931446060,3539218119128357633,198250,25821663,23
-3009160245,1225000000000000000,1598159400319568104895935006198931,3539218119128357633,198250,25821663,396
758018,-308278166184938,1598159393418520520941157209984976,3539218119128357633,198250,25821664,729
2359853917,-959716796635212725,1598137909408275283446448107637486,3539218119128357633,198250,25821667,91
-5876934609,2392500000000000000,1598191440610859833336554304654828,3539218119128357633,198250,25821667,203
2727363983,-1109219728166776168,1598166609860697176227457506880571,3539218119128357633,198250,25821669,46
129604,-52709085091239,1598166608680763128925685430407581,3539218119128357633,198250,25821669,373
438223,-178222290758300,1598166604691117918999863544696122,3539218119128357633,198250,25821669,450
-955013,388786764029361,1598166613390061713126217023590086,3539218119128357633,198250,25821669,455
-5239296182,2132986273355656704,1598214338079846066634479447194434,3539218119128357633,198251,25821670,387
682369,-277531602722753,1598214331867084325694402782219956,3539218119128357633,198251,25821672,58
571369,-232386077304434,1598214326664940439953180575669972,3539218119128357633,198251,25821673,155
458884,-186636274016959,1598214322486941641587476708897403,3539218119128357633,198251,25821673,248
439567,-178779835476936,1598214318484815357568395130931715,3539218119128357633,198251,25821673,261
-11070774025,4507476376188165632,1598315171413149234895376642481045,3539218119128357633,198252,25821675,16
3495102,-1421700986588352,1598315139587261985015255478106382,3539218119128357633,198252,25821675,206
-36387446106,14819191885385824256,1598646712905111893643971324838307,3539218119128357633,198256,25821677,12
3002936,-1222009609340526,1598646685549472126895636052020709,3539218119128357633,198256,25821677,198
-49820080174,20299755566143012864,1599100860101430537897247290560694,3539678942588810813,198262,25821678,2
-48579755,19800000000000000,1599101303060604068704866033489955,3539678942588810813,198262,25821678,18
-4971747142,2026428726304244804,1599146637666352695746849174314159,3539678942588810813,198262,25821678,155
-60489233577,24663943606668025856,1599698411407565832877826437808833,3539678942588810813,198269,25821679,2
-9995793537,4077333131128333558,1599789151798807191469101512425824,3562485554351506730,198270,25821679,115
223675,-91152011261478,1599789149771625255838464944126308,3562485554351506730,198270,25821679,366
-18323497494,7475444271690311680,1599955317345285706252332812241801,3562485554351506730,198273,25821681,144
-9854528716,4020998050719634432,1600044697917930976117711519210868,3562485554351506730,198274,25821683,14
118365,-48251204833078,1600044696844844716622672987347425,3562485554351506730,198274,25821683,836
-4967744926,2027186860798998784,1600089758075959900542652420556804,3562485554351506730,198274,25821684,157
3242928,-1322055077375809,1600089728674017654013072492170450,3562485554351506730,198274,25821684,309
-35452547459,14470430458014664704,1600411383980597429945963289722744,3562485554351506730,198278,25821685,35
-4704707659,1920726489836636580,1600454078762189232272918544874615,3562485554351506730,198279,25821687,638
631042141,-257375305258732529,1600448354844940700671373695088744,3562485554351506730,198279,25821687,941
56269501949,-22942542937204281074,1599938122454496610709099064324428,3562485554351506730,198272,25821688,2
628978386,-256368213611425175,1599932420934537691177230021254474,3562485554351506730,198272,25821689,374
-9060573860,3696913788591262720,1600014597614873396396019431326688,3562485554351506730,198273,25821690,12
-8989548435,3668309181764235937,1600096138459004695875283395175627,3562485554351506730,198274,25821690,342
-3783580276,1544053900000000000,1600130460391031612179845655981656,3562485554351506730,198275,25821693,162
-2087541137,851939984452928041,1600149397700303915128245519908864,3562485554351506730,198275,25821694,289
11786132348,-4804929342463278732,1600042538116733326965469274772859,3562485554351506730,198274,25821698,170
861319,-351115936858310,1600042530308064328215720392711963,3562485554351506730,198274,25821699,23
33018454380,-13457431620647875507,1599743242756382065872666874829677,3562485554351506730,198270,25821700,2
-3916269982,1597500000000000000,1599778752712616753532558936653187,3562485554351506730,198270,25821700,96
-40248010079,16421823516467689472,1600143784471216773727114952763789,3562485554351506730,198275,25821704,2
320635,-130722893003246,1600143781563995269756321369795190,3562485554351506730,198275,25821704,360
156998,-64008018097128,1600143780140484189459921628414050,3562485554351506730,198275,25821704,464
419206,-170910491801882,1600143776339507592282593701440680,3562485554351506730,198275,25821704,504
168349,-68635697946536,1600143774813078881702743040424310,3562485554351506730,198275,25821704,569
-75610614505,30870595419860070400,1600829890609373312380640908070328,3563502620454525891,198283,25821706,3
-147886922543,60446880000000000000,1601776946047132070657172761292726,6624157632501607789,198295,25821706,29
32047376963,-13090051493274091985,1601486184362151438659810872207479,3566841095649486686,198292,25821706,82
8318499464,-3396992235187438200,1601410728953387253965360770024136,3566841095649486686,198291,25821706,91
2515400,-1027155266362418,1601410706137785945007770363402484,3566841095649486686,198291,25821706,95
6166953979,-2518167556604778235,1601354771549430950589370194121874,3566841095649486686,198290,25821706,103
1477686,-603366031209971,1601354758147212939084218511141460,3566841095649486686,198290,25821706,106
1689056865,-689666063906333762,1601339438996870528206080341351840,3566841095649486686,198290,25821706,115
377692,-154215504412783,1601339435571371404979656738177628,3566841095649486686,198290,25821706,118
1582083021,-645975143032504239,1601325086901991437794316629900071,3566841095649486686,198290,25821706,125
310761,-126884417224053,1601325084083581825822381208027999,3566841095649486686,198290,25821706,129
1457090207,-594929492700453398,1601311865718906188595451074278960,3563502620454525891,198289,25821706,136
273820,-111799663699306,1601311863233238892108668306646500,3563502620454525891,198289,25821706,140
8810687824,-3597191807909523662,1601231886051374021083406831805098,3563502620454525891,198288,25821706,190
1993221394,-813734489273891040,1601213794107793120763185839102492,3563502620454525891,198288,25821706,209
2727875844,-1113628049157912005,1601189034562633063506749656106231,3563502620454525891,198288,25821707,220
56000000,-22861079537391298,1601188526287063279041041618245112,3563502620454525891,198288,25821708,520
292937214,-119586565958483663,1601185867491801589842732783647042,3563502620454525891,198288,25821708,600
294062205,-120045424488193477,1601183198494634069502214654052135,3563502620454525891,198288,25821708,894
-26008948685,10629845061098721280,1601419318962582643014699322984774,3566841095649486686,198291,25821709,38
-8578009796,3506515882956282368,1601497168212207830071215787083784,3566841095649486686,198292,25821710,27
-15056546076,6155634152156690432,1601633831360389140466924725478109,3566841095649486686,198293,25821711,12
40645372978,-16598208915989736019,1601265097702834941548692315830844,3563502620454525891,198289,25821712,5
42949746479,-17530931178658802635,1600875328531212443039659666930769,3563502620454525891,198284,25821714,6
9500915958,-3876865609855702640,1600789133298235616390058462677205,3563502620454525891,198283,25821714,157
22318425161,-9105430968078099398,1600586690185001903859027397004829,3563502620454525891,198280,25821716,126
-205463656,83898067050693580,1600588554577105320390274023126434,3563502620454525891,198280,25821716,167
306948647,-125212593796020306,1600585770697089865731264036700589,3563502620454525891,198280,25821716,296
5692681,-2322193034033122,1600585719067245107429461840460557,3563502620454525891,198280,25821717,39
81196,-33121804522101,1600585718330840510340091819911135,3563502620454525891,198280,25821719,613
239541385,-97715053045477988,1600583545809889258837032218833755,3563502620454525891,198280,25821720,96
-20079521724,8200069528061486850,1600765768659747609323040600528611,3563502620454525891,198283,25821722,350
-322855158,131862752049548897,1600768698928373552816783160606099,3563502620454525891,198283,25821722,588
-15807924822,6456973293332115456,1600912186501368362470940934192581,3563502620454525891,198284,25821723,10
1768722933,-721795392367510247,1600896138660594992663338691206628,3563502620454525891,198284,25821723,537
1086888916,-443539629787301197,1600886277343342524159546850465253,3563502620454525891,198284,25821724,191
-3075686362,1256401999890130748,1600914197247217026267557640612520,3563502620454525891,198284,25821724,227
-1281,523639755681,1600914197258853406697352653747641,3563502620454525891,198284,25821724,232
-44212672173,18065492362999847476,1601315650623512659918354390619001,3563502620454525891,198289,25821725,2
-58235812838,23809233253046423552,1601844246815507671185545312579348,3566841095649486686,198296,25821726,5
-5519420278,2257385120000000000,1601894363724591483206945497550068,3566841095649486686,198297,25821726,412
-3254638835,1331179421758716757,1601923917652923624895653053262172,3566841095649486686,198297,25821727,70
-295540788,120881533551238376,1601926601381443505980969797116889,3566841095649486686,198297,25821727,443
-44210553808,18087480196145047552,1602328159622929519717237628115745,3566967995286553078,198302,25821728,9
-760000000,311011485801801806,1602335064239999025824718492519218,3566967995286553078,198302,25821728,221
31217396480,-12759984874856000993,1602051641909559398954271088524820,3566841095649486686,198299,25821729,5
50004745621,-20429834134864204188,1601597845910362593783360375775337,3566841095649486686,198293,25821730,5
4144213932,-1692632027251981006,1601560248461601689672518559858688,3566841095649486686,198293,25821731,741
-12246173,5006624794274493,1601560359615235780878804760852826,3566841095649486686,198293,25821731,1022
-63675112,26032419626210570,1601560937569079845572039952892089,3566841095649486686,198293,25821736,731
97732,-39915976359371,1601560936682449525602615901612794,3566841095649486686,198293,25821737,627
-34067922904,13930749543580536832,1601870217585455115352148049825946,3566841095649486686,198296,25821741,2
-45004278056,18410996316770551805,1602278960059349191396593360122237,3566967995286553078,198302,25821746,111
17211901,-7036046260830208,1602278803777314323810251197367706,3566967995286553078,198302,25821746,138
-29872648875,12225918754120519660,1602550225545235431030419883771092,3566967995286553078,198305,25821747,67
92965111,-38016023844093952,1602549381147495040298677185764782,3566967995286553078,198305,25821748,68
971995107,-397473481193344744,1602540552614801528742791972182772,3566967995286553078,198305,25821748,186
26027185495,-10641548627323292174,1602304186506341033588096702217220,3566967995286553078,198302,25821749,7
740544307,-302735109125900255,1602297462267027337833249979667756,3566967995286553078,198302,25821749,198
91343,-37340800926255,1602297461437627397013074587211248,3566967995286553078,198302,25821754,513
800000000,-327037789246019637,1602290197396248576668383182391585,3566967995286553078,198302,25821755,370
-32398280337,13259957350092414976,1602584575359893032685533258230585,3566967995286553078,198305,25821758,5
-1052171388,430714041423034237,1602594137436080728946587770504886,3566967995286553078,198305,25821758,400
7500433,-3067305281540735,1602594069306240021685659776277670,3566967995286553078,198305,25821761,1123
399503,-163376830709025,1602594065677374802938375810975581,3566967995286553078,198305,25821762,808
59134321783,-24174904816439786468,1602057099597499923756810364811957,3566841095649486686,198299,25821764,2
19745584762,-8068652742096456014,1601877875316524328792687581460418,3566841095649486686,198297,25821764,91
23583662131,-9634643651712296374,1601663866592127849556516919540055,3566841095649486686,198294,25821767,15
5441013898,-2222454284388945255,1601614500510347851506667591161464,3566841095649486686,198293,25821767,253
65065070,-26575861597739458,1601613910196222506683220809737047,3566841095649486686,198293,25821767,319
2623714966,-1071641424041013894,1601590106449819422557561263512092,3566841095649486686,198293,25821767,336
-3412665523,1395284962233920804,1601621083605192134281084715983955,3566841095649486686,198293,25821767,411
9583910413,-3914374318388333049,1601534135889742404619902545765015,3566841095649486686,198292,25821768,15
23534519216,-9610444379401413411,1601320664689678509775927456026832,3566841095649486686,198290,25821774,2
113139,-46194570068266,1601320663663585446894817779178114,3566841095649486686,198290,25821774,721
178760,-72987600329426,1601320662042354417713507339526097,3566841095649486686,198290,25821774,759
156255,-63798687230202,1601320660625231359936587153212037,3566841095649486686,198290,25821774,763
-36519563,14925892912131979,1601320991999621774999056943433213,3566841095649486686,198290,25821774,1171
197651,-80701026090780,1601320990207056914740255778042070,3566841095649486686,198290,25821775,35
-33227694,13580480000000000,1601321291711516851344905845365979,3566841095649486686,198290,25821775,56
9516972904,-3885581231684090559,1601234907987007451575025141059844,3563502620454525891,198288,25821775,157
373325506,-152412460024239668,1601231519366193007200820558006171,3563502620454525891,198288,25821776,8
900514240,-367637885062396558,1601223345589657265859059221790720,3563502620454525891,198288,25821777,249
-623,254947485213,1601223345595322737006673183478475,3563502620454525891,198288,25821778,178
7018190381,-2865070581881854162,1601159645830834498679195649268194,3563502620454525891,198288,25821780,546
-2789457138,1139866182238279808,1601184976062910435750298814033589,3563502620454525891,198288,25821781,225
-15480057040,6326328407694611456,1601325551155506119598227993344723,3566841095649486686,198290,25821782,66
-75268995055,30776461830091833344,1602008828955910918647693509344514,3566841095649486686,198298,25821783,2
-799124536,326891988752031951,1602016086386614861662613783695886,3566841095649486686,198298,25821783,51
-109743145676,44919967735913611264,1603012867409202784130617551252179,3584553276657627346,198311,25821784,8
-18957918297,7765495518024307179,1603184419697723589686912595698050,3584553276657627346,198313,25821784,632
252461751,-103320278779399904,1603182136044725192572296151424437,3584553276657627346,198313,25821784,758
-10431566155,4273649053189309440,1603276547827425690297316788499731,3584553276657627346,198314,25821785,57
74743,-30591965599230,1603276547151261874317817456066660,3584553276657627346,198314,25821786,761
2718491,-1112674878127459,1603276522558187294039616012245278,3584553276657627346,198314,25821788,97
-22646739011,9279746303038547968,1603481527082558428266848564113628,3584553276657627346,198317,25821789,5
-6457836740,2646603319785179136,1603539994807542889159047438483054,3584553276657627346,198317,25821791,47
-3659861557,1500000000000000000,1603573132220626694232647218441076,3584553276657627346,198318,25821791,208
201995,-82706908313816,1603573130392584015773875269731242,3584553276657627346,198318,25821791,251
-10264215104,4207135414512369600,1603666072782004150359271712329926,3584553276657627346,198319,25821791,546
-40535511227,16619615314812205056,1604033126905600941362817313371035,3585694536141338446,198323,25821792,9
-35138725152,14413082583756060672,1604351433743160210368028381253902,3585694536141338446,198327,25821793,5
-4054192218,1663302831103294976,1604388167083234773106685813230784,3585694536141338446,198328,25821793,278
672781,-275750211512576,1604388160990361453626570161683917,3585694536141338446,198328,25821793,510
-14082186488,5778053557439680512,1604515766861238064769522671374757,3585694536141338446,198329,25821794,19
340863,-139730349576672,1604515763773808632939297937742826,3585694536141338446,198329,25821794,261
48840665,-20021335826359671,1604515321389876422557317405109852,3585694536141338446,198329,25821795,208
400000000,-163972258534316385,1604511698320310388640404566782661,3585694536141338446,198329,25821795,1121
7709098968,-3160051265051254657,1604441875011978521663162479507064,3585694536141338446,198329,25821796,62
-6040818457,2478658022510976512,1604496615126867308565881318422097,3585694536141338446,198329,25821797,64
-26149577357,10731605951299448832,1604734663700782509952036071657191,3568120625956501594,198332,25821798,5
643241659,-263756199861247966,1604728807138951405957884124219362,3568120625956501594,198332,25821799,554
5972365642,-2448829797456691690,1604674432215707138651164322017113,3568120625956501594,198331,25821802,185
60841125551,-24937059209084146113,1604122681911775587083848794262502,3585694536141338446,198325,25821803,2
31203638475,-12782845886320958175,1603840236940217554763697295906610,3585694536141338446,198321,25821804,2
544330,-222949982819892,1603840232013998298391825756491694,3585694536141338446,198321,25821804,169
24209071,-9915711773719596,1603840012920147460146821823614018,3585694536141338446,198321,25821804,195
-491782,201628906909752,1603840017373036656196237665561309,3585694536141338446,198321,25821806,357
-1266198,519136930637079,1603840028837956370008848422430453,3585694536141338446,198321,25821806,361
178116,-72953538734966,1603840027226002321880527568203486,3585694536141338446,198321,25821806,492
45076703581,-18458117525315751628,1603432092164604144566496436290706,3584553276657627346,198316,25821806,806
99557821673,-40733901961289087206,1602529861965132240093468467589678,3566967995286553078,198305,25821808,44
-68852455622,28194162973735730233,1603154618993614544699981202911185,3584553276657627346,198312,25821808,53
-10681799751,4376021786168405346,1603251292354675873342214490816512,3584553276657627346,198314,25821808,64
-516832608,211744630280014920,1603255970134197117631786006584265,3584553276657627346,198314,25821808,136
-8026305061,3288509544715612797,1603328618600339302307255575117824,3584553276657627346,198315,25821809,16
-5776813176,2367040069935303200,1603380910323394878969042186042960,3584553276657627346,198315,25821809,93
-10304016811,4222437940899238753,1603474190770240418561262625053940,3584553276657627346,198316,25821809,218
-6406673221,2625610284580758372,1603532194725305244951357834350010,3584553276657627346,198317,25821809,233
-3128123497,1282050000000000000,1603560517272267973147763566280131,3584553276657627346,198318,25821809,320
-7484400211,3067637930766005081,1603628286329136867907264294126896,3584553276657627346,198318,25821809,596
85739649022,-35091556994986086615,1602852349035610220346240249568538,3566967995286553078,198309,25821810,5
-78390905011,32114643227082432511,1603562133706598120243797682697933,3584553276657627346,198318,25821810,22
-10114594666,4145748057524284928,1603653719950547163382636354843863,3584553276657627346,198319,25821810,143
-42788171,17538928485332700,1603654107413692673906165241237591,3584553276657627346,198319,25821810,363
-2738399959,1122491423061292800,1603678905055005347412920179498347,3584553276657627346,198319,25821810,385
-57049098,23385237980443600,1603679421672532694777640096463352,3584553276657627346,198319,25821810,392
-5771197166,2365773766719727104,1603731681480841790070610710890452,3585694536141338446,198320,25821811,28
-4695725279,1925021768240493746,1603774194773034534943101855481282,3585694536141338446,198320,25821811,321
-312883231,128270719970097097,1603777027577674893285740403054849,3585694536141338446,198320,25821811,471
-676998113,277546100000000000,1603783157065995974278341569984341,3585694536141338446,198320,25821812,177
-910608969,373321916740625116,1603791401722752690486370290720147,3585694536141338446,198320,25821815,339
5941855,-2433556435075640,1603791347951801823798629027716670,3585694536141338446,198320,25821815,430
12148022042,-4975023829909743381,1603681409628174930157899633590196,3584553276657627346,198319,25821817,19
-338117911,138600000000000000,1603684471525143873746700253258317,3584553276657627346,198319,25821822,49
235143,-96292561848569,1603684469396822113617371259179469,3584553276657627346,198319,25821822,594
-1828684242,749616414860032520,1603701029629351192213106649192335,3584553276657627346,198319,25821823,768
331891802,-135914614762474386,1603698025554824922181456877472086,3584553276657627346,198319,25821824,40
-27640765130,11332378131790487552,1603948303109773976201045667514180,3585694536141338446,198322,25821828,12
-7560428573,3100300000000000000,1604016771925015290711901333767483,3585694536141338446,198323,25821829,25
-7596406407,3115320000000000000,1604085572450608804862776692343182,3585694536141338446,198324,25821829,535
-2922496550,1198600000000000000,1604112043025052645643575841319477,3585694536141338446,198324,25821829,551
-28514283332,11696604988723712000,1604370357602972060356528487274299,3585694536141338446,198328,25821830,29
-21934179896,8999999999999999999,1604569354189935699078760047759986,3568120625956501594,198330,25821830,168
-9439345478,3873826548488642031,1604655327376779355317162219098350,3568120625956501594,198331,25821830,196
-22720012199,9325800725972512902,1604862298132502413373115161172593,3568120625956501594,198334,25821830,245
51508236013,-21117815562353559196,1604394015651766494193385345567934,3585694536141338446,198328,25821834,2
3770980578,-1545577365488409049,1604359865153597439498696939555261,3585694536141338446,198327,25821834,332
3826053098,-1568082192295594071,1604325217397210300845675327432979,3585694536141338446,198327,25821835,52
993234631,-407059476248208835,1604316223163593326289550021956470,3585694536141338446,198327,25821835,471
353929,-145050652216772,1604316219958608481429493590436611,3585694536141338446,198327,25821835,685
9920000,-4065511814362936,1604316130128583228181879699201790,3585694536141338446,198327,25821836,481
19998678,-8196052949771562,1604315949031669217539834042789181,3585694536141338446,198327,25821836,934
41144344068,-16858259273309218888,1603943455253420422808532665841291,3585694536141338446,198322,25821837,2
288104,-118018365642168,1603943452645730850113429556504794,3585694536141338446,198322,25821839,49
-44113515857,18093225359745712128,1604343033881184159611916651963304,3585694536141338446,198327,25821842,5
-4862511442,1994918060578586807,1604387090803453397017649697513448,3585694536141338446,198328,25821842,427
-25009797045,10262375817624281000,1604614186153560752276807188714080,3568120625956501594,198331,25821844,11
-7850966326,3222120347281860000,1604685695796850714896684927130374,3568120625956501594,198332,25821844,215
-274015968,112464263706945607,1604688191755571603871160264026231,3568120625956501594,198332,25821847,195
1237281,-507309691662426,1604688180491037999344413857154819,3568120625956501594,198332,25821850,452
-30416617620,12486055180302161920,1604965287878661001749533995787201,3568120625956501594,198335,25821852,8
-25174689589,10337500000000000000,1605194711630053029815336953161286,3568120625956501594,198338,25821854,31
5980600439,-2453630261113476062,1605140230115144798912424682979328,3568120625956501594,198337,25821854,241
11571908110,-4747074489628712555,1605034823928370829943702288334848,3568120625956501594,198336,25821856,167
6444673653,-2643489548800878714,1604976126692057242219577115080628,3568120625956501594,198335,25821857,406
-37765284025,15508902635993452544,1605320321190023223413969644105054,3568120625956501594,198339,25821859,11
188350,-77287766751987,1605320319473890730569909825389164,3568120625956501594,198339,25821861,566
376250000,-154391226686008275,1605316891301336901441382796672506,3568120625956501594,198339,25821861,699
-15404313384,6327904740240160768,1605457371207071943799327029323559,3566985662310084273,198341,25821863,21
88986,-36520809672537,1605457370395889360571774538115119,3566985662310084273,198341,25821864,768
-5111532104,2100000000000000000,1605503991259400658513970593969314,3566985662310084273,198342,25821866,453
-7243329579,2976027440082252800,1605570060292300635715173085234968,3566985662310084273,198343,25821870,32
54894835544,-22525700011288784794,1605069811123464811070675015668385,3568120625956501594,198336,25821870,135
-61018237715,25064326938044813311,1605626168688963637690298561532365,3566985662310084273,198343,25821870,152
57302659717,-23515054904743355137,1605103933589858893656188411127801,3568120625956501594,198337,25821872,2
74614,-30608795233486,1605103932910207374735237762246300,3568120625956501594,198337,25821873,453
-708502,290941474874331,1605103939367173237003513819564724,3568120625956501594,198337,25821873,496
-760981,312491646715702,1605103946302409596683189280604642,3568120625956501594,198337,25821873,500
-496384,203836932211666,1605103950826233892716359739649963,3568120625956501594,198337,25821873,504
-588490,241659516113437,1605103956189468015698406280101982,3568120625956501594,198337,25821873,508
639490978,-262338968540057764,1605098131096481495808753559293183,3568120625956501594,198337,25821874,256
30078914934,-12337150079079517644,1604824191441998498213385582004754,3568120625956501594,198333,25821874,264
-15643270142,6422129712000844800,1604966720011812615612986889531961,3568120625956501594,198335,25821875,13
291439,-119537162621740,1604966717357555447905697725791596,3568120625956501594,198335,25821875,72
229457,-94114489084740,1604966715267794809795576758095411,3568120625956501594,198335,25821875,83
64119,-26298807621093,1604966714683844203143411919543237,3568120625956501594,198335,25821875,94
-150035292,61600451275212015,1604968081804194287881437531341888,3568120625956501594,198335,25821876,7
-26767139616,10991546501869230182,1605212021038250758209363940887164,3568120625956501594,198338,25821876,53
-28483461530,11700000000000000000,1605471730299523102503400701762814,3566985662310084273,198341,25821877,402
8644953627,-3547891310321597234,1605392926251531762453988626071552,3566985662310084273,198340,25821878,132
883645,-362630272212816,1605392918196963323044498080239687,3566985662310084273,198340,25821878,135
12634066270,-5184397781932422786,1605277779484057367526827039703375,3568120625956501594,198339,25821878,154
59767471720,-24515548168533272053,1604733425175995780131094843190443,3568120625956501594,198332,25821878,346
-8492674393,3486014927823934464,1604810791523966757350117607104466,3568120625956501594,198333,25821879,127
-102666933992,42168631309782859776,1605746789263417989069206485025424,3566985662310084273,198345,25821880,2
-2363729167,971439382077445774,1605768355617151956789129684194824,3566985662310084273,198345,25821880,105
-10098763433,4150657941150969344,1605860501930178854059681461863461,3566985662310084273,198346,25821884,82
195544,-80294029105652,1605860500146726665247748638196297,3566985662310084273,198346,25821884,258
-25132812512,10331818883736244224,1606089870774346721487966218098375,3566985662310084273,198349,25821885,20
-2916816936,1199262054452291841,1606116494885087149611077612209414,3566985662310084273,198349,25821885,314
79070,-32477822126288,1606116494163705452813207312578989,3566985662310084273,198349,25821886,1072
-128067666902,52694801137470644224,1607285637853095470396293276083410,3574024183537113298,198364,25821889,13
262590,-108015672771607,1607285635458628383168307814865723,3574024183537113298,198364,25821890,233
175857,-72338456972796,1607285633855045774110579806533089,3574024183537113298,198364,25821890,245
224758,-92453576169401,1607285631805555736657903355313556,3574024183537113298,198364,25821890,596
142322176,-58543944098890610,1607284334016598779325464343561578,3574024183537113298,198364,25821890,752
51227240,-21072200151773903,1607283866892815496589331980403927,3574024183537113298,198364,25821890,786
63907587,-26288212603305984,1607283284141643879445555877933906,3574024183537113298,198364,25821890,825
55483913,-22823141985961897,1607282778203376679373631975938097,3574024183537113298,198364,25821891,124
226879117,-93325897903825539,1607280709375907639627474568981493,3574024183537113298,198364,25821891,1314
154098,-63387177773362,1607280707970754970241120761059374,3574024183537113298,198364,25821891,1317
-102020615,42007776088455581,1607281638724057274817821392061797,3574024183537113298,198364,25821892,248
481156702,-197921489728840391,1607277251245084543621526617688526,3574024183537113298,198364,25821892,575
392500000,-161452182745706477,1607273672209488819117217761799821,3574024183537113298,198364,25821892,583
77685733,-31955408107653371,1607272963829204649584769043751059,3574024183537113298,198364,25821892,945
16915675,-6958124374163456,1607272809583071886963089953490500,3574024183537113298,198364,25821892,1003
24947369146,-10260443112555790428,1607045358392860461547042273407915,3574024183537113298,198361,25821894,10
-47553737368,19580157599602855936,1607479189888893472075945032059424,3574024183537113298,198366,25821895,14
348692,-143468156333268,1607479186708523720256083718196665,3574024183537113298,198366,25821896,504
289617,-119162089653278,1607479184066965376001739287547175,3574024183537113298,198366,25821896,992
72210000,-29710606237293585,1607478525448943089424689117621865,3574024183537113298,198366,25821896,998
135000000,-55545314033102059,1607477294132941538155596741351470,3574024183537113298,198366,25821897,391
35698133773,-14684896155036646310,1607151762664957766081826430266434,3574024183537113298,198362,25821898,8
495750000,-203891401146582321,1607147242846334346646622828008649,3574024183537113298,198362,25821899,411
3999709604,-1644953300386006108,1607110777892344478200846361647382,3574024183537113298,198362,25821899,838
-3036357244,1250000000000000000,1607138473755734886376563608711159,3574024183537113298,198362,25821901,128
-13992647445,5761015102719976796,1607266118785554895017540351544266,3574024183537113298,198364,25821902,146
-4801177148,1976938593295414099,1607309921202523803415218072534696,3574024183537113298,198364,25821902,182
-8169784331,3364248111696040283,1607384461807414181173013356340637,3574024183537113298,198365,25821902,187
430865304,-177257093511398432,1607380532412119035601469594238409,3574024183537113298,198365,25821903,15
35675410061,-14673783798400024175,1607055247280352454829184403983425,3574024183537113298,198361,25821904,2
3132714,-1288267042197736,1607055218722339039262427941928455,3574024183537113298,198361,25821904,512
-31182588866,12838333901098244096,1607339673715847249690886860699498,3574024183537113298,198365,25821906,2
-33836059,13933275425055223,1607339982431121452299569531886084,3574024183537113298,198365,25821906,259
-22291520405,9180538949706184704,1607543392793202559375771649179399,3574024183537113298,198367,25821907,2
-1907312250,785615320859997891,1607560799428885719526171958173502,3574024183537113298,198367,25821907,113
-1345278340,554125728835592137,1607573077021275272265561647038839,3574024183537113298,198368,25821907,465
-10744066410,4425829280000000000,1607671138751777791125754268683526,3574024183537113298,198369,25821908,399
1458968,-600431779982269,1607671125441541430026362844921710,3574024183537113298,198369,25821908,812
59158,-24346046379906,1607671124901843761484541359611062,3574024183537113298,198369,25821908,825
41243941407,-16969794448535968626,1607294942323506625532079855061042,3574024183537113298,198364,25821910,159
-12612770300,5193866353075882148,1607410021213892887250774880419840,3574024183537113298,198365,25821910,200
712782,-293246829228275,1607410014713263274863236316702693,3574024183537113298,198365,25821910,283
-9611619342,3958508964619668992,1607497722172074324833581394998758,3574024183537113298,198367,25821912,12
-48756597484,20086856620316729344,1607939622439586037980623999843365,3628760386233757834,198372,25821913,5
-233566081,96251576403160348,1607941722887620212469773367738869,3628760386233757834,198372,25821913,197
-55588642816,22914994447803224064,1608441784879741800682926036993437,3628760386233757834,198378,25821914,9
-1360473499,560999042440165651,1608454027269735826033216368360450,3628760386233757834,198378,25821915,232
204944974,-84426290804921316,1608452183957095579976973638324851,3628760386233757834,198378,25821915,432
311250000,-128217866075913448,1608449384525650827575536371554940,3628760386233757834,198378,25821916,1009
22372108466,-9214908300750362121,1608248191783585090434470159227723,3628760386233757834,198376,25821916,1563
16482953879,-6787733709077575893,1608099992505548850956275204984926,3628760386233757834,198374,25821918,33
-4869853952,2007298225514965878,1608143796729535009108385490496730,3628760386233757834,198375,25821919,736
-5343166114,2202517916854414080,1608191861131195437859538726459875,3628760386233757834,198375,25821921,288
-3898448814,1607070987879731115,1608226931404570825415875212604428,3628760386233757834,198376,25821921,807
-5525736809,2278013613317574912,1608276643309504971701917743672687,3628760386233757834,198376,25821922,123
-951002097,392069743860434756,1608285199243376657422661831723948,3628760386233757834,198376,25821922,192
-19852390766,8185500000000000000,1608463827147731382928638061322958,3628760386233757834,198379,25821923,513
100353054021,-41317405848644507807,1607559098408224624574005728547329,3574024183537113298,198367,25821924,2
77690253184,-31954545673892678142,1606850581284051119466867593553975,3566987428079346271,198359,25821925,2
17402657073,-7153971941401740700,1606691680793644553307390966481738,3566987428079346271,198357,25821926,8
56665424131,-23284506913305075021,1606174496829588594390729828538680,3566987428079346271,198350,25821927,2
28739131443,-11803527767695501584,1605912322596180855340918729123062,3566985662310084273,198347,25821927,294
-70751544,29082905681085954,1605912968248645745750337494226039,3566985662310084273,198347,25821928,164
-30654143,12600602368724079,1605913247987199646904046359847632,3566985662310084273,198347,25821929,302
-13756735,5654804950055496,1605913373526194770498924522780362,3566985662310084273,198347,25821929,347
54292577441,-22288170411937643294,1605418319451208947063625995699103,3566985662310084273,198341,25821930,5
30400613162,-12474049268812100328,1605141309943360299754683520098933,3568120625956501594,198337,25821931,2
-8598760997,3531357289997711146,1605219682590226259690885579748675,3568120625956501594,198338,25821931,50
-6652,2732103707932,1605219682650860792398582936054935,3568120625956501594,198338,25821934,372
-48872434969,20077587372237873152,1605665380234441207032561683785395,3566985662310084273,198344,25821936,6
-32154969970,13215864569833009152,1605958777862200246561814417843278,3566985662310084273,198347,25821937,7
-5644366349,2320363073148601308,1606010290876547825983078392123796,3566985662310084273,198348,25821937,240
-805217435,331031894103796960,1606017639920715873388832799535359,3566985662310084273,198348,25821938,30
-481620922,198000000000000000,1606022035602132652909096999087325,3566985662310084273,198348,25821938,194
-3529416995,1451017723188097499,1606054248792239903667514102762473,3566985662310084273,198349,25821938,399
8530304177,-3503382266109715846,1605976433357638696993297730264089,3566985662310084273,198348,25821939,25
-481645638,198000000000000000,1605980829039055476513561929816055,3566985662310084273,198348,25821940,481
85930508,-35289987771598123,1605980045194893769445968709195905,3566985662310084273,198348,25821942,194
51506622807,-21146571233051397460,1605510347769424830867673411796597,3566985662310084273,198342,25821945,481
-26681716533,10963869407688538112,1605753750178573184367008286958717,3566985662310084273,198345,25821945,485
99073,-40675678103072,1605753749275104670551602528066527,3566985662310084273,198345,25821948,490
23044,-9460854724864,1605753749064964735427789222220994,3566985662310084273,198345,25821948,527
165260,-67849756826058,1605753747557918711338388122781374,3566985662310084273,198345,25821948,531
82609,-33916046810217,1605753746804591862589289321569272,3566985662310084273,198345,25821948,655
-561856,230909306034979,1605753751930873405515602828533230,3566985662310084273,198345,25821948,677
5900832286,-2422591780669626810,1605699942492463633528644585378167,3566985662310084273,198344,25821949,45
-170650666,70128609305612085,1605701499376426811661848536892355,3566985662310084273,198344,25821949,128
-42150776,17321812711990864,1605701883927791675467418083627998,3566985662310084273,198344,25821949,148
-119975653200,49337500000000000000,1606797196383186135746797122587371,3566987428079346271,198358,25821950,50
182739761,-75123940980830040,1606795527767323380649173143377662,3566987428079346271,198358,25821950,342
724277219,-297747344694315068,1606788914350402442982856437991370,3566987428079346271,198358,25821950,397
679912813,-279507091890928384,1606782706076965340393065297454124,3566987428079346271,198358,25821950,421
910023611,-374100546715765476,1606774396740442718791576111459726,3566987428079346271,198358,25821950,433
-21871835692,9001338184394787777,1606974142561580100595713113233544,3574024183537113298,198360,25821950,439
123178112058,-50614047240109122621,1605850015701742690788805447397857,3566985662310084273,198346,25821951,2
9049726722,-3715752128692468951,1605767483210338137854600068202496,3566985662310084273,198345,25821952,313
44000000,-18065147727035306,1605767081956003116273667709565322,3566985662310084273,198345,25821952,354
500000000,-205285135403969919,1605762522261737618382552464291308,3566985662310084273,198345,25821953,734
344440,-141416101832835,1605762519120671474906791447483153,3566985662310084273,198345,25821954,440
-493085,202648257502340,1605762523619546119582464616677833,3566985662310084273,198345,25821954,615
252093,-103501205730899,1605762521320627333696653866173889,3566985662310084273,198345,25821956,509
36435481076,-14956188065020411048,1605430321695848935041882626245378,3566985662310084273,198341,25821959,2
38651636292,-15859122410172843681,1605078144676810599682313488479717,3568120625956501594,198336,25821960,5
10028927884,-4113824738215963690,1604986799453629641929626157376307,3568120625956501594,198335,25821960,261
24674745,-10120900654540991,1604986574724578719290403640832679,3568120625956501594,198335,25821960,378
19166531478,-7860727357004125944,1604812031582738021099648766079562,3568120625956501594,198333,25821962,2
39604189598,-16237364591889609261,1604451832079666656028450196821980,3585694536141338446,198329,25821963,2
-21129729619,8670762168288169177,1604643923059048685045895191901876,3568120625956501594,198331,25821963,155
892312,-365845150670890,1604643914935657664699206907297595,3568120625956501594,198331,25821963,176
12983409636,-5322770591887740177,1604525725732520178085781647453214,3568120625956501594,198330,25821964,10
2249834186,-922278288804068408,1604505325854753521351296146727583,3585694536141338446,198329,25821964,217
3110168288,-1274917906139040402,1604477155746552216391975402724066,3585694536141338446,198329,25821965,261
-2692035351,1104618905928130005,1604501550788252069989209841382850,3585694536141338446,198329,25821966,147
16112827390,-6604442556962648410,1604355621500928490010315529827151,3585694536141338446,198327,25821967,8
175055,-71746093340934,1604355619915653702745198421665726,3585694536141338446,198327,25821967,289
13320000,-5459201229717453,1604355499291189497387900427907044,3585694536141338446,198327,25821968,558
26741295755,-10958263621490274401,1604113369605482393393068199297897,3585694536141338446,198324,25821969,5
89781022252,-36767006747060519141,1603300846417140414687833679280539,3584553276657627346,198314,25821970,8
42543996718,-17409556847911111317,1602916040824287477444955748289539,3566967995286553078,198309,25821972,5
31894162252,-13046014651644134713,1602626267613440123108384909881249,3566967995286553078,198306,25821974,18
4709737542,-1926075278151525797,1602583486347851605578056260367204,3566967995286553078,198305,25821975,319
3988000001,-1630836003288779448,1602547262826902324734706532056708,3566967995286553078,198305,25821976,221
-12403193,5077071584616166,1602547375540537436541587136525015,3566967995286553078,198305,25821977,1683
24591820081,-10054848465505937119,1602324040997212662868365629521251,3566967995286553078,198302,25821978,45
41834,-17102234557109,1602324040617344208585009126456830,3566967995286553078,198302,25821978,799
41751204863,-17064383258227898088,1601945006802010119092228906697476,3566841095649486686,198297,25821978,810
-4655849909,1904424123820920064,1601987287514248778403722876412383,3566841095649486686,198298,25821979,51
112227,-45860172397384,1601987286495583496100039736531138,3566841095649486686,198298,25821981,2522
30497854,-12462666291937608,1601987009669640354699124085298508,3566841095649486686,198298,25821983,1113
-4843475670,1981276377070185837,1602030996602654040449084472485084,3566841095649486686,198298,25821984,3
58895722,-24068502184787968,1602030461983042054600559525995681,3566841095649486686,198298,25821984,31
44324515351,-18109235084630675400,1601628212098110502666305502928874,3566841095649486686,198293,25821986,10
-24213283,9900000000000000,1601628431891089349686884721521052,3566841095649486686,198293,25821988,5
1500000000,-612681460941606540,1601614822754866217899627483447909,3566841095649486686,198293,25821988,367
-7113359394,2908482490272373540,1601679394879155244721343853515790,3566841095649486686,198294,25821989,315
-5992558721,2450395918421023741,1601733796881000127310833799267744,3566841095649486686,198295,25821991,167
2175263,-888619836216293,1601733777142605590190695355693345,3566841095649486686,198295,25821991,543
-613437845,250848078165089124,1601739346298801343241055589861394,3566841095649486686,198295,25821991,900
1509315340,-616571706230690996,1601725650750826827331289726367439,3566841095649486686,198295,25821992,114
-13093790,5354262988807185,1601725769622484588976006795489903,3566841095649486686,198295,25821993,108
13559938,-5539334799228929,1601725646580469000021026397295507,3566841095649486686,198295,25821993,172
469163,-191656368928913,1601725642323317773711977438212025,3566841095649486686,198295,25821996,107
-4417813196,1806560514383243039,1601765750335128248333595645194695,3566841095649486686,198295,25821998,401
39791355909,-16252212213564149472,1601404749416964803519345201095409,3566841095649486686,198291,25821999,5
31900281203,-13023924484091059824,1601115269020467815520395967169715,3563502620454525891,198287,25822000,5
-2335433244,954281363819370543,1601136475166231190222714831233353,3563502620454525891,198287,25822001,341
-1153178225,471209470000000000,1601146946435067363322813944989987,3563502620454525891,198287,25822001,1052
73819681,-30134084053534054,1601146276457137528834509030887304,3563502620454525891,198287,25822003,258
76677,-31300192918312,1601146275761233235955509880528893,3563502620454525891,198287,25822003,547
3987358370,-1627650307303760435,1601110087842548050233353413721180,3563502620454525891,198287,25822005,315
21704612,-8859678814459941,1601109890863298222521744237504907,3563502620454525891,198287,25822012,161
7581423056,-3094553395851948556,1601041088955324781909544094720805,3563502620454525891,198286,25822012,562
-69585211882,28441421649905029120,1601672782785446344881930018873064,3566841095649486686,198294,25822019,2
31249,-12764450544036,1601672782501917044027539981155503,3566841095649486686,198294,25822024,366
73984,-30221010591911,1601672781830635348456158479827340,3566841095649486686,198294,25822024,538
44744114,-18277088527018565,1601672375852319725582690778017852,3566841095649486686,198294,25822024,1254
-40452939,16540765116951804,1601672743078990176463873824586179,3566841095649486686,198294,25822024,1274
-41304678,16889039706916808,1601673118037813110691802361005828,3566841095649486686,198294,25822024,1472
24537884009,-10021855773038154199,1601450508396231585979863136796920,3566841095649486686,198291,25822027,452
-6727149197,2750000000000000000,1601511562001466869474090523513051,3566841095649486686,198292,25822030,178
102685122,-41936391371461747,1601510630492845727785246595634187,3566841095649486686,198292,25822031,103
33154503,-13540219762897862,1601510329731835330604852201139811,3566841095649486686,198292,25822031,116
-5448238,2227273995603064,1601510379180237977281937999547488,3566841095649486686,198292,25822031,405
-15898519204,6500000000000000000,1601654687701703192813748186331072,3566841095649486686,198294,25822033,67
24347077114,-9943707612331136837,1601433813919670959013101364696319,3566841095649486686,198291,25822033,77
9422370293,-3847499836401706850,1601348351648115367531200956510330,3566841095649486686,198290,25822034,28
6909365751,-2821086803479302113,1601285660420980834395955686196400,3563502620454525891,198289,25822034,338
33458855311,-13658090079131823162,1600981997004483642465374250247338,3563502620454525891,198285,25822037,134
-3059648575,1250000000000000000,1601009774642410181537528067945003,3563502620454525891,198286,25822037,308
-2613881213,1067918931922573263,1601033506054750854792339520256353,3563502620454525891,198286,25822037,1036
-24737533432,10108255193395103744,1601258132817015804694225059540562,3563502620454525891,198289,25822038,2
-24047151026,9828869469725403136,1601476400440085666270248281457935,3566841095649486686,198292,25822039,7
-210243000,85945112302969225,1601478308534252374484685024650882,3566841095649486686,198292,25822039,477
-718970,293907842626369,1601478315059391792398906802864643,3566841095649486686,198292,25822041,307
-600211,245360526971662,1601478320506717157507623075466353,3566841095649486686,198292,25822041,324
-505452,206623967451938,1601478325094040117856236274047890,3566841095649486686,198292,25822041,332
-754134,308282381338608,1601478331938313140125493531270027,3566841095649486686,198292,25822041,370
108210,-44190566389222,1601478330956733843040166312976306,3566841095649486686,198292,25822041,415
-20790626947,8500000000000000000,1601667042100188355658687326462531,3566841095649486686,198294,25822042,2604
116884,-47744252700396,1601667041039673095620067240661614,3566841095649486686,198294,25822043,292
99118,-40487289713120,1601667040140352525083380658077540,3566841095649486686,198294,25822053,42
-1032774951,422289953466034991,1601676415530939340187764107114436,3566841095649486686,198294,25822053,730
-3668382676,1500000000000000000,1601709717497431313002797227141416,3566841095649486686,198294,25822054,470
9475530553,-3870539252037974692,1601623743464763489654154634839497,3566841095649486686,198293,25822054,573
-623,254947477973,1601623743470423657899934217199845,3566841095649486686,198293,25822054,674
527298,-215377564384494,1601623738686367341571657365023061,3566841095649486686,198293,25822055,436
595458,-243217914600974,1601623733283909551150336406004549,3566841095649486686,198293,25822055,440
-552679,225970687058000,1601623738300755050199397109266204,3566841095649486686,198293,25822055,464
-3668623983,1500000000000000000,1601657040267247023014430229293184,3566841095649486686,198294,25822056,52
712546,-291055055004904,1601657033802210712130569783444472,3566841095649486686,198294,25822056,175
9650452962,-3941727871917038039,1601569478498218011438316497156107,3566841095649486686,198293,25822057,5
24637688483,-10061310496049840552,1601345992471868312474137905587882,3566841095649486686,198290,25822058,2
17907083460,-7310966121332714512,1601183474528661284359228139490082,3563502620454525891,198288,25822063,96
-4894154877,2000000000000000000,1601227918749343746874674247806347,3563502620454525891,198288,25822065,3
-4852286334,1983000000000000000,1601271985194150408458739064201923,3563502620454525891,198289,25822069,68
858522,-350513617177310,1601271977401101607039753021737485,3563502620454525891,198289,25822069,302
243762,-99522122517693,1601271975188403670089555267614192,3563502620454525891,198289,25822069,306
50054,-20435448764662,1601271974734057699783488059370237,3563502620454525891,198289,25822069,310
-510255,208533463482274,1601271979368111335125680771636317,3563502620454525891,198289,25822069,403
26545673199,-10836330291319545615,1601031052777388243977869407354842,3563502620454525891,198286,25822070,7
5304447184,-2164961682254015877,1600982918692958442690693335505212,3563502620454525891,198285,25822071,235
10158051103,-4145552483885403070,1600890749683731562508135290772947,3563502620454525891,198284,25822071,294
1494108965,-609713225132056280,1600877193791219914154112534091535,3563502620454525891,198284,25822077,346
156993,-64064665205693,1600877192366855672858497028751654,3563502620454525891,198284,25822078,1357
-4026569861,1644823199771197440,1600913743809492805472024185916940,3563502620454525891,198284,25822082,42
97762,-39895971561068,1600913742922720518874736122690078,3564482749718867709,198284,25822086,568
134943,-55069122401362,1600913741698692886961761481194808,3564482749718867709,198284,25822086,609
-27737794971,11332719163296143360,1601165509386560397491390274185604,3564482749718867709,198288,25822092,2
-31409620725,12837205998077333504,1601450574384945541596553015973125,3567821224913828504,198291,25822093,2
-2943163344,1203113834252249785,1601477277751546093829767426778058,3567821224913828504,198292,25822093,339
-27522315011,11252584462753378304,1601727031249143712918561111163589,3567821224913828504,198295,25822094,2
-343486541,140457719975044355,1601730148738014333727800047110571,3567821224913828504,198295,25822094,80
-4444739261,1817581785974575934,1601770490351065048100421112098284,3567821224913828504,198295,25822094,131
-2955203323,1208518352307651840,1601797313672089549253398701654357,3567821224913828504,198296,25822095,344
-133383861,54547741015447597,1601798524370765018126807838592674,3567821224913828504,198296,25822097,166
-803147,328449694195660,1601798531660775609183708442589481,3567821224913828504,198296,25822099,27
49019691,-20026721610174424,1601798086941084140575716465049883,3567821224913828504,198296,25822099,48
-4800994995,1963435522433803613,1601841665808735249220891228566964,3567821224913828504,198296,25822100,328
-53828784,22014656208521363,1601842154428696706679235153689346,3567821224913828504,198296,25822101,111
757322587,-309415534720863710,1601835283449820825735287123684793,3567821224913828504,198296,25822103,154
-6421430190,2626281742477954035,1601893574329843257641817310494720,3567821224913828504,198297,25822104,116
152466,-62296230686022,1601893572946473526458742727459245,3567821224913828504,198297,25822105,576
14778954966,-6038072471365068915,1601759489606284368986874252125396,3567821224913828504,198295,25822106,12
2716472048,-1109728656316216266,1601734846622012789936345430622208,3567821224913828504,198295,25822107,18
5909231372,-2413911475357524871,1601681242543050203261886292051686,3567821224913828504,198294,25822108,16
286351844,-116970161541480448,1601678645066780031682952052981600,3567821224913828504,198294,25822108,62
485644,-198377434050980,1601678640661548212778284424035987,3567821224913828504,198294,25822113,125
242533,-99070401518366,1601678638461559654764097554142022,3567821224913828504,198294,25822118,33
12522451,-5115212511262786,1601678524871538577652955975547308,3567821224913828504,198294,25822120,46
-4599576767,1880779705313379840,1601720269175806407879752526517680,3567821224913828504,198295,25822121,27
58312,-23820376514382,1601720268646843620043306411947895,3567821224913828504,198295,25822123,822
-3029633352,1238879040000000000,1601747765829767645880491693712483,3567821224913828504,198295,25822126,11
-2702143461,1104997614335693816,1601772291486067393051633255757816,3567821224913828504,198295,25822126,78
-30614329,12519426089342922,1601772569357383451868598228996724,3567821224913828504,198295,25822126,548
139423,-56958541343058,1601772568092544132400660515715739,3567821224913828504,198295,25822127,171
1291022,-527422690208591,1601772556380429657111601888656003,3567821224913828504,198295,25822127,196
103867,-42432892545608,1601772555438151472577573005147991,3567821224913828504,198295,25822127,210
-587960,240440813366122,1601772560774786296530835867334936,3567821224913828504,198295,25822127,219
109058,-44553413392972,1601772559785419157781082181534953,3567821224913828504,198295,25822127,222
-21064606518,8615191310878756864,1601963775782907266968040126517309,3567821224913828504,198298,25822130,2
2147091,-877363106255262,1601963756299905629717951078685609,3567821224913828504,198298,25822130,1746
-33759184179,13811423620803856384,1602270298303679150570375730416430,3567948124550894896,198301,25822131,2
-17624817068,7212695606160867164,1602430379917929890710585744543518,3567948124550894896,198303,25822131,176
-7903932270,3235035442406587487,1602502179661611913715455007387478,3567948124550894896,198304,25822131,361
-164433621,67304843414584810,1602503673453748586858624937769979,3567948124550894896,198304,25822132,96
-5871589743,2403401128262367232,1602557015554027386410866548965772,3567948124550894896,198305,25822133,24
-20625934198,8444023374319353856,1602744425777103681829743959580360,3567948124550894896,198307,25822134,2
-3314877050,1357257254973256365,1602774549318175352751914559612785,3567948124550894896,198308,25822134,92
-9025538094,3695713002448814026,1602856573534299781377209698631401,3567948124550894896,198309,25822135,116
471858559,-193029475807957216,1602852287213382130395570382953193,3567948124550894896,198309,25822135,364
-47865583958,19605858626600931328,1603285614527397075412671801505049,3585533405921969164,198314,25822136,2
-4462010277,1828190000000000000,1603325991145314127965196921872965,3585533405921969164,198315,25822137,190
-19853347233,8135497291507744768,1603505668238889972992379428075988,3585533405921969164,198317,25822139,5
-11877565709,4868056305790798809,1603613182036393303295396320627160,3585533405921969164,198318,25822139,216
-6597985017,2704486203082101248,1603672912155299864537628222572828,3585533405921969164,198319,25822140,82
-27979888026,11471076665943117824,1603926191569392359319757504994692,3586674665405680264,198322,25822141,2
-35252889284,14457990461582186496,1604245402923841051540496371005270,3586674665405680264,198326,25822143,2
-41782754450,17143488458285703168,1604624411253136752142235730647784,3569100755220843412,198331,25822144,2
-13496966845,5539547219373080431,1604747318599654380023707599293730,3569100755220843412,198332,25822144,163
-730883406,300000000000000000,1604753974776142295447911127763314,3569100755220843412,198332,25822145,287
11312119146,-4638276732124612601,1604651012666658176606048777113386,3569100755220843412,198331,25822146,60
55874707712,-22901442939838482402,1604144493812858491139933159140715,3586674665405680264,198325,25822147,2
3691843425,-1512672209453331233,1604111079508294621724602368542645,3586674665405680264,198324,25822147,572
82797649,-33924254255241883,1604110330135524564387477910866509,3586674665405680264,198324,25822147,645
-1219103309,500000000000000000,1604121369406690806388485070780279,3586674665405680264,198325,25822148,467
-491719475,201674550612120190,1604125822086793880771480999899190,3586674665405680264,198325,25822148,656
32310929397,-13236427158855875438,1603833434875830758818548592825419,3586674665405680264,198321,25822152,5
408741,-167413196899727,1603833431177742359851956031282986,3586674665405680264,198321,25822152,179
15567569090,-6375655143860783745,1603692587086083215159843296153846,3585533405921969164,198319,25822154,5
149210,-61103016973673,1603692585735913181628311028655216,3585533405921969164,198319,25822157,280
-555297,227628100670642,1603692590763209495448460189920196,3585533405921969164,198319,25822157,309
173081,-70878434742979,1603692589197035788267645050496834,3585533405921969164,198319,25822158,496
-9859794532,4041962815867856896,1603781838345373761907240771969552,3586674665405680264,198320,25822159,5
99400000,-40709929853310845,1603780939079831371934518110816445,3586674665405680264,198320,25822160,72
-16297839103,6682178988326848248,1603928471851498381375484764194374,3586674665405680264,198322,25822160,137
-4709698032,1931223935342006235,1603971110460908336207297333769153,3586674665405680264,198323,25822161,16
-5469431428,2242883455387050000,1604020630058224927184277226316402,3586674665405680264,198323,25822161,355
-33667017661,13809091934533556224,1604325514679074689706335938762679,3586674665405680264,198327,25822163,2
153375,-62858252312410,1604325513290561848660307795730830,3586674665405680264,198327,25822163,216
384172,-157446599378033,1604325509812631473999417662835868,3586674665405680264,198327,25822163,220
475789,-194994745591513,1604325505505278052134298890967740,3586674665405680264,198327,25822163,224
2404263,-985349764222483,1604325483739308585711864612054735,3586674665405680264,198327,25822166,274
-182898,75033037241874,1604325485395928674791426993586515,3586674665405680264,198327,25822169,343
127113,-52095120664908,1604325484245168968021994959583319,3586674665405680264,198327,25822169,767
23856108541,-9775742141155077097,1604109542137420153446750809671565,3586674665405680264,198324,25822175,2
165848,-67951917219868,1604109540636390357636519815701303,3586674665405680264,198324,25822175,114
-184451394,75649920000000000,1604111210876351526664673478835110,3586674665405680264,198324,25822176,68
11961887592,-4900754936564319687,1604002955223196884061242271974149,3586674665405680264,198323,25822177,8
66075549724,-27059069746875459138,1603405131575891501625000558928975,3585533405921969164,198316,25822178,2
70924031809,-29022164705129825941,1602763081620899870323395744610600,3567948124550894896,198308,25822179,2
3274863654,-1339514610095920702,1602733336995273546370667244449294,3567948124550894896,198307,25822179,1342
-697934137,285756905890458099,1602739679204799090170931535780518,3567948124550894896,198307,25822183,229
76282976,-31201612997105307,1602738986356590835180299188282322,3567948124550894896,198307,25822183,238
-39531826303,16189287895307472896,1603097412444210843976922560698815,3585533405921969164,198312,25822187,2
-37538460973,15379645782864334848,1603437080685189255319946054998568,3585533405921969164,198316,25822188,2
1493719,-611499825149209,1603437067173111123695869057940086,3585533405921969164,198316,25822188,103
405889,-166163139969731,1603437063501467670127980807445326,3585533405921969164,198316,25822188,208
-4692278323,1922901938497749994,1603479531886516643887723631090143,3585533405921969164,198317,25822189,44
96491115,-39503680279004350,1603478658988778224487608309617489,3585533405921969164,198316,25822189,152
386895,-158395374513479,1603478655488776118040967233062610,3585533405921969164,198316,25822189,416
1870966,-765977068650075,1603478638540168100604909801160766,3580645420247823951,198316,25822192,633
72449535,-29660974244895906,1603477983133389401803294489121384,3585535829323455092,198316,25822195,142
5748942,-2353626289218537,1603477931126243185323739023829551,3585535829323455092,198316,25822198,420
9920000,-4061264294295021,1603477841386097545083894141656610,3585535829323455092,198316,25822198,434
4339655528,-1776618504597372898,1603438584151946673629611304953101,3585535829323455092,198316,25822198,645
34512461396,-14126015344029467895,1603126447195957327678186011283266,3585535829323455092,198312,25822200,2
-746518,305797800260007,1603126453949671436056162994071802,3585535829323455092,198312,25822200,501
-747182,306069699742726,1603126460709390595389186298723737,3585535829323455092,198312,25822200,514
599080,-245156652139771,1603126455292261328869572026680803,3585535829323455092,198312,25822200,534
667548,-273175372143628,1603126449256013523984625096465295,3585535829323455092,198312,25822200,611
37283964407,-15254215825975603573,1602788750531687218660050179142629,3567950547952380824,198308,25822203,3
5467799992,-2236533280862173017,1602739087168963091022242061461501,3567950547952380824,198307,25822205,43
-23471184315,9611175011859431424,1602952231246616057080786178987212,3585535829323455092,198310,25822209,44
-62042292178,25417866622546493440,1603513598935551696785029739830671,3585535829323455092,198317,25822210,2
-5052198720,2070599661920758764,1603559329278077466212655041480606,3585535829323455092,198318,25822210,157
407692068,-166926373565276831,1603555640772235581489061852575248,3585535829323455092,198317,25822211,206
45197,-18505356139679,1603555640363330069618745004072114,3585535829323455092,198317,25822211,248
-18145711234,7437801499267384320,1603719908145143430580407178373060,3586677088807166192,198320,25822212,5
-12275829072,5032641524161897472,1603831021459003139466908665360529,3586677088807166192,198321,25822214,5
-14023129778,5749824384736533504,1603957969114311418778535055053266,3586677088807166192,198322,25822215,193
-4096490623,1679832612912228112,1603995057344707756218533978819203,3586677088807166192,198323,25822215,1098
88678,-36328070606585,1603995056542236217637553989436865,3586677088807166192,198323,25822224,263
-10615523678,4353429663196913664,1604091173858403202446284710135751,3586677088807166192,198324,25822230,5
-6469074460,2653225374291905536,1604149753167566959257365409064351,3586677088807166192,198325,25822232,36
-9811668584,4024526369851334348,1604238608783355019241858016266238,3586677088807166192,198326,25822232,114
-1679560352,688962675279366532,1604253820064668899344526972439080,3586677088807166192,198326,25822232,252
-19459391766,7983276533408589824,1604430079054471118663564526136226,3586677088807166192,198328,25822233,2
-677994,278180026425475,1604430085196276458328274504723002,3586677088807166192,198328,25822233,507
2000000,-819776030326198,1604430067087774647928903101856087,3586677088807166192,198328,25822239,96
-12701483762,5211769838791968405,1604545252524393349507154011333901,3569103178622329340,198330,25822240,15
7378901,-3024956975742976,1604545185375372747269674342566898,3569103178622329340,198330,25822240,32
-6720479425,2757901525567010816,1604606375598126444087753298438780,3569103178622329340,198331,25822242,71
-3757687078,1542144015779356516,1604640591517356706875919924285607,3569103178622329340,198331,25822242,127
142827,-58558198655020,1604640590217461958141492362203599,3569103178622329340,198331,25822243,405
50000000,-20499773356460522,1604640135156542251649710244456950,3569103178622329340,198331,25822243,565
-13305726082,5461157560129652736,1604761303169431568030202802749209,3569103178622329340,198332,25822245,12
-8976621065,3684800147659328000,1604843058714271688066430209640760,3569103178622329340,198334,25822246,12
22339977128,-9160442633264019820,1604639712102720104406550959885880,3569103178622329340,198331,25822252,8
248974,-102077918083139,1604639709836759867826752381730918,3569103178622329340,198331,25822254,939
-177273434,72754054617917869,1604641324048422987213719756596680,3569103178622329340,198331,25822255,373
167733,-68769797262514,1604641322521847710202348546815651,3569103178622329340,198331,25822255,377
165653111,-67917041882587652,1604639814876323761300687072969688,3569103178622329340,198331,25822256,406
634843,-260282336384008,1604639809098488205819607835980164,3569103178622329340,198331,25822257,265
208151,-85340528263562,1604639807204070223504905684391784,3569103178622329340,198331,25822257,354
-12057864748,4948952472038734847,1604749610799794784004760685050109,3569103178622329340,198332,25822258,196
-2398736829,984602892898094239,1604771456420380523364730997015807,3569103178622329340,198333,25822258,257
-6530512833,2680697438420040616,1604830933697531839521551892399757,3569103178622329340,198333,25822258,352
294234,-120662899203503,1604830931019015890529688161212541,3569103178622329340,198333,25822259,85
-15988616394,6563974712465850368,1604976567500624073021241488729868,3569103178622329340,198335,25822260,5
5317168710,-2180862895343758865,1604928155966620643191756625327450,3569103178622329340,198335,25822268,97
175806,-72105480604777,1604928154365998736337954823362430,3569103178622329340,198335,25822268,341
-39351234,16155770701175125,1604928512817958966973225848018281,3569103178622329340,198335,25822269,621
-199394495,81862136659650137,1604930329112823326825000394122535,3569103178622329340,198335,25822272,441
-13285058913,5454646806675039232,1605051352670063850490363066954987,3569103178622329340,198336,25822273,50
5598507382,-2296465663567313956,1605000374946614631083027149814704,3569103178622329340,198335,25822278,308
-19637500615,8063859117792431104,1605179289723338104323872725638567,3569103178622329340,198338,25822281,31
-2458415,1009625734978562,1605179312124146490149589718313110,3569103178622329340,198338,25822281,400
-50523861031,20755168640101613568,1605639912569359818137051134721654,3567968214975912019,198343,25822286,9
19881768486,-8160672265481426976,1605458701574889236165127479975601,3567968214975912019,198341,25822290,5
1527234223,-626792497948170953,1605444783396559697810335925926121,3567968214975912019,198341,25822292,186
100000000,-41040640606276165,1605443872072705971855523894438561,3567968214975912019,198341,25822292,261
3372468,-1384081344748400,1605443841338625647255959489883785,3567968214975912019,198341,25822292,427
3400000000,-1395354005152942261,1605412857307403757417778380944877,3568010020822719332,198341,25822295,10
-139846291,57449043907547398,1605414132333642291856055107420515,3568010020822719332,198341,25822299,318
-62864836,25824988858336515,1605414705494415119142584680498021,3568010020822719332,198341,25822302,47
108218,-44411355645438,1605414704508254743465084384162751,3568010020822719332,198341,25822302,263
-77653987,31900424513972055,1605415412507474733234534725668818,3568010020822719332,198341,25822307,89
146000000,-59917127266832948,1605414082039267306536239908066486,3568010020822719332,198341,25822311,138
127714,-52412610082656,1605414080875437954827192257329705,3568010020822719332,198341,25822311,177
-1465235,601921020714758,1605414094234495699492646698223682,3568010020822719332,198341,25822311,242
157427,-64606498199677,1605414092799899353358704493894177,3568010020822719332,198341,25822311,250
993029,-407529911103873,1605414083750640568228833559889006,3568010020822719332,198341,25822313,150
64940446921,-26641153043668105626,1604822672602987412997823530262500,3569144984469136653,198333,25822318,2
22990932000,-9427090501739918645,1604613409302796872202366854446464,3569144984469136653,198331,25822319,474
5925407399,-2429226922749229894,1604559485131529778492017802225254,3569144984469136653,198330,25822319,662
7012238620,-2874582013127490027,1604495800616977969125889262391626,3586718894653973505,198329,25822319,710
949519139,-389226316411485167,1604487202874373316896514408335823,3586718894653973505,198329,25822319,790
133543,-54741479462176,1604487201665171548236852131154969,3586718894653973505,198329,25822320,35
42594184551,-17455893034130276553,1604101612950036649922006161213255,3586718894653973505,198324,25822323,2
7378251134,-3022892732897600441,1604034839321062778193226200388935,3586718894653973505,198323,25822323,194
31845335600,-13044247600419838311,1603746700830393001541712672644792,3586718894653973505,198320,25822327,25
101458058,-41550999534937435,1603745782997286902564970023167136,3586718894653973505,198320,25822327,278
76037499,-31140266277743745,1603745095130144298246898109507655,3586718894653973505,198320,25822327,328
24541111062,-10049128582208300922,1603523054320658353535219227238525,3585577635170262405,198317,25822328,25
22179318398,-9079624800128435105,1603322427793379447927097677316096,3585577635170262405,198315,25822329,25
122297,-50058536025046,1603322426687268736917424702144576,3585577635170262405,198315,25822330,25
78012174,-31932105115975714,1603321721104439143280311238002500,3585577635170262405,198315,25822330,108
1723080510,-705287735809030250,1603306136822898592572699536670394,3585577635170262405,198314,25822330,153
11630764,-4760633328205957,1603306031630299414612258667686644,3585577635170262405,198314,25822330,238
-13761108,5638250275190848,1603306156152733572746206422178699,3585577635170262405,198314,25822330,312
-624665,255940130180851,1603306161805247465061923215694267,3585577635170262405,198314,25822330,559
-4747737532,1945312138258717952,1603349124602361883795311631392428,3585577635170262405,198315,25822331,17
-2213384041,906935562745447305,1603369154543990152054285479930785,3585577635170262405,198315,25822331,94
-13003288924,5328563801544676129,1603486837460276233977035898386706,3585577635170262405,198317,25822332,114
-18789780990,7701168293012398080,1603656920052375231448543913446573,3585577635170262405,198319,25822335,87
-17040661206,6985687862782954496,1603811171806332919582439064978165,3586718894653973505,198321,25822336,2
-991162178,406360656932006015,1603820143546663808614457818230004,3586718894653973505,198321,25822336,64
-1951263148,800000000000000000,1603837806162722410412820130768460,3586718894653973505,198321,25822336,99
-19372345012,7943439811040024576,1604013183572181175878837133611535,3586718894653973505,198323,25822337,2
-7605221947,3118921453808631296,1604082043962375623376592876206549,3586718894653973505,198324,25822338,28
-3001508566,1231000230476906496,1604109222317924328281072666882481,3586718894653973505,198324,25822339,467
-18603823127,7630864078356476928,1604277698595938561682488556779498,3586718894653973505,198326,25822340,78
-2407873393,987771925203375927,1604299506891273978135101458682795,3586718894653973505,198327,25822340,210
-67690375,27768730493260702,1604300119976805399699977697586603,3586718894653973505,198327,25822341,696
-18831099468,7725936187941956608,1604470695282531495155589366744889,3586718894653973505,198329,25822343,2
-5465091501,2242500000000000000,1604520205803170763321623724079249,3586718894653973505,198329,25822344,146
454915,-186484933467010,1604520201683846375450544389214171,3586718894653973505,198329,25822344,423
-2864742193,1175549751972443290,1604546278045506191355814511008526,3569144984469136653,198330,25822346,106
-23798105588,9767053476831139840,1604762979465780059265837551377286,3569144984469136653,198333,25822349,2
-136177922,55896790074010076,1604764219646744207952517833900045,3569144984469136653,198333,25822349,193
-81917138053,33640095235375837184,1605510651201492102730618205186858,3568010020822719332,198342,25822351,2
-3931894405,1615459075644621568,1605546504760901032795601171676839,3568010020822719332,198342,25822352,68
-9258290177,3804148297529631812,1605630934171117713029453047441051,3568010020822719332,198343,25822353,372
-226603119436,93234050250829283328,1607698657070297477518291061801595,3575048542049748357,198369,25822354,8
4295399924,-1767770779951209565,1607659480754509149602676197854459,3575048542049748357,198369,25822355,253
-19977146873,8230545359378053799,1607840155946690194522731070881792,3629784744746392893,198371,25822355,277
3120012039,-1284275124912295815,1607812123772480181508953366277856,3629784744746392893,198370,25822355,320
448062,-184429930071106,1607812119746884863958259539293661,3629784744746392893,198370,25822355,438
18701670756,-7697134119079421273,1607642745254918117851125618541254,3575048542049748357,198368,25822356,2
2665724,-1097028408129313,1607642720943207667004754317169583,3575048542049748357,198368,25822356,60
357895,-147284917007736,1607642717679164339106767923982037,3575048542049748357,198368,25822356,474
75952959,-31256994328175678,1607642024979695447341262482258545,3575048542049748357,198368,25822356,590
125000000,-51441312032230729,1607640884967026612411651579621413,3575048542049748357,198368,25822356,611
-662900854,273077760000000000,1607646933732845981865561461222938,3575048542049748357,198368,25822357,114
260930035,-107381239031267328,1607644554011799711964178871943696,3575048542049748357,198368,25822357,244
97295708,-40040283206737782,1607643666662151809911703292878130,3575048542049748357,198368,25822357,557
252639,-103968658774572,1607643664358058397781675310105280,3575048542049748357,198368,25822357,588
17056667944,-7018679174787574719,1607488120440890569119572760211216,3575048542049748357,198366,25822358,49
-9908150,4080808457001083,1607488210832194167413150243608000,3575048542049748357,198366,25822358,1033
24804255821,-10204326002376770905,1607262068448571788634698486766125,3575048542049748357,198364,25822359,18
159722120,-65699443636150188,1607260612455419170562128716972700,3575048542049748357,198364,25822359,437
-314779975,129610000000000000,1607263483361266092973244363132876,3575048542049748357,198364,25822360,1254
23031090580,-9472302617766122802,1607053563657419391267022252851842,3575048542049748357,198361,25822363,5
228432,-93937670388932,1607053561575626954535924491310992,3575048542049748357,198361,25822363,485
304968,-125411646583434,1607053558796326422018690950880561,3575048542049748357,198361,25822363,499
60697505450,-24952009982253381516,1606499740279031876551326210972098,3568011786591981330,198354,25822364,2
186021,-76444212884209,1606499738581578257024439068276634,3568011786591981330,198354,25822366,227
17483367027,-7184009493141510251,1606340216722999901032331902018401,3568011786591981330,198352,25822367,2
199273,-81874066641274,1606340214904975677588133258181048,3568011786591981330,198352,25822372,93
12468047714,-5122316368385597516,1606226473208491102839073193849910,3568011786591981330,198351,25822372,210
423279,-173885569224578,1606226469347339581652775725323556,3568011786591981330,198351,25822375,115
3199851145,-1314495402255237480,1606197280807171219059560606013507,3568011786591981330,198350,25822375,168
132255,-54328865560519,1606197279600791742954792309444001,3568011786591981330,198350,25822375,400
3155178,-1296119912988672,1606197250820281686869699194029723,3568011786591981330,198350,25822377,951
260510,-107014972215920,1606197248444000408303391843479054,3568011786591981330,198350,25822378,466
274625,-112813316701276,1606197245938966141609136033791901,3568011786591981330,198350,25822379,146
9923022382,-4076062948705896846,1606106736424969252094635236002039,3568010020822719332,198349,25822380,48
68380,-28086420100248,1606106735801306357887486436303686,3568010020822719332,198349,25822381,315
-19146052274,7872874461552837632,1606281466596190704629486881456745,3568011786591981330,198351,25822382,11
886829,-364339724236837,1606281458505980075081658481595439,3568011786591981330,198351,25822383,245
-15075502063,6200265906365278618,1606419067372315324430676255571968,3568011786591981330,198353,25822385,20
-12298677804,5058998056999717888,1606531346909665693518558558704242,3568011786591981330,198355,25822386,10
-935172926,384707520000000000,1606539885118590490951350997798323,3568011786591981330,198355,25822387,97
38933895764,-15996997663662088174,1606184669719527163429660682434690,3568011786591981330,198350,25822390,2
42046554522,-17267970887951301202,1605801232034871870635054194352350,3568010020822719332,198345,25822391,2
807749,-331652720475876,1605801224670476736424703291010138,3568010020822719332,198345,25822392,222
-1063282348,437011465202364397,1605810923719351598407567428912784,3568010020822719332,198346,25822392,245
68099152411,-27950286902434650198,1605190326122420953768884047351666,3569144984469136653,198338,25822393,2
8815902436,-3616777159416424290,1605110040617121777912805605648075,3569144984469136653,198337,25822394,11
-10359675070,4254409894397102971,1605204433124414792679785375247743,3569144984469136653,198338,25822397,124
16594442800,-6807789494306876582,1605053313275048945010424248532992,3569144984469136653,198336,25822397,234
3190079981,-1308567915854610827,1605024265581007538159698758674190,3569144984469136653,198336,25822398,48
4427047,-1815937390544518,1605024225270685788876809400759109,3569144984469136653,198336,25822400,124
71263,-29231336245817,1605024224621806276088631899007862,3569144984469136653,198336,25822400,127
101107523,-41473437674151815,1605023303991158215810325266713232,3569144984469136653,198336,25822400,561
-14985244,6152967214785456,1605023440506918829332928622013358,3569144984469136653,198336,25822405,83
-5863542116,2407660766494091776,1605076859228222505002916975991454,3569144984469136653,198336,25822405,795
-54793959,22500000000000000,1605077358435272791774287127558516,3569144984469136653,198336,25822406,16
-5396295964,2215945294752461795,1605126523569236801845452707204290,3569144984469136653,198337,25822406,400
-47876,19660494405579,1605126524005443798262701145528716,3569144984469136653,198337,25822406,603
159510,-65437910117510,1605126522552847896458762524176987,3569144984469136653,198337,25822407,285
73522,-30161856731027,1605126521883312616380128560751016,3569144984469136653,198337,25822407,322
-1522348876,625164803678649344,1605140392402316506471424574754654,3569144984469136653,198337,25822409,27
-521821345,214292616711724719,1605145146908320368417396661544809,3569144984469136653,198337,25822410,684
-54789297,22500000000000000,1605145646115370655188766813111871,3569144984469136653,198337,25822412,71
-4383033354,1800000000000000000,1605185582679393596898378938476904,3569144984469136653,198338,25822412,249
-11230511139,4612493264253491254,1605287919975256511868784658081016,3569144984469136653,198339,25822412,350
-1962396291,806037898087779278,1605305803521990900736636654865172,3569144984469136653,198339,25822412,896
20443580369,-8387755561741363532,1605119611460960235754954598468252,3569144984469136653,198337,25822415,8
7106435262,-2915229348875310788,1605054898969418399546580599690466,3569144984469136653,198336,25822416,25
-3150320749,1293601041592926791,1605083600069872688436670655372062,3569144984469136653,198337,25822416,309
9721000,-3987767618954309,1605083511549091840800294834577931,3569144984469136653,198337,25822417,271
491327294,-201552680099338228,1605079037466765798495492314208035,3569144984469136653,198336,25822418,551
10996274,-4510887211597892,1605078937333734879564778892998502,3569144984469136653,198336,25822418,663
5181701,-2125635264319641,1605078890148715245901277783648606,3569144984469136653,198336,25822418,746
3804635,-1560735498542585,1605078855503385269566540692373641,3569144984469136653,198336,25822418,1016
-6786094,2786574781644800,1605078917329064253940066218063236,3569144984469136653,198336,25822419,8
53829754,-22082013605420931,1605078427150780607470774374074094,3569144984469136653,198336,25822419,456
181295,-74370573033535,1605078425499896748109614046095353,3569144984469136653,198336,25822420,350
-56565290,23227405804455105,1605078940845885079481373539135076,3569144984469136653,198336,25822423,388
85552590561,-35078331822623305627,1604301352379908174202022113903167,3586718894653973505,198327,25822427,97
-41413291526,16993049376314021497,1604677293709932550063871387238400,3569144984469136653,198331,25822427,237
11489042722,-4710365315238017919,1604572732648299818636442951340392,3569144984469136653,198330,25822428,164
6943731116,-2846546231335062860,1604509602515862855183857428757054,3586718894653973505,198329,25822429,128
2011152205,-824419550463203611,1604491391652942599236165739721889,3586718894653973505,198329,25822429,400
2242301195,-919151004974949792,1604471088237108744146537618745260,3586718894653973505,198329,25822429,405
-5346380243,2193788617886179017,1604519523294698061983926050152981,3586718894653973505,198329,25822430,494
-23329594,9573159257880467,1604519734653493611723920339291008,3586718894653973505,198329,25822433,649
-23290988,9557320032691427,1604519945662586469989231118484125,3586718894653973505,198329,25822433,659
364341,-149355399243276,1604519942363428049387463639849612,3586718894653973505,198329,25822434,516
-13048315,5354300487497284,1604520060577120265698663074989393,3586718894653973505,198329,25822437,243
-121848831,50000000000000000,1604521164490623928311060719523046,3586718894653973505,198329,25822440,590
-4205380971,1725697390344191352,1604559451707649941133789730439865,3569144984469136653,198330,25822441,238
-318893429,130862742293876916,1604562355156697628432275870828010,3569144984469136653,198330,25822441,399
-482494946,198000000000000000,1604566748178740152020333204618163,3569144984469136653,198330,25822443,11
10559783,-4329065632161271,1604566652081799026832614768889298,3569144984469136653,198330,25822443,22
156000000,-63953360368438942,1604565232440049909815861380633743,3569144984469136653,198330,25822443,691
9825000,-4027827837748279,1604565143030009158539651368055796,3569144984469136653,198330,25822444,269
14975406,-6139272321487411,1604565006749956842739547160621996,3569144984469136653,198330,25822444,460
1188671,-487303674028602,1604564995932751364190262293686626,3569144984469136653,198330,25822449,273
40457997708,-16582247107569053951,1604198491488336045631814732024272,3586718894653973505,198325,25822452,10
12331935597,-5052901918442466349,1604086876347556628747621998956238,3586718894653973505,198324,25822453,5
7896287103,-3235064806696502059,1604015415982867565265991631453667,3586718894653973505,198323,25822456,46
-18874544417,7741014113924627456,1604186324183115650635888637379115,3586718894653973505,198325,25822458,17
173747,-71195123550784,1604186322610464159237412858812351,3586718894653973505,198325,25822459,135
-7517054463,3083427767478203904,1604254399361465908257687506125452,3586718894653973505,198326,25822460,97
-45028300340,18475684795814248448,1604663004704609357351855055886398,3569144984469136653,198331,25822461,2
-12185882536,5001643513660858368,1604773976069277828461604911893299,3569144984469136653,198333,25822462,25
-1702779500,698953670326985090,1604789483740391208313323034910314,3569144984469136653,198333,25822463,13
-723539,297000000000000,1604789490329924272098705120910999,3569144984469136653,198333,25822463,127
-723539,297000000000000,1604789496919457335884087206911684,3569144984469136653,198333,25822463,131
1447078,-593405512680336,1604789483746994855352269203036906,3569144984469136653,198333,25822463,135
-289392431,118790594529950600,1604792119351541393508574828967396,3569144984469136653,198333,25822464,294
-46527141448,19103663531729719296,1605215971952490093878922254934444,3569144984469136653,198338,25822466,2
107787,-44223848192357,1605215970970805615709308709959825,3569144984469136653,198338,25822467,100
-1025462436,421160141198772838,1605225315242440557910310164317437,3569144984469136653,198338,25822468,304
-19693156605,8088983044796558336,1605404811125293725043403795608000,3568010020822719332,198341,25822469,2
-39408558544,16192537530237085696,1605764188911505995625676674638392,3568010020822719332,198345,25822470,2
95833,-39346116390826,1605764188037819967412449010767107,3568010020822719332,198345,25822470,294
-499868,205436483921611,1605764192597285008707939336514902,3568010020822719332,198345,25822470,473
-647253,266008903411024,1605764198501096603530139707569834,3568010020822719332,198345,25822470,477
-548470,225410860810492,1605764203503873715826912454734253,3568010020822719332,198345,25822470,591
-521813,214455223537202,1605764208263501002936167378021424,3568010020822719332,198345,25822470,607
352225,-144612641821418,1605764205052357026047166734357479,3568010020822719332,198345,25822470,631
193875000,-79599164237164128,1605762437541760537449777934388185,3568010020822719332,198345,25822472,575
152652,-62673911481187,1605762436150077550222297001630792,3568010020822719332,198345,25822474,325
690005698,-283293881591915361,1605756145569737508002785183389173,3568010020822719332,198345,25822476,86
-24222594242,9956292196391849984,1605977115892748358500082467134053,3568010020822719332,198348,25822478,2
980572,-402699787161451,1605977106950743152379518173767326,3568010020822719332,198348,25822482,469
1274126,-523256204504788,1605977095331765805016747717790790,3568010020822719332,198348,25822482,475
-5621969266,2311208182515513344,1606028390372988164269925060959464,3568010020822719332,198348,25822483,21
-35532270969,14610837662949556224,1606352663741038508694097041327859,3568011786591981330,198352,25822484,2
-62855815293,25860709765034360832,1606926617020967667606352819315461,3568011786591981330,198359,25822489,2
-4410800391,1815425362254101894,1606966835566582665442004470753963,3575048542049748357,198360,25822489,180
1622242,-667041509414309,1606966820783993704751556830194864,3575048542049748357,198360,25822489,335
-49679395981,20453638928650452992,1607419875884611731341226095896509,3575048542049748357,198366,25822490,2
42863427,-17634740826901376,1607419485073663097449263396589765,3575048542049748357,198366,25822491,320
699832,-287922650079016,1607419478692887495751002330533274,3575048542049748357,198366,25822492,1459
-27827252,11460059624748304,1607419732537129319447892916675290,3575048542049748357,198366,25822495,581
3715072405,-1528411695950103365,1607385860759218855457196071125941,3575048542049748357,198365,25822496,21
10286089031,-4231446556233591853,1607292085882742497380517322029299,3575048542049748357,198364,25822498,102
7378090,-3034988962381824,1607292018623068702092624471140430,3575048542049748357,198364,25822498,137
266739679,-109723631801821326,1607289586991265720819117526555613,3575048542049748357,198364,25822499,46
160785,-66138719292033,1607289585525537594635365835465197,3575048542049748357,198364,25822499,144
78947179943,-32460409823252206057,1606569507506893029456104530286750,3568011786591981330,198355,25822501,64
-29323267,12063394030561958,1606569775242180801039525460569654,3568011786591981330,198355,25822502,100
71998070417,-29577815334640574215,1605912995927135346359892810514842,3568010020822719332,198347,25822505,57
-145078214,59635466239999994,1605914319478913259330549440932196,3568010020822719332,198347,25822505,483
259066392,-106384610714986628,1605911957193724161063915190992676,3568010020822719332,198347,25822505,642
20044986274,-8230447152459033787,1605729198961332837860906898007871,3568010020822719332,198345,25822506,6
-108314533,44513284666928178,1605730186890844859379886539409829,3568010020822719332,198345,25822506,99
722180,-296492479854727,1605730180307187795330742637838170,3568010020822719332,198345,25822506,108
393942499,-161733741955535059,1605726588986783168615191765847917,3568010020822719332,198345,25822507,725
-31893295,13106921632432128,1605726879882294235076826295334759,3568010020822719332,198345,25822508,634
687918797,-282424563326494308,1605720608605288098157360783155560,3568010020822719332,198344,25822511,9
-1903091170,782100000000000000,1605737966562067371498290572958588,3568010020822719332,198345,25822511,15
-2408917162,990000000000000000,1605759938659256325094404230937105,3568010020822719332,198345,25822511,25
-26765375,11000000000000000,1605760182793669535689916604914644,3568010020822719332,198345,25822512,11
6511755123,-2673418844427586088,1605700819153590361824620841206344,3568010020822719332,198344,25822513,70
6217824402,-2552560304851096970,1605644139194318955088844016361138,3568010020822719332,198343,25822513,122
19213702439,-7886529258804059738,1605469017706951060061650209236186,3568010020822719332,198341,25822514,8
-328602653,135000000000000000,1605472013902022281006574798960529,3568010020822719332,198341,25822514,293
-41379506,17000000000000000,1605472391200660879199639376925816,3568010020822719332,198341,25822514,342
-59085617,24274240000000000,1605472929944055291305640312280410,3568010020822719332,198341,25822515,741
3199797255,-1313240230536898798,1605443769260705737168374927546692,3568010020822719332,198341,25822515,829
18574048203,-7622099461830735559,1605274535128172824071872037978591,3569144984469136653,198339,25822516,6
78507,-32212654450352,1605274534413113774099443905103414,3569144984469136653,198339,25822516,295
253944805,-104198380606967973,1605272221409223941947644351711667,3569144984469136653,198339,25822516,323
-1205165838,495000000000000000,1605283203964330250917787686187051,3569144984469136653,198339,25822517,103
-482061718,198000000000000000,1605287596986372774505845019977204,3569144984469136653,198339,25822518,43
415009542,-170288919827993293,1605283816899468706781931500159979,3569144984469136653,198339,25822518,428
-41354672177,16989800000000000000,1605660876457224867078280186436124,3568010020822719332,198344,25822520,113
40276166868,-16530276641402700347,1605293828864847473816359808713932,3569144984469136653,198339,25822520,122
3200392077,-1313191319816601134,1605264678540119428119405743095103,3569144984469136653,198339,25822520,368
2110192327,-865832273873871407,1605245458726857967908188666177920,3569144984469136653,198339,25822520,851
242362101,-99442180958427490,1605243251301463922444083304193788,3569144984469136653,198338,25822521,9
10462032646,-4292354951141577703,1605147969266938072601462108717682,3569144984469136653,198337,25822523,29
5469537280,-2243834847242455280,1605098160443618742966469356383981,3569144984469136653,198337,25822524,155
7824980472,-3209894862861502268,1605026906943703463057456568649567,3569144984469136653,198336,25822526,153
1786530785,-732815030167498345,1605010639857733112183115625187412,3569144984469136653,198336,25822526,393
22633682009,-9282798249889459948,1604804579568355778142770381245156,3569144984469136653,198333,25822528,13
1842363957,-755507589018403601,1604787808751170156549562973114745,3569144984469136653,198333,25822528,370
16711285293,-6852160896498547932,1604635703941910798025348027291753,3569144984469136653,198331,25822529,22
35223847,-14441530831898133,1604635383367667755733952529504722,3569144984469136653,198331,25822529,285
143951,-59018881108888,1604635382057561967302232921848448,3569144984469136653,198331,25822531,918
1355793839,-555861603202483114,1604623042997751956192606495607110,3569144984469136653,198331,25822531,950
587182,-240736592940073,1604623037653862035334346626042160,3569144984469136653,198331,25822531,1273
247180,-101340322896278,1604623035404301536500030058120197,3569144984469136653,198331,25822531,1302
1209307,-495799463378102,1604623024398505854359098386692160,3569144984469136653,198331,25822534,948
200021493,-82006040125448494,1604621204022214973853569991644396,3569145515001001902,198331,25822534,1083
4010221530,-1644095993858915802,1604584708254798646318832624866474,3569145515001001902,198330,25822535,125
-7864859,3227559762894558,1604584779864591951237948556178305,3569145515001001902,198330,25822535,232
262419643,-107583250415005097,1604582391723449521401361920518093,3569145515001001902,198330,25822537,103
815170143,-334190370074235300,1604574973340298803540189583479062,3569145515001001902,198330,25822538,941
3584224,-1469395435535491,1604574940722547614908290793291337,3569145515001001902,198330,25822539,452
25060595507,-10272436914969912374,1604347766968306678594085342154781,3586719425185838754,198327,25822541,170
290412285,-119024106555591055,1604345137807745335582545078030985,3586719425185838754,198327,25822542,125
79992346,-32784417309058363,1604344413622540254213499381044135,3586719425185838754,198327,25822543,80
19637364,-8048259648607001,1604344235842026138924702918579161,3586719425185838754,198327,25822543,163
-18200940642,7467781687239260160,1604509111518577401400275604207705,3586719425185838754,198329,25822544,2
-4678938285,1920000000000000800,1604551650370452936412664057522595,3569145515001001902,198330,25822544,107
-5124343341,2102888693570519586,1604598307112930970568310739489361,3569145515001001902,198330,25822544,728
10000000,-4099739532438808,1604598216106602263310536731571744,3569145515001001902,198330,25822544,790
-34797918,14280519164329516,1604598532948148437333087782317420,3569145515001001902,198330,25822544,1024
-208609939,85610360875867856,1604600432383231734569799427985956,3569145515001001902,198330,25822545,393
25765365155,-10561617130263092578,1604366745935222655860287560886471,3586719425185838754,198328,25822546,6
-2916110097,1196400000000000000,1604393160373631185959975722735789,3586719425185838754,198328,25822546,372
58815077,-24106477629415590,1604392627878138547625760102472282,3586719425185838754,198328,25822548,194
75431,-30916702911537,1604392627195209867595647322553290,3586719425185838754,198328,25822548,391
81900,-33568240836531,1604392626453710540483688976546957,3586719425185838754,198328,25822548,548
-13433817254,5512031942881890184,1604514322565597120380608026464427,3586719425185838754,198329,25822549,90
-42140966035,17296313847117342720,1604898040993132383756744501757999,3569145515001001902,198334,25822550,7
8554157258,-3508121944185451539,1604820167436465780910555632897851,3569145515001001902,198333,25822551,105
179072,-73434972332762,1604820165806350702173301870591254,3569145515001001902,198333,25822551,482
-196839497,80802261045741805,1604821958564235026040717187263435,3569145515001001902,198333,25822556,843
-11122385,4565724780720490,1604822059863864422003905555127502,3569145515001001902,198333,25822558,690
-13570841553,5571242142905899008,1604945668883561505099706168332838,3569145515001001902,198335,25822561,18
-3261916100,1339243450404119253,1604975382646811049860953701653101,3569145515001001902,198335,25822561,197
-7915330704,3250000000000000000,1605047490321134101711308788314614,3569145515001001902,198336,25822561,549
10000000,-4102035174719475,1605047399263846553206270386181648,3569145515001001902,198336,25822564,472
40,-16005939243,1605047399263491252154452188987829,3569145515001001902,198336,25822565,633
23816516684,-9768298514970191501,1604830561833081332856777793112786,3569145515001001902,198333,25822566,2
112747673,-46236964279380571,1604829535461445686062283409867107,3569145515001001902,198333,25822569,754
-101934639,41844452672839419,1604830463863342781281151625335966,3569145515001001902,198333,25822569,771
5119066310,-2099230342553630505,1604783864989176490208686529328022,3569145515001001902,198333,25822570,179
2910243332,-1193380296215704669,1604757374242959360357957305083395,3569145515001001902,198332,25822572,916
2687144452,-1101860931953695325,1604732915050522954013704801202937,3569145515001001902,198332,25822573,60
4527845197,-1856562478142759312,1604691702935993592053383702898688,3569145515001001902,198332,25822574,87
63099847440,-25863073006229335567,1604119570663418863237998355128318,3586719425185838754,198324,25822576,2
807000000,-330650103496943583,1604112266830297359223513894191636,3586719425185838754,198324,25822576,122
-23805300,9763404542647587,1604112482389347801657205224404590,3586719425185838754,198324,25822578,124
2292985114,-939482909834338009,1604091729858738058672684327402077,3586719425185838754,198324,25822579,186
23699795690,-9708867290941874015,1603877267665192960634676216573993,3586719425185838754,198321,25822580,2
531567,-217732735340937,1603877262855626753940570471908060,3586719425185838754,198321,25822580,421
1836981,-752437499974531,1603877246234800460364462000662176,3586719425185838754,198321,25822580,2137
6040556846,-2474161588217781965,1603822593708867877211888044596068,3586719425185838754,198321,25822581,195
13316760989,-5453838418711922456,1603702116703831876178813624048118,3585578165702127654,198319,25822583,34
21771629576,-8914738834301239965,1603505133582980588096044441106078,3585578165702127654,198317,25822584,71
8640000,-3537350234177004,1603505055420478957521029420691296,3585578165702127654,198317,25822586,1127
41834,-17127454710807,1603505055042024855400550812174234,3585578165702127654,198317,25822587,521
-340771,139656556786414,1603505058126380989888079190672688,3585578165702127654,198317,25822587,526
9471952726,-3877757208171803569,1603419373875729677051010150498694,3585578165702127654,198316,25822588,11
20463767783,-8376321712043523933,1603234287803915205492110382281622,3585578165702127654,198313,25822590,5
-20664320,8465901069959957,1603234474775830452051356081730783,3585578165702127654,198313,25822590,1069
44216849417,-18092441663045003452,1602834288970112163706719398016782,3567992884331053386,198308,25822591,5
20713877829,-8472494819807817257,1602646155131776090907929127984635,3567992884331053386,198306,25822592,12
224115,-91657502610229,1602646153096498625993260802920322,3567992884331053386,198306,25822594,103
-10552381063,4320258898073484800,1602742037545286523188880533269163,3567992884331053386,198307,25822597,24
-9923680,4063105361657420,1602742127722432652880093415611878,3567992884331053386,198307,25822598,309
96253125,-39370010929491830,1602741253501624139426745025314567,3567992884331053386,198307,25822599,160
-2403423223,984058770670573374,1602763093843841296693589257903921,3567992884331053386,198308,25822601,54
-2632786102,1078000000000000000,1602787019131244661711074525489852,3567992884331053386,198308,25822601,154
-1666753540,682472501760000000,1602802166024333253118983279398306,3567992884331053386,198308,25822601,374
-3495321991,1431243976165387591,1602833931259466918990084999173621,3567992884331053386,198308,25822603,293
-2435969332,997500000000000000,1602856069918265487269251561712551,3567992884331053386,198309,25822603,504
18992920956,-7768867242155775894,1602683560303934050021906130110793,3567992884331053386,198307,25822606,49
3403954978,-1392177547741754144,1602652646657921587955362822517321,3567992884331053386,198306,25822608,132
-2095778030,858000000000000000,1602671689233609980520300076310205,3567992884331053386,198306,25822619,205
-15278214080,6255432981991868416,1602810523214989056696236204923223,3567992884331053386,198308,25822622,9
-9285718835,3802426252171003904,1602894914811383575595284042534010,3567992884331053386,198309,25822623,43
-25545333,10461158145364386,1602895146987835523550629016819923,3567992884331053386,198309,25822623,159
-2656192320,1087763094121531874,1602919281102320241872690365801490,3585578165702127654,198310,25822626,281
373750,-152907219815469,1602919277723629971771693537633652,3585578165702127654,198310,25822626,412
103003,-42140016931271,1602919276792489732877803576279089,3585578165702127654,198310,25822631,26
118586,-48515193058387,1602919275720481420018129991679773,3585578165702127654,198310,25822631,127
-19534783,8000000000000000,1602919452402834498773025111248746,3585578165702127654,198310,25822632,203
7877253636,-3222570856777031423,1602847903122398305184527056868643,3567992884331053386,198309,25822632,303
282901,-115728918783718,1602847900552609103736717675587238,3567992884331053386,198309,25822632,461
545694,-223232442877250,1602847895595677619818987300151134,3567992884331053386,198309,25822633,99
1023505835,-418693344503138872,1602838598406636797257293346735716,3567992884331053386,198309,25822633,1101
1654304714,-676728786555902183,1602823571476926598540036660024012,3567992884331053386,198308,25822635,33
179807204,-73553224182547567,1602821938209431987052019815019874,3567992884331053386,198308,25822635,51
285335,-116720926667514,1602821935617615005734483536007070,3567992884331053386,198308,25822635,1016
59833986,-24476086194268640,1602821392120080795761306469008659,3567992884331053386,198308,25822637,1292
132810,-54327875341290,1602821390913716916646827843346727,3567992884331053386,198308,25822638,64
-19949301,8168758100893986,1602821572212311807606777431885789,3567992884331053386,198308,25822638,453
26016,-10641869875811,1602821571976006460788658836667817,3567992884331053386,198308,25822638,457
-73264346,30000000000000000,1602822237800331229759460838548687,3567992884331053386,198308,25822640,111
118995,-48676711183560,1602822236719452845374984181862769,3567992884331053386,198308,25822643,524
170000000,-69541307494601356,1602820692537558359988399509061724,3567992884331053386,198308,25822644,95
59917831843,-24502035042485419821,1602276618802770015300394183953897,3567992884331053386,198301,25822645,5
-74142,30338828968806,1602276619476114359048265783457722,3567992884331053386,198301,25822645,420
110093,-45004357370846,1602276618476781497347236471204258,3567992884331053386,198301,25822646,92
2500000000,-1021956662144042938,1602253925676897715168998312881451,3567992884331053386,198301,25822646,958
-30489964,12476067563490762,1602254202572539756278830201901393,3567992884331053386,198301,25822656,1457
-31868504265,13042504852269070336,1602543669805425025580109674557980,3567992884331053386,198305,25822662,2
-27293779839,11174000000000000000,1602791667172257308238161975119391,3567992884331053386,198308,25822674,213
-58465232,23939221010425306,1602792198482779466957764257571040,3567992884331053386,198308,25822676,157
-10993085397,4501519602344030208,1602892105857768300286661656875073,3567992884331053386,198309,25822677,34
99400000,-40664772856696719,1602891202886451668848768141152049,3567992884331053386,198309,25822683,84
-297705557,121914061664717255,1602893908664711260616584374197862,3567992884331053386,198309,25822683,890
-3781914096,1548775821342148720,1602928230454167822141921869955072,3585578165702127654,198310,25822688,321
-2174403185,890495221911744000,1602947897303069416510179341042254,3585578165702127654,198310,25822689,34
1932437,-790619655445844,1602947879833266875929109292529147,3585578165702127654,198310,25822691,222
-8190449534,3354475677619531264,1603021964415275284629432743005131,3585578165702127654,198311,25822691,258
212494,-86945619967325,1603021962494095103824254530965498,3585578165702127654,198311,25822691,1000
-269177879,110249595775790601,1603024397388846059854135607251093,3585578165702127654,198311,25822691,1722
4230267142,-1730857553217336028,1602986151767867248554117870892903,3585578165702127654,198310,25822694,5
412784,-168890564042982,1602986148036003533207403610913434,3585578165702127654,198310,25822695,68
-5054094337,2070014096042962176,1603031864906177915993555405672999,3585578165702127654,198311,25822696,45
-483416712,198000000000000000,1603036237794416615177209615005089,3585578165702127654,198311,25822696,68
-865351010,354437071797602946,1603044065355575434160299546682897,3585709093422467256,198311,25822697,710
-241705006,99000000000000000,1603046251719859488490308004268974,3585709093422467256,198311,25822700,170
-121100549208,49635581179669438464,1604142293474397980552111855678836,3586850352906178356,198325,25822705,2
-2762609476,1133104808058205218,1604167309551497458464604235873355,3586850352906178356,198325,25822705,219
2024854704,-829682363293991621,1604148983108337928443983423291021,3586850352906178356,198325,25822706,259
5476870207,-2244047579090864202,1604099415451816685511994899871558,3586850352906178356,198324,25822707,361
-12434235771,5100000000000000000,1604212010502424558084263460419925,3586850352906178356,198326,25822708,44
27662911060,-11333844730294770032,1603961662814661203956916512060041,3586850352906178356,198323,25822708,57
6500210138,-2662705098169677260,1603902847639371155968837408223187,3586850352906178356,198322,25822709,161
29480426762,-12073725366362372795,1603636130629662859871649680298968,3585709093422467256,198318,25822710,2
232446,-95182239770205,1603636128526560303443194616385900,3585709093422467256,198318,25822710,1181
906708,-371280748276410,1603636120322913354832431916859316,3585709093422467256,198318,25822710,1185
158219,-64787538481386,1603636118891397999301132825843967,3585709093422467256,198318,25822710,1189
14798960975,-6059408814046023839,1603502233008926316674093782079458,3585709093422467256,198317,25822712,15
4882586204,-1998944453095867228,1603458065260829467037089188469449,3585709093422467256,198316,25822712,2218
5569121822,-2279879626150349651,1603407690099647277328385196573749,3585709093422467256,198316,25822713,166
482784607,-197634967482267254,1603403323249210104519366361003779,3585709093422467256,198316,25822720,37
35207097398,-14409641126191480943,1603084934512373550213885308604109,3585709093422467256,198312,25822725,2
26877,-10997865648297,1603084934269369819517579622465670,3585709093422467256,198312,25822725,345
7883039335,-3225604239071962440,1603013662816443344329558402553028,3585709093422467256,198311,25822726,450
604562000,-247364540515716501,1603008197164460534007049583126308,3585709093422467256,198311,25822726,483
5100677425,-2086942498529823591,1602962085052428146981088525335551,3585709093422467256,198310,25822726,604
102546847,-41955817652663190,1602961158016170380936689196193070,3585709093422467256,198310,25822727,386
-18817859640,7707621370066771968,1603131376885650460654468955693045,3585709093422467256,198312,25822728,18
-49886729927,20441067702150500352,1603582807394255696688223295984592,3585709093422467256,198318,25822731,19
-20355584448,8344000000000000000,1603767065159054042800710372271700,3586850352906178356,198320,25822732,406
-198935689,81555603712275448,1603768865699706462262330320676081,3586850352906178356,198320,25822735,306
161524,-66152095771513,1603768864238505553727584923937618,3586850352906178356,198320,25822738,638
208055,-85208576940523,1603768862356375462634388630385360,3586850352906178356,198320,25822739,972
2000000,-819100472145384,1603768844263670460301473586538079,3586850352906178356,198320,25822740,248
1057785000,-433213506547147430,1603759275224897409069807257799620,3586850352906178356,198320,25822742,243
-199992161,81987918565825000,1603761085309964105775898135765555,3586850352906178356,198320,25822742,257
-5414778000,2219889227922158189,1603810094827603667848911347173643,3586850352906178356,198321,25822746,48
-26050863281,10681934108050464768,1604045924810247962406964428185055,3586850352906178356,198324,25822747,2
-28860538,11835759531592249,1604046186113766284414679793338736,3586850352906178356,198324,25822747,99
-6473809975,2655018731999739904,1604104802186020080567721825068011,3586850352906178356,198324,25822749,58
-30126119590,12357783058954018816,1604377630658358127248467901779298,3586850352906178356,198328,25822752,5
-31944022250,13108085259378565120,1604667741264137309352334638793305,3569276442721341504,198331,25822755,2
1396356,-572518825057283,1604667728555787244001172950494148,3569276442721341504,198331,25822755,195
672228,-275619469091273,1604667722437789817999193102712208,3569276442721341504,198331,25822755,335
-38138415793,15656147899726704640,1605015072284776333460006588764881,3569276442721341504,198336,25822756,2
-6723757640,2760863205905984378,1605076325245483154858372486560612,3569276442721341504,198336,25822756,59
178581,-73256899322241,1605076323619380604962163262100719,3569276442721341504,198336,25822757,392
-83240104940,34196943965856083968,1605835185215089280072783424636012,3568141479074924183,198346,25822760,2
-3630085963,1492058455000007393,1605868298796465341024461849752923,3568141479074924183,198346,25822760,321
-62530058476,25711120800079962112,1606438911199353876701086817285579,3568143244844186181,198353,25822761,5
732133820,-300843563429212623,1606432231175291170976053552733298,3568143244844186181,198353,25822763,349
-18232192713,7500094791158189042,1606598682345792794351042392078461,3568143244844186181,198355,25822763,876
-47273503721,19453928682967605248,1607030229379326031791648850263562,3575180000301953208,198361,25822764,13
-35643920484,14675044477307541504,1607355274683408526851316226712834,3575180000301953208,198365,25822765,8
-20059480,8260408691974460,1607355457647559625706912443756683,3575180000301953208,198365,25822766,945
62257202795,-25602581006634893402,1606787809429197265165253720247154,3568143244844186181,198358,25822768,2
54021596984,-22201117961436421369,1606294848900107338499526192268138,3568143244844186181,198352,25822769,2
-1556207723,640000000000000000,1606309052553806039078739733961791,3568143244844186181,198352,25822769,1042
8910333118,-3660612926498399623,1606227771165716728571412666203562,3568143244844186181,198351,25822770,37
23807543629,-9778984713629582779,1606010635489914275579849230434241,3568141479074924183,198348,25822770,205
2257141,-926998574480517,1606010614906539389762544372129263,3568141479074924183,198348,25822770,602
4514282,-1853997077675982,1606010573739791200964192900402621,3568141479074924183,198348,25822770,610
-2432423351,1000000000000000000,1606032766959678193118002778785783,3568141479074924183,198348,25822773,864
35829373960,-14712392636679622361,1605706088255476497145602886669633,3568141479074924183,198344,25822775,2
20000000,-8210804004381976,1605705905940140110707497181898317,3568141479074924183,198344,25822775,301
13846662408,-5684164085136728647,1605579692930219967627651412197652,3568141479074924183,198343,25822777,22
-45624623540,18751396302799892480,1605995846791556137348182697111658,3568141479074924183,198348,25822784,2
-26898306,11057880000000000,1605996092201518461320980468289633,3568141479074924183,198348,25822786,95
-274916,113017941388788,1605996094709750485737530492642137,3568141479074924183,198348,25822788,240
15707911548,-6450484174462141250,1605852866081775096683997711045734,3568141479074924183,198346,25822791,2
39107613238,-16054619807980447515,1605496384133200239433864688508387,3568141479074924183,198342,25822794,2
9000008508,-3693711981222239688,1605414367762816564997794015748930,3568141479074924183,198341,25822794,1079
25614446582,-10510412694068077624,1605181036568323710337094959797866,3569276442721341504,198338,25822795,2
9438365720,-3872087994176149820,1605095086818620876672341826546046,3569276442721341504,198337,25822796,22
291420,-119548486556031,1605095084164971860354030502699250,3569276442721341504,198337,25822796,307
322617,-132346200135058,1605095081227248649301417031995160,3569276442721341504,198337,25822796,329
543012,-222758450973186,1605095076282621064873299349336543,3569276442721341504,198337,25822796,338
901134,-369670096646854,1605095068076957266114590616640868,3569276442721341504,198337,25822796,399
46152,-18932456953763,1605095067656708568542866344132513,3569276442721341504,198337,25822796,426
90487,-37119977844867,1605095066832746713972493972829379,3569276442721341504,198337,25822796,451
19164,-7861435136700,1605095066658244382589343953222327,3569276442721341504,198337,25822796,599
59676,-24480691237020,1605095066114840077847564500299772,3569276442721341504,198337,25822796,643
40372,-16561385030754,1605095065747222683752566619059369,3569276442721341504,198337,25822796,647
105352,-43218192384616,1605095064787897166446735893718462,3569276442721341504,198337,25822796,651
105760,-43385649027333,1605095063824854570254984729591227,3569276442721341504,198337,25822796,659
82658,-33908338863186,1605095063072182305959037533509159,3569276442721341504,198337,25822796,677
432255,-177322684019790,1605095059136104321404246373508273,3569276442721341504,198337,25822796,923
15609777301,-6402998439993718270,1604952930105438480987752809499198,3569276442721341504,198335,25822798,6
2690151765,-1103362920344457649,1604928438470181836679119440525219,3569276442721341504,198335,25822799,75
3187503013,-1307307424067683431,1604899419825447452063620203483429,3569276442721341504,198334,25822800,1095
-10916645597,4481978750853810688,1604998857735926891310813732865777,3569276442721341504,198335,25822803,12
-401859100,164999370574951171,1605002518438833452451806671264907,3569276442721341504,198335,25822804,10
-24947998971,10244875540180054016,1605229812915997886700348701156577,3569276442721341504,198338,25822806,10
-25894577512,10636656796320575488,1605465844700223805445474071660092,3568141479074924183,198341,25822807,2
-3456789156,1420174113728626688,1605497362936607599060036724055587,3568141479074924183,198342,25822808,285
15127947584,-6208483669444605761,1605359507765781401915586643490801,3568141479074924183,198340,25822811,27
79421816153,-32577096857179765468,1604636374057255546616707888938488,3569276442721341504,198331,25822813,2
3793812780,-1555404842828849207,1604601848329242963330263345146066,3569276442721341504,198331,25822813,181
99981735,-40990067100610827,1604600938462005209749271625044886,3569276442721341504,198330,25822815,125
74402901,-30503340132411292,1604600261371388099697534964875078,3569276442721341504,198330,25822821,252
165099,-67686273567915,1604600259868938186309740463647162,3569276442721341504,198330,25822821,256
418602,-171616057090700,1604600256059531691901983765023574,3569276442721341504,198330,25822822,878
1287647900,-527899557127154301,1604588538135023891694339237201077,3569276442721341504,198330,25822823,58
1735414835,-711459255191804851,1604572745687899892204790553924621,3569276442721341504,198330,25822826,41
37247,-15269659760603,1604572745348955261699157204651252,3569276442721341504,198330,25822826,433
54030,-22149784193759,1604572744857290710095786513007702,3569276442721341504,198330,25822826,496
142528,-58430607266190,1604572743560291241832879305201460,3569276442721341504,198330,25822826,504
100827,-41334888454897,1604572742642769914312306357698401,3569276442721341504,198330,25822826,577
789389,-323618508543015,1604572735459325258531800948093324,3569276442721341504,198330,25822826,598
-93159030468,38250000000000000000,1605421387236192930544110627330746,3568141479074924183,198341,25822827,1249
76691315524,-31460016127469984882,1604723029984202394109477594158912,3569276442721341504,198332,25822827,1259
-13482483,5533859468687984,1604723152759309783533465646586219,3569276442721341504,198332,25822829,211
8884186398,-3642668470112222787,1604642295494772549313766488944782,3569276442721341504,198331,25822829,252
3518295006,-1442459696185205648,1604610276839713569309295354743673,3569276442721341504,198331,25822831,47
385584176,-158081490280764469,1604606767863537739010401182132436,3569276442721341504,198331,25822833,312
9940000,-4075184071684613,1604606677405611296976923964863260,3569276442721341504,198331,25822834,124
-10682070681,4384065117945494016,1604703942988285300039648722486454,3569276442721341504,198332,25822836,21
-8809833105,3616073643932752896,1604784169787045545445970736902714,3569276442721341504,198333,25822837,10
-16349555844,6711777530495002624,1604933078376384157135694393329772,3569276442721341504,198335,25822838,2
-4039661650,1658543394202320896,1604969875090230142745466858799327,3569276442721341504,198335,25822838,105
-397734624,163300000000000000,1604973498090624376893187852767992,3569276442721341504,198335,25822839,119
96336901069,-39492536947430039648,1604098951551449228574086972867965,3586850352906178356,198324,25822841,2
33441259617,-13698929718740099739,1603796362671724026539230124621862,3586850352906178356,198320,25822843,2
8469393031,-3468595202106409655,1603719746588717936202279498547200,3586850352906178356,198320,25822844,204
23820604117,-9753825671991357360,1603504230727627262420444577632420,3585709093422467256,198317,25822846,148
13131271639,-5375742590350329085,1603385450816461460663997894502845,3585709093422467256,198315,25822847,12
6425236749,-2630103877414637055,1603327337262907591100094063929310,3585709093422467256,198315,25822847,1181
38304280193,-15675503630582569074,1602980978616185546144458923188106,3585709093422467256,198310,25822849,5
521724,-213462242695945,1602980973899622987849620574497991,3585709093422467256,198310,25822849,260
9998700,-4090946986188157,1602980883507958685380313840145061,3585709093422467256,198310,25822850,1106
21385968742,-8748966441319217280,1602786929137496651039199542084351,3568123812051392988,198308,25822851,5
55868935392,-22845892843189448983,1602279649063624143957121120422205,3568123812051392988,198302,25822853,32
10483121,-4285394608287594,1602279553908871016721348350539936,3568123812051392988,198302,25822853,337
65907,-26942100357924,1602279553310636981673654467321127,3568123812051392988,198302,25822854,125
48796422846,-19941974657801001326,1601836743142232586109069948037684,3567996912414326596,198296,25822857,20
73941892907,-30197351415353300399,1601166064295130239911916706189076,3564658437219365801,198288,25822859,5
11970000000,-4886085681959519568,1601057466066916576653392079358108,3564658437219365801,198286,25822859,389
24346533196,-9936071141610685323,1600836626771083538394563664432995,3564658437219365801,198284,25822860,12
-1012897260,413732796260051489,1600845817805835389541129440973468,3564658437219365801,198284,25822860,194
41765688497,-17038820812181132329,1600467098934560632808468510200338,3563641371116346640,198279,25822861,22
-462457172,188809652549775062,1600471294520131263165400114044833,3563641371116346640,198279,25822862,1767
131711,-53720615439578,1600471293316004341900252253195015,3534665304170226147,198279,25822865,116
-520642978,212566645692929528,1600476055533263734722932154508586,3534665304170226147,198279,25822865,830
-515082299,210297592162230502,1600480766915991439112669674757759,3534665304170226147,198279,25822865,857
-438963637,179220872898474884,1600484782074302745868798493234468,3534665304170226147,198279,25822865,887
-36739228,15000000000000000,1600485118125420540161492405971075,3534665304170226147,198279,25822866,36
31711606723,-12932023808657595900,1600195251788502628445522066905813,3534665304170226147,198276,25822866,1005
41834,-17056821935287,1600195251406180528904324270621654,3534665304170226147,198276,25822868,162
215631,-87918528413492,1600195249435520549035504783981972,3534665304170226147,198276,25822868,168
-29722348,12130736692242818,1600195521205362222131469360366220,3534665304170226147,198276,25822868,211
32118294924,-13093102159682203278,1599902044359195400576498580311464,3534665304170226147,198272,25822870,5
88764028618,-36159840566001178149,1599087485164593031987311759889816,3511858692407530230,198262,25822871,5
51897051670,-21124250505900950689,1598610878296123710216226407002759,3511397868947077050,198256,25822872,5
-11730066978,4778299064704998921,1598718637821257285385433492898422,3511397868947077050,198257,25822872,355
27350505952,-11129223183425576901,1598467527597938057927111006778969,3511397868947077050,198254,25822873,23
237554,-96648074554912,1598467525417253998953346465488831,3511397868947077050,198254,25822873,447
41689662981,-16957260240214853463,1598084919035367695867522937096454,3511694624625752683,198249,25822875,5
-2411559636,981661508279249992,1598107055456156697356471163022555,3511694624625752683,198249,25822875,729
-117624547001,47913873089072078848,1599187565869670231020851298313457,3511858692407530230,198263,25822876,2
268381,-109288104902336,1599187563404110966122756173189820,3511858692407530230,198263,25822878,157
44958995494,-18303194011413200158,1598774621949792762579475204310804,3511401159408735347,198258,25822880,2
393765,-160263677157400,1598774618333744329908180783488708,3511401159408735347,198258,25822880,109
-413160575,168326474868866147,1598778414405056772904521070963386,3511401159408735347,198258,25822881,231
-10557777,4301373245551720,1598778511408927342101668293952747,3511401159408735347,198258,25822883,1073
-19549263723,7965514601167551487,1598958142816544171785667775820450,3511861982869188527,198260,25822886,13
-24685824419,10061007536033277952,1599185007250977641430500352186598,3511861982869188527,198263,25822887,2
-5395092430,2199215610861299878,1599234597096126690527741564291261,3511861982869188527,198263,25822887,228
-4586178898,1869583330233725324,1599276754103098473587794712823010,3511861982869188527,198264,25822888,157
-5934257281,2419281857234337792,1599331306195253352847794268041036,3511861982869188527,198265,25822888,305
-24144089723,9844780185009879040,1599553294945465010330841737109180,3511861982869188527,198267,25822889,2
-3499865694,1427301034677678722,1599585478982783217405612580210326,3511861982869188527,198268,25822889,156
-11734303927,4785855383338549248,1599693394653349303424910099374726,3511861982869188527,198269,25822890,20
-11717741,4779423111744819,1599693502423979360197330922473951,3511861982869188527,198269,25822890,254
-5062487028,2064943326510620672,1599739904245925661124719273563623,3534668594631884444,198270,25822892,24
-7822176550,3190831057065439743,1599811389668940342660785832326328,3534668594631884444,198271,25822892,60
77863947008,-31717842423239015545,1599096454692601718026647898761871,3511861982869188527,198262,25822894,2
-932339135,380000000000000000,1599105023266353001351444583528151,3511861982869188527,198262,25822897,95
9998700,-4071187373015953,1599104931419721103874787545785673,3511861982869188527,198262,25822897,1152
-9692102712,3950519040503472515,1599194011192759006612719028810398,3511861982869188527,198263,25822898,210
-6001531761,2446456134748772497,1599249176034390255014502708591888,3511861982869188527,198264,25822899,652
-17016176825,6937368651633563159,1599405605915788579070065746755509,3511861982869188527,198266,25822900,120
28594535,-11647261193473853,1599405343151731453820731701118052,3511861982869188527,198266,25822900,148
15130536,-6163039773281894,1599405204112578115418969262049819,3511861982869188527,198266,25822900,156
-11135234,4540194249427596,1599405306488865671663163318742603,3511861982869188527,198266,25822900,163
-8582858203,3499681036229426404,1599484220370615407161874662988363,3511861982869188527,198267,25822903,776
14147526,-5763204218029351,1599484090351815518028771291761032,3511861982869188527,198267,25822904,67
1040818,-423992354359788,1599484080786480855139175153353776,3511861982869188527,198267,25822905,28
-179986356,73393553198528110,1599485735728779408624071517125600,3511861982869188527,198267,25822905,123
-12318568227,5023538853716498458,1599599010894991269441441539103334,3511861982869188527,198268,25822907,197
-1307170342,533108660013068414,1599611031897282768926244377033833,3511861982869188527,198268,25822908,199
427041,-173988881693222,1599611027972066042953554773041752,3511861982869188527,198268,25822909,254
190989,-77814335726450,1599611026216562305349986748219423,3511861982869188527,198268,25822909,272
156499,-63761994258709,1599611024778081616756599696214394,3511861982869188527,198268,25822909,474
-34167229092,13937396067231756288,1599923941920857983837560610630798,3534668594631884444,198272,25822910,7
196508,-80094167434905,1599923940125579715426593769018916,3534668594631884444,198272,25822910,281
-19525185375,7967100978197907456,1600102430172041451407433986121556,3534668594631884444,198274,25822911,6
2000000,-815359604415438,1600102411896086714292873808692418,3534668594631884444,198274,25822911,83
-5023284806,2050000000000000000,1600148338839431333901662172870739,3534668594631884444,198275,25822911,430
-103091260426,42097493986893119488,1601091299531346723695676468991932,3535685660734903605,198287,25822912,2
502692,-205190492218769,1601091294933408099108912093811527,3535685660734903605,198287,25822912,106
40526491449,-16538430587982857408,1600720699356740450971363214348950,3535685660734903605,198282,25822912,146
-4735747474,1934146851337362944,1600764018332551734455521299337789,3535685660734903605,198283,25822913,1727
10908555749,-4450598897198361049,1600664288660135169660189795359378,3535685660734903605,198281,25822914,20
-1400420000,571900301408770503,1600677097478300172087225412086623,3535685660734903605,198282,25822914,233
12034986503,-4909608367056122242,1600567082254405618116553154200214,3535685660734903605,198280,25822917,11
40634492815,-16571638250267091839,1600195650625360392550473098708278,3534668594631884444,198276,25822918,2
-22461868779,9168659316246873051,1600401059648269362745204073267786,3534668594631884444,198278,25822925,13
-1687721466,689002277932755863,1600416495632943963492435901233721,3534668594631884444,198278,25822925,884
211957,-86444504330053,1600416493695325469943174454956794,3534668594631884444,198278,25822930,14
51471378942,-20985909988216320569,1599946103037038229875983960511122,3534668594631884444,198272,25822931,2
7417551002,-3023266857496750021,1599878337736983363709923293592976,3534668594631884444,198272,25822936,33
23858183219,-9722450295620410889,1599660057062310393417017061013245,3511861982869188527,198269,25822937,8
7394801491,-3012916518070864197,1599592085188500988825028316854258,3511861982869188527,198268,25822939,582
-8140315390,3320000000000000000,1599666947464433253662725667970178,3511861982869188527,198269,25822944,10
-12039110375,4910679298196761600,1599777274750231334136481130004395,3534668594631884444,198270,25822947,93
-33813712619,13796020644644685824,1600086352339757089735740329929646,3534668594631884444,198274,25822948,2
16576875,-6757920519964855,1600086200863710360093743980754453,3534668594631884444,198274,25822949,92
-29491195234,12036780865569292287,1600355865523644312416836561045907,3534668594631884444,198278,25822950,17
1682526,-686148869953823,1600355850143895766756679040650038,3534668594631884444,198278,25822951,80
-51281577214,20940150874693283840,1600824891346565705073481021625711,3535685660734903605,198283,25822952,78
-19464198670,7951160677672378368,1601002973035052573742872985680698,3535685660734903605,198286,25822953,10
-1617075072,660657709243769972,1601017769747777091146104508883274,3535685660734903605,198286,25822953,331
-734292502,300000000000000000,1601024488830526365945463422704907,3535685660734903605,198286,25822953,997
-59392853,24265448576034575,1601025032302382801440972198558082,3535685660734903605,198286,25822953,1499
-71192614889,29098186247962370048,1601676402076796628650288194159719,3539024135929864400,198294,25822955,7
-6759919337,2764177149090155132,1601738252792598719316123971108729,3539024135929864400,198295,25822955,499
629398,-257117641218233,1601738247036503965141722400391651,3539024135929864400,198295,25822955,705
-100659861311,41185775844027146240,1602659792844687297198152647810272,3539151035566930792,198306,25822956,5
-3777150874,1546373596672817555,1602694392973143254174467677072362,3539151035566930792,198307,25822956,455
-5768024861,2361570478117293112,1602747233141959161893868366892303,3539151035566930792,198307,25822956,596
-5662931250,2318694077573145365,1602799113950779691690770001851567,3539151035566930792,198308,25822956,745
230961,-94475563654759,1602799111835830305342529456009947,3539151035566930792,198308,25822957,150
319050,-130508836661811,1602799108914232663230811667429898,3539151035566930792,198308,25822957,160
486295,-198921102187093,1602799104461143983710508535907460,3539151035566930792,198308,25822957,889
12944224456,-5294509498922835015,1602680580483275155706163347784804,3539151035566930792,198307,25822960,8
827047,-338257565254441,1602680572910971774942044879048524,3539151035566930792,198307,25822961,100
-12497026575,5116696944468076000,1602795059068734500795204082601465,3539151035566930792,198308,25822965,64
20000000,-8181059795496670,1602794875925848395428674417698466,3539151035566930792,198308,25822967,216
46281215,-18931462036558867,1602794452122248099279013738768803,3539151035566930792,198308,25822968,947
31238460,-12778174645688262,1602794166067404073084904900427825,3539151035566930792,198308,25822968,1200
9797107664,-4007307871692929191,1602704457649732002847274151947211,3539151035566930792,198307,25822970,22
3732518700,-1526592949255086907,1602670283026196238013704511814666,3539151035566930792,198306,25822971,182
-19843580242,8124856405802386432,1602852076789315207769984216590429,3539151035566930792,198309,25822974,5
-7108607188,2911032719221164226,1602917211182608820664730252782931,3539151035566930792,198309,25822976,139
277777,-113642799406929,1602917208638577755162068383152859,3539151035566930792,198309,25822977,201
-53934742110,22094393503958679552,1603409129098045236261890014597516,3556736316938005060,198316,25822979,8
-17516234933,7178451767173587968,1603568952915383545882237829514537,3556736316938005060,198318,25822980,37
-1652561688,677321835624937323,1603584033069830107175541534841936,3556736316938005060,198318,25822980,432
28407571406,-11629767128809784864,1603324973921785748129051231147641,3556736316938005060,198315,25822985,5
39148797293,-16020958377605647975,1602968098690993279614417680853002,3556736316938005060,198310,25822986,9
5040019991,-2062021570227868857,1602922166081568193656583191483657,3556736316938005060,198310,25822986,126
4789610,-1959515136318399,1602922122432343220170577572048709,3556736316938005060,198310,25822986,635
254941116,-104300821457704223,1602919799076970073937004725508356,3556736316938005060,198310,25822986,1294
47592827110,-19465727751692912671,1602484045788729530004350115134129,3539151035566930792,198304,25822987,2
1640901,-670954839728455,1602484030768596580741041767934752,3539151035566930792,198304,25822987,45
7358599726,-3008762982044068799,1602416675982063684279496522144805,3539151035566930792,198303,25822988,27
133357,-54524201231242,1602416674761473708690246970024831,3539151035566930792,198303,25822988,998
52316291107,-21383644740712023897,1601937969694895827663121037198807,3539024135929864400,198297,25822990,2
16591840927,-6779043976469355406,1601786207181493827289420974585234,3539024135929864400,198295,25822991,8
9964125781,-4070494981233275659,1601695080976783185406410699279579,3539024135929864400,198294,25822992,18
284113,-116057437384862,1601695078378604377648434501576557,3539024135929864400,198294,25822992,1222
-5611340,2294480328175811,1601695129719471130056842383944153,3539024135929864400,198294,25822994,1153
-99046021,40500000000000000,1601696035939968180758544067735641,3539024135929864400,198294,25822995,237
2500000000,-1021216074280353253,1601673173967292200594754189181905,3539024135929864400,198294,25822995,494
1557613318,-636249162833816579,1601658930252037255737025335656448,3539024135929864400,198294,25822997,383
2849365310,-1163870813571458567,1601632874666536418114281490278429,3539024135929864400,198293,25823000,1250
12852352327,-5249287215482944766,1601515358830357171747982469104897,3539024135929864400,198292,25823001,73
47905099014,-19559096948634910815,1601077264288190784516480399811664,3535685660734903605,198287,25823002,2
16012825404,-6535464414926755836,1600930816643672413048511847835375,3535685660734903605,198285,25823003,9
21991510425,-8973652883102507066,1600729733714591758978524770614573,3535685660734903605,198282,25823004,9
4180516915,-1705608181523827561,1600691514196467701248530950687083,3535685660734903605,198282,25823005,87
47482978038,-19366854629507556591,1600257464730383175117118692494352,3534668594631884444,198276,25823006,2
-4957971,2023680000000000,1600257510067669373965806454853776,3534668594631884444,198276,25823006,52
8177812500,-3334419551338348112,1600182770406218400552851850861631,3534668594631884444,198275,25823008,114
-78999820,32242114464153516,1600183492738786354659649220593622,3534668594631884444,198275,25823008,143
-244812456,99915237346704605,1600185731178515567500429930578437,3534668594631884444,198275,25823008,1169
40,-15909122522,1600185731178158970973499315332484,3534668594631884444,198275,25823013,521
8640350935,-3522689538284675928,1600106771521332760541606410094517,3534668594631884444,198274,25823017,8
-25171891055,10273874701040023552,1600336918581996790304609326590178,3535014620697741728,198277,25823020,2
25000000,-10194981124548391,1600336690087999442664917492742911,3535014620697741728,198277,25823020,161
-58828544159,24022314685385154560,1600874715193068578798448762395536,3536031686800760889,198284,25823021,2
-455427084,186034165055379544,1600878881381834554086873926682732,3536031686800760889,198284,25823022,1329
74558439,-30425463240080924,1600878199670311675210955385549716,3536031686800760889,198284,25823022,1753
-67407930,27535044232273239,1600878816310765416491005061231195,3536031686800760889,198284,25823022,1773
-22875850489,9345638405583724197,1601088109553888901651145737358797,3536031686800760889,198287,25823022,1994
-26075184,10654080000000000,1601088348149355463337236142031966,3536031686800760889,198287,25823023,74
860597,-351280220270347,1601088340278587086596216154337085,3536031686800760889,198287,25823026,765
-10669045359,4359540000000000000,1601185971090472705343077712432268,3536031686800760889,198288,25823029,110
4864466359,-1985776284277337994,1601141477878843699457162925464240,3536031686800760889,198287,25823035,56
1022560639,-417416470832306062,1601132125727337751622908529160282,3536206611516061690,198287,25823043,192
432703,-176631122069872,1601132121769944764783535612030096,3536206611516061690,198287,25823045,1126
274324,-111979996208577,1601132119261050259279449457361196,3536206611516061690,198287,25823046,195
85916,-35071295378437,1601132118475283307546585841820258,3536206611516061690,198287,25823047,203
3256116072,-1329137068750611306,1601102339364712175110495351009640,3536206611516061690,198287,25823048,26
-5645543886,2306832269466481371,1601153997743015798353958854433250,3536206611516061690,198287,25823049,330
-11626842883,4751326822212923392,1601260397259649399711478790521990,3536206611516061690,198289,25823051,14
-17928732591,7327840958654956544,1601424391653400120792964579321428,3539545086711022485,198291,25823052,7
-7816036044,3195044052268006874,1601495872845044925266837850643708,3539545086711022485,198292,25823052,212
-3999742713,1635127632233739300,1601532454773097043116003288201729,3539545086711022485,198292,25823053,166
25703063,-10497356053518971,1601532219803288493196386636033413,3539545086711022485,198292,25823054,452
-46905661855,19180989857281896448,1601961346910613399976651062852099,3539545086711022485,198298,25823055,2
-755168,308891359174432,1601961353821291963828746902583657,3539545086711022485,198298,25823058,240
215389,-88013765883519,1601961351851217059827048342628694,3539545086711022485,198298,25823060,222
6362312047,-2599721879056633187,1601903160421957098656774633157786,3539545086711022485,198297,25823063,292
1025552159,-419036021102811611,1601893780839788782927331071681910,3539545086711022485,198297,25823063,313
13266195,-5420475375356563,1601893659509421907343709124315476,3539545086711022485,198297,25823063,714
75805,-30973357751455,1601893658816123146788867190554396,3539545086711022485,198297,25823063,718
930048935,-380009530603327824,1601885152791730168682420043881017,3539545086711022485,198297,25823064,150
-34508835,14114034401361543,1601885468558267787757483366997095,3539545086711022485,198297,25823071,86
58252788324,-23793528775989793481,1601352881031206898476771340859823,3539545086711022485,198290,25823072,2
7711373915,-3148548343530790878,1601282373440886604400264638103552,3536206611516061690,198289,25823072,203
12079353369,-4931433671104450054,1601171885431772489905612869839493,3536206611516061690,198288,25823073,8
3687930572,-1505473551944985724,1601138155529552979182370660521843,3536206611516061690,198287,25823074,301
1032387,-421428041785223,1601138146087522846131651016406300,3536206611516061690,198287,25823074,533
4216396,-1721165131928709,1601138107525084118076106408664333,3536206611516061690,198287,25823080,422
-3812022,1557654444395484,1601138142406641663441958258432872,3536206611516061690,198287,25823080,442
-16806074828,6867895017929350728,1601291939595835578005954910782710,3536206611516061690,198289,25823086,427
4609285,-1881907110015149,1601291897431997677961199927181511,3536206611516061690,198289,25823088,60
15304396999,-6248027006107917911,1601151911352728061119595008859465,3536206611516061690,198287,25823093,5
7111213,-2902901853378914,1601151846313660758471070896130192,3536206611516061690,198287,25823099,187
2611804670,-1066161232396428803,1601127959136053085209432766361190,3536206611516061690,198287,25823100,21
47815881839,-19513235324890175842,1600690768114899297488821146486178,3536206611516061690,198282,25823101,2
17092104660,-6972550491496682073,1600534549198934323571236213918331,3536206611516061690,198280,25823102,7
20057714,-8181541152006657,1600534365892769492206515267586728,3536206611516061690,198280,25823102,993
-51180084322,20903356921681338368,1601002468205178021719954602048287,3536206611516061690,198286,25823105,2
-7927151351,3238760700227221325,1601074995856061776855966202986496,3536206611516061690,198286,25823106,94
-2743288732,1120881529507353875,1601100096476879009647057683981366,3536206611516061690,198287,25823107,231
9049709,-3693985473812175,1601100013713705474645753215489389,3536206611516061690,198287,25823107,357
2210000000,-902084758085834560,1601079802644142255854421570063968,3536206611516061690,198287,25823108,536
-9833679279,4018134210545269760,1601169783307179835276289939871020,3536206611516061690,198288,25823109,80
327923,-133865982227813,1601169780307933196084652619636982,3536206611516061690,198288,25823110,27
-3932179021,1606851880728681472,1601205763575304329429421942851136,3536206611516061690,198288,25823112,95
-43374105941,17729254618723710976,1601602515349568495652826515906760,3539545086711022485,198293,25823117,2
-1099652601,449599430133372268,1601612574022470343539156254163515,3539545086711022485,198293,25823117,266
-33411872438,13663333521253986304,1601918257244974379340240352211116,3539545086711022485,198297,25823119,2
867650,-354526590884171,1601918249309352803659354895513526,3539545086711022485,198297,25823119,382
290657,-118763807129043,1601918246650977791751847755512460,3539545086711022485,198297,25823120,79
636440,-260052636061424,1601918240830034137299824669821321,3539545086711022485,198297,25823121,13
400525,-163656459796636,1601918237166794857778335529894321,3539545086711022485,198297,25823121,49
-35981545352,14720000000000000000,1602247555983037201632455874802011,3539671986348088877,198301,25823121,212
38427,-15707622430306,1602247555631454889084619270804215,3539671986348088877,198301,25823121,240
-3616742260,1479938963912413213,1602280664410678972770283772382070,3539671986348088877,198302,25823121,260
202799,-82902062754052,1602280662555089492734235746306864,3539671986348088877,198302,25823122,235
52549,-21481236197966,1602280662074276897933420453969176,3539671986348088877,198302,25823122,249
15463735137,-6320870118291040627,1602139182601914773703604630389762,3539671986348088877,198300,25823128,17
8046836626,-3288738509795524859,1602065569236259342442122746844836,3539545086711022485,198299,25823128,857
3281273,-1340993007955322,1602065539219856284415323777373024,3539545086711022485,198299,25823131,153
-5330152860,2180577110520826892,1602114208629615171782148454773636,3547952132229289139,198299,25823136,52
4322320902,-1766513207015704772,1602074761199031858131319181258696,3547952132229289139,198299,25823137,547
7136690,-2916661058802495,1602074696068024518233934577063642,3547952132229289139,198299,25823139,157
-24831697,10158510499627827,1602074922800987852081695307794098,3547952132229289139,198299,25823139,526
2117849143,-865523886558120458,1602055595069217943067787727953511,3547952132229289139,198299,25823139,737
21858133832,-8931775645831414073,1601856142498823696475727421441357,3547952132229289139,198296,25823141,19
-600459,245577733950487,1601856147979998062485878549411015,3547952132229289139,198296,25823142,212
5815159318,-2375843824962302243,1601803093786013108258641615192232,3547952132229289139,198296,25823143,48
1000116192,-408592011373838337,1601793969650998689033286843296097,3547952132229289139,198295,25823143,318
87614364350,-35776311140808007751,1600994758563100754229581404520654,3544613657034328344,198285,25823144,2
33736060841,-13766208610604003497,1600687060314846886406738983191447,3544613657034328344,198282,25823145,2
2331068396,-951011455282421396,1600665803586350533664189732510528,3544613657034328344,198281,25823145,154
11378427451,-4641721278531545404,1600562053196778005269183000695572,3544613657034328344,198280,25823146,32
198678,-81043277627159,1600562051385322486614595683718464,3544613657034328344,198280,25823147,163
351728,-143474736612583,1600562048178417348596355673650162,3544613657034328344,198280,25823147,178
-283377300,115709448407266404,1600564633188843286427931119489831,3544613657034328344,198280,25823147,1421
-2998142678,1224233288267004872,1600591983209584994726917661870830,3544613657034328344,198280,25823147,1531
20000000,-8158585173778159,1600591800851287426303506657473813,3544613657034328344,198280,25823149,416
-589756897,240820635554070875,1600597180911967493933757817216616,3544613657034328344,198281,25823150,451
-7997918335,3266020391748780500,1600670145539145389704184251528364,3544613657034328344,198281,25823152,98
-1216577318,496826154591846342,1600681244898853493465657116479520,3544613657034328344,198282,25823152,224
-21943948445,8962658394830072634,1600881475439346675975672219828224,3544613657034328344,198284,25823153,2
-2329836123,951716360301956891,1600902737287430653767898282977251,3544613657034328344,198284,25823153,235
11333980902,-4624959745196314122,1600799361546724141154343167403600,3544613657034328344,198283,25823155,14
52023775522,-21221231966938989869,1600324976216927768229588231083756,3543596590931309183,198277,25823156,2
604047,-246325870032482,1600324970709544080045156367383142,3543596590931309183,198277,25823156,771
238362,-97202071816239,1600324968536288365134270945415204,3543596590931309183,198277,25823156,775
241860,-98628837797272,1600324966331132843314099338023782,3543596590931309183,198277,25823156,779
44056570014,-17961461819986016513,1599923381788549905890378142723352,3543596590931309183,198272,25823157,2
790090603,-322030453340019295,1599916181792603115613879691072622,3543596590931309183,198272,25823157,256
37953,-15469060363718,1599916181446743987185953018763866,3543596590931309183,198272,25823157,272
-42293722,17255538314663043,1599916567055262480874060991739184,3543596590931309183,198272,25823157,768
-27822173,11351253642167596,1599916820721072273827045935119708,3543596590931309183,198272,25823157,825
-38221200,15593990438141021,1599917169199076297992982177816593,3543596590931309183,198272,25823157,885
13874733236,-5654691947423549487,1599790740910448547890125963662390,3543596590931309183,198270,25823158,5
44324629583,-18058638847182123003,1599384857486682500721629686355129,3520789979168613266,198265,25823160,5
9971905763,-4061467090087913894,1599293462493921300548161289676515,3520789979168613266,198264,25823161,404
18192099733,-7408282083179790979,1599126754289140429119149396916595,3520789979168613266,198262,25823162,20
6635462,-2701845691746921,1599126693489640651873716816988262,3520789979168613266,198262,25823162,783
-629280159,256489378494650448,1599132462350445931782426241774971,3520802851212153713,198262,25823163,846
-14942850,6090604334769721,1599132599337984493944650084820699,3520802851212153713,198262,25823164,1311
-76280,31091213433716,1599132600037276151240671508149699,3520802851212153713,198262,25823165,388
32803664177,-13354674841931903606,1598832070616962740442416255616292,3520342027751700533,198258,25823167,5
465702,-189555895405390,1598832066350853036236579264414297,3520342027751700533,198258,25823167,304
1364780391,-555505941755903885,1598819564237511741184233402891121,3520342027751700533,198258,25823167,343
274501,-111728838163922,1598819561722963303050052564535878,3520342027751700533,198258,25823170,229
15871506549,-6459534154565250175,1598674184649448890039860922146735,3520342027751700533,198256,25823172,5
-612202274,249387350270847637,1598679794508408564760333161406583,3520342027751700533,198257,25823172,88
10377000638,-4222723336699397076,1598584758682873605194951723237898,3520342027751700533,198255,25823174,321
12152356395,-4944532449966782859,1598473477955769593011350177792901,3520342027751700533,198254,25823175,26
223661790,-90996720401818830,1598471430000515408578526164052555,3520342027751700533,198254,25823175,108
-840779,342412569772843,1598471437702935841528485535508371,3520342027751700533,198254,25823175,432
477177704,-194138803139068723,1598467068451163095374393808640384,3520342027751700533,198254,25823176,159
-18272380444,7442280455950920704,1598634479282750525563785981257444,3520342027751700533,198256,25823179,213
1199216,-487999358803767,1598634468299927776703118588591152,3520342027751700533,198256,25823179,255
-17368683529,7075652872355851264,1598793632004977068618345765946910,3520342027751700533,198258,25823180,2
-6365638640,2593586174894155201,1598851973587359321701355237165224,3520342027751700533,198259,25823180,215
5076627639,-2066344950700527416,1598805468812461302040013123768792,3520342027751700533,198258,25823190,512
72932,-29684505790784,1598805468144387339223975392949295,3520342027751700533,198258,25823190,772
-3199474708,1303574722704406800,1598834791485486343035133456440145,3520342027751700533,198258,25823191,210
-7187775067,2928718207092914748,1598900671715805078795298680757559,3520342027751700533,198259,25823192,58
-6377265648,2598671530670530048,1598959121993562671590090170569663,3520802851212153713,198260,25823193,23
-1548053589,630844906130433024,1598973310715429227329702188817553,3520802851212153713,198260,25823193,224
-2453978755,1000040000000000000,1598995803231858450323090917759051,3520802851212153713,198261,25823193,533
-1300528728,530000000000000000,1599007723788743663101075824701767,3520802851212153713,198261,25823194,13
-4519190904,1841751768195950336,1599049147763689363184135937461659,3520802851212153713,198261,25823195,55
-2873623896,1171166764199021690,1599075489197717108501153336475629,3520802851212153713,198261,25823196,90
-11663171,4753490650791934,1599075596111407119996167137494354,3520802851212153713,198262,25823196,136
-9817649716,4001547722590981917,1599165597389248703846714367254562,3520802851212153713,198263,25823196,302
-25654788,10457151913003114,1599165832587501979818861626888617,3520802851212153713,198263,25823196,871
-25742575,10492937756867930,1599166068590636741594568667322916,3520802851212153713,198263,25823196,918
8773,-3572140285091,1599166068510253339572057043354219,3520802851212153713,198263,25823196,987
-1291680258,526506096615623307,1599177910483602618576798499716265,3520802851212153713,198263,25823196,1153
-2176253278,887087491153116800,1599197862515490262757442078907736,3520802851212153713,198263,25823199,101
-24908927361,10154989630566500352,1599426264650508968154502274963447,3520802851212153713,198266,25823200,2
-508979404,207533379111235131,1599430932411737790621767788305223,3520802851212153713,198266,25823201,150
61992,-25251677398433,1599430931843502622329945130590895,3520802851212153713,198266,25823201,831
-208827261,85148446387450028,1599432846969726865893175224123687,3520802851212153713,198266,25823202,606
-5387251852,2196700000000000000,1599482254304273558175060969559660,3520802851212153713,198267,25823203,242
-6016332038,2453373474413406528,1599537434640240382945587358721698,3520802851212153713,198267,25823209,135
97127,-39568580430840,1599537433749833832702637891354786,3520802851212153713,198267,25823209,282
-2452150055,1000000000000000000,1599559925366598385113930168605194,3520802851212153713,198268,25823209,292
-3664423329,1494423985106083328,1599593537378155146320705855921980,3520802851212153713,198268,25823211,108
-214372770,87427381386510538,1599595503761312020078542081922673,3520802851212153713,198268,25823214,51
10641079603,-4335140583372547581,1599497950664141761437759958941696,3520802851212153713,198267,25823216,70
61699,-25134373940031,1599497950098546257409607864391378,3520802851212153713,198267,25823216,486
52810585851,-21507036141378588624,1599013980098913175601101696113603,3520802851212153713,198261,25823220,2
58792,-23935467961003,1599013979560296494801579560798576,3520802851212153713,198261,25823223,49
58188,-23689441216144,1599013979027216121414970203934553,3520802851212153713,198261,25823223,64
-189540155185,77327651809989601150,1600746456101766485801741849309452,3544626529077868791,198282,25823227,26
8702131688,-3550363740903833601,1600667099703245635870591829053805,3544626529077868791,198281,25823227,102
442098,-180361269043306,1600667095671878207505859747021194,3544626529077868791,198281,25823227,241
1508688793,-615490844648596378,1600653338451402134733013292156631,3544626529077868791,198281,25823227,272
1000073225,-407988128308233596,1600644219253803084895014577262475,3544626529077868791,198281,25823227,286
867468153,-353887029111956696,1600636309303678814310229414098652,3544626529077868791,198281,25823227,297
159853846666,-65153282650949922006,1599176175093254771890593577566208,3520802851212153713,198263,25823227,301
33000000,-13437859951792257,1599175872702863404768825837725372,3520802851212153713,198263,25823231,41
5645508347,-2298820670838041068,1599124142644295200161599476125499,3520802851212153713,198262,25823234,49
549669,-223814955654798,1599124137607816752174579638187221,3520802851212153713,198262,25823240,238
-64452683671,26279911200590397440,1599715215299146899844039513597024,3520802851212153713,198269,25823241,11
-73514027290,29992901492833350702,1600101588560430605270739325158932,6147150150261547614,198274,25823241,57
33316832230,-13580008118263218177,1599797966194201919222478478536365,3543609462974849630,198271,25823241,97
15712709996,-6402743420888696482,1599654422135889462242117501303403,3520802851212153713,198269,25823241,311
2463302724,-1003662338458851888,1599631836854571172107575657234432,3520802851212153713,198268,25823242,727
1945990503,-792865610924479902,1599613995104229295047414119698347,3520802851212153713,198268,25823243,106
14126256366,-5755008151685319339,1599484490914309753962082291812922,3520802851212153713,198267,25823244,146
21847220306,-8898678396313072158,1599284245127215331290754120515747,3520802851212153713,198264,25823247,2
-11472645,4677060266976929,1599284350321862440851014874006889,3520802851212153713,198264,25823248,159
241992143,-98554320419785524,1599282132566979626725819576376362,3520802851212153713,198264,25823248,270
-8078922577,3293682764934767680,1599356212817472550885486438227173,3520802851212153713,198265,25823251,16
-4168319409,1699494672991079168,1599394437200350864559763042311495,3520802851212153713,198265,25823255,130
176584,-71925750309173,1599394435581815185263291831731127,3520802851212153713,198265,25823255,307
-1708772630,696719121221239552,1599410105921282229118457522233598,3520802851212153713,198266,25823256,148
-3133108257,1277500000000000000,1599438838961698944823883406420995,3520802851212153713,198266,25823256,197
-3500207054,1427235900872631589,1599470939804613982767983115975656,3520802851212153713,198266,25823257,60
-14203617142,5792220296376567206,1599601216203735946703300500476219,3520802851212153713,198268,25823257,165
150013,-61118558191309,1599601214828393087232625213408248,3520802851212153713,198268,25823258,371
-3355895061,1368668318165418309,1599631998391683048308604300854910,3520802851212153713,198268,25823258,1259
-26769399036,10919513958412851200,1599876550836230388177441519553504,3543609462974849630,198272,25823259,16
-7189209196,2933120422731545600,1599942096870882956796086933679558,3543609462974849630,198272,25823260,69
-18395955094,7506447248127331328,1600109842404830461014831915026187,3543609462974849630,198274,25823261,2
-32004699853,13063231127168245062,1600401764616240548287725677055395,3543609462974849630,198278,25823261,67
1521461,-620500902954713,1600401750743056470527317744064725,3543609462974849630,198278,25823262,81
-4105288777,1675984296123156234,1600439203731314124360146439508116,3543609462974849630,198279,25823262,1250
229044,-93415728599187,1600439201642721517252817589840619,3543609462974849630,198279,25823263,102
-32004895959,13068689639132751904,1600731183853769400248030653056089,3544626529077868791,198282,25823264,292
17781901,-7255019512143714,1600731021692294774650401912818058,3544626529077868791,198282,25823265,100
-4280102041,1748072640000000000,1600770074420073423451466755444714,3544626529077868791,198283,25823265,185
9566782,-3903438766495001,1600769987171874376428077279914733,3544626529077868791,198283,25823265,327
-765758,312757385475765,1600769994159014816854497028148555,3544626529077868791,198283,25823268,913
66102,-26970553698386,1600769993556179117807992866583823,3544626529077868791,198283,25823269,12
-4847717302,1980000000000000000,1600814227645330999177240993710153,3544626529077868791,198283,25823270,164
9920000,-4047782324927393,1600814137170818880366331059681127,3544626529077868791,198283,25823272,230
26142726,-10667342732506103,1600813898738375667169439828550688,3544626529077868791,198283,25823276,58
-19191689492,7839718126341022720,1600989041561873742506241451945868,3544626529077868791,198285,25823278,8
611511,-249576935556952,1600989035983423700475323215578296,3544626529077868791,198285,25823278,710
16349735,-6672844745799306,1600988886834501066254333083371398,3544626529077868791,198285,25823279,150
300444,-122620384904755,1600988884093736220338959126939936,3544626529077868791,198285,25823279,388
8056615232,-3288008644712236887,1600915391757910551079628416587561,3544626529077868791,198285,25823287,56
11404125465,-4653654740113466930,1600811375012842939283716693089934,3544626529077868791,198283,25823288,127
500000000,-204019989756329331,1600806814834564078946795690990938,3544626529077868791,198283,25823289,184
-26786206729,10942420882433531904,1601051273430953459377774001841096,3544626529077868791,198286,25823290,40
-3785743252,1546781770666912709,1601085829230318199347144457888480,3544626529077868791,198287,25823290,177
484344,-197699712846485,1601085824811408379107337596485290,3544626529077868791,198287,25823292,148
-7847757220,3206655091926475776,1601157462926163737732082668944362,3544626529077868791,198288,25823292,319
-39400810,16100203713795717,1601157822611944767778169820274272,3544626529077868791,198288,25823294,1304
-28771011170,11758520421773932544,1601420414567530526963063655813611,3547965004272829586,198291,25823296,2
-149439414,61084958151373337,1601421777948838198473278503332072,3547965004272829586,198291,25823296,19
17734,-7241666773481,1601421777787127485060774465368862,3547965004272829586,198291,25823297,364
55820,-22794193086424,1601421777278119636319916918893409,3547965004272829586,198291,25823297,391
-14894554845,6088830375429144576,1601557676487526821029546231735529,3547965004272829586,198293,25823299,7
-7340031100,3000953481912811676,1601624656051829586709593677521406,3547965004272829586,198293,25823299,211
31821,-12997437092526,1601624655761589108859489154015214,3547965004272829586,198293,25823301,1451
-9838671385,4022910098485194751,1601714444812718946757279313751736,3547965004272829586,198294,25823302,164
-14273253498,5836957351033798732,1601844722360365860876003261526705,3547965004272829586,198296,25823303,647
16373432079,-6689038314090900911,1601695352168164218170582711140352,3547965004272829586,198294,25823307,39
97500000,-39827939264916040,1601694462786662177185918539374508,3547965004272829586,198294,25823307,265
-19324296,7901710450970618,1601694639148317378610567846155937,3547965004272829586,198294,25823310,415
444170,-181439316415315,1601694635096669848232558047689942,3547965004272829586,198294,25823310,419
-5071137532,2073649800000000000,1601740917773478282846242576829818,3547965004272829586,198295,25823312,63
-27875230412,11400660886056159548,1601995373999978967305750184315560,3547965004272829586,198298,25823313,83
28705031,-11730164111129835,1601995112058458293805801442338336,3547965004272829586,198298,25823313,851
378980808,-154868211683433843,1601991653759453435565868682641216,3547965004272829586,198298,25823316,85
157604052,-64403744087637063,1601990215585656073605224065064746,3547965004272829586,198298,25823318,1375
14539274213,-5940870844440064308,1601857552416720442867425645703515,3547965004272829586,198296,25823322,26
182633,-74618934571730,1601857550750435384313992070466961,3547965004272829586,198296,25823322,150
100000000,-40857441641803748,1601856638379534765087730574380169,3547965004272829586,198296,25823323,326
4358526790,-1780737318538157029,1601816873459221727141228348822544,3547965004272829586,198296,25823326,1193
1193599001,-487646210188004370,1601805984030170507176724678809619,3547965004272829586,198296,25823326,1370
131231,-53614050529270,1601805982832936965339226289674698,3547965004272829586,198296,25823326,2089
-127085882,51972724168758465,1601807142834396978773755020348605,3547965004272829586,198296,25823327,376
2471492351,-1009711354717757505,1601784595381080011139824363894239,3547965004272829586,198295,25823327,1768
130833,-53449939501892,1601784594187511165862713120225126,3547965004272829586,198295,25823330,122
2204990875,-900809998738090821,1601764478566052514187752991551028,3547965004272829586,198295,25823330,988
-148614079,60773699449448753,1601765835000244088761830748618336,3547965004272829586,198295,25823330,1002
-25676341,10500000000000000,1601766069354235051249056743844708,3547965004272829586,198295,25823330,1011
-17117557,7000000000000001,1601766225590229026240540740662289,3547965004272829586,198295,25823330,1032
1000000000,-408525736402024405,1601757102968276459150687336852196,3547965004272829586,198295,25823330,1164
26322418047,-10751712124301877893,1601517010860697916867540600591717,3547965004272829586,198292,25823332,7
2815775571,-1149946977354364681,1601491331862766737536619632960042,3547965004272829586,198292,25823332,494
25522021767,-10421369012933087901,1601258562795687347616781139591116,3544626529077868791,198289,25823333,12
5146384310,-2101048309929141244,1601211600952011057294011625755589,3544626529077868791,198288,25823333,864
24833072614,-10136548184281506997,1600985032629427619413837423538254,3544626529077868791,198285,25823334,2
-111131620,45401531367622564,1600986046920026683734510496538664,3544626529077868791,198285,25823334,195
31499111568,-12853431543863070057,1600698751839749755761863164370688,3544626529077868791,198282,25823335,2
-84648809,34569914822152722,1600699524147171076998553184681666,3544626529077868791,198282,25823335,170
65848120335,-26854912064244797187,1600099153840222562262955710443864,3543609462974849630,198274,25823338,5
74062500,-30193649003431640,1600098478769407017509530700224362,3543609462974849630,198274,25823339,717
127521832930,-51949972113374076314,1598931938049395637111502048976113,3520802851212153713,198260,25823340,2
-928517745,378364610507479403,1598940448081212440478666673797063,3520802851212153713,198260,25823341,468
4599541,-1872417408091703,1598940405946450293329968310149972,3520802851212153713,198260,25823341,703
24319337498,-9898728513718668478,1598717630252231802333827565238500,3520342027751700533,198257,25823343,5
26300573562,-10702049236122617513,1598476771923856049905925625946182,3520342027751700533,198254,25823344,2
1923384355,-782523852784874916,1598459160587658889572147091474427,3520342027751700533,198254,25823344,1013
131328129462,-53389751944151766011,1597257403782856283477000871418933,3506044556689512821,198239,25823345,5
15778370936,-6409087951513337345,1597112573831730342880664301894083,3506044556689512821,198237,25823345,437
47019349664,-19092111969642359271,1596681138085431779366553295809041,3506044556689512821,198232,25823346,8
-2411113,979742907828362,1596681160214191826192218878955363,3506044556689512821,198232,25823347,718
-302332652,122851438302938598,1596683934972730919788965319928084,3506044556689512821,198232,25823348,91
-362504185,147302417918300305,1596687261988251406052914508434893,3506044556689512821,198232,25823348,184
-487897155,198256419764358464,1596691739865769736414137318596069,3506044556689512821,198232,25823348,230
-247519803,100579798374071651,1596694011590531399964697175925466,3506044556689512821,198232,25823348,260
-865794219,351818173941790747,1596701957858770816656300429591160,3506044556689512821,198232,25823348,533
-1502144784,610409513869190939,1596715744746692925702690234974371,3506044556689512821,198232,25823348,612
-1160134385,471437846993857769,1596726392779875674504837059471377,3506044556689512821,198232,25823348,639
-115325922,46864745745687898,1596727451280738477893729254065807,3506044556689512821,198232,25823348,825
163596,-66413651434605,1596727449779949915755494305701560,3506044556689512821,198232,25823348,839
-238744158,97018144923057696,1596729641060164384641627660195791,3506044556689512821,198232,25823348,973
-1152436163,468317691153968724,1596740218620594191911540381932714,3506044556689512821,198232,25823348,990
-5391193051,2190911855866037123,1596789703196960932509358273392628,3506044556689512821,198233,25823348,1025
-84630754,34393938016604339,1596790480028510672256904405189257,3506044556689512821,198233,25823348,1417
-135334476,55000000000000000,1596791722274606919201373687520481,3506044556689512821,198233,25823348,1667
-52500690,21336330085624815,1596792204183202502904264247914678,3506044556689512821,198233,25823348,1712
-569700165,231527514497354787,1596797433531403559210171805531432,3506044556689512821,198233,25823349,963
-748320364,304121496171443345,1596804302508519991129500420033397,3506044556689512821,198233,25823349,1002
-9381427368,3812885508336058880,1596890421456486664140178610332139,3506044556689512821,198234,25823350,215
22685364,-9211270842689351,1596890213303951381878159528589803,3506044556689512821,198234,25823350,434
-4426898943,1799363113976282624,1596930854245843523385334594390268,3506044556689512821,198235,25823350,484
-898314913,365141428835775840,1596939101437017146549309658645127,3506044556689512821,198235,25823350,654
-3761708940,1529076892052746696,1596973637615199218096400065757679,3506044556689512821,198235,25823351,83
-195990647,79669000000000000,1596975437042549070784016852194884,3506044556689512821,198235,25823352,1359
-501213474,203741029208537534,1596980038797061427882935237551061,3506044556689512821,198235,25823352,1416
-24600443,10000000000000000,1596980264659988018236475107065829,3506044556689512821,198235,25823352,1999
-15070230950,6126531483056064512,1597118640293049116406545220251148,3506044556689512821,198237,25823353,2
41834,-16991296472929,1597118639909086740424539829098265,3506044556689512821,198237,25823353,647
241491,-98084070097658,1597118637692622996137354165463341,3506044556689512821,198237,25823353,651
215631,-87580780478622,1597118635713508299592184154731308,3506044556689512821,198237,25823353,654
-48887705,19876145196243092,1597119084641940635418320191361349,3506044556689512821,198237,25823353,661
-15604693695,6344930189974822613,1597262393092112555548262493430777,3506044556689512821,198239,25823354,9
-122429888,49784978864347100,1597263517550215209581411375603198,3506044556689512821,198239,25823355,556
-11660035454,4741766226138190848,1597370396537611978797247546401237,3520638783430376166,198240,25823356,19
-7749612739,3151872000000000000,1597441290538354493539449244203362,3520638783430376166,198241,25823356,172
-68770818,27971271770645419,1597441919686797602021634375896774,3520638783430376166,198241,25823358,281
-20550831096,8359661542112789504,1597629950752644729073086437048235,3520638783430376166,198243,25823360,6
-3502641831,1425000000000000000,1597662002800144780949443541450960,3520638783430376166,198244,25823361,296
-1474766,600000000000000,1597662016295743728339707270758076,3520638783430376166,198244,25823361,950
-250655633,101977872713096901,1597664310049863134954420165493959,3520638783430376166,198244,25823362,205
3000000,-1219315081568849,1597664282610497900074240358747084,3520638783430376166,198244,25823363,1149
-13133120815,5343547770483458048,1597784473239942343652541973390804,3520638783430376166,198245,25823366,5
-12414194049,5051773156588470272,1597898101080766526568100609683310,3520638783430376166,198247,25823367,13
30280110,-12310598061325005,1597897824044091125263500896152866,3520638783430376166,198247,25823369,441
-20269960970,8250103362564205690,1598083390854517262546222906213785,3520638783430376166,198249,25823370,44
-5756772957,2343421098316421632,1598136102302460810029533817869369,3520342027751700533,198250,25823371,15
-2456452259,1000000000000000000,1598158596863446289532756633903581,3520342027751700533,198250,25823372,157
-2328044945,947752500000000000,1598179916139856680195634815857045,3520342027751700533,198250,25823372,214
-7172253500,2920000000000000000,1598245600257934280345045438676945,3520342027751700533,198251,25823373,108
-4386278899,1785879811583100000,1598285772840268673032516008365341,3520342027751700533,198252,25823374,378
-5658000801,2303795826958027008,1598337595715996273555595315069152,3520342027751700533,198252,25823375,76
131924,-53664161291921,1598337594508240646826492598682822,3520342027751700533,198252,25823375,306
183706,-74728050581998,1598337592826425047884260614404966,3520342027751700533,198252,25823375,337
-5404074991,2200543100841415613,1598387093077408101280085418236936,3520342027751700533,198253,25823377,45
-4840228179,1971060000000000000,1598431431206784140509707782009330,3520342027751700533,198253,25823377,86
-12802709380,5214105439841306171,1598548720219585371200435323302864,3520342027751700533,198255,25823381,463
-30281839,12333663964059271,1598548997659941585142578403972039,3520342027751700533,198255,25823393,628
59640000,-24266828585690807,1598548451515213676188917957828873,3520342027751700533,198255,25823396,71
443764,-180562346563765,1598548447451511108445130720242211,3520342027751700533,198255,25823401,1756
115433,-46968225484983,1598548446394452966822612450043642,3520342027751700533,198255,25823401,1760
1070662,-435639600639947,1598548436590029190649286051220391,3520342027751700533,198255,25823401,1764
5972023679,-2429863597394098520,1598493750532122259019795661216907,3520342027751700533,198254,25823402,75
-4053553488,1650919575500000000,1598530887243195465702920223546023,3520342027751700533,198255,25823402,885
1217854719,-495516532216062887,1598519735240340790819882613181542,3520342027751700533,198255,25823406,213
13577587407,-5523933805182410178,1598395414614167276483844501851874,3520342027751700533,198253,25823407,15
3750000000,-1525506351456013353,1598361081852129694071491145562136,3520342027751700533,198253,25823407,493
528029056,-214797850603363219,1598356247651679521716063119425068,3520342027751700533,198253,25823407,543
-8357830825,3403451590753032729,1598432806801048843038851472895942,3520342027751700533,198253,25823411,33
3739495237,-1521304261690924796,1598398568610461472976456872080877,3520342027751700533,198253,25823411,261
106638,-43381344826657,1598398567634128999904568698650505,3520342027751700533,198253,25823414,177
3505953741,-1426235540329583332,1598366469042491579070339013034579,3520342027751700533,198253,25823417,203
53341032630,-21692275055695845581,1597878286807789758828169023079696,3520638783430376166,198247,25823418,2
12381532476,-5033321082154366740,1597765017368573151032728567846211,3520638783430376166,198245,25823419,64
-8716082,3546542678083285,1597765097139769206391767182690142,3520638783430376166,198245,25823423,406
-1082953694,440652740000000000,1597775008594192720784369919022441,3520638783430376166,198245,25823435,268
-1067517108,434376960000000000,1597784778889599631755523810169710,3520638783430376166,198245,25823437,3
19152751764,-7784733501728603409,1597609591894015769387711639581453,3520638783430376166,198243,25823439,2
35028727961,-14233189610843300288,1597289176939053419688481097882488,3506101942026728631,198239,25823444,2
122932,-49940603746258,1597289175810534530308496353129449,3506101942026728631,198239,25823444,505
133155,-54093717437940,1597289174588166810533525335730009,3506101942026728631,198239,25823444,509
20248448663,-8224924980560761050,1597103314135789087675864258088762,3506101942026728631,198237,25823446,5
-479309840,194868480000000000,1597107715420270173324697154252237,3506101942026728631,198237,25823447,688
27670443226,-11236708372422161416,1596853797031194174565836138472219,3506101942026728631,198234,25823449,19
101854489177,-41331438004397296057,1595922601153019149379496757650685,3522439821867975421,198222,25823451,5
18389846064,-7457267608911305271,1595754869228583357254979658045519,3522439821867975421,198220,25823452,17
14571555616,-5907798644041500620,1595621716939700361562827431140416,3512813586501677990,198218,25823453,14
60000363334,-24315773798973388694,1595073297836105484784929894923009,3512813586501677990,198211,25823454,42
-11219271491,4550005349088197632,1595175867559799685853320749716327,3512813586501677990,198213,25823455,49
137126657087,-55516443464066378128,1593922885662222004974175898170777,3494554848740005945,198197,25823456,5
-733435570,297000000000000000,1593929615846724069130494063811863,3494554848740005945,198197,25823457,421
53379127729,-21587383670870782080,1593440189062551486632318589622891,3494554848740005945,198191,25823458,14
-325409766,131692476208513024,1593443173287004069080048244961292,3494554848740005945,198191,25823458,383
3407651,-1377691152662355,1593443142052142044535491214950210,3494554848740005945,198191,25823460,9
-1164991158,471472881691634757,1593453825888780107053142026891812,3494554848740005945,198191,25823461,1503
87676,-35447247894590,1593453825085124008225955406753727,3494554848740005945,198191,25823461,1531
110250,-44573603592856,1593453824074556178513802736311279,3494554848740005945,198191,25823461,1564
492091723,-198951595939089721,1593449313465892755247353689477437,3494554848740005945,198191,25823463,70
-13529113,5475249369167980,1593449437538076086260442591413510,3494554848740005945,198191,25823464,884
-6509713,2634489467486063,1593449497237066607896604659501757,3494554848740005945,198191,25823464,903
-4999007324,2023163164502710300,1593495343234961837580416158131901,3494554848740005945,198192,25823465,122
-9848929,3986104340642229,1593495433562294016034895122826546,3494554848740005945,198192,25823465,188
-24708151,10000000000000000,1593495660167832806073828394396952,3494554848740005945,198192,25823465,511
4166730246,-1684652677002236696,1593457465907948246466259722643603,3494554848740005945,198191,25823466,380
-3414266149,1381799054419460772,1593488778239870875289931619182279,3494554848740005945,198191,25823466,489
-2841274017,1149942896002718976,1593514836582823522674110060936003,3494554848740005945,198192,25823467,326
-14216487667,5754374281789759488,1593645233891275973851194195454779,3494554848740005945,198193,25823468,5
-6663309147,2697416134087332384,1593706358834916554237078378767275,3494554848740005945,198194,25823468,85
389987411,-157721120991003900,1593702782999038541694977725975265,3494554848740005945,198194,25823468,530
236284,-95558875157739,1593702780832538252421383943556174,3494554848740005945,198194,25823469,573
-2499502632,1011888224448960600,1593725710780167907677741825537526,3494554848740005945,198194,25823469,668
9494334,-3839858605186395,1593725623723316671476593422874761,3494554848740005945,198194,25823469,671
19755,-7989600811800,1593725623542177322134387455767389,3494554848740005945,198194,25823469,675
-12455395,5042462653582064,1593725737807173966495671086191849,3494554848740005945,198194,25823470,193
38100,-15408662569699,1593725737457830466381544804585409,3494554848740005945,198194,25823470,509
-39678104,16063353860065726,1593726101462326089906092094604205,3494554848740005945,198194,25823471,8
-255412647,103401881599999996,1593728444606235277087305160767295,3494554848740005945,198195,25823471,32
-3831225,1551044996311193,1593728479753773984756479965533328,3494554848740005945,198195,25823472,182
-44274550858,17928814021505533952,1594134710468933906194869596621498,3513676151989701580,198200,25823473,2
-20195119402,8180968545929963520,1594319086887222037102375403659171,3513676151989701580,198202,25823474,5
-400165975,162124884593401060,1594322740733996888614741568061347,3513676151989701580,198202,25823474,396
-27189955134,11017590839645042688,1594571046778174076958457836747591,3513676151989701580,198205,25823475,9
-1395564056,565586493158003250,1594583793534411453871443974248619,3513676151989701580,198205,25823476,890
92027,-37258805647877,1594583792694280895087364419642751,3513676151989701580,198205,25823476,952
60116,-24338936023078,1594583792145474148179642496370782,3513676151989701580,198205,25823476,962
42996,-17407696364122,1594583791752956529344826093783575,3513676151989701580,198205,25823476,973
-31893244872,12927983192655325184,1594875152760319990511582961997851,3513676151989701580,198209,25823477,2
-4989371823,2022878052681317146,1594920742840258948781799508177542,3513676151989701580,198209,25823477,137
-15438306627,6260000000000000000,1595061859902798199821017385355646,3512813586501677990,198211,25823477,460
-8018834432,3251953307392996108,1595135167937979429962488563778701,3512813586501677990,198212,25823478,250
-4123221034,1672244954372173312,1595172864971226511294735593574112,3512813586501677990,198213,25823481,33
-7867027834,3190831057065439743,1595244795141581951376985835028403,3512813586501677990,198214,25823481,178
-107313630,43527914838136798,1595245776381351005077741578534243,3512813586501677990,198214,25823481,474
-33090957596,13424711369703176192,1595548406560926682557823826286942,3512813586501677990,198217,25823482,5
2398118,-972106780825397,1595548384635984719112092372741765,3512813586501677990,198217,25823483,127
-1903245,772276559282609,1595548402045237505375128951458825,3512813586501677990,198217,25823484,103
-5743116037,2330450545493773824,1595600936855681672853400646792650,3512813586501677990,198218,25823487,94
-3294757498,1337021090441083648,1595631077014494308806719963275987,3512813586501677990,198218,25823488,179
-28343290616,11503864873738106880,1595889943367991548618879316815238,3522439821867975421,198222,25823490,22
-1423283811,577775277076994544,1595902932428933956002178184449854,3522439821867975421,198222,25823490,396
-8004041873,3249377808629623572,1595975982225378555172208188377690,3522439821867975421,198223,25823491,322
236740,-96016709841195,1595975980065731300404058301226555,3522439821867975421,198223,25823492,139
-1546310455,627785482500827323,1595990093414319379951033684438431,3522439821867975421,198223,25823494,18
3526021303,-1430079536969912316,1595957927478294022694528547588525,3522439821867975421,198222,25823494,74
194029,-78692065646837,1595957925708319777302157563078994,3522439821867975421,198222,25823497,550
-656587,266559017877024,1595957931700876858437914350260381,3522439821867975421,198222,25823497,614
-2445244085,992725558360371996,1595980249337396941553418784210944,3522438224502980195,198223,25823498,83
-36397543210,14780037545199878144,1596312521940745399577255299832480,3522438224502980195,198227,25823499,2
-9847855153,4000000000000000000,1596402446638793645172133720055052,3522438224502980195,198228,25823499,539
-10968643339,4455772088884254208,1596502617628709824445033694629975,3522438224502980195,198229,25823500,2
-19023216338,7729095902952620736,1596677109472728976201032181785387,3506100344661733405,198231,25823500,149
-1451448670,589790180288010584,1596690430434386037734447828372776,3506100344661733405,198232,25823501,1493
-6074039647,2468267724144491008,1596746178564503489414145156991005,3506100344661733405,198232,25823503,17
-5020432895,2040250555384657570,1596792259527407628843787687031640,3506100344661733405,198233,25823503,92
500247,-203097322799492,1596792254937970329517823213840563,3506100344661733405,198233,25823505,344
-50818156,20652560462036946,1596792721395322841888448253804739,3506100344661733405,198233,25823508,706
-1229381329,499625740765105364,1596804005908965240740723541345756,3506100344661733405,198233,25823513,63
55432084063,-22498309852898261727,1596296643193105510194177106208255,3522438224502980195,198227,25823517,2
-11995022323,4872098878461890592,1596406173698232230575334401322863,3522438224502980195,198228,25823517,205
1172671,-475867849823748,1596406162994812344064967627007747,3522438224502980195,198228,25823518,272
773222466,-313771118621160292,1596399105522801771756314720814373,3522438224502980195,198228,25823518,743
3566043,-1447081629025110,1596399072974432952034860840690596,3522438224502980195,198228,25823521,151
997678,-404852558160832,1596399063868318883332344507654907,3522438224502980195,198228,25823521,272
-497989826,202284530000000000,1596403611462138903651715645565373,3522438224502980195,198228,25823521,458
1000000000,-405794868753010840,1596394484153223910667409804775215,3522438224502980195,198228,25823529,861
-8481169841,3445206847224690176,1596471936449586517781400273848154,3522438224502980195,198229,25823533,16
-1540379231,625766187703288048,1596486004408456022769704310196906,3522438224502980195,198229,25823533,734
1888460,-766410543616829,1596485987170027629639353982714988,3522438224502980195,198229,25823534,52
-252507651,102580172841532011,1596488293292794757541683608641579,3522438224502980195,198229,25823534,67
-4349199519,1766890558661616384,1596528056415580323827334056918905,3506100344661733405,198230,25823535,18
-8370166298,3400682790994103333,1596604864010180389991394657681765,3506100344661733405,198231,25823535,207
60820,-24686568585395,1596604863452332275124626004586264,3506100344661733405,198231,25823535,211
33149638,-13455419173539294,1596604559397105047573247420633762,3506100344661733405,198231,25823535,1023
-29970429,12177154352053063,1596604834429500698186803606188540,3506100344661733405,198231,25823535,1043
-15089511814,6131486428807030784,1596743319772846100044980155710138,3506100344661733405,198232,25823537,16
-7249575299,2946177532468885000,1596809861942004883477145201414745,3506100344661733405,198233,25823540,200
-35296750509,14347865580337301504,1597133921876612498390040040842847,3506100344661733405,198237,25823541,2
13395081459,-5440242112028146968,1597010987464074942997331344063248,3506100344661733405,198236,25823545,43
-24755865898,10065000000000000000,1597238314882467788452064034708625,3506100344661733405,198239,25823546,114
-27666548,11250000000000000,1597238568974217109814345777656440,3506100344661733405,198239,25823546,156
10189920,-4139367215077099,1597238475435976277181511179000607,3506100344661733405,198239,25823548,269
92912,-37742652790924,1597238474583096799960705197405414,3506100344661733405,198239,25823548,404
480719,-195278245495002,1597238470170349003641947565161172,3506100344661733405,198239,25823548,408
200247,-81344327044910,1597238468332192382557166756402885,3506100344661733405,198239,25823548,436
605648,-246027307200428,1597238462772656270734041098401086,3506100344661733405,198239,25823548,474
123418,-50134955074963,1597238461639745065162780495506820,3506100344661733405,198239,25823548,483
3130920758,-1271825157540222900,1597209721911737922710735247849450,3506100344661733405,198238,25823549,336
-3402436,1383476853200706,1597209753158853813855684721317458,3506100344661733405,198238,25823549,375
279290,-113449443787112,1597209750595210424925398672961102,3506100344661733405,198238,25823549,1241
-31315583786,12735632880766840832,1597496651282434762554937545756287,3520694571402596750,198242,25823550,2
-35728163859,14535752439324806166,1597823593910574501008712894204340,3520694571402596750,198246,25823551,119
9504700,-3863844596662241,1597823506960314708304787893313000,3520694571402596750,198246,25823551,479
7104595160,-2888038069312616574,1597758515821531622716293925947322,3520694571402596750,198245,25823551,484
2824291,-1148035232454765,1597758489986651565855385981287106,3520694571402596750,198245,25823551,488
-52104558026,21207313464021176320,1598235501464189111571961665768405,3520397815723921117,198251,25823554,8
114831,-46704864088086,1598235500413074789875158144023068,3520397815723921117,198251,25823554,743
34770494182,-14139353924275058577,1597917304569155133094191128970795,3520694571402596750,198247,25823556,8
2063000000,-838738017852393147,1597898429977611445762418405366494,3520694571402596750,198247,25823556,713
17083434655,-6944719098673825694,1597742149072748276639214100432980,3520694571402596750,198245,25823557,89
82356,-33475565573869,1597742148319428868847798951633395,3520694571402596750,198245,25823557,527
9990162943,-4060548930172092416,1597650771511809731377926645557802,3520694571402596750,198244,25823559,110
2039983,-829113295196546,1597650752853808714152644846301557,3520694571402596750,198244,25823561,169
722155,-293506141708706,1597650746248875561724144471974760,3520694571402596750,198244,25823566,123
-12320286359,5012716888353445888,1597763493823549780237869669290325,3520694571402596750,198245,25823570,20
166312,-67603627456542,1597763492302227474637550270384104,3520694571402596750,198245,25823570,86
-3217526921,1309221760000000000,1597792939721947840803929536153424,3520694571402596750,198245,25823570,97
-3599824436,1464837015098211000,1597825887287993126646405468445896,3520694571402596750,198246,25823571,120
-6681399,2718844515238349,1597825948441082725950899134796369,3520694571402596750,198246,25823571,258
-36895078445,15016793442777075712,1598163714781704528060785938942155,3520397815723921117,198250,25823574,2
-11269416521,4588070067933301231,1598266919768131283530935479814089,3520397815723921117,198251,25823574,376
-5951973174,2423440900474804736,1598321433143371040713294972337261,3520397815723921117,198252,25823575,937
242482,-98634766844270,1598321430923550512990513562388679,3520397815723921117,198252,25823578,185
-15964413711,6500982337869810688,1598467665349792101180686214509638,3520397815723921117,198254,25823580,11
-9821318623,4000000000000000000,1598557642167842959078708033927537,3520397815723921117,198255,25823580,140
175590117,-71446319623689423,1598556034235751617372501875449626,3520397815723921117,198255,25823581,196
-39430898,16060184643221403,1598556395496829493951081215620235,3520397815723921117,198255,25823583,1376
-10286182496,4189804781573730816,1598650641822454562449949100307239,3520397815723921117,198256,25823587,77
28388,-11551894746811,1598650641562473889169178279119585,3520397815723921117,198256,25823587,473
78029,-31752747994919,1598650640847863776874625952215491,3520397815723921117,198256,25823587,507
-3984390116,1623068834042334692,1598687150490154938180121707367374,3520397815723921117,198257,25823589,413
-4998139174,2036131345147768300,1598732951645047440503039033877680,3520397815723921117,198257,25823590,453
-2249728457,916527687347482900,1598753568206288200013853831995325,3520397815723921117,198257,25823591,837
-4028019728,1641053365354233088,1598790482396304756479041595290181,3520397815723921117,198258,25823592,372
-628829771,256198040000000000,1598796245367412273082489522793205,3520397815723921117,198258,25823596,232
-2766883927,1127306736368519775,1598821603235688707266427519978242,3520397815723921117,198258,25823600,161
-19995665477,8147862525748575000,1599004871235684560080586736921996,3520858639184374297,198261,25823601,5
-3199480499,1303902266604678100,1599034197641079481529434598975771,3520858639184374297,198261,25823602,216
-19872592234,8099860419190870016,1599216373710850428579091283861152,3520858639184374297,198263,25823603,12
5000000,-2036142074767318,1599216327892539688569647482756510,3520858639184374297,198263,25823605,570
-15997534427,6521768073801564000,1599363010676458759376223861739240,3520858639184374297,198265,25823606,45
3885442,-1582552461573050,1599362975065053570469145345062093,3520858639184374297,198265,25823607,131
115076,-46870622305367,1599362974010346846425655151993741,3520858639184374297,198265,25823607,446
887691672,-361557722870242093,1599354838053479095897634570454552,3520858639184374297,198265,25823610,258
190441,-77566101124282,1599354836308047002408029892740769,3520858639184374297,198265,25823612,412
271568,-110609272135461,1599354833819060568586615809727878,3520858639184374297,198265,25823616,109
68103,-27737893546307,1599354833194888296166349200058384,3520858639184374297,198265,25823618,568
19841243,-8081316268419191,1599354651344974892143573866170532,3520858639184374297,198265,25823619,167
-5076446338,2069760191886589696,1599401202860385317740142691529752,3520858639184374297,198266,25823622,24
143239,-58344321456533,1599401201547491544983169974640566,3520858639184374297,198266,25823623,936
-1419286743,578690763355760004,1599414217032132628805873582391840,3520858639184374297,198266,25823624,299
160510,-65380104852591,1599414215560916058276146462766623,3520858639184374297,198266,25823627,214
-7357686,3000000000000000,1599414283034697213561314759977542,3520858639184374297,198266,25823627,261
8085607,-3293503798902784,1599414208922589639351950208893226,3520858639184374297,198266,25823627,277
76166,-31024261162552,1599414208224465841390810128668370,3520858639184374297,198266,25823629,164
323650,-131832019808435,1599414205257914281006096247219459,3520858639184374297,198266,25823629,181
13397008210,-5456573509870785135,1599291418648988902440040223867307,3520858639184374297,198264,25823631,128
15789061830,-6429776519829096926,1599146732528002962946154346322331,3520858639184374297,198262,25823632,5
41793396455,-17013902419863163240,1598763857130363927017335987494944,3520397815723921117,198258,25823633,2
6823436259,-2777016343772097772,1598701359107780675219240240500741,3520397815723921117,198257,25823633,228
87884,-35765792099494,1598701358302855170421585082464709,3520397815723921117,198257,25823633,698
19892918972,-8094822689122232962,1598519180616948940456137603954534,3520397815723921117,198255,25823634,17
30984582225,-12604566182400068016,1598235509091685356798149736666638,3520397815723921117,198251,25823635,2
2773620719,-1128094172416605951,1598210120816523835519442041711559,3520397815723921117,198251,25823635,146
1108628908,-450894383060820199,1598199973232265502042054897414344,3520397815723921117,198251,25823636,275
149772,-60913866507312,1598199971861371083957328131530113,3520397815723921117,198251,25823639,430
90490754,-36803561464060631,1598199143580392225691014024382060,3520397815723921117,198251,25823639,856
923666107,-375662745541575173,1598190689118535277207176477641191,3520397815723921117,198250,25823639,897
89655,-36463176696038,1598190688297914813191229766887279,3520397815723921117,198250,25823640,278
-498286,202858973616562,1598190692861066052961509048643038,3520397815723921117,198250,25823640,365
5706276731,-2320702455598580310,1598138464391181717646231052232178,3520397815723921117,198250,25823641,48
298950000,-121576672805389895,1598135728252570352150968785213515,3520397815723921117,198250,25823642,243
5448079,-2215614596775937,1598135678389150781132116497331785,3520397815723921117,198250,25823642,379
134340681,-54633388159722203,1598134448839769603238451086095588,3520397815723921117,198250,25823643,354
4566003598,-1856842852901906893,1598092661741663568812342785137178,3520694571402596750,198249,25823649,50
6972345280,-2835235199635119611,1598028858855441216321110199138566,3520694571402596750,198248,25823651,53
136174,-55371227084318,1598028857609391469863586933517104,3520694571402596750,198248,25823651,204
73687653,-29963145704868388,1598028183331935928426263950247699,3520694571402596750,198248,25823657,670
-66620657,27116646862905894,1598028793247922644794591282322000,3520694571402596750,198248,25823657,687
-4010253778,1632334158770846802,1598065508211396224664627459282210,3520694571402596750,198249,25823660,89
-4403175663,1792355520000000000,1598105822424693103533132604976694,3520694571402596750,198249,25823661,14
-15276838379,6219287043959503872,1598245719449453151432556181631335,3520397815723921117,198251,25823662,31
202123,-82209962183284,1598245717599280362704865370554225,3520397815723921117,198251,25823663,88
-5203075789,2118450075207971072,1598293370448522066165650890913329,3520397815723921117,198252,25823663,141
-61572817792,25079179353514254336,1598857506637911062182839148830770,3520397815723921117,198259,25823664,2
-13466683333,5487464563926170921,1598980934235444830175011081507531,3520858639184374297,198260,25823664,106
80866957,-32921612245356411,1598980193416482041335644432956209,3520858639184374297,198260,25823669,50
18900686395,-7693790338998141902,1598807049602633467248326722922333,3520397815723921117,198258,25823669,105
15807328061,-6433315878986449500,1598662264887198935303824966214527,3520397815723921117,198256,25823671,39
177192,-72107460013841,1598662263264387577181027350827531,3520397815723921117,198256,25823675,262
99400000,-40450436739475636,1598661352908813143580000779750938,3520397815723921117,198256,25823675,328
-1001585614,408001310124989268,1598670530573724550531386327638836,3520397815723921117,198256,25823680,260
-15464150956,6300000000000000000,1598812244062154651720770693222028,3520397815723921117,198258,25823683,53
-315258761,128446097843254137,1598815133354948398012889231619601,3520397815723921117,198258,25823685,207
-4330498444,1764425000000000000,1598854822691745744249568518801207,3520397815723921117,198259,25823689,113
-5981051507,2437072950955600000,1598909642709116944088291577406331,3520397815723921117,198259,25823690,6
343086425,-139660680595157174,1598906499581641514013895811486840,3520397815723921117,198259,25823690,123
-40618260030,16554901815943333702,1599278841379822026072030395902200,3520858639184374297,198264,25823691,71
-2563323923,1045000000000000000,1599302344746924450405653924372375,3520858639184374297,198264,25823693,339
-6426375641,2620000000000000000,1599361271849133399452633488575111,3520858639184374297,198265,25823694,196
-476266,194178612370591,1599361276216455131496019794308028,3520858639184374297,198265,25823695,395
-4997730,2037624124140684,1599361322045189874495381804271071,3520858639184374297,198265,25823697,115
159999,-65167952429988,1599361320578748528305991735532481,3520861669143204655,198265,25823699,211
1961636118,-798969821125502233,1599343341766520006939015343894688,3520861669143204655,198265,25823699,219
22780217,-9278223446360349,1599343132983368571517826745340011,3520861669143204655,198265,25823699,260
41813367395,-17026211543396126532,1598960000789626152315009732863187,3520861669143204655,198260,25823700,2
5442066959,-2215384795447032030,1598910148397161662376834482557883,3520400845682751475,198259,25823700,246
-2249401568,916597663289532800,1598930764529350873507033951259088,3520861669143204655,198260,25823705,464
-54996551070,22417631892089397000,1599434964891551426730046830141502,3520861669143204655,198266,25823707,57
-101060080913,41230802159174221824,1600358132264359207286244624676383,3543668280905900572,198278,25823708,9
28655518542,-11684102773671195143,1600096902961838503970799946631301,3543668280905900572,198274,25823714,2
268616481,-109508590669247384,1600094454605014305624783605703586,3543668280905900572,198274,25823714,250
3883374,-1583157217283927,1600094419209309246985224639339402,3543668280905900572,198274,25823715,55
434665,-177202096200469,1600094415247483431830169335048444,3543668280905900572,198274,25823715,168
-740587,302221724062310,1600094422001078220137223360762447,3543668280905900572,198274,25823715,330
69058797587,-28142513365356237574,1599463601647374203325188737296190,3520861669143204655,198266,25823717,153
591501,-240950400406617,1599463596225389679310041909868769,3520861669143204655,198266,25823717,222
186726,-76063387366693,1599463594513773892615316735939784,3520861669143204655,198266,25823717,258
1379707151,-562025254765354582,1599450947544819697321881587620131,3520861669143204655,198266,25823717,362
279520,-113861787099549,1599450944982645712598714115323973,3520861669143204655,198266,25823717,380
1409352,-574096439473211,1599450932064045017754403948250212,3520861669143204655,198266,25823717,390
-74864238063,30539385567525920768,1600135081038247869992822443886010,3543668280905900572,198275,25823718,2
1150997,-469257177285342,1600135070546751218550098067531442,3543668280905900572,198275,25823718,180
-9660552112,3942731309907311616,1600223176753242169679650768449186,3543668280905900572,198276,25823719,29
-24960446269,10189040345877794849,1600450866043253576838663273188722,3543668280905900572,198279,25823720,6
-1502319454,613350517594132662,1600464572274570605341553884696872,3543668280905900572,198279,25823723,408
6333831,-2583343821374121,1600464514517024501808708852888113,3543668280905900572,198279,25823723,523
27241632137,-11109165857014071178,1600216139463789433094690078923979,3543668280905900572,198276,25823725,2
3030487904,-1235622991935214944,1600188513813911623806464306527285,3543668280905900572,198275,25823726,191
58548,-23871109469079,1600188513280209259337814575916133,3543668280905900572,198275,25823727,178
356502,-145353999098392,1600188510030432657866053377257230,3543668280905900572,198275,25823727,192
573522,-233838397273608,1600188504802351169230664825756130,3543668280905900572,198275,25823727,225
1682495,-685992720675782,1600188489465152975439994159222454,3543668280905900572,198275,25823727,264
493348,-201149519172594,1600188484967918603774040964856831,3543668280905900572,198275,25823727,276
565999,-230771182174702,1600188479808412895109856256288469,3543668280905900572,198275,25823727,298
11074161525,-4514912797993878531,1600087536882455461343433485391908,3543668280905900572,198274,25823727,308
2310827,-942059716349499,1600087515820196133277994168524983,3543668280905900572,198274,25823727,311
3936331,-1604732341526239,1600087479942121587927254646214456,3543668280905900572,198274,25823727,517
274397,-111863698489931,1600087477441110042585519427436949,3543668280905900572,198274,25823727,746
23574598409,-9609436856665829445,1599875827711072376977182639909388,3597160387660275119,198272,25823728,2
324270,-132160537476313,1599875824800210638071929909404254,3597160387660275119,198272,25823728,133
74481304294,-30343196697930483976,1599204270468385360815709033191249,3574353775897579202,198263,25823730,2
-1731497381,705816816215219418,1599219907591244486390670746184108,3574353775897579202,198263,25823730,328
28131684,-11456070160199687,1599219653659080706885964648012796,3574353775897579202,198263,25823730,386
15248586730,-6209149042578043880,1599082023334758059791271626601087,3574353775897579202,198262,25823731,59
1302120268,-530167400715894642,1599070271787033006733522304434315,3574353775897579202,198261,25823731,824
47574820535,-19365079679060321883,1598640995246617478484176847769255,3573892952437126022,198256,25823734,2
473764,-192791316902864,1598640990972706091042341843452288,3573892952437126022,198256,25823734,220
224608,-91400673071529,1598640988946482173203354905386206,3573892952437126022,198256,25823734,656
4756624826,-1935587282901883764,1598598079708334534067162653135511,3573892952437126022,198256,25823734,906
7104809647,-2890927766316419457,1598533991920050185354289502840841,3573892952437126022,198255,25823735,404
-22493414763,9162465024007419000,1598737009278145527057323330382745,3573892952437126022,198257,25823737,8
-521736,212551268754218,1598737013987751176762793695314660,3573892952437126022,198257,25823737,357
196637,-80027900604416,1598737012213645572833511283503856,3573892952437126022,198257,25823738,256
-17390695918,7085519543354846208,1598894009643338969725844462430074,3573892952437126022,198259,25823744,6
-2994314487,1220118858140383000,1598921043729947252466233263432915,3574353775897579202,198260,25823745,741
-9256090732,3771919115472594944,1599004609268863718728140788158071,3574353775897579202,198261,25823747,65
-1006060097,410000000000000000,1599013692674394661136978380253860,3574353775897579202,198261,25823747,457
-40886703720,16666514076447699703,1599382933421086208815988520194513,3574353775897579202,198265,25823748,33
-74815499725,30516714480857362432,1600056840694117029668587164104138,3597160387660275119,198274,25823752,2
-2426053776,990000000000000000,1600078634735666472281748285446373,3597160387660275119,198274,25823752,160
-26987858,11013089604604837,1600078877179840644496218011107286,3597160387660275119,198274,25823754,565
-21918893690,8945670478693273600,1600275808810244950956369312236805,3597160387660275119,198277,25823758,2
-1212703210,495000000000000000,1600286705831019672262949872907922,3597160387660275119,198277,25823758,193
-60966073463,24893762264599408640,1600834631371457835634760603009447,3598177453763294280,198283,25823759,5
-969486677,396000000000000000,1600843346523943345533626250310234,3598177453763294280,198284,25823759,182
38000000,-15506179446953609,1600843005093838525749338088928900,3598177453763294280,198284,25823762,427
-2768971,1131029681755593,1600843029985495450339551406904830,3598177453763294280,198284,25823762,523
-6366036126,2600400000000000000,1600900259486816965342102490846666,3598177453763294280,198284,25823763,67
-1501167664,613224427070113460,1600913755305983014541667003338024,3598177453763294280,198284,25823765,288
10943075212,-4465521788701832973,1600815429114311665258291032027281,3598177453763294280,198283,25823768,122
22156528,-9040819352715880,1600815230044778785515894542438949,3598177453763294280,198283,25823772,121
593710,-242259213146611,1600815224710480364607552766691220,3598177453763294280,198283,25823774,58
-19583126803,7999636305854928854,1600991280392889826245745661675139,3598177453763294280,198285,25823774,573
-30234751313,12354242356588118016,1601263172074659044950300010238446,3598177453763294280,198289,25823777,18
139764,-57061609307261,1601263170818221163935624066933083,3598177453763294280,198289,25823777,573
-31462794980,12860488770983577600,1601545990236636454985144564904130,3601515928958255075,198292,25823778,39
-101645048889,41578702187753037824,1602460192344444416837773857627246,3601642828595321467,198304,25823779,5
213445687,-87274022548048327,1602458272509310623991844640412731,3601642828595321467,198304,25823781,898
-23986792236,9818884949842767978,1602674158226860245532195887569276,3601642828595321467,198306,25823782,1099
913673,-373684171292643,1602674150006636402922993075713170,3601642828595321467,198306,25823782,1301
1280473,-523702031276787,1602674138486352016691949700375381,3601642828595321467,198306,25823782,1307
2242620,-917211815680875,1602674118309724224560339452146827,3601642828595321467,198306,25823783,43
256515,-104912101316179,1602674116001890436379575185631979,3601642828595321467,198306,25823783,72
292236923,-119522164323811101,1602671486779085798439987126380886,3601642828595321467,198306,25823783,1177
212515,-86916198397705,1602671484867122003167935360878134,3601642828595321467,198306,25823784,456
292290,-119543326412118,1602671482237433679473461838233496,3601642828595321467,198306,25823785,266
-8808212207,3606253958188368535,1602750772169784106467092590493696,3601642828595321467,198307,25823786,252
-23645354798,9682634271311271921,1602963438786766363267241333098119,3619228109966395735,198310,25823786,276
9736905,-3983746999428409,1602963351578957102149002011051867,3619228109966395735,198310,25823787,1150
20329750685,-8316745384992435557,1602780624567193578652756861843328,3601642828595321467,198308,25823788,67
48336727266,-19766564978376432893,1602345803932004065099772276495036,3601642828595321467,198302,25823790,2
13630417388,-5572012191005736803,1602223232009020619579769355498744,3601642828595321467,198301,25823791,15
14371600724,-5874079183895942127,1602094014490302143846455759045280,3601515928958255075,198299,25823792,26
198874568,-81279007114617686,1602092226469226658102513014208685,3601515928958255075,198299,25823792,657
60936738444,-24895988441752219516,1601544550585758629130438523222995,3601515928958255075,198292,25823793,2
1986,-811109320094,1601544550567915392477628022772083,3601515928958255075,198292,25823793,140
6337163963,-2588100779798131533,1601487616078875258802420025560994,3601515928958255075,198292,25823794,18
-22013223631,9000000000000000000,1601685504121009564650800466819016,3601515928958255075,198294,25823794,131
-559669070,228846984910584359,1601690535907875375158817506419310,3601515928958255075,198294,25823797,214
289975975,-118451935261749881,1601687930135927627148239499556646,3601515928958255075,198294,25823797,303
-34034951161,13919445975188619264,1601993984792774773753511389319629,3601515928958255075,198298,25823798,2
-5278039309,2159062856090848512,1602041457317378853815134163887744,3601515928958255075,198299,25823799,125
-509241970,208320000000000000,1602046037765927455881171343168063,3601515928958255075,198299,25823800,736
-25197943,10307970817135575,1602046264413056720383361220737911,3601515928958255075,198299,25823804,184
-1192913001,488000000000000000,1602056994342452447189362293552790,3601515928958255075,198299,25823808,186
-3379479562,1382521913021400030,1602087392626294178293170439528222,3601515928958255075,198299,25823809,536
-17785863557,7276939535094851584,1602247390159634740802464132909633,3601642828595321467,198301,25823811,19
484178,-197918782211752,1602247385805860036325827121680660,3601642828595321467,198301,25823811,216
-9079320057,3715289363484243950,1602329073076282032312331993324874,3601642828595321467,198302,25823811,250
-1504717314,615772156270740347,1602342611926618160877276976416385,3601642828595321467,198302,25823812,161
-42351905360,17335846313427101696,1602723771461516683302198474974243,3601642828595321467,198307,25823813,2
-4807162177,1968230199091862128,1602767046516780528240351605087532,3601642828595321467,198308,25823815,663
-12599855435,5159351800510600000,1602880484078299364322454840326431,3601642828595321467,198309,25823815,742
-35894664841,14702035276711815168,1603202344713233724039771399115679,3619228109966395735,198313,25823821,5
-17333111523,7101553017731569664,1603357726374186679660005606414822,3619228109966395735,198315,25823822,48
228702,-93616676214819,1603357724324833333633456849092395,3619228109966395735,198315,25823822,495
-9691899942,3971470574579473408,1603444619922565710233333413651212,3619228109966395735,198316,25823823,13
-8276360569,3391762751299700308,1603518831539171180264730016994869,3619228109966395735,198317,25823823,140
-27339428215,11206293496725041152,1603764010640626706576586158380557,3620369369450106835,198320,25823824,5
-25032440196,10263676080768421481,1603988508620661842500633550118647,3620369369450106835,198323,25823824,101
-10695587680,4386227641414232016,1604084448831335175741011462468028,3620369369450106835,198324,25823824,106
35800983,-14668069066197687,1604084127835314837717475394148964,3620369369450106835,198324,25823824,149
-1134225498,465172977690819713,1604094302590737428944834694560071,3620369369450106835,198324,25823824,204
240847,-98678746484723,1604094300431251761772963806624971,3620369369450106835,198324,25823824,574
117523,-48151010916406,1604094299377515049076549699664518,3620369369450106835,198324,25823824,583
87315,-35774253123291,1604094298594631301303294284190345,3620369369450106835,198324,25823824,604
-1501412683,615774289065828712,1604107767461240593270052504377344,3620369369450106835,198324,25823826,1294
97814,-40076641571938,1604107766584203377597846772621760,3620369369450106835,198324,25823826,1414
-4792705570,1965701221616761025,1604150762480618351261218597389984,3620369369450106835,198325,25823828,739
-75438406,30941480500931618,1604151439265409403984879157648563,3620369369450106835,198325,25823829,665
162999,-66787927482161,1604151437803822413110720221734494,3620369369450106835,198325,25823830,532
358752,-146996818400098,1604151434586944070376375327757216,3620369369450106835,198325,25823831,181
88624,-36313017035632,1604151433792270013259569317450477,3620369369450106835,198325,25823831,683
49996282630,-20480036114884956015,1603703243622813856451582343125835,3619228109966395735,198319,25823832,99
-1201357884,492471803897199726,1603714018883756214108568281294837,3619228109966395735,198319,25823832,812
-2303655373,944354358246321660,1603734676467945792162174263608164,3620369369450106835,198320,25823832,828
-49042056680,20109943422089314304,1604174542422536782862765861597429,3620369369450106835,198325,25823833,2
-19557477274,8022719596848845802,1604350023831898059415235047342288,3620369369450106835,198327,25823833,89
99400000,-40738780476468958,1604349132304434740702350975928190,3620369369450106835,198327,25823833,141
206000000,-84428314385390123,1604347284675220612451956679108770,3620369369450106835,198327,25823834,191
2216709549,-908497649986844211,1604327403112840717035795457526045,3620369369450106835,198327,25823835,38
15122152273,-6197071798456103381,1604191786394915822196036702233107,3620369369450106835,198325,25823836,21
-4745114134,1946385225639565502,1604234359791434547911149364778037,3620369369450106835,198326,25823836,83
127276306,-52156267766701314,1604233218403681787938006222080902,3620369369450106835,198326,25823836,183
3030903439,-1242005111081191132,1604206038364093939568847279653379,3620369369450106835,198326,25823836,477
-2054725390,842824411394813916,1604224473511149776132048151778891,3620369369450106835,198326,25823836,634
266567,-109234323096332,1604224471120665872627354913733290,3620369369450106835,198326,25823838,258
1236647,-506756598370190,1604224460030804581223414432596802,3620369369450106835,198326,25823838,276
-11621986502,4767568026521774080,1604328741321758387866815744364295,3620369369450106835,198327,25823839,45
-37409547080,15350346164760938496,1604665198712745931879775176377011,3602795459265269983,198331,25823840,5
7972640043,-3268701035511209421,1604593317536092944900652028422562,3602795459265269983,198330,25823843,58
-5789242464,2375876518690640886,1604645538711260504046410132510892,3602795459265269983,198331,25823843,104
71391749372,-29258782838914374328,1604004636564663243898399674965627,3620369369450106835,198323,25823844,2
7504371844,-3074192079356312256,1603937360945849713686851934063611,3620369369450106835,198322,25823844,217
1317311312,-539614563079287264,1603925552020865575075812332026436,3620369369450106835,198322,25823844,435
365761203,-149826554428808103,1603922273216580187789009077756087,3620369369450106835,198322,25823844,450
391111352,-160210043933069829,1603918767180012688426013249880424,3620369369450106835,198322,25823844,928
-365820129,150000000000000000,1603922048138680934825844002032256,3620369369450106835,198322,25823845,167
-33362104597,13682297063438781639,1604221321813026346373750507148133,3620369369450106835,198326,25823847,19
-444981352,182528000000000000,1604225314258518330899539224006597,3620369369450106835,198326,25823850,66
-74817218,30689548909980427,1604225985532795136047077567376090,3620369369450106835,198326,25823850,81
28240714451,-11570759020792366379,1603972771044834762928741389349897,3620369369450106835,198323,25823851,2
19701075287,-8069743409122756938,1603796172781778664459081537141452,3620369369450106835,198320,25823852,6
-536698,220032384004114,1603796177594559715080516354788039,3620369369450106835,198320,25823852,272
21985149962,-9003223859283534963,1603599113156727074237985316039183,3619228109966395735,198318,25823856,9
11567649226,-4736224460371619808,1603495432938224947079508638414029,3619228109966395735,198317,25823857,87
5133831882,-2101784895527359683,1603449422974162633837653605487422,3619228109966395735,198316,25823857,256
32481972711,-13295287178477483483,1603158377165154477839106624488042,3619228109966395735,198313,25823859,9
43232577979,-17688159307512690748,1602770452036696448008508336142754,3601642828595321467,198308,25823861,6
29852531,-12210891160204486,1602770183424145085721103123954488,3601642828595321467,198308,25823863,171
-485695868,198868563558179493,1602774555904600975734474341802002,3601642828595321467,198308,25823865,272
846842694,-346393065918000578,1602766936024611079814948468626300,3601642828595321467,198308,25823876,9
809207672,-330995735829244193,1602759654851769175451733907045515,3601642828595321467,198308,25823876,22
-24179109,9900000000000000,1602759872520945936248571053906870,3601642828595321467,198308,25823884,62
347982162,-142336631550434907,1602756741430409507627417847438393,3601642828595321467,198307,25823884,1518
102902,-42090138306788,1602756740504519718794948595174492,3601642828595321467,198307,25823887,646
8581377652,-3509901655399542698,1602679530444556183846868443120711,3601642828595321467,198307,25823889,19
23248332372,-9507189301359367577,1602470393343830472630545745082579,3601642828595321467,198304,25823890,2
24929164902,-10191793720030959631,1602246196462687376021180691720281,3601642828595321467,198301,25823892,2
2249754691,-919627208663032147,1602225966701601124638831416267994,3601642828595321467,198301,25823892,367
2136000000,-873106467177130503,1602206760293757306398249561857859,3601642828595321467,198301,25823892,486
650340917,-265827706493401224,1602200912673176043102722257571885,3601642828595321467,198301,25823892,528
2912514358,-1190470277695818559,1602174724964644580803231459646813,3601642828595321467,198300,25823893,461
92219543812,-37673992237233936124,1601345953456841175005043059367577,3601515928958255075,198290,25823894,2
55569338558,-22682646889768496051,1600846533044182154904670323425359,3598177453763294280,198284,25823895,2
15449943684,-6303942929877763225,1600707726711991219178556915659604,3598177453763294280,198282,25823895,254
49388037354,-20144157650591879238,1600264102117814870821754487439360,3597160387660275119,198276,25823896,5
-207915536,84865037869726838,1600265970352321363597018937998088,3597160387660275119,198276,25823897,16
1245729795,-507959148707270323,1600254782452520608928302554414569,3597160387660275119,198276,25823897,291
-16397001234,6693306581273989120,1600402130131041258433160081420653,3597160387660275119,198278,25823898,59
-706882488,288579331293123518,1600408482969360968229982388481614,3597160387660275119,198278,25823899,49
-776272612,316909954361647633,1600415459483212270968162579517419,3597160387660275119,198278,25823899,174
-5841336213,2384789000000000000,1600467958665588688846948334471588,3597160387660275119,198279,25823901,468
-39710778,16212892579523625,1600468315579179107824428560948179,3597160387660275119,198279,25823905,808
84351308,-34404037048190787,1600467557823520574686128972448251,3597160387660275119,198279,25823907,288
-4970953154,2029567868851621859,1600512237102774277659017546279695,3597160387660275119,198279,25823907,312
32128517,-13104855008682513,1600511948465774405351302195772475,3597160387660275119,198279,25823907,332
79003108,-32224445585427401,1600511238716044998670810225436559,3597160387660275119,198279,25823907,748
-5874417525,2398582304312080836,1600564027750439677683926565980137,3598177453763294280,198280,25823908,34
43372,-17691963644187,1600564027360880855527405361690778,3598177453763294280,198280,25823908,401
-2204108640,900000000000000000,1600583834525620650752100014647112,3598177453763294280,198280,25823913,183
99400000,-40547737451512301,1600582941706193683858929849619094,3598177453763294280,198280,25823915,196
147917470,-60339138864808018,1600581613100486660755098681967014,3598177453763294280,198280,25823918,641
370268,-151040857024900,1600581609774722514757592207921754,3598177453763294280,198280,25823919,921
1848027163,-753846846903604773,1600565010843384406937658549670551,3598177453763294280,198280,25823920,67
70857,-28903439359468,1600565010206960433907050634837033,3598177453763294280,198280,25823920,667
58092828929,-23689244181455752995,1600043264035309247476552015310763,3597160387660275119,198274,25823922,5
852127953,-347368007860485518,1600035613186858498334664840756181,3597160387660275119,198274,25823924,116
-2872888907,1172311890000000000,1600061420675787352474343076145307,3597160387660275119,198274,25823926,728
-35175692,14354037725555404,1600061736668206133303851553085263,3597160387660275119,198274,25823932,888
-702748214,286769512474250399,1600068049664842473924994391897905,3597160387660275119,198274,25823933,59
-5396821503,2202349063353490899,1600116532580997122412464916399614,3597160387660275119,198275,25823934,336
78254,-31902781848984,1600116531878332099841008262289008,3597160387660275119,198275,25823935,129
-9045763533,3691718232475669729,1600197802040501200437249997996767,3597160387660275119,198276,25823935,234
-4247890159,1733760123691254528,1600235969353806749897314736441772,3597160387660275119,198276,25823936,183
-3000532957,1224705895775076352,1600262930253986920956409828388251,3597160387660275119,198276,25823936,297
394000000,-160657713785297369,1600259391736354897641564196511603,3597160387660275119,198276,25823940,4
23315253224,-9505779002069085404,1600050025090879722895426383214191,3597160387660275119,198274,25823941,6
34357971822,-14003433993232523143,1599741596712768054234436599317274,3597160387660275119,198270,25823944,8
67226761415,-27384244854614878124,1599134773250952429997505852117865,3574353775897579202,198262,25823945,5
33117300193,-13482409704434080542,1598835915517915402464457379399770,3573892952437126022,198259,25823946,5
-123821336,50450051547018397,1598837033365149090435378891715248,3573892952437126022,198259,25823947,763
-102997673,41965663875007098,1598837963219526520270822974611131,3573892952437126022,198259,25823947,999
318188,-129513515872034,1598837960348394670530891405154731,3573892952437126022,198259,25823951,488
-2623116,1068770712072710,1598837984029686310515533756280219,3573892952437126022,198259,25823951,497
60813,-24752822827209,1598837983480951164908105221349218,3573892952437126022,198259,25823952,849
19906259,-8102557617108506,1598837803858684853965287542474271,3573892952437126022,198259,25823954,313
-114441,46628183321635,1598837804891849026045611192560858,3573892952437126022,198259,25823954,549
-4712190306,1920000000000000000,1598880347300089791238159390875108,3573892952437126022,198259,25823956,253
-3241746313,1320921285078368633,1598909615619133395476635069501428,3573892952437126022,198259,25823956,277
-1595157543,650000000000000000,1598924016911328693485028533469404,3574353775897579202,198260,25823956,1617
-129966422372,52998483206379862669,1600095751572983410370295906462104,3597160387660275119,198274,25823957,100
35100000000,-14306623816611144456,1599780645379592302150878968060822,3597160387660275119,198270,25823957,104
-394140256,160779497432812495,1599784184808933058936189220962080,3597160387660275119,198270,25823957,295
22699511285,-9249270378463079510,1599579608042690395947759607826169,3574353775897579202,198268,25823958,70
11817499322,-4814286825034227501,1599472895858368822792955300992028,3574353775897579202,198266,25823959,28
489221,-199288457166508,1599472891440994589141402418509842,3574353775897579202,198266,25823959,277
16874768284,-6873435266354761493,1599320536727259718170229909975249,3574353775897579202,198265,25823960,7
-8732202702,3560199120033401855,1599399411684279639388054464761500,3574353775897579202,198266,25823961,318
38526485,-15692667734408638,1599399063844835785829805111293047,3574353775897579202,198266,25823961,333
2248375408,-915799960170369352,1599378764469725185723180124080939,3574353775897579202,198265,25823961,343
911749,-371365466051208,1599378756238138347595454305506061,3574353775897579202,198265,25823961,346
-1227327,500404591539045,1599378767324425748802122436874402,3574353775897579202,198265,25823962,58
1032205453,-420426325262181248,1599369448267804169013853248659185,3574353775897579202,198265,25823963,244
-41337216110,16857697234786486036,1599742748928521648693111920087433,3597160387660275119,198270,25823964,124
-2013708018,821409541377502626,1599760831588798305151277177602112,3597160387660275119,198270,25823965,218
798688928,-325468878388312205,1599753663072965999744861311471391,3597160387660275119,198270,25823965,358
3822658455,-1557707962727584237,1599719354249805346108659761257891,3597160387660275119,198270,25823967,510
56563402173,-23041359047608781705,1599208652103567852610531142092876,3574353775897579202,198263,25823968,2
4574792390,-1862919412992784257,1599167359133913077315331883576262,3574353775897579202,198263,25823969,24
252805,-102942828299639,1599167356852110088143178103927238,3574353775897579202,198263,25823978,48
9748662186,-3969470593457358780,1599079370636701106045451417833619,3574353775897579202,198262,25823979,22
63997244,-26057022289440354,1599078793063767361631419775692335,3574353775897579202,198262,25823983,648
-11122148354,4533292283904879104,1599179226556950288762041540711726,3574353775897579202,198263,25823985,66
-1783256,726885657222597,1599179242660845896514332084249155,3574353775897579202,198263,25823986,685
-1816012,740237586903567,1599179259060548801615113891078936,3574353775897579202,198263,25823987,379
-20243906156,8252704538550000000,1599362094821648066468461856734487,3574353775897579202,198265,25823988,425
1060499,-431943737786773,1599362085247299582791705922155816,3574353775897579202,198265,25823988,723
-171690391,70000000000000000,1599363636072634133934678193977048,3574353775897579202,198265,25823991,87
-7652162744,3120006050134144688,1599432758707298432150201460371755,3574353775897579202,198266,25823992,28
26068563,-10618731031647723,1599432523335368114653112240813974,3574353775897579202,198266,25823994,670
2000000,-814677022429719,1599432505277456789552016126810442,3574353775897579202,198266,25823996,116
-25940327,10577070317036945,1599432739608722689406062897593693,3574353775897579202,198266,25823996,661
43376,-17668593082670,1599432739217085416791466986478008,3574353775897579202,198266,25824000,133
1000000,-407338623474505,1599432730188127265923866102300589,3574353775897579202,198266,25824002,17
65833,-26816289408060,1599432729593724621849314923547870,3574353775897579202,198266,25824002,250
140242,-57125624593382,1599432728327493422371361237582545,3574353775897579202,198266,25824002,254
27812801958,-11327449895997238483,1599181647125827286059805566374400,3574353775897579202,198263,25824003,2
21143694101,-8608911960204055317,1598990824303404577703878123142932,3574353775897579202,198260,25824004,2
5706075434,-2322945911948545628,1598939334510350310381946145989643,3574353775897579202,198260,25824005,24
1442984970,-587416139410175118,1598926314002511797901885613906676,3574353775897579202,198260,25824005,394
-242951544,99000000000000000,1598928507312627805946946398339561,3574353775897579202,198260,25824006,34
543161950,-221110684882694471,1598923606232775650769281642346069,3574353775897579202,198260,25824007,144
41834,-17029723225510,1598923605855299395234153333342262,3574353775897579202,198260,25824007,973
-51601,21026722392076,1598923606321139020779907094911997,3574353775897579202,198260,25824007,978
1395178068,-567943692345461995,1598911016843735587038052760174998,3573892952437126022,198259,25824008,186
25878986065,-10533096154893207459,1598677512968537206101729301954569,3573892952437126022,198257,25824009,5
3812381797,-1551430793843997838,1598643119937548271124755203041697,3573892952437126022,198256,25824009,494
3803800420,-1547872116120471015,1598608805797421700452351230307502,3573892952437126022,198256,25824013,2026
58944582811,-23977698135783434903,1598076662911723035100765771700556,3520697601361427108,198249,25824016,5
4083915791,-1660678152494840131,1598039291772975171220956532065498,3520697601361427108,198249,25824019,459
33052981870,-13437763506958247418,1597736894512118161839065016118971,3520697601361427108,198245,25824020,9
-23709701046,9648362772301425661,1597953908277344168950434556585257,3520697601361427108,198247,25824020,212
-26639991179,10843931890427698574,1598196601037701760905652842411839,3573892952437126022,198251,25824020,401
9415020655,-3828972486374326546,1598111647689863296564455975487688,3520697601361427108,198249,25824020,442
9839306679,-4001086059138509967,1598021609086035349988197138992838,3520697601361427108,198248,25824020,485
4820836809,-1960195412201921111,1597977497748379541432834110050005,3520697601361427108,198248,25824020,536
4820740753,-1960048143819888638,1597933389724783793125117619258381,3520697601361427108,198247,25824020,1202
1149250894,-467253934009844522,1597922874856763078684901881859770,3520697601361427108,198247,25824022,271
161810,-65787042237915,1597922873376321682143812746992240,3520697601361427108,198247,25824025,839
-14498670,5900623304004774,1597923006094847156591376314460374,3520697601361427108,198247,25824026,308
1791254140,-728262726632714062,1597906617604783020950088565374752,3520697601361427108,198247,25824027,442
4539395,-1845543798675489,1597906576073512640866139893553198,3520697601361427108,198247,25824027,460
4514755,-1835525894296323,1597906534767680581840496574651494,3520697601361427108,198247,25824027,471
1060499,-431157881992616,1597906525065101544490708675922622,3520697601361427108,198247,25824032,1820
1329752651,-540622267048321824,1597894359149796585766468945279363,3520697601361427108,198247,25824033,11
32286990421,-13124024893018614992,1597599022118674330442519608990471,3520697601361427108,198243,25824035,15
71211814980,-28929047300192443119,1596947242579069533002092701160534,3513343389450141351,198235,25824037,5
-5000000000,2032458254260592368,1596993052908736958251388187809769,3513343389450141351,198235,25824037,461
-6000000000,2439103831600314145,1597048028773744006105628555311575,3513343389450141351,198236,25824037,534
-34953983583,14212738529124236253,1597368268811039583350928295839513,3520697601361427108,198240,25824037,625
-14574612331,5927907265615755229,1597501601015267537056572705433067,3520697601361427108,198242,25824037,895
55026349157,-22353217603871987866,1596997906758180069545445351751680,3513343389450141351,198235,25824037,1762
-99746875765,40570878908757637474,1597911106407563094796360548820645,3520697601361427108,198247,25824039,29
80346702716,-32651050478105849544,1597176046554527433659562040754176,3513343389450141351,198238,25824039,67
-98994373452,40273605568228105906,1598082187738529357485435471456382,3520697601361427108,198249,25824039,96
-723258847,294409493855274006,1598088809681991437332749299377707,3520697601361427108,198249,25824039,260
99898810925,-40601061672889809279,1597174843914640505713984763068416,3513343389450141351,198238,25824039,292
-20004025364,8134487565901530362,1597358105275885529830353561275347,3520697601361427108,198240,25824039,455
-8405215240,3418474599796334012,1597434994595010324222225125440012,3520697601361427108,198241,25824039,656
10000001000,-4062984864949502680,1597343563048873348937845723504734,3520697601361427108,198240,25824039,681
-6571697098,2672689994927006038,1597403677965027422756421181786877,3520697601361427108,198241,25824039,710
-6683147961,2718223058858003798,1597464817024020974959569751656627,3520697601361427108,198241,25824039,754
5000000000,-2031626222256944873,1597419098240208649994249506579426,3520697601361427108,198241,25824039,899
5000000000,-2031509936976865832,1597373382073226882858240674902949,3520697601361427108,198240,25824039,902
768168724,-312098174471116646,1597366358759188823717691564094533,3520697601361427108,198240,25824039,957
-50388405902,20498545967721140224,1597827417982094935149547698574695,3520697601361427108,198246,25824039,1410
67584207348,-27463796185035975612,1597209158884986227272505629571981,3513343389450141351,198238,25824040,2
-4998337537,2032448989816700610,1597254969005838918946294173892398,3513343389450141351,198239,25824040,124
-7262023811,2953128167820773932,1597321522363992473397460881100566,3520697601361427108,198240,25824040,129
-4996557667,2032010985075948597,1597367226942609468502298830960783,3520697601361427108,198240,25824040,201
-24580467641,9998131657813981678,1597592107810741462060007372951193,3520697601361427108,198243,25824040,206
37477378786,-15227600710273718701,1597249290267587208227645372235776,3513343389450141351,198239,25824040,330
-3760536426,1529194097596500800,1597283757339956112443633588324045,3513343389450141351,198239,25824040,687
4112773828,-1670753442592910024,1597246080770774602840241483851430,3513343389450141351,198239,25824040,877
-9985440575,4060633659470468431,1597337563028869908809925720540550,3520697601361427108,198240,25824040,975
-7266698499,2955334592668024441,1597404035269040929565817250073684,3520697601361427108,198241,25824040,980
34392057601,-13970944452966289273,1597089162458288004147232858756869,3513343389450141351,198237,25824041,5
-48185283639,19595249852117114019,1597530381574444117001185310677076,3520697601361427108,198242,25824041,132
-9985059816,4061924004480651731,1597621743543627618590473213720030,3520697601361427108,198243,25824041,222
-53292756696,21687361918533604888,1598109541958636579443057956621589,3520697601361427108,198249,25824041,227
107137593394,-43542385977208545996,1597129290825860460571800199233536,3513343389450141351,198237,25824041,491
-22874843661,9301507086052192120,1597338896281192392921530315219953,3520697601361427108,198240,25824041,566
-18514864497,7530412298618767564,1597508272491974907167921941647710,3520697601361427108,198242,25824041,580
28843252813,-11718779672224698865,1597244405643355402391296887147800,3513343389450141351,198239,25824041,665
-54520895749,22176829149898167006,1597743366107674051104401960671744,3520697601361427108,198245,25824041,955
99704016412,-40504413948545837244,1596830856718420802898172434588523,3513343389450141351,198233,25824042,2
-17000000000,6909826515098019637,1596986599858501440912484698081241,3513343389450141351,198235,25824042,740
7331862080,-2977297295848116264,1596919459881601644675518228478268,3513343389450141351,198235,25824043,87
-9987265230,4059714831771894093,1597010963298416896622648499370404,3513343389450141351,198236,25824043,192
-78143175064,31780410354378818737,1597726417914212894027966681452732,3520697601361427108,198245,25824043,197
405999932,-165026395782487502,1597722704235963690709716795051315,3520697601361427108,198245,25824043,276
-9977260785,4059728508435648496,1597814016823415336946002368032921,3520697601361427108,198246,25824043,401
-40532960043,16497555691410726110,1598184061981633644651432312653718,3573892952437126022,198250,25824043,406
87573102123,-35598421657236511591,1597383994077971398516144983299376,3520697601361427108,198240,25824043,435
3408224644,-1384720201328008178,1597352832970267863657758943986939,3520697601361427108,198240,25824043,461
-3485346,1417443163408771,1597352864851809338059288091950616,3520697601361427108,198240,25824043,513
-5243070782,2132350167421103505,1597400826288327958993464882336367,3520697601361427108,198241,25824043,548
-35522565851,14450355384983976986,1597725847859858407097052828394150,3520697601361427108,198245,25824043,553
-8001223284,3255658554378818737,1597799075073412637882611037389155,3520697601361427108,198246,25824043,840
-12000439453,4883479506313645621,1597908915706489950807085179951306,3520697601361427108,198247,25824043,873
115957920376,-47112887478579104351,1596847727503333766207893916970939,3513343389450141351,198234,25824044,2
-3485346,1416546874200813,1596847759431408628492243774310494,3513343389450141351,198234,25824044,89
-9989315208,4060183540122199592,1596939273412615055687090548973303,3513343389450141351,198235,25824044,284
-21829867882,8874427352014113529,1597139297418890786805739368711951,3513343389450141351,198237,25824044,391
-9930699511,4037831697759674134,1597230307603640310080833947413694,3513343389450141351,198238,25824044,531
3952896042,-1605699465697687966,1597194098043652701247338381533515,3513343389450141351,198238,25824044,575
38207261720,-15516357762116801708,1596844194154924405162780716704021,3513343389450141351,198234,25824045,9
-22391351676,9101630954089279028,1597049339187371705232468283365219,3513343389450141351,198236,25824045,99
-36858813619,14987455181925403389,1597387001638367048560657696285137,3520697601361427108,198240,25824045,134
-49552134467,20158766270061099796,1597840418438068650734384203929365,3520697601361427108,198246,25824045,423
34881663467,-14177540574097613288,1597521373573714828953585336523726,3520697601361427108,198242,25824045,1132
8700000000,-3535205062562657784,1597441818941953880088335618430326,3520697601361427108,198241,25824045,1153
8700000000,-3534852982225213911,1597362272233247209526780123523578,3520697601361427108,198240,25824045,1157
-98174994326,39949367003006099456,1598258674960927064195884636426187,3573892952437126022,198251,25824045,1212
22492701254,-9147537648001764148,1598054972959223002430426262303960,3520697601361427108,198249,25824045,1281
128308415852,-52136652632659152538,1596880801337689572871633526325248,3513343389450141351,198234,25824045,1284
-9853201098,4005022216293279021,1596971072017379623407602608568504,3513343389450141351,198235,25824045,1370
-101583768991,41317061609775967412,1597901111077596162855182631499733,3520697601361427108,198247,25824046,250
-9976636957,4060381324236252545,1597992438348369553048074529009712,3520697601361427108,198248,25824046,254
76557499388,-31115047733412805041,1597292186595155265472565807677440,3513343389450141351,198239,25824046,628
-60841102280,24750000000000000000,1597848923754969197121282023090478,3520697601361427108,198246,25824046,635
-23875307503,9717126071283095725,1598067484164198289783606401423654,3520697601361427108,198249,25824047,54
3836484980,-1560047502109794179,1598032377571408459767175804398993,3520697601361427108,198248,25824047,78
1998554028,-812654047119878460,1598014089977811045682626106875357,3520697601361427108,198248,25824047,101
1468131995,-596961457289861387,1598000656231233485559137625686150,3520697601361427108,198248,25824047,374
-100188895,40778550000000000,1598001573434170896060123068298626,3520697601361427108,198248,25824047,396
35566054824,-14458568407045267888,1597676204448480666836020905855936,3520697601361427108,198244,25824047,403
1512198214,-614619203755992124,1597662373340083076130043780951722,3520697601361427108,198244,25824047,648
562430988,-228592242161385544,1597657229205209220744861852345831,3520697601361427108,198244,25824047,1124
-6488772294,2640000000000000000,1597716608850647859585424630256098,3520697476699706830,198244,25824049,39
-25950266749,10560000000000000000,1597954127432402414947675741897168,3520697476699706830,198247,25824049,55
32712632097,-13298002099352564184,1597654875287503514658988915204850,3520697476699706830,198244,25824049,118
-4979134549,2025770394704684317,1597700439502570808451303384219118,3520697476699706830,198244,25824049,162
-17727091316,7213239038696537677,1597862681766427607117445734994144,3520697476699706830,198246,25824049,167
20549061949,-8353018566594773951,1597674709264712065666673706795008,3520697476699706830,198244,25824049,225
-3696571753,1503983566942162680,1597708537299163037243742047606694,3520697476699706830,198244,25824049,485
-19562868194,7960389920679745536,1597887584697285490900499175996336,3520697476699706830,198247,25824049,535
33767972715,-13725782248603545120,1597578705983955325262243370529783,3520697476699706830,198243,25824050,73
-25366528097,10320641447657841139,1597810840843751250598129516404943,3520697476699706830,198246,25824051,45
64602817022,-26252169579689397383,1597219869988498771920719372615680,3513343264788421073,198238,25824051,57
-5000000000,2033152277285894034,1597265695962634330441373758185701,3513343264788421073,198239,25824051,220
-17000000000,6913589868066841083,1597421306768985376969076782888400,3520697476699706830,198241,25824051,278
-5000823549,2034000000000000000,1597467056086721055530328559505628,3520697476699706830,198241,25824051,589
216031,-87781206877006,1597467054111333005242895948879662,3520697476699706830,198241,25824051,777
22774498956,-9252938178453482506,1597258707294290800179152737095443,3513343264788421073,198239,25824052,5
-21789703939,8861640764537875647,1597458148824506763916495550224123,3520697476699706830,198241,25824052,46
-9984554218,4061351010183299389,1597549497908971363159243526214379,3520697476699706830,198242,25824052,237
-19384887148,7886388657433808555,1597726880849225045939499264172363,3520697476699706830,198245,25824052,242
388600806,-157954297070013194,1597723326318112699306575534800571,3520697476699706830,198245,25824052,297
-17001501854,6918162638289205702,1597878931638017415700663333922899,3520697476699706830,198247,25824052,351
63425342756,-25776058627760686310,1597298839921842391202094875934720,3513343264788421073,198239,25824052,361
-34398756967,13991320716904276985,1597613575869767520664347944224595,3520697476699706830,198243,25824052,402
12496530524,-5078383600033387020,1597499294252606144217157974170085,3520697476699706830,198242,25824052,668
-19712773749,8019294346134103040,1597679666546144600328900401241217,3520697476699706830,198244,25824052,720
9959804332,-4047893627337173415,1597588574603065254966781795163967,3520697476699706830,198243,25824052,784
-27147376257,11045447584755317008,1597837012012646255140185256443516,3520697476699706830,198246,25824053,17
31956096164,-12988615241187766749,1597544722167814509684947210668558,3520697476699706830,198242,25824053,51
-17000000000,6916004883057542459,1597700278954862938377736685209381,3520697476699706830,198244,25824053,75
37119897633,-15084424350995941688,1597360825982312985817458473181194,3520697476699706830,198240,25824053,83
-33134862624,13478193351934826883,1597663981415036966570560537621082,3520697476699706830,198244,25824053,243
22494358936,-9141389574671056405,1597458267773458436076034333407801,3520697476699706830,198241,25824053,456
-1367890,556375938775207,1597458280287627366023609942154614,3520697476699706830,198241,25824053,480
-9684482467,3939286689099959296,1597546883865990966439686157362659,3520697476699706830,198242,25824053,520
26315482371,-10692438811152959340,1597306242480333316753413229248512,3513343264788421073,198239,25824053,1253
-33357970486,13568036763340122199,1597611442340007822170188942740698,3520697476699706830,198243,25824053,1315
9067103965,-3684783784219756430,1597528521654428284285462415996706,3520697476699706830,198242,25824053,1461
8289822410,-3368569334595344144,1597452716913905089695284468994484,3520697476699706830,198241,25824054,12
-27323757358,11115332092876253879,1597702726186104981879356731995054,3520697476699706830,198244,25824054,266
-22559547359,9179869128427122057,1597909202464142523192640794491118,3520697476699706830,198247,25824054,302
44467218524,-18074122940452340768,1597502470684685207995252427718656,3520697476699706830,198242,25824054,671
-47141575952,19180612710087774355,1597933886586965837419635203023426,3520697476699706830,198247,25824054,707
51946145259,-21113752018988277167,1597458752387757570838283968971622,3520697476699706830,198241,25824054,735
-19745741749,8032299744649425920,1597639417202490204250263795972813,3520697476699706830,198244,25824054,787
-8851120248,3601105345824847253,1597720414308028941498626374827412,3520697476699706830,198245,25824055,51
-17000000000,6917526234753374659,1597876005313760811853512227859930,3520697476699706830,198246,25824055,188
18862694285,-7667726370410334739,1597703454313565461607924394849776,3520697476699706830,198244,25824055,392
11673419064,-4744440811790557148,1597596687591867972289545951648091,3520697476699706830,198243,25824055,486
-19557007961,7956890802473206784,1597775656286809194068671281090510,3520697476699706830,198245,25824055,681
26740328956,-10868146747090254561,1597531084493178547159216622141440,3520697476699706830,198242,25824055,691
-47141575952,19181299919546805755,1597962515852373577857614369207929,3520697476699706830,198248,25824055,755
5000000000,-2032892329669908349,1597916768575041454349092997659847,3520697476699706830,198247,25824055,794
5000000000,-2032775935667026767,1597871023916986629449075499461146,3520697476699706830,198246,25824055,797
18427012601,-7490592797360709493,1597702459049540595520580034702010,3520697476699706830,198244,25824055,820
23426347717,-9520544389198858487,1597488213081778892470644786584194,3520697476699706830,198242,25824055,959
-17000000000,6915515595686100666,1597643758863633899262962943519959,3520697476699706830,198244,25824056,7
-19865445933,8082871307128309572,1597825561148612469827508267460900,3520697476699706830,198246,25824056,168
-11233956186,4571696980040733198,1597928389082600240541728931095797,3520697476699706830,198247,25824056,178
10000001000,-4065495022190459895,1597836901045797664763749527537039,3520697476699706830,198246,25824056,683
8422561654,-3423826750517226577,1597759852817710500015972197891243,3520697476699706830,198245,25824057,5
29819856847,-12119314516843379217,1597487125317987339781828721886883,3520697476699706830,198242,25824058,2
-8001995858,3255000000000000000,1597560337721738388806840783287610,3520697476699706830,198243,25824058,462
-6759401155,2749777845496214205,1597622186522306793887991241691448,3520697476699706830,198243,25824058,497
-6000000000,2441025832059427355,1597677090783069766295539224805408,3520697476699706830,198244,25824058,566
-2394140752,974073401607124467,1597698999924440463230304272969605,3520697476699706830,198244,25824058,730
18521443728,-7527354103184505540,1597529607797415519248902336282624,3520697476699706830,198242,25824058,1580
-51905778644,21120330000000000000,1598004652383380309803259629912003,3520697476699706830,198248,25824059,40
67003765685,-27234056207334502855,1597391789663593339039695651045328,3520697476699706830,198240,25824059,85
-36341087170,14783226718506217605,1597724298285178154024254111773077,3520697476699706830,198245,25824059,130
14210527687,-5775667526618312838,1597594325310091347145740739342432,3520697476699706830,198243,25824059,239
-250197718,101782946897443992,1597596614641643797914478717686512,3520697476699706830,198243,25824059,759
-6000000000,2440947688184365806,1597651517144772075490188799223536,3520697476699706830,198244,25824059,793
-12000000000,4882398720010550194,1597761333472379761316098207814016,3520697476699706830,198245,25824059,822
35156989433,-14288009081395926814,1597439802664067521114138484932608,3520697476699706830,198241,25824059,948
-4995381223,2031833414663951120,1597485503250337643941790650750092,3520697476699706830,198242,25824059,1071
-4235459420,1722832061507128311,1597524253688581057768294561977445,3520697476699706830,198242,25824059,1087
2897484141,-1177422731107625690,1597497757507041589317421528194991,3520697476699706830,198242,25824059,1356
-9984751659,4061632739622525440,1597589112928246419950116178939051,3520697476699706830,198243,25824059,1437
-2737904106,1113815512200259468,1597614165189685248480788256363290,3520697476699706830,198243,25824060,20
-19697068059,8014056910365967360,1597794419681299871432783113297764,3520697476699706830,198245,25824060,86
21269489116,-8645091758556624098,1597599874498326721571155488542835,3520697476699706830,198243,25824060,232
-12000000000,4882083075981677916,1597709683726377392526122923422209,3520697476699706830,198244,25824060,404
-23298176766,9480552870212277197,1597922923070315072379706117273291,3520697476699706830,198247,25824060,441
5000000000,-2032791594248436858,1597877178059886707602448669614329,3520697476699706830,198247,25824060,460
48372432488,-19660206754598983437,1597434753777162610686583222829056,3520697476699706830,198241,25824060,463
-38518588524,15670053072912423625,1597787209154236168543549311660293,3520697476699706830,198245,25824060,507
19033124610,-7736139279773095920,1597613118621281489203717319582975,3520697476699706830,198243,25824060,588
8997804764,-3656630379383329718,1597530831487021958852328555903875,3520697476699706830,198242,25824060,710
-9718041580,3953297122177393152,1597619750192108506162342972485335,3520697476699706830,198243,25824060,992
-8000667387,3255000000000000000,1597692962595859555187355033886062,3520697476699706830,198244,25824060,1297
42951795,-17457879269931896,1597692569731745240788073028407795,3520697476699706830,198244,25824061,10
13557514703,-5510061412738281363,1597568573834920493348151039874943,3520697476699706830,198243,25824061,22
-14157985331,5759883865173116088,1597698126812830234362237487172800,3520697476699706830,198244,25824061,233
-7999882464,3255000000000000000,1597771339216581283387249548573527,3520697476699706830,198245,25824061,309
10000001000,-4064695942829642670,1597679869161894433146644281330096,3520697476699706830,198244,25824061,420
37172610160,-15105454704047239333,1597339942931917420294597252681356,3520697476699706830,198240,25824062,2
-14413379265,5862115883706802668,1597471795342029057772227980856357,3520697476699706830,198241,25824062,768
-9989160048,4063294023625254582,1597563188129315348609144764396031,3520697476699706830,198243,25824062,978
-21814054246,8874926694908350305,1597762805553723518572830536246036,3520697476699706830,198245,25824062,987
36579334475,-14865964904240180140,1597428268692445519535076545716899,3520697476699706830,198241,25824062,1220
616726,-250586788161817,1597428263053355280227537257186621,3520697476699706830,198241,25824062,1246
-250138693,101737781262729125,1597430551369029179716007780689986,3520697476699706830,198241,25824062,1338
-6000000000,2440440253887083487,1597485442458798117886823476728855,3520697476699706830,198242,25824062,1372
-10204275873,4150872797474541751,1597578805093258318347775169673116,3520697476699706830,198243,25824062,1401
-20041070726,8153674821330681856,1597762199911407020160717347426701,3520697476699706830,198245,25824062,1575
43709663515,-17763016236203922317,1597362469134644936883632175316992,3520697476699706830,198240,25824062,1585
-25373395857,10320641447657841140,1597594603994440862219540824733862,3520697476699706830,198243,25824063,28
801541,-325748494049669,1597594596663946039490024215245712,3520697476699706830,198243,25824063,137
-28796367939,11716571512640651264,1597858129187497955485584376941858,3520697476699706830,198246,25824063,248
-5781407384,2352785977110626894,1597911048731859254903672440262823,3520697476699706830,198247,25824063,387
64727469450,-26306104148822325829,1597319068219925645712935905615175,3520697476699706830,198240,25824064,2
-25374774621,10320641447657841140,1597551203079721571048844555032045,3520697476699706830,198242,25824065,14
-58794685771,23925000000000000000,1598089331116509235541444729843844,3520697476699706830,198249,25824065,35
79531683450,-32327205763660170406,1597361854493247580898138016614588,3520697476699706830,198240,25824065,97
-9983258294,4060334275763747454,1597453180709026824741581301392389,3520697476699706830,198241,25824065,209
-61111129215,24864895565376782077,1598012449149383209806895290177751,3520697476699706830,198248,25824065,214
4999765579,-2032924064049289421,1597966701157915156263936379659382,3520697476699706830,198248,25824065,747
24596921,-10000915476319707,1597966476101896599386965678589630,3520697476699706830,198248,25824065,751
10000001000,-4065688823115296244,1597874983703886828169341287322854,3520697476699706830,198246,25824065,780
69076328555,-28071572277181712654,1597243118406622452464181472146493,3513343264788421073,198239,25824066,2
-22807172898,9275307815336991731,1597451896818944382818888572762549,3520697476699706830,198241,25824066,284
-9986873446,4062262642769857433,1597543266408113436654775453469622,3520697476699706830,198242,25824066,994
-1071811196,435997749490835032,1597553072995907682966233639032482,3520697476699706830,198242,25824066,1005
-3278440387,1333656757430952618,1597583069990374764304194182876605,3520697476699706830,198243,25824066,1118
31538628985,-12814891616535661574,1597294641667115712579728949903360,3513343264788421073,198239,25824066,1259
-98348024544,40016434940529531568,1598193584289196862301718757114290,3573892827775405744,198250,25824067,11
75000000000,-30490024095463309377,1597508617270415966597302875383801,3520697476699706830,198242,25824067,49
25694012269,-10439461613107754215,1597273600583632520651902737694745,3513343264788421073,198239,25824067,58
-56781989580,23097690000000000000,1597793212350976568502058172015052,3520697476699706830,198245,25824067,71
-57049685085,23221703062197784340,1598312557514203748269057245466368,3573892827775405744,198252,25824067,198
134821579598,-54799010135124801297,1597081857469185174465645551550464,3513343264788421073,198237,25824067,232
-9991920283,4062433318940936863,1597173422162238925860490255547152,3513343264788421073,198238,25824067,265
-64200240257,26113113614256619144,1597761066969583896902083098650824,3520697476699706830,198245,25824067,270
-17000000000,6917878277728463058,1597916665893568433890577349869785,3520697476699706830,198247,25824067,495
29090655471,-11825324268960133374,1597650554215650769086379116404382,3520697476699706830,198244,25824067,503
4300000000,-1747611865446161425,1597611226759144276721080623108604,3520697476699706830,198243,25824067,1530
4300000000,-1747525829813818769,1597571901238744225302020652239408,3520697476699706830,198243,25824067,1578
4300000000,-1747439800534672705,1597532577654307645404693700004027,3520697476699706830,198242,25824067,1593
-6926214587,2817543637827516572,1597595950662725103957627950397491,3520697476699706830,198243,25824068,14
-17677891517,7192276492804934720,1597757721430921851646906219966608,3520697476699706830,198245,25824068,83
40318934775,-16385296079515790851,1597388994237170139917084983722006,3520697476699706830,198240,25824068,111
-5000000000,2033582751706114110,1597434734170036215894540070067402,3520697476699706830,198241,25824068,212
-6000000000,2440453034492400284,1597489625547270234445100079861532,3520697476699706830,198242,25824068,340
-17000000000,6915527825393862378,1597645171604199374081590004301328,3520697476699706830,198244,25824068,369
53879069387,-21891242574532717104,1597152195690185090966296450826240,3513343264788421073,198237,25824068,377
-47642001334,19375783639918533604,1597588346857267512889732617953376,3520697476699706830,198243,25824068,469
22734296810,-9238009573730917234,1597380458923510144432991126631810,3520697476699706830,198240,25824068,498
-28696003902,11672598989917272064,1597643002404331622266992184893228,3520697476699706830,198244,25824068,547
-1205484746,490435879773665142,1597654033430335920426889781256400,3520697476699706830,198244,25824068,595
45948786049,-18670197816492204087,1597233712708275519579572130334949,3513343264788421073,198238,25824068,606
410561,-166777514594408,1597233708947334719277038088006748,3513343264788421073,198238,25824068,977
-10366043197,4215351702760484850,1597328697014651595557250562316109,3520697476699706830,198240,25824069,9
-9986214774,4061368168228105906,1597420046485039913372450577714249,3520697476699706830,198241,25824069,285
-37705078781,15338748755600814663,1597765050069350496367223499419581,3520697476699706830,198245,25824069,294
2256180,-917113379527495,1597765029431051307615836544106429,3520697476699706830,198245,25824069,332
-17000000000,6917912592239480322,1597920629126847775515458993221213,3520697476699706830,198247,25824069,538
-24424061,9940000000000000,1597920852700209767966245051559253,3520697476699706830,198247,25824069,548
84482927854,-34331522732698114002,1597147917486245514360266789224448,3513343264788421073,198237,25824069,657
-10088995557,4102243026069246434,1597240379465070522103271968288526,3513343264788421073,198239,25824069,691
-2614250000,1063046415771007269,1597264339862970010196436064599329,3513343264788421073,198239,25824069,817
-2614250000,1063078310027544369,1597288300979745989475544560382322,3513343264788421073,198239,25824069,840
-39070760862,15891823478207739307,1597645805601086134995199647963103,3520697476699706830,198244,25824069,896
-4845865341,1971525673696258236,1597690149728160853702578240196762,3520697476699706830,198244,25824069,1116
-110247529,44855147647328410,1597691158623146988610189710032284,3520697476699706830,198244,25824069,1162
61455448693,-24969904624336323969,1597128853150200325474297048989696,3513343264788421073,198237,25824069,1183
-98368393819,40016434940529531568,1598029308589947828245816184945910,3520697476699706830,198248,25824069,1204
15090684525,-6135705769975079010,1597891233479234543302038867260285,3520697476699706830,198247,25824069,1233
16778181018,-6820578569548517701,1597737746304910195724035724268642,3520697476699706830,198245,25824069,1263
-31679955202,12892359231364562120,1598027724986738222265541323034916,3520697476699706830,198248,25824069,1289
88159861613,-35829765197910993203,1597221227143907362518571295734016,3513343264788421073,198238,25824070,2
-8996733327,3658435890593235959,1597303685988909728340452240362971,3513343264788421073,198239,25824070,296
-9985155975,4060810494093686354,1597395051898951101388077108322033,3520697476699706830,198240,25824070,363
2401615969,-975766476326733566,1597373093697352123331247220658999,3520697476699706830,198240,25824070,449
-2901595990,1180089435904220126,1597399636611098288447502460834086,3520697476699706830,198241,25824070,490
15666888575,-6364944040907457943,1597256274809489875135360019726336,3513343264788421073,198239,25824070,781
-9987879119,4061677180448065173,1597347759248174373386529082065844,3520697476699706830,198240,25824071,22
-64487978540,26235911819144602852,1597937864983621419091998974712752,3520697476699706830,198247,25824071,27
64327459227,-26144471864016377174,1597349521770550580045059561881600,3520697476699706830,198240,25824071,77
-48676675624,19801584000000000000,1597794904739127634532584733875352,3520697476699706830,198245,25824071,90
46488948568,-18892952886610570048,1597369746385823769019642036617216,3520697476699706830,198240,25824071,191
6552249779,-2662003961778424504,1597309825710579854966239495454720,3513343264788421073,198239,25824071,238
-25536629239,10386361945805754419,1597543454932933608898819037699799,3520697476699706830,198242,25824071,346
-9983832268,4061491084558301426,1597634807167991663694557119518558,3520697476699706830,198243,25824071,351
5000000000,-2032058619716684163,1597589078652086246386240404620515,3520697476699706830,198243,25824071,594
55223617589,-22435787456192546772,1597083705483788969556764218746032,3513343264788421073,198237,25824072,5
-23335699456,9488386478650818378,1597297567749894920285208145800926,3513343264788421073,198239,25824072,177
-9738941184,3960642821588594703,1597386693439692563205981454354795,3520697476699706830,198240,25824072,392
6120770,-2486850953555636,1597386637476738403976886387832826,3520697476699706830,198240,25824072,417
-19745236424,8031368943693096960,1597567281355626052252643179020402,3520697476699706830,198243,25824072,502
-9580910144,3897686885132382892,1597654949259137413438351260201580,3520697476699706830,198244,25824072,604
52335738521,-21264630618328355981,1597176124316747289008623209290113,3513343264788421073,198238,25824072,719
-9900996970,4025939589816700610,1597266866464089319387930662435085,3513343264788421073,198239,25824072,788
-9899872293,4025939589816700609,1597357524958136923669342448052485,3520697476699706830,198240,25824072,808
-9898749563,4025939589816700609,1597448077558667489870495996476339,3520697476699706830,198241,25824072,833
-12000000000,4881155339896342768,1597557865919809142707312964862435,3520697476699706830,198243,25824072,866
-7767010647,3159689812465962772,1597628934579188047298156218528562,3520697476699706830,198243,25824072,937
-7860381990,3197960340031011076,1597700864030369058791479495270960,3520697476699706830,198244,25824072,967
63064552231,-25623773180339188982,1597123833714246651659310193442816,3513343264788421073,198237,25824072,1009
-9503356971,3863989519986843136,1597210925608828872961405335201499,3513343264788421073,198238,25824072,1185
-16593644407,6747854402043948397,1597362923052124993058924991272276,3520697476699706830,198240,25824072,1204
33001845986,-13405620228003032079,1597060712599988309984684136021194,3513343264788421073,198236,25824073,6
-52731408369,21443793222807765223,1597543569132736030348438715409073,3520697476699706830,198242,25824073,113
-1250445718,508664478879861507,1597555010161676604655700652035375,3520697476699706830,198242,25824073,213
-6000000000,2440820553736495965,1597609909805260019523731838208185,3520697476699706830,198243,25824073,305
-17000000000,6916569335698165860,1597765479288140897883566717820243,3520697476699706830,198245,25824073,359
-17836651623,7258415162191928900,1597928737666465669463484036238549,3520697476699706830,198247,25824073,479
89127398638,-36218301074803779916,1597113270885802088093213127606272,3513343264788421073,198237,25824073,518
-9741188192,3960642821588594703,1597202541285038781659785167625720,3513343264788421073,198238,25824073,945
-9740099350,3960642821588594703,1597291811684275475226357207645168,3513343264788421073,198239,25824073,972
-9739011265,3960642821588594703,1597380949397635670970197767429805,3520697476699706830,198240,25824073,999
-20045176854,8153325559525536768,1597564336360086586883774598914177,3520697476699706830,198243,25824073,1037
-6017130537,2447818135251508646,1597619393395302308352649202465531,3520697476699706830,198243,25824073,1065
28045630777,-11396349770169848647,1597362935162910582621510556199374,3520697476699706830,198240,25824073,1121
-9898682512,4025939589816700610,1597453487763441148822686608164938,3520697476699706830,198241,25824073,1198
19993336039,-8122984684131514750,1597270593730981843905124354657169,3513343264788421073,198239,25824073,1211
-9815534657,3991659039841221632,1597360473391255524712266822590221,3520697476699706830,198240,25824073,1243
-9500170121,3863838018372953088,1597447379956241630341221934943188,3520697476699706830,198241,25824073,1272
-9897636034,4025939589816700609,1597537932556772196542375483367042,3520697476699706830,198242,25824073,1308
-143249061,58271008265894345,1597539243205185143814825719060638,3520697476699706830,198242,25824073,1391
1001000000,-406778781012401875,1597530089241919996795547527397515,3520697476699706830,198242,25824073,1401
-9011371357,3665805591174799073,1597612541604136261725890933853447,3520697476699706830,198243,25824074,13
-9895589757,4025939589816700610,1597703094204666827927066985819011,3520697476699706830,198244,25824074,40
23243506300,-9446254435237463538,1597490520023982709288668791295789,3520697476699706830,198242,25824074,54
-9980126400,4059714366112920827,1597581832296574350830772331939338,3520697476699706830,198243,25824074,126
-10539288707,4287674196005205446,1597678271907754347026062390482803,3520697476699706830,198244,25824074,131
25000000000,-10159682714384375249,1597449643064033542668509132768845,3520697476699706830,198241,25824074,346
-9897607991,4025939589816700609,1597540195664564108869662681192699,3520697476699706830,198242,25824074,373
-20558976739,8364004484914667726,1597728321278488888435791295777866,3520697476699706830,198245,25824074,461
-9977519445,4059862309572301425,1597819636878667712926983617731119,3520697476699706830,198246,25824074,507
-36618706480,14904164353156822810,1598154292821837138208408034153331,3573892827775405744,198250,25824074,516
85366292366,-34700482257332100725,1597373981914769881140063333515264,3520697476699706830,198240,25824074,642
3918052,-1591867519672209,1597373946092112755826930009662380,3520697476699706830,198240,25824074,659
-28039842482,11405558034623217922,1597630483210342204744067238824455,3520697476699706830,198243,25824074,685
17500000000,-7111657787046794212,1597470445722706048194231722477641,3520697476699706830,198241,25824074,708
-9897350222,4025939589816700609,1597560998323236614395385270901495,3520697476699706830,198243,25824074,722
-4902971787,1994548139336767936,1597605860278283627311586213140652,3520697476699706830,198243,25824074,764
8700000000,-3535578989679932448,1597526297229021308530543550154183,3520697476699706830,198242,25824074,964
12495032172,-5077219968906988072,1597412041797681519745914003012430,3520697476699706830,198241,25824074,1051
-9737545898,3960642821588594703,1597501125724369027649178928731996,3520697476699706830,198242,25824074,1074
-9896970079,4025939589816700610,1597591678324899593850354980697560,3520697476699706830,198243,25824074,1097
-9138643257,3717868882397565865,1597675301709757213511666763646044,3520697476699706830,198244,25824074,1405
41636612782,-16918916908040629448,1597294518023900745237417917436306,3513343264788421073,198239,25824075,2
-6858537174,2789180444871831390,1597357301212691517610414705460662,3520697476699706830,198240,25824075,116
-6003512201,2441644913645621181,1597412219398017022510223588750116,3520697476699706830,198241,25824075,223
-2431750000,989047184840770483,1597434465334061692526578518991947,3520697476699706830,198241,25824075,344
39117778591,-15890830378795698348,1597076361539940690946587315492968,3513343264788421073,198236,25824076,68
-9902233922,4025939589816700609,1597167103687282721325872217991293,3513343264788421073,198238,25824076,78
-49004543778,19930450593075356415,1597615699443712674917551934001870,3520697476699706830,198243,25824076,138
-40691525955,16558000000000000000,1597988126780520622615293781213313,3520697476699706830,198248,25824076,227
81792529975,-33241530741242269989,1597239912410474898992807863918245,3513343264788421073,198239,25824076,239
-9648144667,3923432563340122199,1597328321589759981027025716697564,3520697476699706830,198240,25824076,300
-46790836609,19033717157637474541,1597756433474684166596163494486914,3520697476699706830,198245,25824076,309
71370491490,-28999199508408402016,1597103401431408580536090545356800,3513343264788421073,198237,25824076,382
-49983900046,20327255116385947648,1597561055294737124255483092192813,3520697476699706830,198243,25824076,407
40618322856,-16502872870635389937,1597189414527702282993355931198209,3513343264788421073,198238,25824076,417
-48430193380,19697343510655598592,1597632720568029705689665909581035,3520697476699706830,198243,25824076,449
-6001442498,2441644913645621181,1597687638753355210589474792870489,3520697476699706830,198244,25824076,948
2405310,-977638665842464,1597687616753022716755650094029401,3520697476699706830,198244,25824076,958
27997845323,-11377906854134909112,1597431573551561232393879164071041,3520697476699706830,198241,25824076,1012
-9897831901,4025939589816700609,1597522126152091798595032712494895,3520697476699706830,198242,25824076,1077
-9896709884,4025939589816700609,1597612678752622364796186260918749,3520697476699706830,198243,25824076,1106
89173496950,-36222681176206953091,1596796451615963561619169547932489,3513343264788421073,198233,25824077,2
-25872476816,10516218965398683727,1597033480580146978216008514235559,3513343264788421073,198236,25824077,107
-32740699327,13312377210105235992,1597333499829951105336574097452501,3520697476699706830,198240,25824077,121
-29713162976,12085705886528709011,1597605335030866917852029323218251,3520697476699706830,198243,25824077,298
-171942878,69949023939460069,1597606908344594305730472822664416,3520697476699706830,198243,25824077,386
10000001000,-4063859392613731539,1597515457115250131532342906364736,3520697476699706830,198242,25824077,454
55194159294,-22421754524602972646,1597010246292319764748446735080162,3513343264788421073,198236,25824078,2
-8128874550,3304639696815954520,1597084730793537640426903669660916,3513343264788421073,198237,25824078,90
-30040862244,12215217417221791744,1597359965353119229862198386365390,3520697476699706830,198240,25824078,252
-9974171128,4056628588187372708,1597451208219499082985441446231565,3520697476699706830,198241,25824078,333
-39866772276,16218977828105906313,1597816010171321080473643288538095,3520697476699706830,198246,25824078,338
51490254319,-20925420502434443556,1597345114098250840398443417622061,3520697476699706830,198240,25824078,532
-9886769399,4021004352572138496,1597435555693994384757477040486317,3520697476699706830,198241,25824078,596
-9981683649,4060068450509164969,1597526875930754929455511845355448,3520697476699706830,198242,25824078,628
-37675934500,15328940353156822810,1597871658901633904982525118840566,3520697476699706830,198246,25824078,638
47424711764,-19274992147858652003,1597437903311879787592872470100857,3520697476699706830,198241,25824079,2
-19858948131,8078144924291681486,1597619599289685234580208029485334,3520697476699706830,198243,25824079,89
17500000000,-7111560895331818343,1597459563982455827317415693045895,3520697476699706830,198241,25824079,277
-46872026157,19069886292057026476,1597888489394038215713122934393993,3520697476699706830,198247,25824080,86
9300065625,-3780763013740991848,1597803408835863878649624896036223,3520697476699706830,198246,25824080,192
-11952348275,4863934245522479265,1597912809855157809761853418096045,3520697476699706830,198247,25824080,244
35457733752,-14412940733172879998,1597588467642208941028145740382208,3520697476699706830,198243,25824080,286
-17000000000,6916383667805310511,1597744032948993740944848033255226,3520697476699706830,198245,25824080,557
348000000,-141454386089463283,1597740849724316352001925963626471,3520697476699706830,198245,25824080,814
419180,-170386992123285,1597740845890005567959575530950844,3520697476699706830,198245,25824081,203
3745591007,-1522465106130434233,1597706585032988148326500763424450,3520697476699706830,198244,25824081,607
3003318941,-1220707658195826717,1597679114787286547782739422454607,3520697476699706830,198244,25824082,17
39360000000,-15994106672813315236,1597319190740664971003132334982209,3520697476699706830,198240,25824082,230
-119461627,48581416723986927,1597320283447975568390625795047618,3520697476699706830,198240,25824083,114
1919544510,-779831999338207701,1597302703430612766132443427432982,3513343264788421073,198239,25824083,209
-131018918,53280320000000000,1597303904335529496552931118410794,3513343264788421073,198239,25824087,66
-9687215013,3939636806066797854,1597392544315753283676849645217574,3520697476699706830,198240,25824089,70
-38623247,15708337581276432,1597392897632236619525378535185286,3520697476699706830,198240,25824091,1123
-98128008,39909359745449912,1597393795285127289185008676919888,3520697476699706830,198240,25824092,37
-150761467,61315849980377107,1597395174419002896595196849110444,3520697476699706830,198240,25824096,315
275973,-112128223107756,1597395171895720751051522165933518,3520697476699706830,198240,25824096,767
-9712125,3950000000000000,1597395260740266009620999523120164,3520697476699706830,198240,25824098,537
-2341481169,952312121796924935,1597416688188212612758358503668093,3519421200703961452,198241,25824101,967
-571836,232576964153395,1597416693421298151533594088956262,3519421200703961452,198241,25824103,281
692435,-281344602099654,1597416687087752211307993663492480,3519421200703961452,198241,25824106,465
-9884722,4020304627886800,1597416777546401399753361520652412,3519421200703961452,198241,25824107,165
-12294727864,5000852300000000000,1597529298956025702392745720686018,3519421200703961452,198242,25824107,222
-12723976,5175813025150438,1597529415414129762325362679698953,3519421200703961452,198242,25824107,535
-3561214845,1448647754181570557,1597562010635418259603576411046965,3519421200703961452,198243,25824107,544
196000000,-79651629354596065,1597560217541646542363237736440908,3519421200703961452,198243,25824108,646
-1495193585,608238146327808255,1597573903171516490300047292251053,3519421200703961452,198243,25824109,779
-3832707177,1559175945718047232,1597608985326465257703036997253817,3519421200703961452,198243,25824110,302
-206570176,84036345318483024,1597610876181757046739824717201714,3519421200703961452,198243,25824111,29
-38078740,15491116707985528,1597611224738799740665854767051461,3519421200703961452,198243,25824113,265
-17072715607,6946168765274402879,1597767516637474088152039179308661,3519421200703961452,198245,25824114,99
-5398117438,2196549381950775436,1597816939979324534724388289645750,3519421200703961452,198246,25824114,236
-3890128484,1583017454062302231,1597852558578856251547034449464743,3519421200703961452,198246,25824115,570
32000000,-13009090487547291,1597852265722083352637619644304221,3519421200703961452,198246,25824115,877
-898933008,365814440189845670,1597860496710323314570268154627701,3519421200703961452,198246,25824116,198
107000000,-43499559840262842,1597859517461179837808428915689771,3519421200703961452,198246,25824117,497
35000000,-14228816412612462,1597859197146299965344586954210154,3519421200703961452,198246,25824117,508
-8857795,3604630225356516,1597859278252089498757278989231552,3519421200703961452,198246,25824117,633
-19992742,8135935680142825,1597859461246919330541263141208979,3520716608480482159,198246,25824119,206
-10432053892,4245520737815682294,1597954952211389473983692791038514,3520716608480482159,198247,25824119,328
-2457043,1000000000000000,1597954974703557188437840678171199,3520716608480482159,198247,25824119,1081
-35103942417,14289927537290936320,1598274004557402795002145298465425,3573911959556181073,198251,25824120,2
274262332,-111555655834681356,1598271531539116425953625805320241,3573911959556181073,198251,25824121,400
102001564,-41488844424419417,1598270611794884954977101956895618,3573911959556181073,198251,25824124,10
-58039012029,23638557562844561408,1598794380449970740515207002014982,3573911959556181073,198258,25824125,2
3729708838,-1518009851160617357,1598760523915357582216772047421419,3552316637251621380,198258,25824127,425
11044369157,-4494735556255743824,1598660276759635228162173659620855,3552316637251621380,198256,25824129,16
50293385949,-20460812956576387046,1598203934383761944239692903527234,3552316637251621380,198251,25824130,2
31625056,-12862317942208942,1598203647512426897964323870891465,3552316637251621380,198251,25824130,56
10417516515,-4236687031691641439,1598109046244417580987970311586991,3499135788421809848,198249,25824134,44
5909762662,-2403209892033060724,1598054632264682385117044519998355,3499135788421809848,198249,25824134,471
-2981069,1213426379009223,1598054659725598278123565878450635,3499135788421809848,198249,25824135,134
251114,-102112062749923,1598054657413555650630531608611315,3499135788421809848,198249,25824137,379
-2498245,1016895798835116,1598054680426810090148979681298976,3499135788421809848,198249,25824138,523
-2498493,1016996616704827,1598054703442346127536515160985144,3499135788421809848,198249,25824140,953
39331916900,-15990189952748718868,1597692650225548353275496159247399,3499135788421809848,198244,25824143,2
28787436069,-11698793714380865955,1597427763697654600776245263793470,3499135788421809848,198241,25824152,2
8257818743,-3355141026761578627,1597351795894574162533752679712860,3499135788421809848,198240,25824153,18
-982678009,399643615425354678,1597360840184281572377745245122575,3499135788421809848,198240,25824153,1345
12417567041,-5044697500530117633,1597246467672415508718080563621583,3491781576510524091,198239,25824155,23
25293082630,-10273203287691283552,1597013369753263111655404353783355,3491781576510524091,198236,25824157,2
66399682149,-26955066671801040324,1596402308737362850635206673202672,3508119456351770881,198228,25824158,5
2876106694,-1167094836191240750,1596375950803859788536375603244368,3508119456351770881,198228,25824158,335
-5235205608,2126547995083920128,1596423953231085838937279504991047,3508119456351770881,198228,25824163,37
-16049737267,6520223658225775615,1596571377076306308513081284573113,3491781576510524091,198230,25824163,78
-12838748668,5216624651501096018,1596689682567305845212864528644606,3491781576510524091,198232,25824164,98
-2352246833,955845853888521316,1596711359766763086855150678040233,3491781576510524091,198232,25824164,166
-1420239160,577133000000000000,1596724448307246326042805890705882,3491781576510524091,198232,25824164,277
1011075724,-410454225541133740,1596715135143357553391362876627382,3491781576510524091,198232,25824166,22
-2080411893,845410155684365419,1596734307821141732014005155720789,3491781576510524091,198232,25824167,1578
1013166128,-411307915831339467,1596724975287108645564887552067363,3491781576510524091,198232,25824168,63
1013724622,-411529831863892023,1596715637717823752453487019833199,3491781576510524091,198232,25824169,63
1009847705,-409951180193226008,1596706335967981850370482660873393,3491781576510524091,198232,25824176,38
-11937980944,4851420704172583544,1596816359162440991723817228730695,3491781576510524091,198233,25824180,158
895822,-363710011726474,1596816350909898475611693191868276,3491781576510524091,198233,25824180,162
-639384717,259855450238384987,1596822244055118443016281203673976,3491781576510524091,198233,25824184,93
-310659046,126257145334533883,1596825107384295615800466757150812,3491781576510524091,198233,25824184,116
-342750043,139300000000000000,1596828266506524487167795208520470,3491781576510524091,198233,25824184,191
-246050881,100000000000000000,1596830534361678020094807736424029,3491781576510524091,198233,25824186,228
7684165609,-3119742517544541117,1596759747726899539098913003985165,3491781576510524091,198233,25824187,43
4720777892,-1916481024350259303,1596716262970844303495663879089539,3491781576510524091,198232,25824189,57
255401238,-103681551157433333,1596713910447181285256546442611764,3491781576510524091,198232,25824190,913
77689,-31538171471917,1596713909760154883839266355947930,3636994691361440444,198232,25824193,277
7327668311,-2974582550060828320,1596649111560078299385835812026705,3636994691361440444,198231,25824198,258
876289,-355704641358510,1596649103811421090848416625141752,3636994691361440444,198231,25824199,407
981226,-398301065084190,1596649095134844908582352880121132,3636994691361440444,198231,25824199,416
-3349183390,1360893002012061187,1596678725956593958779734033274304,3636994691361440444,198231,25824202,300
-9937720942,4038348775463492790,1596766653216525003224287321352888,3636994691361440444,198233,25824202,962
48997691,-19892164168842141,1596766219886330908413017059699881,3636994691361440444,198233,25824208,443
-44298579,18002408572802140,1596766611854074651389329229949124,3636994691361440444,198233,25824208,463
489952,-198911562699877,1596766607520992270767836682199749,3636994691361440444,198233,25824210,101
220156,-89378944230219,1596766605573964540525405109445873,3636994691361440444,198233,25824213,153
115725,-46982182385623,1596766604550506356722110071442221,3636994691361440444,198233,25824213,419
-2453320,997000000000000,1596766626258259457168448855939840,3636994691361440444,198233,25824214,16
-13777544,5599030000000000,1596766748166344554452364848483177,3636994691361440444,198233,25824217,632
-92229171138,37500000000000000000,1597582702247620344823685531454385,3644348903272726201,198243,25824221,6
54336444772,-22075523566733087620,1597102345960975448568907408622278,3636994691361440444,198237,25824221,123
35628442123,-14467725131393832297,1596787181553217487464750177645601,3636994691361440444,198233,25824223,142
-25098513,10200000000000000,1596787403638555124929800931783735,3636994691361440444,198233,25824225,502
2500000,-1014980806252519,1596787381528249476798168391072148,3636994691361440444,198233,25824234,937
16189206741,-6572104251317545666,1596644215043865865718757704235665,3636994691361440444,198231,25824235,2
2500000,-1014798781823094,1596644192937525431259362573852166,3636994691361440444,198231,25824235,857
18480619532,-7500876449906414176,1596480965605675350849190241837046,3653332571202687234,198229,25824236,2
5127677868,-2080940095749300937,1596435837203901022635411170463129,3653332571202687234,198228,25824238,9
-6643779,2698833947268419,1596435895703021642128584357120350,3653332571202687234,198228,25824242,522
-1600105143,650000000000000000,1596449984909377281898577967652954,3653332571202687234,198229,25824245,366
-561707966,228181587569614208,1596454930905490860023538649346940,3653332571202687234,198229,25824245,434
-9583727371,3893397746553533103,1596539413691786820021891428668883,3636994691361440444,198230,25824247,155
-67633158,27477496220021585,1596540011961299119596727544951527,3636994691361440444,198230,25824247,243
-4180319952,1698389242613021104,1596576991113101624629757332160512,3636994691361440444,198230,25824251,71
2500000,-1014713330943282,1596576969008622649085533284161503,3636994691361440444,198230,25824251,638
-3005181302,1221000000000000000,1596603553929922192696020617755800,3636994691361440444,198231,25824252,37
58313100,-23669212043355981,1596603038320652041790459053034403,3636994691361440444,198231,25824253,776
-459728606,186790408409921405,1596607105321722547416584960072084,3636994691361440444,198231,25824256,392
-132153715,53695000000000000,1596608274426840630130888905508075,3636994691361440444,198231,25824259,357
-2623465929,1065949246595014250,1596631483416873419859577009079958,3636994691361440444,198231,25824259,399
40456810232,-16418276146665656178,1596274925329612335651825268222722,3653332571202687234,198226,25824265,2
2858222262,-1159653303497910924,1596249776455646150371939658822936,3653332571202687234,198226,25824265,763
2500000,-1014297447462381,1596249754459038549192602877127017,3653332571202687234,198226,25824266,937
3646419901,-1479392003992902221,1596217671557241282168370577253074,3653332571202687234,198226,25824267,388
238560000,-96784300385061357,1596215572640121012256316565806391,3653332571202687234,198226,25824268,316
3146762,-1276646097227548,1596215544954077518261507004175724,3653332571202687234,198226,25824271,987
-5523281721,2243114950000000000,1596264166045477473007487356775975,3653332571202687234,198226,25824276,717
-2382158942,967484472203806886,1596285136950669406337267583597263,3653332571202687234,198227,25824280,143
-5559053788,2257840011203020567,1596334077218109189978570988363849,3653332571202687234,198227,25824281,155
-144582341,58724753691864726,1596335350118375265056318179816189,3653332571202687234,198227,25824281,524
-18921901789,7686283590232238080,1596501955711622572315198930915671,3653332571202687234,198229,25824282,39
-18062071803,7338510697500000000,1596661660433230990063176527900310,3636994691361440444,198231,25824284,124
-4261415855,1731601687777248512,1596699362722003893452817687642786,3636994691361440444,198232,25824284,225
-1382501713,561789144844708460,1596711594597681726770128110750881,3636994691361440444,198232,25824285,14
96934,-39350507137367,1596711593740471684120599269467694,3636994691361440444,198232,25824287,413
-8510737555,3458586736534224896,1596786897799602239190940610268463,3636994691361440444,198233,25824291,127
40482496912,-16431889439978416291,1596429349466406777390856132599156,3653332571202687234,198228,25824303,2
8607692910,-3492924472482305816,1596353600001401247866089125740594,3653332571202687234,198227,25824307,25
12740373588,-5169320820870035352,1596241495290947954919507231055598,3653332571202687234,198226,25824309,5
52649608550,-21354526851874595258,1595778389375770194228884182368902,3653332571202687234,198220,25824310,5
105713145944,-42839489309144024175,1594847063823004803248661342757243,3644568901324413393,198209,25824312,5
160118830873,-64791782538960879215,1593434948112745712787890853920068,3625447598074717758,198191,25824313,5
297580599981,-120109762765853759489,1590799340191875918583002885203703,3604483052470650942,198158,25824314,32
-6092681892,2457604999472751370,1590853332448101551992677365618886,3604483052470650942,198158,25824315,7
-1773906597,715572033394361643,1590869053179701306475086779628462,3604483052470650942,198159,25824315,19
-49772725,20077907423255152,1590869494280497530241314011535383,3604483052470650942,198159,25824315,25
-714896712,288384670998992381,1590875829936166957612564673412976,3604483052470650942,198159,25824315,33
-203310192,82014425096435279,1590877631748848391266832587428233,3604483052470650942,198159,25824315,37
-202548383,81707299306038817,1590879426814141871143532251183524,3604483052470650942,198159,25824315,42
-534229475,215507160132489480,1590884161390207116892952073926507,3604483052470650942,198159,25824315,47
-6092032234,2457604999839083512,1590938153646440798422191182445134,3604483052470650942,198159,25824315,149
-266209106,107396018117912074,1590940513079030282527320937473702,3604483052470650942,198159,25824315,177
-309515202,124867279915700890,1590943254647607398803055147497348,3607731885807264669,198160,25824315,181
-811047904,327201947929282995,1590950436624572733789926001068868,3607731885807264669,198160,25824315,188
-1014664015,409351179327787825,1590959421750606580889212678997178,3607731885807264669,198160,25824315,197
-1926489445,777226376580995729,1590976481618277851324831506385203,3607731885807264669,198160,25824315,205
-127870074,51588723472058507,1590977613974078274118675811583728,3607731885807264669,198160,25824315,210
-4952093001,1997960670814998055,1591021468564817262688902087635642,3607731885807264669,198161,25824315,321
-6090980983,2457604999799817918,1591075412199964169331555006356472,3607731885807264669,198161,25824315,366
-5548580029,2238900694035933903,1591124555346311555529451476123734,3607731885807264669,198162,25824315,385
-13663398086,5513890601696778240,1591245583462254563540280723627027,3607731885807264669,198163,25824315,488
-13664900331,5515335860546571439,1591366643301162039979790264072205,3607731885807264669,198165,25824315,499
-160188504,64659191223588314,1591368062549503634102566397146885,3607731885807264669,198165,25824315,960
-66958287,27027371490982839,1591368655791569307081285224644186,3607731885807264669,198165,25824315,1086
-87911342,35484995846034398,1591369434675755034200159977756709,3607731885807264669,198165,25824315,1110
-425756949,171855261596088980,1591373206843182416037814043787000,3607731885807264669,198165,25824315,1151
-22724079,9172515683653263,1591373408176935992619061354651445,3607731885807264669,198165,25824315,1169
-22724263,9172592275740755,1591373609512370740756800076506716,3607731885807264669,198165,25824315,1187
-402299647,162387636861581173,1591377173868496295116864811229107,3607731885807264669,198165,25824315,1239
-22724447,9172709957792935,1591377375206514126250717075994016,3607731885807264669,198165,25824315,1287
-366095182,147774429679578433,1591380618807466812586408748845176,3607731885807264669,198165,25824315,1323
-316489524,127751576549046848,1591383422913267120296426075518414,3607731885807264669,198165,25824315,1403
-42933632,17330273911044413,1591383803307176202302128520917120,3607731885807264669,198165,25824315,1462
-45205991194,18252115778702223360,1591784384201201416639114973963213,3611321506520358915,198170,25824316,5
-743495663,300266408726764483,1591790968400644012149672170729569,3611321506520358915,198170,25824316,182
-258055540,104218283968255616,1591793253684469538134395175091491,3611321506520358915,198170,25824316,375
-1496860288,604527743864650962,1591806509683537383136685823756788,3611321506520358915,198170,25824316,444
53309,-21508092888021,1591806509211675025928283324494655,3611321506520358915,198170,25824316,520
-2982228095,1204444102821335057,1591832920092013126200585749344758,3611321506520358915,198171,25824317,135
-5821462231,2351251839144125950,1591884478010577309907540783898359,3611321506520358915,198171,25824317,492
-105536286,42626845410878972,1591885412726028778579088347523106,3611321506520358915,198171,25824317,714
-209709814,84703411585991917,1591887270090486279131638322149574,3611321506520358915,198171,25824317,955
-44804600,18096949279523412,1591887666917836578394051816184134,3611321506520358915,198171,25824317,968
-183073134,73944849403727685,1591889288370060592806294718887789,3611321506520358915,198171,25824317,1078
-42425942,17136232723021773,1591889664130953799405795826434469,3611321506520358915,198171,25824317,1107
-34493336,13932185621955320,1591889969633954268864478386050642,3611321506520358915,198171,25824317,1127
-40304610,16279421086870683,1591890326606802815133962754446193,3611321506520358915,198171,25824317,1172
-32312896,13051496011982624,1591890612798165783514360654473878,3611321506520358915,198171,25824317,1265
-25239621,10194533854349772,1591890836342465680247306178687268,3611321506520358915,198171,25824317,1274
-17326519,6998354950309691,1591890989801405554021303118464116,3611321506520358915,198171,25824317,1338
-26235451780,10598310234113552505,1592123388052784396081314406080101,3611321506520358915,198174,25824318,193
-66158754,26730000000000000,1592123974184452759724305434375155,3611321506520358915,198174,25824318,718
41834,-16885188949064,1592123973814011498339756504100198,3611321506520358915,198174,25824318,989
208302,-84075423402715,1592123971969495218972496876726864,3611321506520358915,198174,25824318,994
-56373415,22776462733299669,1592124471408556247452660440587882,3611321506520358915,198174,25824318,1102
-344028329,138997537944100000,1592127519326955559615182040343128,3611321506520358915,198174,25824319,229
-904854156,365590165297010330,1592135535936514963905512462559501,3611321506520358915,198175,25824319,601
-15991715794,6461774780671962000,1592277228822141053331494032837166,3611321506520358915,198176,25824320,2
-18258509797,7379124922173453574,1592439037232230737715571655828325,3611321506520358915,198178,25824320,58
-80710829,32622382126891399,1592439752571222957361803814213557,3611321506520358915,198178,25824321,1074
-39983220441,16164358546932224000,1592794167362179469843565067118080,3611805282234707128,198183,25824323,42
-3462121611,1400000000000000000,1592824862252723961211300619957487,3611805282234707128,198183,25824323,311
-36258886946,14665477746618140672,1593146401705734759594631048040465,3611805282234707128,198187,25824325,70
-7737842618,3130458926450265948,1593215036772950057356235821589859,3611805282234707128,198188,25824325,234
-5978901271,2419037865696784379,1593268073989029016503335512561759,3611805282234707128,198189,25824325,908
-4493304158,1818077635602072007,1593307935199047725976517465199221,3611805282234707128,198189,25824325,1049
-2019982285,817353482898875979,1593325855610257540115885417697899,3611805282234707128,198189,25824325,1134
-35502749095,14368610383310372864,1593639714370079600786802269907221,3625447598074717758,198193,25824327,6
-3812063673,1543148260909270483,1593673420462222049169145290826267,3625447598074717758,198194,25824327,84
-8997524121,3642515373972027400,1593752981812181412890034557741773,3625447598074717758,198195,25824328,45
25477980,-10304586813882395,1593752756622475411850728581582558,3625447598074717758,198195,25824329,442
-3858950376,1562350335000000000,1593786882134381355209149881036349,3625447598074717758,198195,25824330,145
25000000,-10111697652707958,1593786661159949026001156917167638,3625447598074717758,198195,25824330,589
-12495683956,5059511118230882000,1593897173125822186426888634714165,3625447598074717758,198197,25824331,91
324409,-131230885617860,1593897170257988173836538453421899,3625447598074717758,198197,25824331,539
-1512277,612364802508095,1593897183633517266529194197572821,3625447598074717758,198197,25824331,570
28217802377,-11412990652389474599,1593647771594390985507125165779633,3625447598074717758,198193,25824332,8
4118672,-1665579772254108,1593647735195899128474837197448076,3625447598074717758,198193,25824332,105
42244656,-17083622259434608,1593647361861582719774627313863388,3625447598074717758,198193,25824333,236
5470579697,-2212219732183951755,1593599017457280252658070469555041,3625447598074717758,198193,25824334,317
33292706469,-13460173776244560000,1593304774750419187263777493353784,3611805282234707128,198189,25824335,2
101284338003,-40918425334043228742,1592407175826032466783257063336231,3611321506520358915,198178,25824337,2
14410636,-5818552750438659,1592407048173802645307794015772610,3611321506520358915,198178,25824337,176
1867324,-753965387726424,1592407031632685450102248839963228,3611321506520358915,198178,25824337,217
23393130836,-9444166666522008921,1592199837681630130079260885537333,3611321506520358915,198175,25824337,365
-35996677985,14547977217196250000,1592518843673311069332703374755223,3611321506520358915,198179,25824341,8
-31997149442,12936471213108232000,1592802476693145345007928359290690,3611805282234707128,198183,25824345,2
-893972710,361500000000000000,1592810402552382369028954360970294,3611805282234707128,198183,25824345,68
-1356021758,548347840000000000,1592822425035903160647094672463647,3611805282234707128,198183,25824346,112
-8997371458,3638565173961564700,1592902200292870123804837317788186,3611805282234707128,198184,25824347,127
131895,-53288072833071,1592902199123948832489160798377462,3611805282234707128,198184,25824353,436
9607781463,-3881519354369982854,1592817054543280847478680920812408,3611805282234707128,198183,25824354,45
103334730866,-41720751106260562135,1591901788196110796853740626954742,3611321506520358915,198172,25824355,2
1128475364,-455350197176316939,1591891798346312696589781236099676,3611321506520358915,198171,25824355,190
-26916131556,10873336019718414336,1592130227324311800499891710763007,3611321506520358915,198174,25824356,2
-27516280859,11119146337688616960,1592374046396279212394953115547635,3611321506520358915,198178,25824357,2
-63596778,25702980452444342,1592374610007607850977259795117063,3611321506520358915,198178,25824357,413
-7778210821,3143742985468118528,1592443545560207137478387431374848,3611321506520358915,198178,25824357,1854
30000000,-12113590912308194,1592443279802215859539901148900942,3611321506520358915,198178,25824358,628
2132627,-861125270286833,1592443260910136398810109872514661,3611321506520358915,198178,25824361,471
-57385986515,23202273421512629091,1592951980964559135900294196340360,3611805282234707128,198185,25824362,114
-95200038496,38523920468631586157,1593794857013067278699119223556155,3625447598074717758,198195,25824366,57
129960588861,-52527510724674159789,1592644377224188809799140382361682,3611805282234707128,198181,25824366,60
-7453836225,3013654928312963341,1592710451372876976505651827588060,3611805282234707128,198182,25824366,668
401557929971,-161836159212519644229,1589155799928639835521638891861437,3604462472483973680,198137,25824368,5
-5014952672,2018691468040884224,1589200149744544033353954400180572,3604462472483973680,198138,25824368,703
5950065,-2392778240533534,1589200097149899270429672976484238,3604462472483973680,198138,25824368,792
-2023057810,814382405934792978,1589217988794239491265617984278913,3604462472483973680,198138,25824368,1404
30404854642,-12225315234415808719,1588949269319539865607704307302400,3604462472483973680,198134,25824368,1574
-113278406238,45614092961580285952,1589951393439235698409587255229992,3604454186223370184,198147,25824369,2
-45192444502,18213812010726090238,1590351542624326091961743364647877,3604483052470650942,198152,25824369,123
-3828908574,1543577928642330660,1590385454198824585019716138073291,3604483052470650942,198153,25824369,347
839345,-338040516827731,1590385446768541625227246584646148,3604483052470650942,198153,25824369,433
41033292543,-16522113492333618181,1590022282273368023818041713023726,3604454186223370184,198148,25824370,11
-570606652,229933719910916926,1590027333833625091485546657229554,3604454186223370184,198148,25824370,581
-70596398618,28459056724470034440,1590652564910708851891400256681037,3604483052470650942,198156,25824371,237
-44503406247,17951866397095328398,1591046862649014563641522162641830,3607731885807264669,198161,25824371,242
-132481830324,53493452190555444192,1592220545511230274852707281851376,3611321506520358915,198176,25824371,299
35100000000,-14166168899449957252,1591909756363893577856357375898661,3611321506520358915,198172,25824371,302
3712406,-1498014038944871,1591909723499220767118154732687174,3611321506520358915,198172,25824371,859
20944936414,-8450627646195123376,1591724314020078277183882955158072,3607731885807264669,198169,25824372,9
24798874590,-10003025202457537320,1591504641014583509537500034274891,3607731885807264669,198167,25824372,24
-12887538038,5203253413281951992,1591618850744676767405107220019602,3607731885807264669,198168,25824372,48
4300000000,-1734442239680669740,1591580761253554209549203825391181,3607731885807264669,198168,25824372,95
800000000,-322677769329613739,1591573675037738461232750226791796,3607731885807264669,198167,25824372,201
247316080,-99753669440594790,1591571484381618774220884912230786,3607731885807264669,198167,25824372,270
267859567,-108039469876429298,1591569111763877694668243740926637,3607731885807264669,198167,25824372,274
5684659152,-2292795523562998442,1591518760467799554924053445839086,3607731885807264669,198167,25824372,280
542292533,-218715453211082598,1591513957332749647735971699936872,3607731885807264669,198167,25824372,287
203021407,-81881516262807568,1591512159160855858989050211304303,3607731885807264669,198167,25824372,293
4919763754,-1984156439933417149,1591468585781831992393991897753805,3607731885807264669,198166,25824373,152
2460018201,-992092454507462830,1591446798779720191952571083672005,3607731885807264669,198166,25824373,182
2480532942,-1000338271875112040,1591424830694041445440111484766825,3607731885807264669,198166,25824373,222
1240825842,-500384354113734437,1591413841924869523646436790746174,3607731885807264669,198165,25824373,515
-430261,173682810765443,1591413845737151064408040810398172,3607731885807264669,198165,25824373,602
373917169,-150787172714986771,1591410534351770147651577750863258,3607731885807264669,198165,25824374,26
77867146301,-31387399660129853410,1590725279542908538999510817443468,3626741080812371585,198157,25824374,224
-108922663305,43957042978980175872,1591684399692790766204091388506639,3629989914148985312,198169,25824375,2
-3912596596,1579961231688562000,1591718866685668672127362024113502,3629989914148985312,198169,25824376,1006
-95369766,38512500000000000,1591719706839234840140537869296199,3629989914148985312,198169,25824377,295
-8996193395,3633052005089806300,1591798900975203333422802050139070,3633579534862079558,198170,25824378,219
-9996821055,4037572744377801000,1591886893964417504386942184838622,3633579534862079558,198171,25824381,96
-15158125,6122488608310969,1591887027395096821599363554959157,3633579534862079558,198171,25824381,1770
22006214,-8879599532805971,1591886833780412432025198668007757,3633579534862079558,198171,25824384,59
-3829256877,1546700096961680938,1591920541845521356644591347957760,3633579534862079558,198172,25824386,731
-12599577117,5089639664556258068,1592031463093622938683024830513228,3633579534862079558,198173,25824386,790
-4006445839,1618565300000000000,1592066737355661598001696401371931,3633579534862079558,198174,25824388,600
21089109140,-8510474604650461861,1591881171233169563520190793151623,3633579534862079558,198171,25824390,5
-60098851,24274240000000000,1591881700254706445168141401132778,3633579534862079558,198171,25824390,88
32113613815,-12955593072987122528,1591599074561558266833050400167397,3629989914148985312,198168,25824391,99
33834,-13647190876099,1591599074263694668815789235723291,3629989914148985312,198168,25824393,857
-496409,200431465239984,1591599078636124666703558756596416,3629989914148985312,198168,25824393,894
2155716,-869525855644554,1591599059657852707093358648530949,3629989914148985312,198168,25824394,466
4311432,-1739051649079606,1591599021701310145657602133373523,3629989914148985312,198168,25824394,474
2745959,-1107605227193259,1591598997526717648948384339146982,3629989914148985312,198168,25824398,196
18592,-7498952489365,1591598997363045506445060155188016,3629989914148985312,198168,25824398,487
-52509480355,21207487930692870144,1592061319860002590901556578394166,3633579534862079558,198174,25824401,2
-2974381698,1201659599277017194,1592087508272410893400348959854357,3633579534862079558,198174,25824401,553
-1492345932,602927363155163150,1592100648191942229660096324771713,3633579534862079558,198174,25824401,598
-19998049453,8080435068644009000,1592276749449023251273807157035616,3633579534862079558,198176,25824402,5
-15625435229,6314875597364411392,1592414372921219873520062097218370,3633579534862079558,198178,25824403,7
-8326309338,3365447004390864572,1592487717913547402347911007174656,3633579534862079558,198179,25824403,864
-32451997508,13119872469182208000,1592773614302134196788255903496963,3634063310576427771,198183,25824405,2
-34701254328,14034427161959811072,1593079433386741196588976863345632,3634063310576427771,198186,25824407,2
-490119098,198260272742046261,1593083753604048551219323850260975,3634063310576427771,198186,25824410,775
-1841883970,745078352826884054,1593099989334740831925036173081480,3634063310576427771,198187,25824412,602
2000622480,-808481447270102824,1593082431882901104271064180028287,3648279948525658880,198186,25824413,251
46989076196,-18983864765696849609,1592670167269432155608180771780854,3648279948525658880,198181,25824420,163
719875387,-290757498972583127,1592663853011012883196529408783837,3648279948525658880,198181,25824420,611
-3733941098,1509672274489646331,1592696621536924581253526566312524,3648279948525658880,198182,25824425,8
-1506900000,609273361858346243,1592709846254820464907330633061614,3648279948525658880,198182,25824426,229
185987,-75124143640308,1592709844623381007119933846898919,3648279948525658880,198182,25824426,320
8614321646,-3479344565091531791,1592634285159596547630176148033687,3648279948525658880,198181,25824428,6
9998203128,-4037883602295116137,1592546596138257709830980117000746,3648279948525658880,198180,25824428,168
-199926622,80818993460000000,1592548350372819808181665179508251,3648279948525658880,198180,25824428,504
28212975583,-11391740083027895151,1592300021863417841472086295614675,3633579534862079558,198177,25824431,28
7204650799,-2908500022643076837,1592236603652737211946508501385216,3633579534862079558,198176,25824432,1066
10627507098,-4289875890228372750,1592143065316521891214579657117719,3633579534862079558,198175,25824433,124
970849,-391867492436502,1592143056772071143146688316112165,3633579534862079558,198175,25824433,360
-260131468,105103148662103774,1592145347341383975452007595203681,3633579534862079558,198175,25824434,47
1199947619,-484337909180459542,1592134786625095202929359979323532,3633579534862079558,198174,25824434,72
-19986083200,8075945779228039000,1592310790044683213723158707395867,3633579534862079558,198177,25824436,6
131585,-53123295221925,1592310788886359575351027953704610,3633579534862079558,198177,25824436,523
2927898430,-1182029413061604884,1592285015398388232510521795645599,3633579534862079558,198176,25824439,80
25000000,-10092649605951900,1592284795333827787920025205880824,3633579534862079558,198176,25824439,1120
33432451,-13496875863717794,1592284501042024318129149911042135,3633579534862079558,198176,25824439,1182
-69756700,28189376320890266,1592285115388227742520719332268618,3633579534862079558,198176,25824439,1203
32623150632,-13167789802691525506,1591997999121628416211574820818449,3633579534862079558,198173,25824440,30
-199104861,80431360000000000,1591999752005413065333595061730262,3633579534862079558,198173,25824440,83
25000000,-10089033663646509,1591999532019696213367137090933487,3633579534862079558,198173,25824440,708
-1791648542,723770752021306310,1592015305544040715916696831109925,3633579534862079558,198173,25824440,832
-6328056915,2556454611046143488,1592071019731067943395844018263700,3633579534862079558,198174,25824440,905
-53806391836,21744329871087407104,1592544857719513413991457396271059,3648279948525658880,198180,25824442,2
-38993163239,15766059577396332544,1592887071417490968131607976921273,3648279948525658880,198184,25824443,2
-31580693918,12773951610507419648,1593164339253309966771182215689756,3648279948525658880,198187,25824444,8
-48109333942,19468099138868289536,1593585949256180117835524619521449,3661922264365669510,198193,25824445,5
-5382864000,2178889800732899858,1593633067438396749667477508765659,3661922264365669510,198193,25824445,182
18455561,-7463241508716544,1593632905966123869996041646088011,3661922264365669510,198193,25824445,206
-2894382189,1171648641148303083,1593658242701441519165566751022935,3661922264365669510,198194,25824445,228
7117886638,-2878379899684373544,1593595967007418973113505311190793,3661922264365669510,198193,25824447,29
43825256847,-17717401612559760376,1593212202236970935813851532772472,3648279948525658880,198188,25824448,2
46580155803,-18821766512546643040,1592803457843146604316846360363008,3648279948525658880,198183,25824454,530
6657332027,-2689256976584909480,1592745056379500813633462938291546,3648279948525658880,198182,25824455,128
1969535362,-795564204426953078,1592727779445995658101818761407984,3648279948525658880,198182,25824457,188
33870221,-13681215338201957,1592727482336791457434347016067553,3648279948525658880,198182,25824460,186
59156110498,-23887158732859930656,1592207425911746152218558955436760,3633600209867765888,198175,25824461,464
-606876426,245221785168546433,1592212770131277765085579181251602,3633600209867765888,198175,25824462,242
-8998356294,3636177200000000000,1592292014841119873824789610490061,3633600209867765888,198176,25824463,197
-52444117,21193387220178253,1592292476717350997676814600148935,3633600209867765888,198176,25824464,64
-34587475,13977280000000000,1592292781329980432213073831725544,3633600209867765888,198176,25824465,61
19933685,-8047426581830754,1592292605861358618669989175011845,3633600209867765888,198176,25824466,519
-10701794654,4325000000000000000,1592386862370658308546787562740676,3633600209867765888,198178,25824467,134
-69512079,28094134370506068,1592387474637719016140339043339302,3633600209867765888,198178,25824467,758
-1745448529,705450880000000000,1592402848819784032188273035063206,3633600209867765888,198178,25824468,468
5395873595,-2178604188689484172,1592355345848420534558769196398121,3633600209867765888,198177,25824469,38
2881440770,-1163339273685499867,1592329980032780036440336321862647,3633600209867765888,198177,25824469,116
6079468837,-2454374415886058820,1592276464080594490439006862659642,3633600209867765888,198176,25824476,346
-6740453323,2723957219024486751,1592335828404050430071360353992704,3633600209867765888,198177,25824477,23
-3092966491,1250000000000000000,1592363070169743982058874338885429,3633600209867765888,198177,25824480,20
-951220296,384437391204520854,1592371448372412009211491328279461,3633600209867765888,198177,25824480,84
-8997025586,3636364144800968700,1592450697156419290444316402911928,3633600209867765888,198178,25824481,20
-120268724456,48644162464527137194,1593506218570258694391903946404325,3661942939371355840,198192,25824481,99
672028,-271717672222413,1593506212691496450070689772649689,3661942939371355840,198192,25824481,112
38229307876,-15453838830428047722,1593171271035138323610691849682944,3648300623531345210,198188,25824481,139
-1064261045,430560000000000000,1593180616597615659476473267498761,3648300623531345210,198188,25824481,607
-65058816364,26329927596597610505,1593750548807220103824436130059033,3661942939371355840,198195,25824484,89
50076166900,-20247714721703790267,1593312414813778478721829569887922,3648300623531345210,198189,25824484,155
266583264,-107760042261872641,1593310074647486863283693643897083,3648300623531345210,198189,25824485,24
21019544,-8496644947279874,1593309890130464782603424166634365,3648300623531345210,198189,25824486,100
-16309718288,6600000000000000000,1593452686269593947057700012069000,3661942939371355840,198191,25824486,137
3121601751,-1262036832502556418,1593425381404138652720088865570816,3661942939371355840,198191,25824486,345
71000000,-28704188395677658,1593424760373133881461260346407990,3661942939371355840,198191,25824487,916
-11118977081,4500000000000000000,1593522071684054992266914752052910,3661942939371355840,198192,25824488,26
-13588016816,5500000000000000000,1593641007730736349918270136730034,3661942939371355840,198193,25824490,141
222811,-90103174439369,1593641005781304295480256432242987,3661942939371355840,198193,25824490,508
-507579,205467385768290,1593641010224482220068212511763415,3661942939371355840,198193,25824490,630
108132,-43727546241749,1593641009278412552312526307765835,3661942939371355840,198193,25824490,778
-19422473776,7863029535132476416,1593811045214384808706637022853466,3661942939371355840,198196,25824492,5
-62080038849,25143844202465128448,1594353587276177608020578248054192,3681064242621051475,198202,25824494,5
1776969473,-719231446561795276,1594338107137234693755770204283522,3681064242621051475,198202,25824495,135
-5654003622,2290806429296226048,1594387387895167840037779230871072,3681064242621051475,198203,25824496,150
808170,-327124869734490,1594387380854404453814565058805668,3681064242621051475,198203,25824496,343
-17088726332,6924620870285708643,1594536346109837319268097240499432,3681064242621051475,198205,25824496,350
-22487978454,9114454828677016000,1594732419962416220909823936585222,3681064242621051475,198207,25824497,5
-25220354308,10224563127310915584,1594952381682996016602708289309635,3680201677133027885,198210,25824498,9
3362558321,-1362011940860893319,1594923060104169581613793164794780,3681064242621051475,198209,25824499,865
-5376225480,2179855750153617203,1594969964933841531192970794810127,3680201677133027885,198210,25824501,18
-2466215872,1000000000000000000,1594991482381900165068980223561291,3680201677133027885,198210,25824502,233
-34886629159,14148704203943567360,1595295926389705495542564742264214,3680201677133027885,198214,25824504,41
1445590,-585802490398395,1595295913778425195626759033710812,3680201677133027885,198214,25824504,409
-63158482863,25628448081356337152,1595847043208293925117657279628151,3689827912499325316,198221,25824505,5
2649557313,-1074417806655803519,1595823973257441857838211568840269,3689827912499325316,198221,25824507,171
2649821251,-1074493767445223072,1595800901675556064444498326014146,3689827912499325316,198220,25824508,148
2649109728,-1074174191347389393,1595777836955623623691272631230868,3689827912499325316,198220,25824509,70
28939976101,-11732700432685205298,1595525401240475620243699211487735,3680201677133027885,198217,25824510,2
5000947407,-2027082782860197577,1595481761772250762501632251311595,3680201677133027885,198216,25824510,119
118099367,-47869027803547206,1595480731237664089037025986180696,3680201677133027885,198216,25824511,45
3790213681,-1536248424015826220,1595447658555654165383705172032510,3680201677133027885,198216,25824513,95
101566193,-41165906370800351,1595446772327287861950057116277688,3680201677133027885,198216,25824513,287
151290,-61319340230015,1595446771007192095677859225910548,3680201677133027885,198216,25824514,493
4186710,-1696918844473545,1595446734475563185546268955895817,3680201677133027885,198216,25824516,84
340289726,-137922867721542504,1595443765242804510086893841588841,3680201677133027885,198216,25824520,69
-2127207,863040000000000,1595443783813222882610274192766230,3680201677133027885,198216,25824520,76
4496084196,-1822260242244496707,1595404553808108515884617854754561,3680201677133027885,198216,25824521,33
43503543185,-17627332696128632997,1595025068849928219234771147205665,3680201677133027885,198211,25824524,2
3863569463,-1565086004977889935,1594991375346357027092095760401271,3680201677133027885,198210,25824524,753
393390,-159354116611539,1594991371915747795357948718792713,3680201677133027885,198210,25824524,904
11000005277,-4455609099358308160,1594895457190510610096493588119552,3681064242621051475,198209,25824525,141
30331068596,-12282981280138090175,1594631088526211091285319326342610,3681064242621051475,198206,25824528,10
62898663,-25467443101096418,1594630540386165754900770818431399,3681064242621051475,198206,25824530,18
-9577915539,3882146643482894701,1594714054700841932963242123015595,3681064242621051475,198207,25824530,66
5871254441,-2377421800497026815,1594662885053055342015922877998810,3681064242621051475,198206,25824531,427
6000000000,-2429396567441933518,1594610596743650604460889855941115,3681064242621051475,198206,25824532,98
741924,-300394736401530,1594610590278204357018123965622025,3681064242621051475,198206,25824534,87
-6118850308,2480000000000000000,1594663941045039662984788462956723,3681064242621051475,198206,25824535,89
18959754,-7677054597104581,1594663775810507158006373796461766,3681064242621051475,198206,25824535,141
3930118,-1591356072068444,1594663741559483762085863411290792,3681064242621051475,198206,25824545,210
-4361879379,1767991949345000000,1594701775320070940784481425093363,3681064242621051475,198207,25824547,401
-13700498804,5553744607657265152,1594821249728791086175371975796965,3681064242621051475,198208,25824549,13
219061978,-88718490325661721,1594819340225857625603698882504839,3681064242621051475,198208,25824549,77
-56757739344,23016588030343991296,1595314574050220255539627381365169,3680201677133027885,198214,25824550,2
1898641,-769412063683534,1595314557486154106468339105190286,3680201677133027885,198214,25824550,241
-14219289690,5768493155115091914,1595438680737995880505031151700728,3680201677133027885,198216,25824550,333
-18232861977,7398036042021361262,1595597867594265976488868672692969,3680201677133027885,198218,25824551,68
-13016976460,5282578814229718016,1595711535209516804177514840317310,3680201677133027885,198219,25824552,13
6000000000,-2432592688732449911,1595659165838003434477678951529050,3680201677133027885,198219,25824552,574
-61525035309,24976761123557998592,1596195361537803912349087062232798,3689827912499325316,198225,25824553,5
-1115603567,453046377914000635,1596205084507517028444189803152051,3689827912499325316,198226,25824554,269
6000000000,-2434097893997450811,1596152819440393442402430889771701,3689827912499325316,198225,25824555,551
5019000000,-2036000453255409610,1596109102340676352292843967738651,3689827912499325316,198224,25824557,305
-66707309289,27096604333382217728,1596691393722800124707789860396529,3673490032658078526,198232,25824558,5
1997658158,-810927476198967072,1596673904007760640865000755444409,3673490032658078526,198231,25824560,683
24608365878,-9988040251904013636,1596458755068410675236289650022689,3689827912499325316,198229,25824563,2
-65900212,26770742263947389,1596459329603665605377529319268119,3689827912499325316,198229,25824563,373
8762996792,-3556077603342427013,1596382973334226440588737138529531,3689827912499325316,198228,25824564,19
-89914179,36522509097408991,1596383757155192930078631553324309,3689827912499325316,198228,25824565,34
46913907,-19037053123559424,1596383348390672081621484840505599,3689827912499325316,198228,25824565,412
2749560685,-1115718928090605191,1596359391620152903801287842691149,3689827912499325316,198227,25824568,8
-4989357702,2026636456794307072,1596402885897669561143535262724123,3689827912499325316,198228,25824576,979
2991838970,-1214058914558650070,1596376817566228220062381508703669,3689827912499325316,198228,25824577,735
-20351831210,8267622292733139968,1596554407739456185007560061929357,3673490032658078526,198230,25824582,9
-262038294,106461080198434563,1596556702695568921163841914344248,3673490032658078526,198230,25824582,232
-1385799070,563028392626729459,1596568839764335218776696851307074,3673490032658078526,198230,25824584,301
25079288,-10179209801270819,1596568620223767194335691619470971,3673490032658078526,198230,25824584,821
2000000,-811762154850096,1596568602716050185272246218052589,3673490032658078526,198230,25824585,98
1999682564,-811624405661343455,1596551097969952983768731676895852,3673490032658078526,198230,25824585,721
53050859,-21531860911783936,1596550633580568396553687979911206,3673490032658078526,198230,25824588,209
42225500000,-17134193316543349340,1596182587917493592296408492462903,3689827912499325316,198225,25824589,118
-82547095747,33536752249462330105,1596904034859901397597052062804487,3673490032658078526,198234,25824590,107
41751416164,-16949350091627208327,1596538478984798362301533826056192,3673490032658078526,198230,25824590,123
173595,-70456183782762,1596538477465231430242519392180165,3673490032658078526,198230,25824590,167
34737376272,-14096037198737484946,1596235721061577334862155754766336,3689827912499325316,198226,25824592,2
-38025067844,15445866288116943215,1596567423400489806955610845893435,3673490032658078526,198230,25824593,34
15943730135,-6470684150119439097,1596428270777192912193153541341184,3689827912499325316,198228,25824593,124
7753154873,-3146172510804359801,1596360716009627864003658337565576,3689827912499325316,198228,25824593,543
-51060985490,20745820877382085257,1596807224121627356338899098926777,3673490032658078526,198233,25824596,120
432946,-175776903668617,1596807220330551032107123587166266,3673490032658078526,198233,25824597,121
884846,-359249368107601,1596807212582424028484712173910871,3673490032658078526,198233,25824597,592
-15003784099,6098170505512154112,1596938669389475458738160342794905,3673490032658078526,198235,25824600,381
-159943394049,65070234438275637248,1598340111252953465795819299808900,3719578849025935934,198252,25824601,8
159253,-64781146624719,1598340109873095309545748687659413,3719578849025935934,198252,25824602,642
235315,-95721832912017,1598340107834191110458103779583808,3719578849025935934,198252,25824602,657
170187,-69228686864096,1598340106359598992333199536832939,3719578849025935934,198252,25824602,667
923400649,-375621139722798236,1598332105514904022528847676970337,3719578849025935934,198252,25824602,721
65520586,-26652336716243922,1598331537812013333050163501963863,3719578849025935934,198252,25824602,926
38311102,-15584106623150061,1598331205865795147114103633566342,3719578849025935934,198252,25824603,79
462361947,-188078080469949053,1598327199745390213037455018452656,3719578849025935934,198252,25824603,425
232955058,-94760339160006376,1598325181321300926190760808726823,3719578849025935934,198252,25824604,1043
168182580,-68412352870168068,1598323724117345537455285957584191,3719578849025935934,198252,25824604,1066
-4764628250,1940116325520237056,1598365028523528339683873105784277,3719578849025935934,198253,25824605,106
3084726276,-1254830132344741247,1598338300259472520561301345005952,3719578849025935934,198252,25824605,270
-253852113,103365789831719514,1598340500881421037316411381265964,3719578849025935934,198252,25824605,282
-28027068111,11414064805723471872,1598583502377120534359219296262932,3719578849025935934,198255,25824606,10
-5230869920,2130663818213537757,1598628863473581022999913435038911,3719578849025935934,198256,25824606,325
73918107,-30079428987963633,1598628222772581010931268705553291,3719578849025935934,198256,25824607,1566
6668743228,-2713606530106656745,1598570422126891416079803279580957,3719578849025935934,198255,25824608,32
-12623298145,5141906311854838901,1598679891535537218165499311474924,3719578849025935934,198257,25824609,28
7432695040,-3024652372128204310,1598615465518664129543527125728291,3719578849025935934,198256,25824609,52
17470137877,-7108318004942356038,1598464056179876721761794095435493,3719578849025935934,198254,25824609,124
9988000,-4063571362839703,1598463969624568878863118521080950,3719578849025935934,198254,25824609,1157
354719,-144315507149779,1598463966550604616273154162210046,3719578849025935934,198254,25824613,462
24144950652,-9821974652350220404,1598254755498613831563932496266101,3719578849025935934,198251,25824614,90
2850847942,-1159532655054316289,1598230057099853096163668582241326,3719578849025935934,198251,25824614,920
1858400173,-755852547217055164,1598213957210355279541481715115140,3719578849025935934,198251,25824614,987
22299368811,-9068456220705365742,1598019409517933559107581547267569,3666383497950237020,198248,25824616,9
83993992372,-34137791856816992569,1597281783389315443800499687727892,3673490032658078526,198239,25824617,2
16817236689,-6831267369836121485,1597134449721184012155922415741437,3673490032658078526,198237,25824617,257
-638236998,259492306409159545,1597140043534939158152719365306880,3673490032658078526,198237,25824618,750
29173870245,-11847703764909945555,1596884517647850269350900668245331,3673490032658078526,198234,25824619,5
-532419437,216401479456484500,1596889182562926822458071812141999,3673490032658078526,198234,25824620,149
5744297025,-2332364358483630400,1596838879189079715912969383167078,3673490032658078526,198234,25824621,154
9371726256,-3804898732585430775,1596756816863483185354479601176589,3673490032658078526,198232,25824622,758
-112841175,45856770000000000,1596757805386936316571733589457489,3673490032658078526,198232,25824624,714
-24361218,9900000000000000,1596758018798874968139447898249427,3673490032658078526,198232,25824625,227
-2243369631,911680000000000000,1596777671667181014730738912333736,3673490032658078526,198233,25824625,413
8779537530,-3564209838707574265,1596700800410194988899933316291461,3673490032658078526,198232,25824627,24
47479407406,-19269174634294347358,1596286247414394730357150625822310,3689827912499325316,198227,25824628,2
26938866241,-10928502151334012894,1596051590090254945849245799622656,3689827912499325316,198224,25824632,12
94352382905,-38251335101881929950,1595228971632633981569154715466104,3680201677133027885,198213,25824636,2
14341643,-5811236576414835,1595228846527100025151364015719477,3680201677133027885,198213,25824638,1010
-4110413522,1667244545113772288,1595264721375000551410572065958036,3680201677133027885,198214,25824639,331
137759,-55822432113909,1595264720173243389311865490708453,3680201677133027885,198214,25824639,454
364579,-147733829012287,1595264716992798174429422333155462,3680201677133027885,198214,25824639,624
18828,-7629214339686,1595264716828554829474551849858141,3680201677133027885,198214,25824639,674
-30737298,12467785466929273,1595264985103481020315482659745759,3680201677133027885,198214,25824640,724
-3997686294,1621593183553757700,1595299877650580373045656005980867,3680201677133027885,198214,25824641,94
35645956,-14445030943308341,1595299566674889499612599354525583,3680201677133027885,198214,25824641,453
27121041406,-10988795221378243936,1595062997559929048878493066957635,3680201677133027885,198211,25824645,10
3664000000,-1484314999402716333,1595031042911702636550921571924738,3680201677133027885,198211,25824647,3
445157557,-180332749238575192,1595027160670016781934259142180117,3680201677133027885,198211,25824647,123
1028767246,-416748919175566473,1595018188810865354161444419604934,3680201677133027885,198211,25824647,180
3493262006,-1415069518442953532,1594987724894044491425796263001794,3680201677133027885,198210,25824647,499
10700965510,-4334468759172011212,1594894418347236578122554185035725,3681064242621051475,198209,25824648,279
3432210,-1390148636727641,1594894388426834528519172408358841,3681064242621051475,198209,25824648,855
-101125742,41000000000000000,1594895270435479789625879361742196,3681064242621051475,198209,25824655,272
38437,-15567849353583,1594895270100410359350171885664429,3681064242621051475,198209,25824656,462
-392480,159125683548667,1594895273523586666008873527041871,3681064242621051475,198209,25824656,540
1747970,-707981549455387,1594895258285581143613399534952128,3681064242621051475,198209,25824656,571
114586,-46410563627041,1594895257286678805847164903849524,3681064242621051475,198209,25824656,575
2500000,-1012576786512972,1594895235492818956528560159695980,3681064242621051475,198209,25824657,336
5153435415,-2087240806271602422,1594850311459195478542532825055232,3681064242621051475,198209,25824663,41
221517120,-89716073027557799,1594848380485122364356877752831306,3681064242621051475,198209,25824663,68
231786826,-93875147322017517,1594846359994596292065115769190349,3681064242621051475,198209,25824663,85
2500000,-1012514699045682,1594846338202072761708728893853595,3681064242621051475,198209,25824663,792
6136395375,-2485192819287558985,1594792848980590009350117199932309,3681064242621051475,198208,25824664,39
24213179415,-9804524646167531668,1594581833060748574262471293927424,3681212643223233635,198205,25824665,2
-178737,72437983504190,1594581834619001063607461504247608,3681212643223233635,198205,25824665,475
21986899927,-8900800727444923261,1594390268916367915091400443275261,3681212643223233635,198203,25824666,8
-12498550424,5064500581387296000,1594499214116889400099887227775630,3681212643223233635,198204,25824670,116
4023501171,-1628796524125740454,1594464158669616158328684251713585,3681212643223233635,198204,25824670,186
-35792026395,14506372717469229056,1594776213068494551335726968704604,3681212643223233635,198208,25824672,2
83110863,-33657412178417506,1594775488683575687648442067162636,3681212643223233635,198208,25824674,58
86608629,-35073870156538211,1594774733813223418812407661830421,3681212643223233635,198208,25824674,75
-49085360243,19903309717712257024,1595202950110941711464721185200252,3680350077735210045,198213,25824676,2
-1141552328,463007961268642295,1595212912458976915884812352168442,3680350077735210045,198213,25824676,277
67115719,-27194747482322901,1595212327028290281384734307697814,3680350077735210045,198213,25824677,182
66438099,-26920161340881218,1595211747508713997477662077394317,3680350077735210045,198213,25824677,209
312548,-126641493495748,1595211744782458990262495343893586,3680350077735210045,198213,25824679,213
-948259545,384613201646144862,1595220020343344022187543363435007,3680350077735210045,198213,25824681,159
10000000000,-4051735317660853015,1595132797242977993827387822914126,3680350077735210045,198212,25824681,828
-5119971,2076439561961429,1595132841920346887836407287664755,3680392084204493546,198212,25824684,327
-2712320,1100000000000000,1595132865588315213862178404288318,3680392084204493546,198212,25824689,263
10090507384,-4087957778322793151,1595044863719002853546611460355204,3680392084204493546,198211,25824689,266
8355438749,-3384689681510748885,1594972001171205843532792983565775,3680392084204493546,198210,25824692,54
73213225,-29656447057501165,1594971362753952108121666825455160,3680392084204493546,198210,25824692,137
6139816979,-2486968349220876914,1594917826871306394903616403874806,3681254649692517136,198209,25824693,33
8243894302,-3338974498738364372,1594845965280791562237914130668384,3681254649692517136,198209,25824695,13
-19535728,7920000000000000,1594846135650234393855865685296046,3681254649692517136,198209,25824699,386
74548042,-30192374544118678,1594845485848309587383910009981872,3681254649692517136,198209,25824702,27
-738938440,299574798229084961,1594851930089655633289582771736251,3681254649692517136,198209,25824702,151
885782973,-358748085942131181,1594844209093864951296806195046735,3681254649692517136,198209,25824705,93
7322209789,-2965411384617632770,1594780387348981923568340177213240,3681254649692517136,198208,25824708,240
-103269025912,41886611291684283504,1595681586633108067164067023934266,3680447333870113565,198219,25824709,64
-551429685,223790658348675000,1595686401715564053214701935456450,3680447333870113565,198219,25824709,103
100471862750,-40712200818443489928,1594810025913672063755440908926976,3681309899358137155,198208,25824709,107
47777343,-19349218241259570,1594809609484996061832507346716650,3681309899358137155,198208,25824710,514
-1811023715,734182722001898559,1594825402467828086199068673160881,3681309899358137155,198208,25824710,689
-11251463481,4561630020883198385,1594923527562728439606307041906906,3680447333870113565,198210,25824712,676
-82713599407,33551443447992381902,1595645420817395621088806111546749,3680447333870113565,198219,25824715,63
502643,-203777139908854,1595645416430730932583721023125817,3680447333870113565,198219,25824715,72
160511,-65072754959787,1595645415029924362751993832972190,3680447333870113565,198219,25824715,96
126688,-51360546724958,1595645413924297417543793831691902,3680447333870113565,198219,25824715,109
55014879713,-22296973451063381937,1595165431988433251168769812725760,3680447333870113565,198213,25824715,113
-499583505,202618348645698931,1595169791527222867255860158082393,3680447333870113565,198213,25824715,165
72616873886,-29410514700581253510,1594536768623902828542567631804202,3681309899358137155,198205,25824716,2
42526499813,-17212796632392341730,1594166319439726853593075067103965,3681309899358137155,198200,25824717,2
-493044351,199715812065912325,1594170615520657007383614590541383,3681309899358137155,198200,25824718,273
17573846178,-7110796469245657577,1594017011321963452292462698312757,3662188596108441520,198198,25824720,11
24687205923,-9986713844177249371,1593800957733606284170737143052608,3662188596108441520,198195,25824721,5
16988049972,-6870602500827040249,1593652318416645690083031381966848,3662188596108441520,198194,25824722,850
-4578874237,1853594916423984640,1593692399228150153144438915633590,3662188596108441520,198194,25824724,68
-607538692,245947509024580818,1593697717421279547560219176792922,3662188596108441520,198194,25824724,253
-5168203028,2092289762877188608,1593742959599522237735621609426646,3662188596108441520,198195,25824724,423
-38551998564,15611098568834293481,1594080522836004441572342489718362,3662188596108441520,198199,25824725,10
506693879,-205016394371475209,1594076087490367515021587652576408,3662188596108441520,198199,25824731,80
9727389176,-3935635045370850937,1593990943559412452121689546817536,3662188596108441520,198198,25824731,227
-38653501,15653760000000000,1593991282045129227032690434093944,3662188596108441520,198198,25824732,73
1165785662,-471640883344816043,1593981078518037880099830267266152,3662188596108441520,198198,25824732,163
50000000,-20228321131918331,1593980640896470347127049017636415,3662188596108441520,198198,25824733,322
-4497973514,1821594660922242300,1594020029757323944994070059461726,3662188596108441520,198198,25824733,414
21137017789,-8550755512725459806,1593835041838323310860798705540480,3662188596108441520,198196,25824735,105
86000000,-34786330516308256,1593834289267292329644378062562924,3662188596108441520,198196,25824737,505
-10020048488,4057309090000000000,1593922021618849144868825156720282,3662188596108441520,198197,25824737,588
15686505494,-6345218391774203359,1593784748515419629552757066857194,3662188596108441520,198195,25824738,96
241184045,-97550828439080668,1593782638090823478102984151944113,3662188596108441520,198195,25824739,237
25000000,-10111643814622993,1593782419334487367338683082536908,3662188596108441520,198195,25824739,731
4889835942,-1977717808249447387,1593739633185219728120244598214245,3662188596108441520,198195,25824741,286
64233,-25978292721233,1593739632623202687340829455886770,3662188596108441520,198195,25824741,446
-1425240,577006919582784,1593739645099987866049450719011822,3662188596108441520,198195,25824741,628
-776332,314297336718798,1593739651896128812359327191543371,3662188596108441520,198195,25824745,117
-49295421,19957194546689842,1593740083436238086594793534495067,3662188596108441520,198195,25824746,853
11,-4046465328,1593740083436150544950162529672480,3662188596108441520,198195,25824746,859
9555807403,-3864588226670597375,1593656476539335145589721910687815,3662188596108441520,198194,25824748,18
54685551934,-22108294679421424862,1593177617815310428760950779603495,3648546280268430890,198188,25824750,5
63279696542,-25566133269960871964,1592622449371229523220391230710201,3648546280268430890,198181,25824751,5
21187355328,-8556089611261102227,1592436264058978387760715926400718,3633845866604851568,198178,25824752,5
311625,-125828719916435,1592436261315554853450078599619268,3633845866604851568,198178,25824752,343
-206709286,83549265150000000,1592438082016066857962946495813064,3633845866604851568,198178,25824753,176
16668205144,-6729728751301653066,1592291354812228901782786389850432,3633845866604851568,198176,25824754,6
109718563611,-44267545925148315430,1591325790355367450165930412509677,3630256245891757322,198164,25824755,5
14817462317,-5974204439776152434,1591195406931116428964409430315356,3630256245891757322,198163,25824756,96
-74326696,29995083375134866,1591196061228486013265480388113913,3630256245891757322,198163,25824757,249
38066772904,-15343543599442452744,1590861125789970340514541393840217,3627007412555143595,198158,25824758,66
193070,-77803999022007,1590861124090423805970050084331695,3627007412555143595,198158,25824758,574
-24379298169,9835634231754752000,1591075745387731565781737172642350,3630256245891757322,198161,25824760,9
-24624017331,9937057787999307776,1591292507271363633091587380688731,3630256245891757322,198164,25824761,12
-392913406,158582719472379448,1591295966513497239478443543729506,3630256245891757322,198164,25824761,82
-1316433687,531327272714371363,1591307556614200663533100744235230,3630256245891757322,198164,25824761,199
-26801680,10817536797094403,1591307792567769256877886336405674,3630481376863182307,198164,25824762,895
13689182178,-5519206459292910812,1591187346670678757816260389205070,3630481376863182307,198163,25824765,26
-6938102236,2800000000000000000,1591248420647541847555174104452132,3630481376863182307,198163,25824766,18
3529203,-1422905913872422,1591248389595400468938055266367854,3630481376863182307,198163,25824766,193
28844354560,-11627628555547689621,1590994639321201183167680248013639,3630481376863182307,198160,25824766,847
40195801332,-16197395734167608294,1590640893917583770590446896515915,3627232543526568580,198156,25824768,5
69438109,-27974712415306422,1590640282877338919117492309660394,3627232543526568580,198156,25824768,244
64739680104,-26072496442748198115,1590070791361281464059353653255977,3627203677279287822,198149,25824769,16
70025023402,-28180043668578099933,1589455261251015405945760057341245,3627203677279287822,198141,25824770,212
654685,-263361447223390,1589455255498472842287566233330718,3627203677279287822,198141,25824770,471
17500000000,-7039086145937939616,1589301502498069576668114996136465,3627211963539891318,198139,25824771,71
-437913,176302665700551,1589301506347073252778415695812239,3627211963539891318,198139,25824771,235
35100000000,-14114291557715198829,1588993211878332848644987206438772,3627211963539891318,198135,25824771,238
-99335640,39976746904591903,1588994084642480703642835267919796,3627211963539891318,198135,25824772,362
-382600534,153974600760253696,1588997446184417684023973405096146,3627211963539891318,198135,25824772,425
-283493989,114090364930260746,1588999936981889636081450063587164,3627211963539891318,198135,25824772,472
-182518199,73453485617474356,1589001540603338247515921177530331,3627211963539891318,198135,25824772,607
28689282350,-11532490326509370895,1588749639686885831549793207931715,3627211963539891318,198132,25824775,13
-17397518333,7000000000000000000,1588902462252703042618992042733113,3627211963539891318,198134,25824777,21
1085926,-436534247425767,1588902452717609244478352898324377,3627211963539891318,198134,25824777,220
1000178237,-402062067426061781,1588893670589865111943335339637535,3627211963539891318,198134,25824777,826
6252559446,-2513368250286130427,1588838771799776890576792079026679,3627211963539891318,198133,25824777,1089
101542646859,-40793305234550337657,1587951750662193992654691742351556,3651281625755042525,198122,25824778,5
88473810345,-35506019311166862138,1587180239094589048913236607269117,3644536983147180151,198112,25824779,5
16708871314,-6701675189867753378,1587034552162746707542522398266804,3644536983147180151,198110,25824780,34
38102461671,-15277719311551782316,1586702392931588689345682238246712,3644008576006983524,198106,25824781,11
-29258169,11740759909442397,1586702648071969217200593507247637,3644008576006983524,198106,25824781,210
-316175995,126875794768057495,1586705405230688633822630269954598,3644008576006983524,198106,25824781,221
35000000000,-14028162512761672087,1586400404428370142642050080491996,3644008576006983524,198102,25824781,252
606914,-243206971789984,1586400399140555615406955370894295,3644008576006983524,198102,25824782,409
-203744069,81727670042201853,1586402175177966741777056186027184,3644008576006983524,198102,25824783,720
-56369981,22611670905364355,1586402666555898295040639224089177,3644008576006983524,198102,25824783,1060
-122569206,49166190765878723,1586403734994459160490525162515936,3644008576006983524,198102,25824783,1195
-172034104,69008159162061216,1586405234622091778631162547164723,3644008576006983524,198102,25824783,1383
-94663711,37972575628777614,1586406059810364963343444069520063,3644008576006983524,198102,25824783,1408
-13710181880,5500000000000000000,1586525581213044753565005826212717,3644008576006983524,198104,25824783,1679
166830,-66863701484163,1586525579759291806227700570527381,3644008576006983524,198104,25824784,459
-49512922,19864190504456014,1586526011431275840982679849909249,3644008576006983524,198104,25824784,510
11,-4009915548,1586526011431188657257906964099640,3644008576006983524,198104,25824784,514
-1983590834,795809747889752129,1586543305303431208785278772518798,3644008576006983524,198104,25824784,538
-9017981626,3618201626907799816,1586621933036817812284250303850625,3644008576006983524,198105,25824784,812
540691,-216730060127790,1586621928324665228838211307543270,3644008576006983524,198105,25824785,280
80607407849,-32296322244037864117,1585917999864954298843064918413939,3619416959568471757,198096,25824786,5
-24922693,9991127895182771,1585918218458977608713278758786179,3619416959568471757,198096,25824786,419
-83471539,33462488251223776,1585918950578515415956898136467382,3619416959568471757,198096,25824787,584
-207531511,83196404525695110,1585920770817129212072659805056092,3619416959568471757,198096,25824787,628
-26873259,10773117970870625,1585921006520167502665534574105012,3619416959568471757,198096,25824787,1796
-24944729,10000000000000000,1585921225308301938684012392669091,3619416959568471757,198096,25824788,429
-766948016,307460286560325483,1585927952174552908409700589730823,3619416959568471757,198096,25824788,1192
-44953440136,18025850265216313000,1586321348408455865407055341356835,3644008576006983524,198101,25824789,2
-4784872497,1919208505412844031,1586363055043474397567490346618617,3644008576006983524,198102,25824789,131
-2903650499,1164701079525707396,1586388365353788502739832087255690,3644008576006983524,198102,25824789,175
-6137927694,2462144184308906531,1586441870613153682458041648410659,3644008576006983524,198103,25824789,416
-26419463,10598158591452296,1586442100923477441230425136739178,3644008576006983524,198103,25824789,950
-26202125642,10512488804760379392,1586670549543041177941825307648760,3644008576006983524,198106,25824790,9
-16359142530,6564945715241756204,1586813213455841609464123851795529,3644008576006983524,198108,25824790,207
44974867205,-18027597344160102330,1586421256800874039072418999558340,3644008576006983524,198103,25824791,2
-78487006542,31497797134326374400,1587105720800982918806668759678999,3644536983147180151,198111,25824791,5
-4461113758,1791115925351864480,1587144638191822886795867726752956,3644536983147180151,198112,25824792,222
450078,-180527554746171,1587144634267355523212853166793486,3644536983147180151,198112,25824792,304
-3661150235,1470000000000000000,1587176574447064167324999330457689,3644536983147180151,198112,25824792,473
-16300111735,6545427529576404437,1587318793584182927074783635910477,3644536983147180151,198114,25824793,4
50622133167,-20303532744625467842,1586877404157776173716296686706179,3644008576006983524,198108,25824793,25
-5136799576,2061814880525150565,1586922209795337342822870434275381,3644008576006983524,198109,25824793,503
371760,-149072462658586,1586922206554198621119317698841503,3644008576006983524,198109,25824794,497
-19983014310,8021914151136855000,1587096513623359610288678514684962,3644536983147180151,198111,25824795,49
-468043061,187910755023733670,1587100596550764130732755783518819,3644536983147180151,198111,25824795,579
10576833907,-4241925050713792983,1587008381839033845292748349631927,3644536983147180151,198110,25824795,788
103239920675,-41379330304633839290,1586108259954486352071961472575559,3619416959568471757,198099,25824796,5
-11517893,4618455642800128,1586108361000815758446194916503940,3619416959568471757,198099,25824796,429
14667938162,-5875207299944772476,1585979754132923833081815523659666,3619416959568471757,198097,25824797,8
-6000000000,2405575402777242571,1586032385268385713746298236958759,3619416959568471757,198098,25824797,188
134952886185,-54014057287534297837,1584856253749017318947602140601124,3662170848112700321,198083,25824798,5
-35962154624,14400209571111391000,1585167635096409966732019141821299,3662170848112700321,198087,25824799,2
91273343900,-36500732553213925528,1584377917417794286923895172712001,3661253704753671825,198077,25824801,22
-77234657,30902100716158976,1584378585793355386659651146608465,3661253704753671825,198077,25824801,844
-1042660212,417177844990457515,1584387608852298368883526210909008,3661253704753671825,198077,25824801,1411
46150514057,-18442238847374034937,1583988525692715759601987667966651,3661253704753671825,198072,25824802,13
-216236505,86475209474542510,1583990396048300470433788948330751,3661253704753671825,198072,25824802,386
2724761,-1088571671882810,1583990372492016125435543682668072,3661253704753671825,198072,25824802,722
328427,-131209873915210,1583990369652683467189774101043666,3661253704753671825,198072,25824802,734
-19047965854,7618279230000000000,1584155143941063905001928222635432,3661253704753671825,198074,25824803,38
-403619844,161445865057528723,1584158635822461749024764128715179,3661253704753671825,198074,25824803,1003
5005907603,-2000285246968206786,1584115350396921334342267800528609,3661253704753671825,198074,25824804,123
11517187023,-4601679358100810344,1584015771774563429313801968653766,3661253704753671825,198072,25824805,540
-54421187,21764323681867755,1584016242510911952636361508377712,3661253704753671825,198072,25824805,549
-3700423439,1479917460610523369,1584048251359507790149946959436140,3661253704753671825,198073,25824806,322
-49436989,19771835073730752,1584048679000705479534947272195405,3661253704753671825,198073,25824806,689
11,-3997402500,1584048679000618977238055802000557,3661253704753671825,198073,25824806,693
-11750451,4699478338568192,1584048780644727261892763136401232,3661253704753671825,198073,25824806,849
50874839849,-20320912714298594073,1583609039969545374323815255466958,3661181943955141192,198067,25824807,10
10363779801,-4138216355877350743,1583519488758220309772327359099623,3661181943955141192,198066,25824807,311
2000000000,-798538229827379255,1583502208350522715230719378285237,3661181943955141192,198066,25824808,423
-421103,168300000000000,1583502211990722220551563843718291,3661181943955141192,198066,25824808,433
-421103,168300000000000,1583502215630921725872408309151345,3661181943955141192,198066,25824808,437
842206,-336262817856851,1583502208354177333353489463103257,3661181943955141192,198066,25824808,441
-32000409643,12791656633051300000,1583778882044895499967476635032321,3661181943955141192,198069,25824809,2
-37554057,15014265444311288,1583779206791904668938351960660251,3661181943955141192,198069,25824809,303
-49647209,19849166152544741,1583779636114096050546275248874128,3661181943955141192,198069,25824809,311
-2131945862,852371206923408879,1583798072247463800541244408675058,3661181943955141192,198069,25824810,540
-401175640,160395862046467627,1583801541428400471292579036174848,3661253704753671825,198070,25824810,556
-1272958792,508952111123831151,1583812549455200002344324063392168,3661253704753671825,198070,25824810,1180
25000000,-9985530442009559,1583812333372051319291079018459147,3661253704753671825,198070,25824810,1299
56866396637,-22706595475038108382,1583320961766745200026189254047749,3661181943955141192,198063,25824811,5
-5834570822,2331410265250697622,1583371388376930972624312131243923,3661181943955141192,198064,25824811,322
45097277984,-17998350419371526957,1582981902720234231912783897192979,3661117102282413246,198059,25824812,12
-500694286,199978707207184721,1582986228182408433831144791763574,3661117102282413246,198059,25824812,587
859500000,-342942847100214862,1582978806750407195314414610715865,3661117102282413246,198059,25824813,1285
-614237984,245327572119359140,1582984113091008705896333289873101,3661117102282413246,198059,25824814,150
10143504789,-4047070348370932730,1582896532732798503311805954933945,3661117102282413246,198058,25824815,90
-11267374252,4500000000000000000,1582993865994202892070446208433995,3661117102282413246,198059,25824815,245
-961165459,383898956379951936,1583002169580308270270305053914775,3661117102282413246,198059,25824815,868
5237478958,-2089760591922515852,1582956946254430623798426607710561,3661117102282413246,198059,25824816,499
-10014747758,4000000000000000000,1583043464061661421960904691923151,3661181943955141192,198060,25824817,467
10054303463,-4011783430084833379,1582956647975023476623967223858947,3661117102282413246,198059,25824819,326
15047165702,-6003171260650606647,1582826736744393001497372005498880,3661117102282413246,198057,25824819,416
15516218225,-6189271212684655012,1582692798230058746872360613262589,3661117102282413246,198056,25824821,13
147861088,-58975336739028735,1582691521978184536047824570985852,3661117102282413246,198056,25824821,837
-11590514,4627573345667468,1582691622070808118677490553372688,3661117102282413246,198056,25824821,889
-3968329949,1584410892249528802,1582725892266263070725900916690494,3661117102282413246,198056,25824822,647
-137609772162,54985089932975513600,1583915180145989786681709768605795,3661253704753671825,198071,25824823,2
-9634930902,3852949613626106259,1583998514848169103424638282240596,3661253704753671825,198072,25824823,128
-42229564534,16892126991937945600,1584363871396583325905406057488027,3661253704753671825,198077,25824824,9
-105646487,42269120000000000,1584364785627206566966568169817697,3661253704753671825,198077,25824824,27
-152479947886,61058079278379106304,1585688692638038640042964164013220,3619416959568471757,198093,25824826,2
-2488748797,997426569021639279,1585710515147865956350739685103955,3619416959568471757,198094,25824826,306
-763009249,305800000000000000,1585717205689017009795791376793515,3619416959568471757,198094,25824827,127
10430597,-4176228183182762,1585717114272391379212548161311930,3619416959568471757,198094,25824827,366
-12996066122,5208978742670497687,1585831080546533954747360584991100,3619416959568471757,198095,25824827,533
-9549711882,3828116006104404461,1585914835182471979204853539738666,3619416959568471757,198096,25824828,118
408144698,-163454368838654090,1585911257205841301265812230342149,3619416959568471757,198096,25824828,763
-8863192,3553088290588838,1585911334943197159705177038972665,3619416959568471757,198096,25824828,929
-2494503,1000000000000000,1585911356822010603307024820829072,3619416959568471757,198096,25824829,670
-935903223,375188089797844699,1585919565492233551688883112805584,3619416959568471757,198096,25824831,312
-106509226828,42723081135808118784,1586849717901165900477884031402456,3644008576006983524,198108,25824832,2
-13363367188,5363860000000000000,1586966280823161904037488803084903,3644008576006983524,198109,25824832,710
2798427842,-1122190183138702421,1586941882124765027710763671345292,3644008576006983524,198109,25824834,225
-11354580234,4558041405464180736,1587040923267783164703917829169688,3644536983147180151,198110,25824835,8
-2853060413,1145386508729738912,1587065810241201317308678469350976,3644536983147180151,198111,25824835,148
-7653828348,3072875000000000000,1587132577710400092666577205860934,3644536983147180151,198112,25824836,193
-753799087,302650818559999994,1587139153711443476777228242544341,3644536983147180151,198112,25824836,224
-7466563544,2997965527522059776,1587204293546619922107286906524857,3644536983147180151,198112,25824838,62
247000000,-99079921567121179,1587202139659812319520932139896596,3644536983147180151,198112,25824838,753
-104148284602,41843043472575067200,1588110662158422594966872303034486,3651281625755042525,198124,25824839,16
2559381,-1027827035267694,1588110639855884545767762235297215,3651281625755042525,198124,25824839,257
-1388119252,558019829345896847,1588122742121557793648944317925513,3651281625755042525,198124,25824839,271
567205,-227788348321375,1588122737178840652258953783816791,3651281625755042525,198124,25824839,281
842386,-338300375930073,1588122729838153214246808298487383,3651281625755042525,198124,25824841,139
6524640000,-2620189852697707733,1588065875054341562209477375196921,3651281625755042525,198123,25824842,349
33113962571,-13295139871274179785,1587777387446335328028727819155117,3651281625755042525,198120,25824844,2
74876094436,-30044665200322106147,1587124276936385285686109623026204,3644536983147180151,198111,25824846,5
13867753271,-5561840377163926438,1587003368740003143078229154890210,3644536983147180151,198110,25824847,9
-12484184039,5011914961302015000,1587112267695478264479622792686135,3644536983147180151,198111,25824848,165
232996,-93451538723293,1587112265663946212146439537999067,3644536983147180151,198111,25824848,519
-670670,269266637060163,1587112271514575312312308645161359,3644536983147180151,198111,25824848,735
42389,-17001367080287,1587112271144984585086791848811029,3644536983147180151,198111,25824848,812
262113,-105129821361196,1587112268859579714614644235992963,3644536983147180151,198111,25824848,894
42640,-17102090301473,1587112268487799377083627219181553,3644536983147180151,198111,25824848,898
-1761896,707381578541725,1587112283857795799673451538267100,3644536983147180151,198111,25824848,926
-31990757184,12846186750562380000,1587391405975743939382418959357037,3644536983147180151,198115,25824849,2
-41603479902,16713025753184126976,1587754546823384686410784225390114,3644536983147180151,198119,25824850,2
-97668146,39244422647289610,1587755399526726126147549930208297,3644536983147180151,198119,25824850,248
-16046519143,6448286537550958592,1587895262893677415664723712138935,3651281625755042525,198121,25824851,13
-70127904,28183360000000000,1587895874130935210964978202851685,3651281625755042525,198121,25824852,326
48237988762,-19361626772786592998,1587475220215318517523721778163071,3644536983147180151,198116,25824853,2
-74194847,29802031205019746,1587475867754252103204215077199730,3644536983147180151,198116,25824853,165
133655,-53631821125525,1587475866588356226795843389730640,3644536983147180151,198116,25824855,316
33959978160,-13624615672951373046,1587179682664383848776705627373725,3644536983147180151,198112,25824859,27
6161499157,-2471425447674712792,1587125956636107638186733639860850,3644536983147180151,198111,25824860,265
-4496602046,1805410694226291200,1587165184623877363129516307502905,3644536983147180151,198112,25824862,352
31000000,-12434533813894098,1587164914311003505119316413929820,3644536983147180151,198112,25824863,218
5000000,-2005569573318528,1587164870712161505900321624126745,3644536983147180151,198112,25824863,225
-248716045250,99999997059869494842,1589339924945990329922288457452990,3627211963539891318,198139,25824864,14
-197849741256,79744836674652150724,1591080769537414032805515231690379,3630481376863182307,198161,25824864,51
374299405949,-150566720198503930626,1587797153052487789969680126443520,3651281625755042525,198120,25824864,60
1371068,-550392506723521,1587797141109671146702080490474020,3651281625755042525,198120,25824865,69
-2521457725,1013224697100000000,1587819115802730664009958610944449,3651281625755042525,198120,25824865,605
190838,-76610662217594,1587819114140376833594083938792199,3651281625755042525,198120,25824866,857
30850153,-12384626629127940,1587818845409746928230058571265268,3651281625755042525,198120,25824867,33
28037744,-11255596936520577,1587818601177623886419369398845077,3651281625755042525,198120,25824867,42
25887553,-10392411559722010,1587818375675524524661402060233320,3651281625755042525,198120,25824867,51
6963008243,-2795153082130339859,1587757714970714606517050244348928,3644536983147180151,198119,25824869,29
337721704,-135565837028405251,1587754767920865164773019172668786,3644536983147180151,198119,25824869,782
81000000,-32514367315104338,1587754061094843203250135961636594,3644536983147180151,198119,25824869,787
13751228882,-5519487892651119473,1587634073594160234461157749022107,3644536983147180151,198118,25824870,15
15906460703,-6383517421292709994,1587495303056776338701023149398379,3644536983147180151,198116,25824871,22
-2433211,977378731652131,1587495324293274523990603782451079,3644536983147180151,198116,25824871,632
1847937274,-741534490733985960,1587479204161852213240833650296354,3644536983147180151,198116,25824872,137
-8543140,3431560586363922,1587479278722846641515549007696442,3644536983147180151,198116,25824873,547
287231,-115257843405183,1587479276217269886340458948591411,3644536983147180151,198116,25824874,224
-503006,202044712694339,1587479280607300112625172858930554,3644536983147180151,198116,25824874,297
230448,-92472211066729,1587479278597057549488502740485990,3644536983147180151,198116,25824874,406
-41827458423,16804883301865166848,1587844081997731157580708563226485,3659487691637327081,198121,25824876,2
-7246840791,2912324074588122600,1587907102490069512536822543057356,3659487691637327081,198121,25824879,57
3062413,-1229525247641671,1587907075870762564694358830478994,3659487691637327081,198121,25824880,618
20078,-8060712863115,1587907075696319610767881318981090,3660998935898085487,198121,25824880,750
27707629823,-11122624964128422524,1587665973973834755334038603031832,3646048227407938557,198118,25824884,9
30326296980,-12169954215768803464,1587401522422385157030516476875472,3646048227407938557,198115,25824885,12
1576959423,-632723511583598787,1587387773421254149053001552810288,3646048227407938557,198115,25824885,171
6944887250,-2786367055462408096,1587327226020856346184740906567515,3646048227407938557,198114,25824886,24
4575583756,-1835659632327603932,1587287337371392617078608173737734,3646048227407938557,198114,25824887,624
3051102943,-1224008172933136799,1587260739830055958240406006234642,3646048227407938557,198113,25824888,166
-3112776951,1250000000000000000,1587287888589306361864073703792237,3646048227407938557,198114,25824889,66
19309436823,-7745662850559043515,1587119576324402211762492138084613,3646048227407938557,198111,25824890,27
33721590,-13525424006902887,1587119282418665244850228010803660,3646048227407938557,198111,25824890,182
48301284,-19373198329153062,1587118861441538802830631746248376,3646048227407938557,198111,25824891,41
6904105,-2769171468150803,1587118801267796322059925624789883,3646048227407938557,198111,25824891,228
32531867131,-13045895997502767847,1586835296209577619124311656282817,3645519820267741930,198108,25824893,96
24913525,-9989010078988224,1586835079109368669858118334247444,3645371497913422303,198108,25824893,427
-76983136071,30910137150487904256,1587506463354142321889973953648551,3645899905053618930,198116,25824895,2
-163316360,65602308176623564,1587507888229123437209271117669300,3645899905053618930,198116,25824895,486
-16609834771,6672595164051163136,1587652816268587686929239813769131,3645899905053618930,198118,25824896,12
270000000,-108367193757123142,1587650461367503786257301856028944,3645899905053618930,198118,25824896,316
-957931705,384861666666666666,1587658820520943132530063289978196,3645899905053618930,198118,25824896,865
7202035,-2890634243425044,1587658757705274690856582742277127,3645899905053618930,198118,25824897,944
-69876318,28073886697093936,1587659361983845732703218425492329,3678982580141215680,198118,25824898,1315
-36810452607,14792132020821114880,1587976886485904280220534686030655,3693933288631362610,198122,25824901,2
-8346216,3354563873017347,1587976958399234319939162707054802,3693933288631362610,198122,25824901,522
105670,-42429025068187,1587976957489208764315315750399294,3693933288631362610,198122,25824901,526
-5145938463,2068345765193228168,1588021297569552742262317833208518,3693933288631362610,198123,25824902,173
-48712118852,19584951773631430656,1588441149196775535869374590545451,3693933288631362610,198128,25824903,2
-757643296,304696077320040000,1588447681106853734686063912494294,3693933288631362610,198128,25824904,174
-212310275,85383780323627844,1588449511518259473965304676087359,3693933288631362610,198128,25824904,417
-11059531494,4448029560732358144,1588544867059989260848204988571061,3693891282162079109,198129,25824906,15
-40397141710,16251874699210312500,1588895476347546374914198591703259,3669821619946927902,198134,25824907,21
5866238728,-2358088528612691613,1588844567327840220736040136874756,3669821619946927902,198133,25824908,25
-10167105935,4091121137276623421,1588932846807846449101698244781957,3669821619946927902,198134,25824908,70
774668057,-311421453365701016,1588926123497540690160487116918132,3669821619946927902,198134,25824908,466
-1845847,742781930291947,1588926139525519418711621233608143,3669821619946927902,198134,25824908,696
795276502,-319703443466968381,1588919237414463749144326566402667,3669821619946927902,198134,25824909,32
-69695244,28045616725598308,1588919842591474625415885275897362,3669821619946927902,198134,25824909,942
22381643634,-8996353144836832219,1588725619383152812370761863664197,3669821619946927902,198132,25824910,2
884200818,-355361393033394393,1588717947448897067182955571689163,3669821619946927902,198132,25824911,385
-1836721,738915724970093,1588717963393449618909155419027642,3669821619946927902,198132,25824911,485
-1813266,729479738468413,1588717979134389529072607489072481,3669821619946927902,198132,25824912,628
-13893832358,5589934012666416128,1588838600463201077802265621465753,3669821619946927902,198133,25824914,78
-4898347573,1970964590715125819,1588881130548070392002198197603981,3669821619946927902,198134,25824914,155
-1211868,487636583657102,1588881141070443744632618549328624,3669821619946927902,198134,25824914,1145
-37270218794,15000000000000000000,1589204815719925014562596397484170,3669821619946927902,198138,25824916,6
-69525732,27987462200715677,1589205419642059527025144602075717,3669821619946927902,198138,25824916,672
20451575470,-8223599558172411653,1589027879491686621798738382556933,3669821619946927902,198135,25824917,109
1895706784,-762172599878355295,1589011424867767338500645928921152,3669821619946927902,198135,25824917,219
9500000000,-3819255735716597567,1588928970556509216144684338998432,3669821619946927902,198134,25824917,397
-37267975262,15000000000000000000,1589252645205990486074662187153978,3669821619946927902,198138,25824919,50
-7470757670,3007643130775709184,1589317545061731724539106982664526,3669821619946927902,198139,25824920,90
-29801018333,12000000000000000000,1589576485289764408484285459525650,3669813333686324406,198142,25824921,27
1595220246,-641805385742683716,1589562629254925417472727226060343,3669813333686324406,198142,25824922,198
1000000000,-402324560651442877,1589553943408323308785301428792722,3669813333686324406,198142,25824922,325
-44684594556,18000000000000000000,1589942353864710833747700134055387,3669813333686324406,198147,25824923,12
68564571483,-27588204282440635307,1589346747904442894799070473484562,3669821619946927902,198139,25824923,33
28315857680,-11387371370998253380,1589100904753732812566955596148920,3669821619946927902,198136,25824923,114
-1708348,687602427850152,1589100919591031133691478681195615,3669821619946927902,198136,25824924,363
-59608574821,24000000000000000000,1589618799634192356265854639060923,3669813333686324406,198143,25824925,12
7616364010,-3064356077451320278,1589552642781178251819138808807424,3669813333686324406,198142,25824925,94
666666666,-268213491626190098,1589546852278999839273927144499234,3669813333686324406,198142,25824925,462
34371306181,-13825625067553366144,1589248368972856299504253203020047,3669821619946927902,198138,25824926,16
16163839388,-6500000000000000000,1589108039793491400084886452110522,3669821619946927902,198136,25824926,43
2950818544,-1186495195906664873,1589082424424697249646369417942767,3669821619946927902,198136,25824926,61
-1692136,681061599044895,1589082439120855539380330319948715,3669821619946927902,198136,25824926,399
-60851422228,24500000000000000000,1589611108301632854103803771291901,3669813333686324406,198143,25824927,96
50579126874,-20344954324828977718,1589171878369682186146094053720322,3669821619946927902,198137,25824927,126
3129287198,-1258355560610786982,1589144711599963760040053472594895,3669821619946927902,198137,25824927,437
3065549788,-1232683622373119880,1589118099064403118273515381868450,3669821619946927902,198137,25824928,16
149000000,-59913114164364157,1589116805593919444311387471010487,3669821619946927902,198137,25824928,283
-59607383236,24000000000000000000,1589634685672950491291294011178395,3669813333686324406,198143,25824929,99
10191584,-4100718402400552,1589634597141912405964135966983647,3669813333686324406,198143,25824929,132
37387896735,-15040440529921939651,1589309886859658901714275902947328,3669821619946927902,198139,25824929,136
631687238,-254062990044726679,1589304401867212752621079607734191,3669821619946927902,198139,25824929,156
344472011,-138545021793622765,1589301410804256846284447511290416,3669821619946927902,198139,25824931,1285
-69522020926,28000000000000000000,1589905604734870292302331253552557,3669813333686324406,198146,25824932,27
24741838262,-9957253202264058278,1589690636069389911707521665466368,3669813333686324406,198144,25824932,51
-22341184273,9000000000000000000,1589884841297583674188721018097700,3669813333686324406,198146,25824934,12
-59549816695,24000000000000000000,1590402719887865929178519913930633,3669842199933605164,198153,25824934,35
57284147996,-23064089584367561506,1589904787741149734069303438029206,3669813333686324406,198146,25824934,56
-69469273103,28000000000000000000,1590508978930365748985625041414230,3669842199933605164,198154,25824936,12
86916303881,-34993774980034281190,1589753495813060345275488432776784,3669813333686324406,198145,25824936,33
64759541,-26060744292035655,1589752933183657629019865979732226,3669813333686324406,198145,25824936,55
4923112330,-1981120817359356990,1589710162462695516055884535720568,3669813333686324406,198144,25824936,259
2231250275,-897847387602109845,1589690778697836148455034303921506,3669813333686324406,198144,25824937,146
25359786609,-10203151920475819385,1589470501287240669337206343667490,3669813333686324406,198141,25824939,12
-74470013908,30000000000000000000,1590117852047886544274537519105265,3669813333686324406,198149,25824939,65
73169576171,-29446869415289238411,1589482119070910481608411193920920,3669813333686324406,198141,25824939,96
18199820,-7321532115309915,1589481961005231510820502581704711,3669813333686324406,198141,25824939,99
-1527802,615228557890646,1589481974280854008206301007945631,3669813333686324406,198141,25824939,770
-74468939071,30000000000000000000,1590129325041499883143632183383406,3669813333686324406,198149,25824941,6
89351545470,-35956592394392856123,1589353052657416378157496691672807,3669813333686324406,198140,25824941,33
-1437500,578771161844952,1589353065146348106831700953930495,3669813333686324406,198140,25824941,158
56650199424,-22778831511341008101,1588861290568082261131370539890793,3669821619946927902,198133,25824944,2
-69560534681,28000000000000000000,1589465483504925549866772214165936,3669813333686324406,198141,25824944,374
10000001000,-4022556453503430401,1589378639917134440354337726950183,3669813333686324406,198140,25824944,609
68741324872,-27639691491974671865,1588781923666954439655272013795678,3669821619946927902,198132,25824945,2
1272477333,-511445365389928341,1588770882019505955074362916474902,3669821619946927902,198132,25824946,522
1160770,-466543471715171,1588770871947250182175710858458829,3669821619946927902,198132,25824946,1519
-124806149071,50247312380759141822,1589855125166332969066375707152641,3669813333686324406,198146,25824948,4
113663784109,-45718412259978639810,1588868104448068471386482941333292,3669821619946927902,198133,25824948,17
4856331105,-1952073179692407661,1588825960936165938246561124319232,3669821619946927902,198133,25824949,9
4889894901,-1965460009859979213,1588783528414587757015129765694704,3669821619946927902,198132,25824949,102
-1400694,563547904330052,1588783540574999117010696851762583,3669821619946927902,198132,25824949,327
-1382208,556110555316788,1588783552574925054677065617076232,3669821619946927902,198132,25824950,342
6363863738,-2557754626868044401,1588728332942955028955453509332090,3669821619946927902,198132,25824953,47
3000000000,-1205693866230404285,1588702303092060658886237785518984,3669821619946927902,198131,25824954,4
-1404688,565097165619252,1588702315285902459197598515914285,3669821619946927902,198131,25824954,18
871039744,-350061696692074025,1588694757767344938724718277376362,3669821619946927902,198131,25824954,79
3299670000,-1326072406162918121,1588666129051570280279910838044536,3669821619946927902,198131,25824955,194
68000000,-27327358551573914,1588665539078370318320853544260613,3669821619946927902,198131,25824956,420
-1242922561,500000000000000000,1588676325421990388228704455102169,3670778125669149274,198131,25824958,435
-22282327939,8964835155666633728,1588869721006962994656538304207931,3670778125669149274,198133,25824960,10
-161707751,65067756482812492,1588871124693323015950341549873660,3670778125669149274,198133,25824960,317
-85643990,34461365093685315,1588871868117574050295173579719574,3670778125669149274,198133,25824960,349
-11000236285,4426534973949586000,1588967360372124605160573083346720,3670778125669149274,198135,25824961,124
-27340205492,11004102798155929600,1589204748440147570424936667073182,3670778125669149274,198138,25824963,2
-68106364645,27426288337647800320,1589796110035918480336909719759981,3673230322235716166,198145,25824964,2
-2921174392,1176807179909087368,1589821479981222052096630603804180,3673230322235716166,198145,25824964,111
394239,-158664206814110,1589821476558982644300926045459189,3673230322235716166,198145,25824964,374
-24819118911,10000000000000000000,1590037059415177757592253664618116,3673230322235716166,198148,25824967,64
337241,-135761929883554,1590037056486919167611516591347739,3673230322235716166,198148,25824967,596
250000000,-100641601361786945,1590034885741158925086942771240608,3673230322235716166,198148,25824967,665
-1356822,546757040053560,1590034897528303359040180366920872,3673230322235716166,198148,25824967,772
10000001000,-4025439196657366948,1589948072547867625422284380887410,3673230322235716166,198147,25824967,933
16628343863,-6692664840697538567,1589803717990397471519194645868375,3673230322235716166,198145,25824968,6
1073689155,-432102389428326882,1589794397943645926563116447142791,3673230322235716166,198145,25824968,78
7159346706,-2881124155849604901,1589732254774604326508299038320983,3673230322235716166,198144,25824969,120
17085,-6875035585495,1589732254626316201649451859934773,3673230322235716166,198144,25824969,204
10763052759,-4330933860703274643,1589638840410039809365675137093500,3673230322235716166,198143,25824969,208
-1334404,537455351388616,1589638851996655782336268783134048,3673230322235716166,198143,25824969,580
-1325943,534047676188691,1589638863509808120048354717031440,3673230322235716166,198143,25824970,153
-74972774229,30209006839847398676,1590290116776082987589801417072039,3673259188482996924,198151,25824973,13
2491328,-1003245442223958,1590290095137181712278203858703143,3673259188482996924,198151,25824973,28
105433617384,-42433165349351683771,1589374852348170570463111655897957,3673230322235716166,198140,25824973,32
665335204,-267617944754108267,1589369080077945542279413873753793,3673230322235716166,198140,25824973,144
106,-42255150356,1589369080077034137976973735109314,3673230322235716166,198140,25824973,239
699058,-281181061741669,1589369074012220091129192663285931,3673230322235716166,198140,25824973,246
230067,-92539180889060,1589369072016236006484885305696620,3673230322235716166,198140,25824973,253
261229004,-105073674678089913,1589366805674775474341348952738344,3673230322235716166,198140,25824975,45
6647215510,-2673596743811410722,1589309110511379753416888165226696,3670778125669149274,198139,25824975,95
3406220120,-1369950914591294363,1589279542204611547827725224889924,3670778125669149274,198139,25824975,104
-214631409347,86508992290291679232,1591144388269805544500180717347208,3676508021819610651,198162,25824975,261
-67169974857,27115135725611282432,1591728422964121923895178997932588,3676508021819610651,198169,25824976,5
155091751020,-62514748680161289041,1590380744673050066043283569036523,3673259188482996924,198152,25824978,2
-1295201716,522156558284647731,1590392001384810286982923188742536,3673259188482996924,198153,25824979,1256
7159346706,-2883290549625657075,1590329811977387630912440133200410,3673259188482996924,198152,25824979,1315
-6688784298,2696469422023727104,1590387942778528356694974175779555,3673259188482996924,198153,25824979,1422
217212,-87480812058102,1590387940891663412247225873598612,3673259188482996924,198153,25824980,65
218057,-87820898376799,1590387938997463179777569830952935,3673259188482996924,198153,25824980,98
-239943476,96732786200512939,1590390024374108834497258779028190,3673259188482996924,198153,25824980,1523
-20888121,8421020879671777,1590390205915455515413674720905850,3673259188482996924,198153,25824981,686
-84703224446,34163820057220272128,1591126549735509458284576849031666,3676508021819610651,198162,25824982,2
8217112347,-3312324045047238315,1591055169679711015033521139655194,3676508021819610651,198161,25824982,210
-11771645412,4750000000000000000,1591157480242566966272785689183773,3676508021819610651,198162,25824983,123
-8601762730,3471300650191078871,1591232248815906603910682835035270,3676508021819610651,198163,25824983,376
266860,-107590351819845,1591232246497351652212061410561957,3676508021819610651,198163,25824983,522
-1294338,522363633590477,1591232257748576361290272208058380,3676508021819610651,198163,25824983,1298
220653,-88960924857133,1591232255831482594550206024835056,3676508021819610651,198163,25824983,1425
18212363814,-7341992069561123644,1591074037071340264677051705381092,3676508021819610651,198161,25824985,16
119167478,-48035451132012758,1591073001915016343608013427242191,3676508021819610651,198161,25824985,683
27227212371,-10973431552551299736,1590836433482085812488246562338232,3673259188482996924,198158,25824986,11
3678407054,-1482264634963883139,1590804462663430740922664820295440,3673259188482996924,198158,25824986,226
17998004247,-7251684141239400135,1590648051808611235424085978430139,3673259188482996924,198156,25824986,282
428417,-172598778844907,1590648048085845321446924473054955,3673259188482996924,198156,25824986,677
693907149,-279557752299620787,1590642018332458802603151122377827,3673259188482996924,198156,25824987,319
86075664856,-34661292262402716585,1589894410384897032468303039474997,3673230322235716166,198146,25824990,2
10296500211,-4144054058272935188,1589805026992189735837778767636815,3673230322235716166,198145,25824990,182
1699855,-684105712968848,1589805012236665619657812013890177,3673230322235716166,198145,25824990,270
98555250119,-39642172346982041764,1588949699334756043149403117615628,3670778125669149274,198134,25824991,436
-6073437625,2444146981362592863,1589002426153153910204377323823957,3670778125669149274,198135,25824991,446
-310146008,124817099873314343,1589005118793411698509693605129501,3670778125669149274,198135,25824991,483
-1445390142,581697429534957339,1589017667570127449413441819743177,3670778125669149274,198135,25824991,591
-1198032171,482155149277185263,1589028068952364029056040685503338,3670778125669149274,198135,25824991,609
-613617870,246956593875651588,1589033396469725598715604864860384,3670778125669149274,198135,25824991,629
2819710401,-1133672205975828806,1589008927879498129061758115246132,3670778125669149274,198135,25824991,898
-7964382718,3205396281727801293,1589078076890964550010587988473659,3670778125669149274,198136,25824992,207
-11974649315,4819918850591559001,1589182055492851215902226606392165,3670778125669149274,198137,25824992,215
-483625290,194677378708160433,1589186255207054817301413792010871,3670778125669149274,198137,25824992,546
-296429801,119324658580220969,1589188829360594404874273007042380,3670778125669149274,198137,25824992,701
-251097405,101076888030209969,1589191009860687087225741477489503,3670778125669149274,198137,25824994,869
38520591940,-15487361051824583200,1588856738728975096689491649577412,3670778125669149274,198133,25824995,5
-535799823,215591360000000000,1588861389613956053078948954668552,3670778125669149274,198133,25824996,76
16742026998,-6729208591512093472,1588716149881771608696574750760218,3670778125669149274,198132,25824996,160
3733870481,-1500605890648778323,1588683761586074082389705386568795,3670778125669149274,198131,25824996,509
136280813819,-54728277976818508425,1587508101059424231429655355519928,3678940573671932179,198116,25824997,18
-12927263831,5193105260640692621,1587619881736283466187638468037050,3678940573671932179,198118,25824997,34
37797900000,-15166836405808103907,1587293254938290022704309927412299,3678940573671932179,198114,25824997,266
-74395348956,29887809932152932904,1587935881514956790732575802006277,3693891282162079109,198122,25824997,301
-3057163974,1228711423293203879,1587962222266923018689228956688934,3693891282162079109,198122,25824997,464
365408,-146717413459952,1587962219120065087755797885005598,3693891282162079109,198122,25824997,717
-647899720,260404019759053511,1587967801584397597792397046560208,3693891282162079109,198122,25824998,383
-58003830986,23320335965889605632,1588467736047284104578367247764225,3693891282162079109,198128,25824999,2
-2946433031,1185000000000000000,1588493139726690226345408701135621,3693891282162079109,198129,25825000,478
100381,-40331310289421,1588493138861647007165111989954070,3693891282162079109,198129,25825002,372
33534718968,-13471314824770487045,1588204200330788831340844426717515,3693891282162079109,198125,25825004,2
62354424,-25043984764259731,1588203663176675907324195163952748,3693891282162079109,198125,25825004,216
-200422801,80578285434108375,1588205390590119167290823629359492,3693891282162079109,198125,25825004,343
200000000,-80327913608366700,1588203667682619282670386452371741,3693891282162079109,198125,25825004,772
20078658570,-8063496826528828973,1588030718348649834963241579638298,3693891282162079109,198123,25825005,15
4980813705,-2000000000000000000,1587987821491941106308548911158241,3693891282162079109,198122,25825005,137
1771244496,-711200916376168028,1587972567350040653813342252815396,3693891282162079109,198122,25825009,6
499999992,-200760579734896640,1587968261351129829235876354146337,3693891282162079109,198122,25825009,16
200999997,-80705446263914496,1587966530346147830665632244074178,3693891282162079109,198122,25825009,25
500000000,-200759056853342330,1587962224379900421997946950186136,3693891282162079109,198122,25825009,421
-1938423088,779096960000000000,1587978926430025421216589840072749,3693891282162079109,198122,25825010,74
573421,-230243020221534,1587978921491674497902547412351181,3693891282162079109,198122,25825010,122
16790277349,-6741110145454332606,1587834335273690842160078358232404,3693891282162079109,198120,25825013,18
19029682651,-7638721603525004939,1587670121485778465105236326488640,3678940573671932179,198118,25825015,45
-35052260886,14085665770127101018,1587972461036056247208889198646156,3693891282162079109,198122,25825016,157
46915582697,-18832851786217759333,1587567736353881457832954546880512,3678940573671932179,198117,25825016,181
4980654098,-1998769737865474455,1587524691664670253162638449193271,3678940573671932179,198117,25825017,89
77299228,-31019841921904123,1587524023634016389556891051785264,3678940573671932179,198116,25825018,84
30257740987,-12140294288625093843,1587262575211676106082917268455318,3678940573671932179,198113,25825022,37
3993320681,-1601938842177284072,1587228076510654888601732878546488,3678940573671932179,198113,25825023,131
12623088002,-5063351509092863932,1587119034239328157389666797438063,3678940573671932179,198111,25825024,144
-33002986,13250441629384948,1587119319452752434042353687941329,3678940573671932179,198111,25825024,926
-286322107,114956292882003392,1587121793866726857012374495728562,3678940573671932179,198111,25825027,91
-83666669,33591641091592144,1587122516920889939275376141041873,3678940573671932179,198111,25825027,101
9456473371,-3792725314485415072,1587040838336642492037686275095091,3678940573671932179,198110,25825027,416
-4981908,2000000000000000,1587040881386290534582451521860105,3678940573671932179,198110,25825027,630
3198270029,-1282647822986824872,1587013258806329494527455714018155,3678940573671932179,198110,25825028,709
168428,-67545590805418,1587013257351695221891632170029702,3678940573671932179,198110,25825028,719
-509385,204486951935310,1587013261753240876945556558747667,3678940573671932179,198110,25825028,749
183803,-73711815029432,1587013260165813316368152429816980,3678940573671932179,198110,25825029,879
-40043152,16074871286720821,1587013606174588927638161527839999,3678940573671932179,198110,25825030,795
16215375647,-6502399077376083446,1586873559427786450604600427428526,3678412166531735552,198108,25825034,14
1555200000,-623578094622969564,1586860128375369150022721120354780,3678412166531735552,198108,25825034,689
1835146,-735819754724632,1586860112526778924339436377275854,3678412166531735552,198108,25825038,161
421654,-169066267160703,1586860108885313780177015844946887,3678412166531735552,198108,25825040,309
-5749144158,2307555279440635400,1586909785741722212162869977075598,3678412166531735552,198109,25825041,365
-32268769391,12954516945014457835,1587188637970489543042780535650478,3678940573671932179,198112,25825042,44
921454,-369618969147038,1587188630010526295604950533968949,3678940573671932179,198112,25825042,61
34396863706,-13794890791846442376,1586891537721057498683005521781407,3678412166531735552,198109,25825043,5
-5979220636,2400000000000000000,1586943204719652278807218881778868,3678412166531735552,198109,25825044,109
-5868752841,2355811300000000000,1586993916874581380843515022183317,3678940573671932179,198110,25825044,695
6144561073,-2464055568594005439,1586940847909862841248814457997310,3678412166531735552,198109,25825046,24
37959027193,-15218451667713298904,1586613062466753589851306578027566,3678412166531735552,198105,25825047,5
28142175564,-11278642988612940415,1586370135323413715125221581321248,3678412166531735552,198102,25825048,5
45072417470,-18056637067580362303,1585979908575425060775511294559190,3653820550093223785,198097,25825050,18
8449534921,-3384010524161935761,1585906530878824322639977863450990,3653820550093223785,198096,25825051,21
8087413685,-3238688901065522481,1585836304285298754833609880764416,3653820550093223785,198095,25825051,108
3645589709,-1459820517847200509,1585804650049508027618744882735670,3653820550093223785,198095,25825051,268
9837728221,-3939076662028523629,1585719236493572069243859478218950,3653820550093223785,198094,25825052,79
3999391099,-1601255323297755751,1585684515435095941113644076488499,3653820550093223785,198093,25825052,366
40689036641,-16286880032670163294,1585331954742330719570433228483666,3696574438637452349,198089,25825053,16
-22482564646,9007359626071630000,1585526571213105808768515254405786,3653820550093223785,198091,25825055,2
10387104434,-4157578749177768517,1585436419734594554615581934440484,3653820550093223785,198090,25825056,70
16284490514,-6517138173484069611,1585296121980042681699247073372234,3696574438637452349,198088,25825057,43
2457245487,-983302623629578941,1585275046992548491684911569475383,3696574438637452349,198088,25825057,639
81385,-32566838778607,1585275046294547994695484976962980,3696574438637452349,198088,25825057,765
4654974794,-1862684387273300386,1585235123640805339792536255098773,3696574438637452349,198088,25825057,821
3280217735,-1312520118404424531,1585206992580827952423266715229750,3696574438637452349,198087,25825057,1011
67789202452,-27114204869194472766,1584625857623184999837223450314839,3696574438637452349,198080,25825058,5
4122657,-1648368212177173,1584625822293939839050401110440234,3696574438637452349,198080,25825058,562
-126490930837,50660389979569135616,1585714914303052491961782231280322,3653820550093223785,198094,25825059,2
-721613148,289210735943594080,1585721182311581271688003553734364,3653820550093223785,198094,25825059,1125
-232886437915,93456179717399920640,1587736029155791059252590007309925,3678940573671932179,198119,25825060,2
296531822,-119028465564061166,1587733465807342046249702626017401,3678940573671932179,198119,25825061,15
27308748534,-10960138942886670367,1587497432728808449550539173604228,3678940573671932179,198116,25825061,26
13463643367,-5402321976028454405,1587381090527867714222682065389030,3678940573671932179,198115,25825061,248
3366883462,-1350846995482785909,1587351999238365531635501183449665,3678940573671932179,198114,25825061,312
5484447380,-2200341180383885426,1587304613588846250109005184745654,3678940573671932179,198114,25825061,339
2420170786,-970922311738837930,1587283704202254448757002670666492,3678940573671932179,198113,25825061,372
2994011,-1201118860146882,1587283678335448952716061384787554,3678940573671932179,198113,25825061,1125
70008344794,-28074826357204464353,1586679028659740172240277456581903,3678412166531735552,198106,25825062,5
-8573959804,3440629541278840320,1586753098243771177584505090683771,3678412166531735552,198107,25825064,111
-39017349667,15661262807848499200,1587090235205970218845476984184170,3678940573671932179,198111,25825065,2
252417,-101238128436840,1587090233025747208494341727256751,3678940573671932179,198111,25825066,535
-26135778640,10494422000000000000,1587316123612502177854536970353914,3678940573671932179,198114,25825067,60
15640042838,-6274100265915826410,1587181007150155348015835676409856,3678940573671932179,198112,25825067,107
-7178787137,2882564296542730713,1587243053839368433113551096173692,3678940573671932179,198113,25825068,105
57527582457,-23070162805767018706,1586746192201801811907256898189078,3678412166531735552,198107,25825070,2
78454992524,-31439362771216360294,1586068310133577932828714143970774,3653820550093223785,198098,25825072,2
-11873796,4760926040049008,1586068413316210232263057565551176,3653820550093223785,198098,25825073,227
30400000000,-12174993931309664547,1585804415020569967925535249128513,3653820550093223785,198095,25825074,668
5284673613,-2116062447362527225,1585758531065085155526483112730648,3653820550093223785,198094,25825074,909
-16521991471,6622681179281620992,1585902063157625531466491192292557,3653820550093223785,198096,25825075,9
-16317672005,6541958527089034240,1586043845763685891206039285312985,3653820550093223785,198098,25825076,8
-9977597995,4000719986326757376,1586130552596728376889123450252012,3653820550093223785,198099,25825077,9
-58277586579,23376279011960545280,1586634098578073405217916065844347,3678412166531735552,198105,25825078,2
-858450546,344452160000000000,1586641513915267858958962049241006,3678412166531735552,198105,25825079,273
-3350854496,1344556800000000000,1586670459421224609817510348339103,3678412166531735552,198106,25825080,9
120178,-48174673658971,1586670458383605468479318329552256,3678412166531735552,198106,25825080,477
14688000000,-5887420505721610286,1586543651085374687202456393412471,3678412166531735552,198104,25825083,102
1159601,-464767964777762,1586543641074883698761787555777838,3678412166531735552,198104,25825083,181
589824,-236401403297792,1586543635983108239369145949103943,3678412166531735552,198104,25825086,18
42603660616,-17071588181513132922,1586175936415580765626105071177313,3678412166531735552,198100,25825089,2
336006,-134607850408520,1586175933496791417355180343025628,3653820550093223785,198099,25825089,146
108967783665,-43628014008773510851,1585231690457213362544247297157783,3696574438637452349,198088,25825090,2
3768093610,-1507724363298826492,1585199375611978922826812162387774,3696574438637452349,198087,25825090,402
16191184661,-6477866639331411676,1585060536403039347004203641054937,3696574438637452349,198085,25825091,34
11249250890,-4500000000000000000,1584964088532928119286567051485296,3696574438637452349,198084,25825093,758
-18497005,7406250000000000,1584964247190679117569821185733852,3696574438637452349,198084,25825094,506
-38775010231,15528876571793588224,1585296909014464528757540284410074,3696574438637452349,198088,25825097,2
-279480000,111951689316677968,1585299307259628740424792645376265,3696574438637452349,198088,25825097,107
-7283575938,2917711511698654566,1585361810894600272543459779552355,3696574438637452349,198089,25825098,619
-6331593,2536458907745629,1585361865230987216338699263923337,3696574438637452349,198089,25825099,171
-5295855984,2121600000000000000,1585407597947759932302026504438293,3653820550093223785,198090,25825099,443
5431441211,-2173740549477349417,1585360724973910742243256666332684,3696574438637452349,198089,25825100,21
1703920,-681913058609918,1585360710358563608030055899011735,3696574438637452349,198089,25825101,124
6224368,-2491007313545042,1585360656969152536272158899220749,3696574438637452349,198089,25825102,654
25495621967,-10202004042346677376,1585141998844541320170050648005014,3696574438637452349,198086,25825103,245
5725901383,-2290816953180103917,1585092900085441561705497422970077,3696574438637452349,198086,25825104,154
4999072186,-1999911307745256531,1585050036266320808357662410290357,3696574438637452349,198085,25825105,92
-41921994,16787500000000000,1585050395890556404466371781253751,3696574438637452349,198085,25825105,965
12497860066,-4999379198145373234,1584943244895992071413786787247477,3696574438637452349,198084,25825105,1092
27630644229,-11050378911106102125,1584706403671570246676164966314786,3696574438637452349,198081,25825106,49
23000000000,-9195917630058015166,1584509288674285086835554652799272,3695657295278423853,198078,25825106,126
159330084386,-63640983505982730889,1583144929187718031156017876965968,3695585534479893220,198061,25825107,5
-60033579417,23990241334477201408,1583658989103287579818541474678266,3695585534479893220,198068,25825108,2
-2962972797,1184448000000000000,1583684369308112842761632396511820,3695585534479893220,198068,25825108,35
-44343496457,17730843836185229312,1584064298470688105040893284256572,3695657295278423853,198073,25825109,2
-257248670,102886262122499538,1584066503061942166334629559879837,3695657295278423853,198073,25825109,283
-651511475,260572425214197088,1584072086467129855968826540218495,3695657295278423853,198073,25825109,548
-24924157611,9969812030605000000,1584285714214448905717730818634933,3695657295278423853,198076,25825110,87
168632,-67395185216661,1584285712769618863211761621271353,3695657295278423853,198076,25825110,119
95328,-38098650455225,1584285711952853176172230745665412,3695657295278423853,198076,25825110,138
-22483251888,8995742333863301000,1584478467860822808254352461050035,3695657295278423853,198078,25825111,32
-42473532658,17000000000000000000,1584842672130691682488979993591375,3696574438637452349,198083,25825112,50
-569909,228158387259306,1584842677018333416694117374987031,3696574438637452349,198083,25825112,822
-116973079,46829179259928562,1584843680199735945060855408547528,3696574438637452349,198083,25825115,1206
2777812899,-1110946029116685370,1584819869448998871666042883384294,3696574438637452349,198082,25825118,68
89837560,-35928673380311817,1584819099394771437657363742784211,3696574438637452349,198082,25825118,489
11994927095,-4796809401166957647,1584716290050310978381560890261504,3696574438637452349,198081,25825121,936
7800000000,-3118910828596981983,1584649442871092084307396786257919,3696574438637452349,198080,25825122,69
29108514,-11638847858912150,1584649193417295075262969015182392,3696574438637452349,198080,25825125,77
-79870308,31967586519397515,1584649878231523869949530284351843,3696574438637452349,198080,25825125,955
5654118390,-2260694576883546267,1584601425081098887466504173920072,3696574438637452349,198080,25825126,94
19569925762,-7823605152740328620,1584433703911995516175669726586947,3695657295278423853,198078,25825127,7
3930969172,-1571311103806200094,1584400017863331892266206862978600,3695657295278423853,198077,25825127,358
16657655,-6658357777990424,1584399875120266190066602843529105,3695657295278423853,198077,25825127,739
5602324147,-2239279499360643082,1584351869045591227685183797593319,3695657295278423853,198076,25825128,73
12597526558,-5034804439035392658,1584243932006939654518447777252233,3695657295278423853,198075,25825129,45
30970495195,-12374941439406702538,1583978635797597290785574137850910,3695657295278423853,198072,25825130,2
32849518354,-13121217791424065901,1583697338816497247108825476484695,3695585534479893220,198068,25825131,2
3598875734,-1437230438276494414,1583666526614838858732604048161018,3695585534479893220,198068,25825131,80
641022,-255990416779891,1583666521126763923515094270175964,3695585534479893220,198068,25825131,173
9571383406,-3822111430541106410,1583584580426774373403642775527250,3695585534479893220,198067,25825132,87
-11875214425,4746898192131915994,1583686296372430897282639800067000,3695585534479893220,198068,25825135,28
15997519477,-6388178425325012439,1583549342800735797059314493840892,3695585534479893220,198066,25825135,399
-1157009129,462445692014299069,1583559252029662591122104302134727,3695585534479893220,198066,25825135,630
-315321406,126032010732463382,1583561952627955576257918292523624,3695585534479893220,198067,25825135,869
14847599630,-5928094803523547055,1583434862602813016572051508214736,3695585534479893220,198065,25825137,73
4444000000,-1774139046705592291,1583396827553859650928777142995220,3695585534479893220,198064,25825137,881
15478558204,-6178703329139836368,1583264364833968251686714103520558,3695585534479893220,198063,25825138,10
3828098869,-1527934247722927242,1583231608070050801371372785017687,3695585534479893220,198062,25825139,385
16775481615,-6694962644534965719,1583088077475648581306511758721024,3695585534479893220,198061,25825141,43
4591881751,-1832372249811938552,1583048793988623253925921136119149,3695585534479893220,198060,25825141,480
2677960532,-1068587575712757849,1583025884972090043239205421685020,3695585534479893220,198060,25825141,522
11550530393,-4608658024715834859,1582927080417295983588313446555547,3695520692807165274,198058,25825144,19
-40909608,16338240000000000,1582927430517218862739423820230722,3695520692807165274,198058,25825144,174
9412354807,-3755102903370958189,1582846924973395194480715961991168,3695520692807165274,198057,25825145,645
-250065728,99859785868731849,1582849064794044871040992683538490,3695520692807165274,198058,25825148,720
3406789463,-1359064096976173587,1582819927857712162268397917539825,3695520692807165274,198057,25825149,706
16270316301,-6489996566846304910,1582680789006801133839155766099013,3695520692807165274,198055,25825151,14
65944610969,-26292682577193869004,1582117126765384657550764618734271,3696489541936486838,198048,25825151,277
3021053994,-1204071558079759164,1582091319475522186804244522998270,3696489541936486838,198048,25825151,851
233107651150,-92789067321355356937,1580101582693629466864589282600606,3693578645224229787,198023,25825152,10
-33836803863,13467802489619360942,1580390325896949198251521056340544,3693578645224229787,198026,25825153,11
-784036533,312122371224375310,1580397017650363650323712465916665,3693578645224229787,198026,25825153,531
-552144645,219808557829193728,1580401730240049578039945734601667,3693578645224229787,198027,25825153,572
-14369327843,5720884559176674825,1580524383251534731547937966963487,3693578645224229787,198028,25825154,159
-537354539,213955087036895744,1580528970345624149786811890839024,3693578645224229787,198028,25825155,774
-150691217,60000000000000000,1580530256716746130320572205609470,3693578645224229787,198028,25825155,899
-935827453,372616119762026496,1580538245427013568836588664704510,3693578645224229787,198028,25825155,933
-5179921409,2062544719614077184,1580582465393098651934651632475630,3693578645224229787,198029,25825157,37
-669690559,266666278958304035,1580588182589772951394014189388363,3693578645224229787,198029,25825157,218
-64277007,25594773581974764,1580588731329399776104033655432245,3693578645224229787,198029,25825157,787
-96356349039,38388592998175088640,1581411679676444311824397050567078,3693980656815370851,198039,25825158,2
-70752238419,28213311221356331008,1582016092050696989476073203176722,3696489541936486838,198047,25825159,2
-6323964466,2522807333880317517,1582070137232883943404106579071778,3696489541936486838,198048,25825159,149
-82644477575,32985061929154002944,1582776911301881956626928929342492,3695520692807165274,198057,25825160,2
-56243146,22457798760243433,1582777392533251675563681702334336,3695520692807165274,198057,25825160,142
-68924946625,27531888112261390336,1583367346443771127846783373354901,3695585534479893220,198064,25825161,2
-10406378205,4158583720477909282,1583456456059903480938952157728590,3695585534479893220,198065,25825161,278
82306508851,-32845576417263769060,1582752288573517258684800015471815,3695520692807165274,198056,25825162,6
-2943435929,1175291057219037664,1582777473006387197005022327273195,3695520692807165274,198057,25825162,486
27988354103,-11162848752830090962,1582538153011012048761873875727673,3695520692807165274,198054,25825163,9
88830596155,-35406764235025468633,1581779182831671198882478365505458,3696489541936486838,198044,25825164,2
152876,-60905015138260,1581779181526272554421572769318349,3696489541936486838,198044,25825164,414
13515967863,-5384319288276341347,1581663777514233400182591150529653,3696489541936486838,198043,25825165,45
18750620000,-7468332519241437005,1581503706112479873348180326112767,3696489541936486838,198040,25825165,322
-2508393433,1000000000000000000,1581525128748073621722093534355524,3696489541936486838,198041,25825165,355
72526593763,-28873740508659553257,1580905915534587802023825568027230,3693980656815370851,198033,25825166,2
30000000,-11938695194289546,1580905659474534721806794807238334,3693980656815370851,198033,25825166,129
25813999384,-10271415819991138062,1580685359078446719916511902235086,3693980656815370851,198030,25825167,1404
2499596909,-994440060084012392,1580664030418117741691820192272389,3693980656815370851,198030,25825170,88
-2071560062,824972675162829416,1580681715510356248348720537225915,3693980656815370851,198030,25825170,428
31275057305,-12440484169292821256,1580414869252268192719637743247384,3693578645224229787,198027,25825171,8
10102519568,-4017647803722695657,1580328689727289079975030341582349,3693578645224229787,198026,25825171,144
-92367070,36768022021757683,1580329478015984765531755397308906,3693578645224229787,198026,25825171,159
1000007619,-397667297429839836,1580320947955495024166073848780554,3693578645224229787,198026,25825172,509
6839846969,-2719847641010642468,1580262606560437779407688323637399,3693578645224229787,198025,25825173,572
-2061810,820663939558330,1580262624155077657717902172647021,3693578645224229787,198025,25825173,740
-921000000,366588098393992343,1580270483627468254221813477897373,3693578645224229787,198025,25825173,883
76706662,-30501372938172855,1580269829365581837278237268501931,3693578645224229787,198025,25825174,15
-296456366,118000000000000000,1580272359228788398994632554217142,3693578645224229787,198025,25825174,83
6472013930,-2573426633865903195,1580217158600035011131516772372786,3693578645224229787,198024,25825174,113
41088080,-16337022929409519,1580216808166909856450342493281139,3693578645224229787,198024,25825176,765
-75365165,29995922229315330,1580217451265045405870223791837791,3693578645224229787,198024,25825176,937
15074904014,-5993445488735558946,1580088890397980641330010499064547,3693578645224229787,198023,25825178,14
-34575381,13759040000000000,1580089185385176010914064324420199,3693578645224229787,198023,25825178,183
-170360073,67793718042103352,1580090638849861695121447168549349,3693578645224229787,198023,25825179,572
54236852641,-21555346439523211655,1579628261558103783971131438984070,3693410094635314517,198017,25825180,10
8143835297,-3235514278448146591,1579558855820722372568775664563609,3693410094635314517,198016,25825181,37
985633118,-391568939174992043,1579550456188200233815829600717468,3693410094635314517,198016,25825182,852
-39358711,15651861654241412,1579550791771894682998519331697668,3693410094635314517,198016,25825182,891
-753969675,299833995286290003,1579557220361801901206675269597558,3693410094635314517,198016,25825183,420
-50031331260,19901605939616100352,1579983914311321291930757445424529,3693578645224229787,198021,25825184,2
136008101,-54062162918808895,1579982754664745161155252008521959,3693578645224229787,198021,25825186,11
-259734262,103345740000000000,1579984970347670422964036253731704,3693578645224229787,198021,25825186,373
105570,-41963256035176,1579984969447548349461836243766082,3693578645224229787,198021,25825186,508
-8825765253,3511858527274913792,1580060262004114475058121275672091,3693578645224229787,198022,25825187,11
-32255307840,12837550649591687168,1580335492911324428201883301309971,3693578645224229787,198026,25825188,2
9711338644,-3861700188073478416,1580252658500724386203100396243719,3693578645224229787,198025,25825188,444
-72997715504,29066422966460579840,1580875802334303802454643363272553,3693980656815370851,198033,25825189,27
969642244,-385858781904595525,1580867526470101890544233943263055,3693980656815370851,198032,25825189,222
75933517,-30216762002039045,1580866878383727606085569179631706,3693980656815370851,198032,25825190,97
-233220397,92900000000000000,1580868869898257021246233553968588,3693980656815370851,198032,25825190,104
14591813,-5806635225188854,1580868745358070695817879522173133,3693980656815370851,198032,25825191,541
-566716344,225744266104883315,1580873584679770158008390658331870,3693980656815370851,198033,25825191,947
2748112893,-1093568627102787388,1580850129599854257802799991585107,3693930407368440583,198032,25825193,268
-22564966364,8989324560000000000,1581042838039049436061255891486389,3693930407368440583,198035,25825194,541
1483537652,-590481097515597825,1581030173281678196083292792250627,3693930407368440583,198035,25825195,49
-606495545,241639200000000000,1581035353521282169403862240974212,3693855681470069831,198035,25825196,239
1254948384,-499493353948977402,1581024640070613269686701201221624,3693855681470069831,198034,25825197,42
-28142640480,11214145498378950656,1581265047920976214817162956630200,3693855681470069831,198037,25825197,279
18802590,-7486013218165111,1581264887356210566833051593390071,3693855681470069831,198037,25825197,493
-10560942596,4209153394632808960,1581355122105816373959346111076468,3693884550119990904,198039,25825199,27
2515000000,-1001416033981090645,1581333643266613869202493204610277,3693884550119990904,198038,25825199,461
-13987390285,5575381220793665536,1581453087743915441282039788206318,3704206814935654643,198040,25825200,12
-9200616589,3667829393811542644,1581531498615690941262834159848518,3704206814935654643,198041,25825200,77
56128981447,-22347810753473736651,1581052470550820856026328117391659,3693884550119990904,198035,25825200,367
-3574087325,1424046416745521957,1581082998892222224405655811259529,3693884550119990904,198035,25825200,377
-35781177014,14259554395003489992,1581388691557631909255528190121099,3693884550119990904,198039,25825200,795
-77581155041,30936642451826368512,1582050155781828504436504127750309,3704206814935654643,198047,25825201,6
-9843445308,3927070590822882304,1582134108712973526914987181637113,3704206814935654643,198048,25825202,79
-10025173512,4000000000000000000,1582219621768939128690560272579751,3703237965806333079,198050,25825202,208
-312560521,124717220000000000,1582222288671716533545495822172221,3703237965806333079,198050,25825203,729
39374122863,-15691966898951656541,1581886656186674427165027446410066,3704206814935654643,198045,25825205,5
-11254591892,4489157654032177796,1581982625417354628073255546829985,3704206814935654643,198047,25825207,119
-52640224294,21004020935897726976,1582431705973818670550234154386871,3703237965806333079,198052,25825208,2
-31905227759,12736337949600851968,1582704054692397848048214833438153,3703237965806333079,198056,25825209,6
-42568830466,17000000000000000000,1583067574780057489470713985071439,3703302807479061025,198060,25825210,119
-469713090,187625000000000000,1583071586807205184976748826945991,3703302807479061025,198060,25825210,830
5794625,-2312331045039784,1583071537337380720932670010891609,3703302807479061025,198060,25825212,84
60201988116,-24015661935976843794,1582557709449723841095538103706697,3703015391169751971,198054,25825214,454
-26745661479,10678079496788248576,1582786058923349929693429871494137,3703015391169751971,198057,25825215,5
-2484329,992000000000000,1582786080137153208196212325205275,3703015391169751971,198057,25825215,122
497715,-198540302561693,1582786075889268256246260334272571,3703015391169751971,198057,25825217,86
-3840982949,1533747454355177472,1582818874898114622335508979450358,3703015391169751971,198057,25825217,117
-7237562039,2890212219456840098,1582880681746357245639764759942572,3703015391169751971,198058,25825217,186
-4608312637,1840378387720028043,1582920038021634564990355094679947,3703015391169751971,198058,25825217,515
-96625048527,38609322404895105024,1583745680902183838384098497637942,3703080232842479917,198069,25825218,2
-5311031,2123282791877561,1583745726307541440507442962676770,3703080232842479917,198069,25825218,135
51384026767,-20516453565550260205,1583306772567654455437385343538547,3703080232842479917,198063,25825220,2
80622961127,-32167972676918097038,1582618525381405291457274728136021,3703015391169751971,198055,25825221,2
3980000000,-1587266585679654664,1582584564891988053628917542793240,3703015391169751971,198054,25825221,649
-3138623431,1252963590000000000,1582611359370932999814530638475872,3703015391169751971,198055,25825223,441
-4785023051,1910301143762731008,1582652210936120985135294351736724,3703015391169751971,198055,25825224,77
1999668357,-797531600850516490,1582635147284850962766030489793906,3703015391169751971,198055,25825224,190
941501739,-375495006121737792,1582627113351360097632310030458505,3703015391169751971,198055,25825224,399
15989919205,-6376607175499346254,1582490682141596614682110663633740,3703015391169751971,198053,25825225,8
14877539,-5932489932124614,1582490555212532917722851322759964,3703015391169751971,198053,25825225,82
11879808997,-4736827049886244207,1582389208049838084953214942906634,3703015391169751971,198052,25825227,231
4500000000,-1794123083846893777,1582350821745639464718014696831918,3703015391169751971,198051,25825227,1159
12473602687,-4972695765569304037,1582244428034938720186770748133302,3703015391169751971,198050,25825230,166
-69014022,27538652734289823,1582245016797461361165551897012407,3703948284695546046,198050,25825231,954
6674979548,-2660758273882041596,1582188102936260452898820975493120,3703984240299073535,198049,25825233,71
-100250181,39999970000000000,1582188958107167283775682546226585,3703984240299073535,198049,25825233,549
450597013,-179608788316546106,1582185116278113339305512835451884,3703984240299073535,198049,25825235,60
-490056957,195533120000000000,1582189296637137255340076829715260,3703984240299073535,198049,25825238,42
18799309326,-7492701219883450231,1582029027880196804507587491857510,3703984240299073535,198047,25825238,57
11719604623,-4670227782325624356,1581929131784071176656223587008512,3703984240299073535,198046,25825240,42
7359842019,-2932573794856063306,1581866404078408700923411656509161,3703984240299073535,198045,25825240,77
-10050739,4008627386193072,1581866489780010902070477967109507,3703984240299073535,198045,25825240,461
30639800318,-12206116959644489665,1581605401137239369371094139486535,3703984240299073535,198042,25825243,9
12792674916,-5095083979531562906,1581496417373981900117261509913518,3703984240299073535,198040,25825244,31
-17770669989,7085000000000000000,1581647889634458514538828042253514,3703984240299073535,198042,25825244,175
10215388070,-4068873747488181205,1581560856491334237080676579934208,3703984240299073535,198041,25825244,802
38196048793,-15209833316316276205,1581234989506291871753788797616393,3693661975483409796,198037,25825245,2
5519431588,-2197343088183121140,1581187857024639328685936057097747,3693661975483409796,198037,25825246,93
16403700888,-6529710729595011888,1581047796297293594123506873240290,3693661975483409796,198035,25825247,9
3354420221,-1335129002439147388,1581019158100759946127279690404523,3693661975483409796,198034,25825247,284
892640000,-355281134348691457,1581011537405732284211932551970924,3693661975483409796,198034,25825247,869
3818957,-1519981875884328,1581011504802485998920978958332099,3693661975483409796,198034,25825248,39
1037244582,-412831125599893296,1581002649673963932587941694194578,3693661975483409796,198034,25825248,214
18971653906,-7550044851381614205,1580840703024691306423584388083744,3693661975483409796,198032,25825249,6
22249785578,-8852654403782845778,1580650815713280323347752598860827,3693661975483409796,198030,25825249,564
23773110,-9457610987555320,1580650612849795442423098818917711,3693661975483409796,198030,25825250,100
204242840402,-81164024930239891621,1578909152429951006990385520032485,3685948643434703635,198008,25825252,2
628796170,-249601003343090444,1578903787344658293218880966767974,3685948643434703635,198008,25825252,326
-46139644078,18337996261837821952,1579297288589276572903382829656838,3693091413303353462,198013,25825253,2
5473391,-2173741129664630,1579297241955847769969107510492879,3693091413303353462,198013,25825253,99
65387094,-25968284772775735,1579296684856318962509857957470053,3693091413303353462,198013,25825254,137
-2785650166,1107435870540676112,1579320430880789101015181481402730,3693091413303353462,198013,25825254,234
20000000000,-7942318097207338230,1579150043744776489629392689213770,3693091413303353462,198011,25825256,112
75348,-29918531512909,1579150043102932026111844079049275,3693091413303353462,198011,25825256,1080
-44974116971,17880221706526690000,1579533437025297383945515675600519,3693091413303353462,198016,25825257,2
85000000,-33767585274437872,1579532712606799590945374861156201,3693091413303353462,198016,25825257,15
-2514657378,1000000000000000000,1579554154954028731302199107830713,3693091413303353462,198016,25825257,164
-301215847,119785871908513620,1579556723444287338980920918203589,3693091413303353462,198016,25825257,392
-3350890774,1332590200000000000,1579585297306069888574849412444426,3693091413303353462,198016,25825257,544
-158023728446,62898044291428302848,1580933896667158178517981773436103,3693661975483409796,198033,25825258,2
-12062253154,4805540000000000000,1581036922807493326430501504842082,3693661975483409796,198035,25825258,679
-1039189019,414036898104893253,1581045799359050088848260202848285,3693661975483409796,198035,25825259,456
4553352685,-1812312743775549943,1581006925685838091786511014975981,3693661975483409796,198034,25825259,462
-1254993512,500000000000000000,1581017645203346545353906118482140,3693661975483409796,198034,25825259,529
55350263706,-22023532242976536939,1580545236030956004260072101146458,3693259963892268732,198028,25825261,5
29851442600,-11872244396485088082,1580290551519806000042606797052927,3693259963892268732,198025,25825262,62
70177037289,-27895108913361996212,1579692136060841524459289871853385,3693091413303353462,198018,25825263,2
5486371158,-2179921580074183472,1579645370042380046783994293072804,3693091413303353462,198017,25825263,150
1616850,-642410160826411,1579645356260707478532063419496620,3693091413303353462,198017,25825263,265
-208904796,83085670000000000,1579647137812493384302134201103817,3693091413303353462,198017,25825265,87
2539848901,-1009126774901855318,1579625488941352145540795719488024,3693091413303353462,198017,25825267,262
63510126925,-25224703586905962518,1579084341514576177671473549788118,3693091413303353462,198010,25825269,36
-10004129531,3976229496295371264,1579169601208098492882198387656975,3693091413303353462,198011,25825269,313
-5001916996,1988217030589912064,1579212233248035292151186811905595,3693091413303353462,198011,25825269,329
-5001646942,1988217030589912064,1579254865287972091420175236154215,3693091413303353462,198012,25825269,332
-67526586131,26853171763411406848,1579830660321126906069286746505430,3693091413303353462,198019,25825270,5
-151252761138,60219510164776042496,1581121796593907862994400542058100,3693661975483409796,198036,25825271,2
-25311085002,10086926197227036672,1581338050557863171357378978688757,3693661975483409796,198038,25825272,2
-114083393349,45498502033517641728,1582311018782083623564404185772380,3703948284695546046,198051,25825274,2
67493589492,-26897500261523669566,1581735680764196965165313642863002,3703984240299073535,198043,25825275,2
49273807772,-19624214794016663656,1581315614918245305867708314730290,3693661975483409796,198038,25825275,809
-53481735903,21321903407203147776,1581771766258372618818986334284596,3703984240299073535,198044,25825276,6
-4267048105,1701700790113592536,1581808147410854389694872953028608,3703984240299073535,198044,25825276,363
-116269536529,46398491098766565376,1582800119821182228525961540175309,3703948284695546046,198057,25825277,2
-20467993914,8173976966739643126,1582974875331024384046953219731257,3703948284695546046,198059,25825277,453
39960838668,-15940895333758815826,1582633896529742407224495620267872,3703948284695546046,198055,25825278,2
2962500,-1181524684276401,1582633871256703340438481556443580,3703948284695546046,198055,25825279,193
-1134137813,452780206487325267,1582643551469426363308437800260559,3703948284695546046,198055,25825279,382
31525994761,-12571435117598061789,1582374646066872542728644890460160,3703948284695546046,198052,25825280,2
22096089858,-8808581444708184220,1582186229109927776512079134762074,3703984240299073535,198049,25825281,258
-9695600868,3868750000000000000,1582268940750443304532717118917963,3703948284695546046,198050,25825283,205
-17002414753,6785300121860419893,1582414007048899088604733178940749,3703948284695546046,198052,25825284,98
16556543112,-6600772737819849656,1582272815257061016817418825393769,3703948284695546046,198050,25825285,22
799223,-318606127956412,1582272808442014978493472303952305,3703948284695546046,198050,25825285,57
-6264761976,2500000000000000000,1582326257182619841094564300223638,3703948284695546046,198051,25825286,162
9067530529,-3614793598840627825,1582248936055894658312508618496209,3703948284695546046,198050,25825286,168
-1837681566,733300904931195830,1582264613659835849711125421123862,3703948284695546046,198050,25825286,224
204782,-81634239163624,1582264611913663854300659253732725,3703948284695546046,198050,25825286,408
23871609382,-9514975921192692802,1582061086258515451165366205056635,3703984240299073535,198048,25825287,77
-97985750384,39110820833744934195,1582897254405171189639247631232745,3703948284695546046,198058,25825288,45
137175747142,-54687157825456073127,1581727490374292410084841004206867,3703984240299073535,198043,25825288,76
8092028253,-3223483226655530435,1581658540120626414909396833630348,3703984240299073535,198042,25825288,375
19352673421,-7708054667033783171,1581493664956962306969779832337800,3703984240299073535,198040,25825289,14
-14399635439,5740875750000000000,1581616400797042459288039759299306,3703984240299073535,198042,25825289,83
9152955137,-3645573608513994672,1581538422036989814338696272412672,3703984240299073535,198041,25825289,158
57209373353,-22778036426726051627,1581050156217313226860306781016641,3693661975483409796,198035,25825290,2
2672534,-1063746243419767,1581050133400211714324213805378396,3693661975483409796,198035,25825290,114
41305598,-16440829607165036,1581049780748364135520016908682321,3693661975483409796,198035,25825291,543
10782025511,-4291309020773263923,1580957733200225338649219220635648,3693661975483409796,198034,25825293,44
-24596301676,9800000000000000000,1581167835743391028570163249356373,3693661975483409796,198036,25825297,45
-60354741,24050577488957626,1581168351364563991171156225235659,3693661975483409796,198036,25825297,690
20369937485,-8108150119133163295,1580994433491300923993050683801600,3693661975483409796,198034,25825298,24
77222318276,-30721759701518614144,1580335426593110866681657033865796,3693259963892268732,198026,25825299,2
396893242,-157831962248180014,1580332040766909299897148352609112,3693259963892268732,198026,25825299,124
42359655,-16845062822312333,1580331679405026330078726803494745,3693259963892268732,198026,25825299,432
15860246435,-6306564960124402455,1580196390376240790732861359593595,3693259963892268732,198024,25825300,683
18365165804,-7301255837448676155,1580039763144553051751853109759771,3693259963892268732,198022,25825301,18
14143240110,-5621800487589107741,1579919163748082710936353390482540,3693259963892268732,198020,25825301,372
-19839694253,7894220777116424192,1580088426646026867310115486238394,3693259963892268732,198023,25825306,14
823100,-327219199134048,1580088419626489618310752681150334,3693259963892268732,198023,25825307,32
-22499383132,8954558827144288000,1580280417623465769387464370432097,3693259963892268732,198025,25825307,36
-16762364952,6672690175898599662,1580423489233463058739955966672896,3693259963892268732,198027,25825308,2690
-3565274654,1419405031935368521,1580453923220026791127457967082019,3693259963892268732,198027,25825309,529
-38607579,15370726033159213,1580454252789430198230255079355215,3693259963892268732,198027,25825310,500
-17965450107,7153229179980465152,1580607627813368211700273664859815,3693259963892268732,198029,25825311,60
-4864742586,1937213372500000000,1580649162701784017130446896414491,3693661975483409796,198030,25825312,117
-60938899353,24275410501430702080,1581169604077573985139829293121922,3693661975483409796,198036,25825314,2
-15279312999,6089121368561248256,1581300148963816767236546856707061,3693661975483409796,198038,25825315,22
4879177,-1942668864436435,1581300107294036065977957727555889,3693661975483409796,198038,25825315,129
-10412340597,4150108359161051880,1581389081612472078781270877129303,3693661975483409796,198039,25825315,231
-27065913852,10790003834122803200,1581619863693998016328245563775237,3703984240299073535,198042,25825317,4
-78302235282,31233433771799244354,1582287612990455012476313131733970,3703948284695546046,198050,25825318,39
31496799538,-12554146785502963129,1582019079296788511615149155841574,3703984240299073535,198047,25825318,49
636213,-253541462934410,1582019073873540752912529683758583,3703984240299073535,198047,25825318,210
7615407424,-3034746256597760671,1581954160700587331028459543399926,3703984240299073535,198046,25825319,29
145169756,-57847850733972670,1581952923336003219831140113023304,3703984240299073535,198046,25825319,165
101487601846,-40419060776874720441,1581087420140192759158975881416518,3693661975483409796,198035,25825321,51
-2941419948,1172016526667932206,1581112547043548386832281341790795,3693661975483409796,198036,25825321,62
-66427338936,26478066425690473822,1581679499391096563490193324785971,3703984240299073535,198043,25825321,78
-22816231115,9098971882075762688,1581874028937884308089473677801208,3703984240299073535,198045,25825322,12
285897960176,-113738834243417695749,1579435464596378983017981912729028,3693091413303353462,198014,25825322,1525
-266036940631,105932156190719819776,1581705911278061735296522968414771,3703984240299073535,198043,25825323,2
58820729,-23431784619657361,1581705410072570727171798913423299,3703984240299073535,198043,25825324,34
-126492234,50439804690859991,1581706488439717448908216179590275,3703984240299073535,198043,25825324,53
-87594583,34929090891331362,1581707235198835826196037448613226,3703984240299073535,198043,25825324,60
-35437721,14131104417808647,1581707537311796898397599100005279,3703984240299073535,198043,25825324,73
-526044115,209765374014841598,1581712021946288324019724912477670,3703984240299073535,198043,25825324,92
-8620189071,3437556422746178827,1581785514457490761292728503759732,3703984240299073535,198044,25825324,131
-255768084,102000000000000000,1581787695144938695614676250590879,3703984240299073535,198044,25825324,216
-457044398,182269448657247368,1581791591936103683542975918511854,3703984240299073535,198044,25825324,373
-338671421,135062847874843969,1581794479483721751533694965548617,3703984240299073535,198044,25825324,421
-547833185,218478026255813023,1581799150388520825226675363961382,3703984240299073535,198044,25825324,583
-6971525,2780280000000000,1581799209828929626627034431427653,3703984240299073535,198044,25825324,704
-300724749,119930768901013999,1581801773863462602638434273095764,3703984240299073535,198044,25825324,822
-20561351,8200000000000000,1581801949173629985593728111566503,3703984240299073535,198044,25825325,623
-7671347969,3059510076223086899,1581867359322846145066126211549415,3703984240299073535,198045,25825326,526
-174255395,69500000000000000,1581868845183411159138433744929461,3703984240299073535,198045,25825326,741
-4798484862,1913878405016875019,1581909762542378736195052931100632,3703984240299073535,198046,25825326,879
-19209574647,7662741387522131968,1582073586502776151323244401993097,3703984240299073535,198048,25825329,20
15383087473,-6130339165676264850,1581942458647964722133611686914678,3703984240299073535,198046,25825330,165
18000000000,-7171919128201209348,1581789051414735671899020901835211,3703984240299073535,198044,25825330,174
-12786758288,5099710863155625104,1581898079605592316783894422618112,3703984240299073535,198045,25825330,182
-5575590280,2223918855962528768,1581945625408870963291566420796042,3703984240299073535,198046,25825330,198
-5691346240,2270227967040909024,1581994161268005037447034594247645,3703984240299073535,198047,25825330,275
-7821031369,3119967898175175000,1582060863962451200513818593779898,3703984240299073535,198048,25825330,559
-26061317616,10398286994860642304,1582283172597643881894693211259651,3703948284695546046,198050,25825331,71
-3402633320,1357843042588119133,1582312202597870045807181243582689,3703948284695546046,198051,25825331,493
-12657573374,5051524732284144903,1582420201651900007109591880957952,3703948284695546046,198052,25825332,199
-7516182799,2999967898175175000,1582484339454304999025226076008235,3703948284695546046,198053,25825332,428
-22545134505,9000000000000000000,1582676754920482504389157262585034,3703948284695546046,198055,25825333,151
36274504674,-14465207123921930653,1582367341372363599393415702122319,3703948284695546046,198051,25825334,104
4547332502,-1812943711835066931,1582328562159483123449646584551449,3703948284695546046,198051,25825334,611
-786611421,313916005173932791,1582335273525536025945608672935725,3703948284695546046,198051,25825335,394
-38668889,15431809064028440,1582335603449839916755036864141141,3703948284695546046,198051,25825337,754
26551251,-10585362888244682,1582335377026902359124525105810064,3703948284695546046,198051,25825338,65
-11507504730,4592648633310764544,1582433565541098800641133303908046,3703948284695546046,198052,25825339,56
-2018739,805729418965928,1582433582767187885447751198978774,3703948284695546046,198052,25825339,709
-6369308536,2542238080000000000,1582487934536665375022816767980454,3703948284695546046,198053,25825340,60
-15030630504,6000000000000000000,1582616211514117045265437559031653,3703948284695546046,198055,25825342,423
-8113602315,3239231411042040832,1582685464649896208907953362291829,3703948284695546046,198055,25825343,37
-136446165674,54516542453042806784,1583850985072586822059767148764407,3704084887166804625,198070,25825345,5
-986835650,394578861870596543,1583859420658774961570292294133759,3704084887166804625,198070,25825345,1113
-25006337321,10000000000000000000,1584073207736677426331189148105505,3704084887166804625,198073,25825347,140
15962748,-6377959120189006,1584073071315942730324905193107003,3704084887166804625,198073,25825347,183
5562489255,-2222440820643797450,1584025534634716457864789228368674,3704084887166804625,198072,25825347,356
5103517576,-2038945628367092039,1583981922806013045611759346331772,3704084887166804625,198072,25825347,450
38087797735,-15213204640077856315,1583656518696667336724397074813570,3704013126368273992,198068,25825348,2
-17509630521,7000000000000000000,1583806172403312708608959568404074,3704084887166804625,198070,25825348,584
114454,-45714685217313,1583806171425502906723978555226257,3704084887166804625,198070,25825348,649
-532736,212997649335665,1583806175979117411880543460552125,3704084887166804625,198070,25825348,671
133925,-53492048330428,1583806174834954460046652023808014,3704084887166804625,198070,25825348,732
-4117457697,1646269356600000000,1583841369946473248520599607470717,3704084887166804625,198070,25825349,549
23308922138,-9309247652845639014,1583642247672941346605601700259542,3704013126368273992,198068,25825351,27
958896,-382920876082449,1583642239482333925591735160972382,3704013126368273992,198068,25825351,915
-50889542276,20347919661782872064,1584077254739673479893455882786345,3704084887166804625,198073,25825352,2
6756849945,-2699633384338575545,1584019511194636392785807452678949,3704084887166804625,198072,25825352,288
1000000000,-399523510861935238,1584010965625457752788314744450504,3704084887166804625,198072,25825352,320
4079521278,-1629820000486633204,1583976104749478660141261379311302,3704084887166804625,198072,25825352,418
52079990201,-20800308386158125015,1583531193401366520922253251785508,3704013126368273992,198066,25825353,63
-24437708652,9768525965392742400,1583740035909516066930516754570673,3704013126368273992,198069,25825355,10
6679523029,-2667603179160776007,1583682976365990814147288330623331,3704013126368273992,198068,25825355,291
-152810527432,61137285870071267328,1584990809407535491528265579074601,3696729675901616799,198085,25825356,8
-8424269235,3373366816222424906,1585063071121246969886839387980313,3696729675901616799,198085,25825356,639
4348258560,-1739489744044763437,1585025790446646530861949986947696,3696729675901616799,198085,25825357,42
923355207,-369371115198650093,1585017874099683482720677326731467,3696729675901616799,198085,25825357,924
42388415588,-16952727413984455912,1584654543923995805454294977319561,3696729675901616799,198080,25825358,2
609022,-243514856691178,1584654538704995139450505068524355,3696729675901616799,198080,25825358,277
-138247959342,55374714086912057344,1585846088742092620843968220172422,3653975787357388235,198095,25825359,5
14567907,-5833683000306207,1585845962251931847439998344861743,3653975787357388235,198095,25825359,672
-346867095,139041346526434717,1585848975540208604759387863009878,3653975787357388235,198095,25825359,972
-188684531146,75712078754693791744,1587480942291291615425332805754591,3679095810936096629,198116,25825360,5
-127286082194,51163134992988110848,1588582282429003306381577137702695,3655282731695277503,198130,25825361,5
16843633193,-6767665889590154501,1588436386785517060351636196622100,3679352393910428710,198128,25825361,388
9980664866,-4009582476954179859,1588350047718722523300122729095101,3679352393910428710,198127,25825361,430
29936481666,-12023918684114555906,1588091134496618547077773676673634,3679352393910428710,198124,25825361,452
1685773706,-676970529027216766,1588076557167417923207527598224810,3679352393910428710,198123,25825361,550
842865611,-338472073800509112,1588069268786855629168640305201893,3679352393910428710,198123,25825361,596
-5446661090,2189475838118455013,1588116391594047650246108477982693,3679352393910428710,198124,25825361,708
-4410668741,1773117712535472568,1588154553368953725311257063980674,3679352393910428710,198124,25825361,779
-18351936816,7378513760722170288,1588313356802751369307349776859136,3679352393910428710,198126,25825361,982
9998000000,-4015924077961014952,1588226881181112017251545949322746,3679352393910428710,198125,25825362,175
78512198758,-31521016457886186377,1587548118443120505995567088731641,3679095810936096629,198117,25825362,301
20292286802,-8142550238309806338,1587372771203822264075682676779795,3679095810936096629,198115,25825362,369
777297599,-311865240564145262,1587366055284685687011556922790271,3679095810936096629,198115,25825362,740
128962264619,-51705375761686205668,1586252493467294181650740351034309,3678567403795900002,198100,25825363,2
6567273926,-2631103199494456705,1586195825354684299556644478428265,3678567403795900002,198100,25825364,102
1008697746,-404106562613369346,1586187121797864115989443509424742,3678567403795900002,198100,25825365,561
45227176530,-18114420038549801642,1585794427036995808782327428313867,3653975787357388235,198095,25825366,2
108774401519,-43529782474501317115,1584856741190519141863146759908745,3696729675901616799,198083,25825367,2
-25091033483,10046518218919235584,1585071950108755214723247675570787,3696729675901616799,198086,25825368,2
-1271925,509351612020770,1585071961019700383604036898849040,3696729675901616799,198086,25825368,209
-87400081,35000000000000000,1585072710763240795243905829563147,3696729675901616799,198086,25825369,557
-18414480668,7374951530701184000,1585230691399554856628357817127832,3696729675901616799,198088,25825371,58
48872446165,-19550498916302160198,1584811685888961779801135148269401,3696729675901616799,198082,25825373,2
-2277318174,911680000000000000,1584831215208702422196441055510483,3696729675901616799,198083,25825373,111
7069504316,-2827235746429369518,1584770622005297682660540569412140,3696729675901616799,198082,25825374,76
-26693914527,10687247235203778560,1584999556136137002392241707616263,3696729675901616799,198085,25825375,20
-3500000000,1401498361216002027,1585029577974514693725533187977068,3696729675901616799,198085,25825375,261
-16190319947,6483750000000000000,1585168467965375950011252602765558,3696729675901616799,198087,25825375,365
-26649788525,10674936461139495236,1585397302802412052267054687927340,3653975787357388235,198090,25825376,14
-83418922,33419430000000000,1585398027064504952569910506745420,3653975787357388235,198090,25825376,104
5000000000,-2001052280392289546,1585354967797470047344789543985783,3696729675901616799,198089,25825376,300
-196381838,78670670861155698,1585356653021107133107819212571284,3696729675901616799,198089,25825377,86
78952772722,-31583445579914209756,1584679757879036576746259499655719,3696729675901616799,198081,25825378,2
28974068597,-11583722574515653562,1584431811998090773082556347981691,3704084887166804625,198077,25825379,8
-1249582,500000000000000,1584431822687444668205794392824389,3704084887166804625,198077,25825379,825
-723907359,289660873431065085,1584438015262616018515418039246881,3704084887166804625,198078,25825380,270
-2986117764,1194875000000000000,1584463560146086889273535702085830,3704084887166804625,198078,25825380,905
-4626044,1851110634530706,1584463599720440232323223730316340,3704084887166804625,198078,25825380,1160
-13744487394,5500261574799180943,1584581188205417784923485280141312,3704084887166804625,198079,25825383,97
-2418505738,967920800000000000,1584601903482130671283491515787481,3696729675901616799,198080,25825383,281
-69433921,27788828277092199,1584602498753401995803352626730786,3696729675901616799,198080,25825384,812
-68958934,27598749949873404,1584603089952959091622039920795296,3696729675901616799,198080,25825384,832
-98205252778,39324623674824785920,1585446202268994717832329180283426,3653975787357388235,198090,25825386,2
-80189514802,32141741723750514688,1586142774446626249420941424796287,3653975787357388235,198099,25825387,5
-9402316114,3770507050637942272,1586224163871843311167507280469398,3678567403795900002,198100,25825388,1114
-2502964732,1003801414869347711,1586245772712523103388251722367498,3678567403795900002,198100,25825389,357
127252971,-50983801513244899,1586244674634801945371745895209849,3678567403795900002,198100,25825390,114
-40318855969,16173421385960540160,1586592839999782880571507995517932,3678567403795900002,198105,25825390,118
-9005292331,3613334110596508229,1586670624270617865759527555664137,3678567403795900002,198106,25825390,183
543746684,-217967894687919188,1586665929726821983020762477120594,3678567403795900002,198106,25825391,683
9294516542,-3725627788901159826,1586585687988252198820500242000504,3678567403795900002,198105,25825393,17
4443509879,-1781009949491585324,1586547328994049120161267248762453,3678567403795900002,198104,25825394,71
-6987238516,2803407213643158528,1586607677962423586913726831365004,3678567403795900002,198105,25825395,50
2763037236,-1107497979585050187,1586583824918485819185359310081770,3678567403795900002,198105,25825395,281
-118288495168,47490453951108235264,1587606060797096122354812020429502,3679095810936096629,198118,25825396,2
-10277383179,4129052361300521353,1587694934172430176249558606020608,3679095810936096629,198119,25825396,335
-16076480,6459266162229252,1587695073201131143738462100047275,3679095810936096629,198119,25825397,114
800000000,-321104151645712104,1587688158324971906540769216765077,3679095810936096629,198119,25825398,784
-8031143611,3226895011289486204,1587757613741471296326945047168541,3679095810936096629,198119,25825398,838
-1528301501,614100000000000000,1587770831019906624861357523565926,3679352393910428710,198120,25825401,104
319696,-128332384725021,1587770828256502105722335102930979,3679352393910428710,198120,25825402,705
170737,-68537034097059,1587770826780681718233860152325287,3679352393910428710,198120,25825402,724
49538003286,-19880195440783435413,1587342713629147518824988288212816,3679095810936096629,198114,25825403,2
54003555164,-21660064739163086337,1586876257651961708724651957033433,3678567403795900002,198108,25825404,17
-37077764171,14884881297155594240,1587196651929936754634953057704696,3679095810936096629,198112,25825407,12
-44579998121,17904615246788833280,1587582029360834360497598471861169,3679095810936096629,198117,25825408,2
4201761,-1686270734840311,1587581993047528404765123488602401,3679095810936096629,198117,25825408,106
-148124853970,59553724049302986752,1588865766377548529615913836465246,3655282731695277503,198133,25825409,2
-18477086895,7435496589589791744,1589026849999535578941251994272902,3655282731695277503,198135,25825410,101
56772301788,-22818516707954690619,1588532420192671412369814625704594,3679352393910428710,198129,25825411,7
-14633706751,5886258489501392632,1588659779930522087390779701451288,3655282731695277503,198131,25825411,597
-8700164840,3500000000000000000,1588735604412473168006794955245183,3655282731695277503,198132,25825412,139
7371154004,-2962407645568630557,1588671394300259014687181303185408,3655282731695277503,198131,25825412,159
542621,-218065934204726,1588671389573685301472904758713200,3655282731695277503,198131,25825412,623
1641594208,-659710933246913455,1588657090355575986490167171554338,3655282731695277503,198131,25825412,1359
-1652848097,664898334186230220,1588671494804644502884731701323136,3655282731695277503,198131,25825414,1079
9875683,-3968797567466274,1588671408781055702244635927736217,3655282731695277503,198131,25825414,1312
-98611141655,39690554811518754816,1589531149541180732769533392651050,3657739658838807780,198142,25825416,2
-4966175297,2000000000000000000,1589574448712701401649491825950079,3657739658838807780,198142,25825417,18
236320441,-95079327414091776,1589572389254919624463633589820386,3657739658838807780,198142,25825417,34
82283126,-33105094819971072,1589571672184795153260881006837837,3657739658838807780,198142,25825417,50
51107851499,-20556529415503311913,1589126258042092888738649543728520,3655282731695277503,198137,25825418,2
2673163376,-1074878989171535032,1589102960066672597783173378762517,3655282731695277503,198136,25825419,297
-135706906135,54662241909445378048,1590286540666809922001239750405296,3657768525086088538,198151,25825420,5
956077,-385005407226559,1590286532327498463822390788747173,3657768525086088538,198151,25825420,419
19760253350,-7956459098523885497,1590114193221753786998207562730220,3657739658838807780,198149,25825420,734
-10552564616,4253023961952250825,1590206268954219193296615668449280,3657768525086088538,198150,25825420,874
-28172777564,11356951379562888362,1590452140306712899026038332325888,3657768525086088538,198153,25825423,125
-94696355894,38199549533986832384,1591278838464508034339381021843477,3661017358422702265,198164,25825424,8
29363364797,-11837285056850472186,1591022667500976771581483539255860,3661017358422702265,198161,25825425,19
283310072,-114192532252729406,1591020196257708170281081600693438,3661017358422702265,198160,25825426,165
90902616080,-36621392667960131016,1590227037932280843494599307019733,3657768525086088538,198151,25825427,10
2319155,-933838099015725,1590227017705118801006337624290144,3657768525086088538,198151,25825427,262
3040032339,-1224088586954499793,1590200503646387650230195459137333,3657768525086088538,198150,25825427,523
125677960,-50604160852082538,1590199407547864085946660772628840,3657768525086088538,198150,25825427,564
65980929,-26567156309577506,1590198832096748685600174198016423,3657768525086088538,198150,25825427,587
175188847916,-70471871997863945241,1588671926108692580282208101942306,3655282731695277503,198131,25825428,2
2921723471,-1174151737757115283,1588646476398909861972067835488042,3655282731695277503,198131,25825428,228
42922094115,-17244763945346105319,1588274555557079577918260645986304,3679352393910428710,198126,25825429,1099
87220576345,-35017690976393032892,1587520496366151148582839676905849,3679095810936096629,198116,25825430,2
94500000000,-37902754141704529758,1586704234512727266005153916991420,3678567403795900002,198106,25825431,36
-82085199561,32954063111032168448,1587413573045215743354662476379896,3679095810936096629,198115,25825431,73
1865069,-748339381168740,1587413556939627459503899516580955,3681303226067884718,198115,25825432,179
611926,-245528934660935,1587413551655410120513078734709181,3681303226067884718,198115,25825432,271
-2630277023,1056442610309017397,1587436276802369151670904904148584,3681303226067884718,198115,25825434,184
110152,-44198239844860,1587436275851144785126837174088867,3681303226067884718,198115,25825439,206
34314717800,-13766248368270800406,1587140001815577747935062845166451,3681303226067884718,198112,25825440,2
499930347,-200522183432381455,1587135686223201603129251110618114,3681303226067884718,198112,25825444,78
-185605544,74520804137686710,1587137289240922592958773081427010,3681303226067884718,198112,25825445,342
60548,-24285509194948,1587137288718255441930777830297680,3681303226067884718,198112,25825445,478
86411,-34659130012453,1587137287972329606268836954692729,3681303226067884718,198112,25825445,587
212827,-85364666183262,1587137286135130867123546116337409,3681303226067884718,198112,25825445,605
101199,-40590754232592,1587137285261545977363873919879561,3681303226067884718,198112,25825445,766
3850134065,-1544256283897479402,1587104050132486807798198308025348,3681303226067884718,198111,25825449,286
1916067037,-768494218104903036,1587087510776431554937257541324865,3681303226067884718,198111,25825449,322
-18004302,7228299281723883,1587087666264445610888767748007869,3681303226067884718,198111,25825450,54
-21003706247,8433453258356677424,1587269078357064836238606969339904,3681303226067884718,198113,25825451,132
4639510,-1861216199523755,1587269038300397271921451253378885,3681303226067884718,198113,25825452,100
3143014442,-1260850724763657914,1587241902560689542406191779943095,3681303226067884718,198113,25825452,346
-46317596683,18603719133661708288,1587642087338519866836043926336610,3681303226067884718,198118,25825454,6
-39494429,15867159177030311,1587642428657130647671827434479010,3681303226067884718,198118,25825456,327
-14336006685,5760040200200740864,1587766332691839016000571537204230,3681559809042216799,198120,25825458,15
-72327779039,29074172476294463488,1588391703895498511625791378310974,3681559850878961151,198127,25825459,2
-221462836942,89166348212490928128,1590320510702143259396853654339159,3659975982054620979,198152,25825460,2
19831570,-7986380479926791,1590320337819519529942774581954818,3659975982054620979,198152,25825461,45
3803888382,-1531833510991952920,1590287177942255653584489890323348,3659975982054620979,198151,25825461,272
-79911868244,32226326780452409344,1590984400070431485206611483052829,3663224815391234706,198160,25825462,2
1436838592,-579108632229507687,1590971875119018479292673324953872,3663224815391234706,198160,25825462,317
124261187,-50082250534756925,1590970791940976068033534902039289,3663224815391234706,198160,25825463,155
-3033256379,1223767142112607112,1590997246321607237984833405382747,3663224815391234706,198160,25825463,634
1999861188,-806041829500441911,1590979813262955571381943351865490,3663224815391234706,198160,25825463,771
836678595,-337217136801403661,1590972519936593279004818702768505,3663224815391234706,198160,25825463,1226
690216255,-278184243451433528,1590966503372620334864960051157671,3663224815391234706,198160,25825463,1301
76335268829,-30753120618704486579,1590300807314027900342438053507950,3659975982054620979,198151,25825464,2
13783709105,-5550287457335296629,1590180659236874731399379723974825,3659975982054620979,198150,25825465,43
-13397102611,5400000000000000000,1590297495566849275258167171649530,3659975982054620979,198151,25825465,115
59240607458,-23848379712495271004,1589781242496882644912297723440365,3659947115807340221,198145,25825466,2
51583236646,-20753159009805565487,1589331978591314386226025359975694,3657490188663809944,198139,25825467,2
3111732473,-1251548598604983867,1589304867679008425733941814272403,3657490188663809944,198139,25825467,91
1249265719,-502446593966562716,1589293983734459537022700215413180,3657490188663809944,198139,25825467,164
-29801887495,12000000000000000000,1589553660550114619319340472948029,3659947115807340221,198142,25825467,236
-4487879588,1807425068912391687,1589592766953316576007392017173900,3659947115807340221,198143,25825467,619
54915480380,-22088157824120230137,1589114457836902635881119013142528,3657490188663809944,198137,25825467,697
69921154869,-28104520313051331821,1588505995492687333704483662481717,3681559850878961151,198129,25825468,2
2514000000,-1010091410337131551,1588484258052674414626728262679206,3681559850878961151,198129,25825469,301
82210803286,-33015969482083159552,1587773745470604626088245027309845,3681559850878961151,198120,25825470,2
25318015,-10163199244348346,1587773526755811437587583238779918,3681559850878961151,198120,25825470,230
-985507,396000000000000,1587773535273577398117619977306328,3681559850878961151,198120,25825471,437
-985507,396000000000000,1587773543791343358647656715832738,3681559850878961151,198120,25825471,441
1971014,-791207415896053,1587773526764346034636311599642057,3681559850878961151,198120,25825471,445
10097110457,-4052975629166492699,1587686300300538480790986785758117,3681303267904629070,198119,25825471,493
2197260044,-881920203971697094,1587667319816682649504244947561300,3681303267904629070,198118,25825471,616
-38030754000,15282763582849200128,1587996051229055259408357848589148,3681559850878961151,198122,25825472,2
38044828394,-15273135229490429495,1587667362579827870766741509434596,3681303267904629070,198118,25825474,2
653828,-262425553430473,1587667356931965447598420567797806,3681303267904629070,198118,25825474,305
-196916301112,79200000000000000000,1589376257217453438187145663346315,3659947115807340221,198140,25825476,6
227920841536,-91563004776458190762,1587400430923614951212249445039362,3681303267904629070,198115,25825476,16
-39828578676,16000000000000000000,1587744607070680740763501769620858,3681303267904629070,198119,25825477,15
70176579018,-28158616960500572632,1587138583790780385520021338277379,3681303267904629070,198112,25825477,28
207416507,-83194794801900564,1587136793291535084925177892135752,3681303267904629070,198112,25825477,438
12231065111,-4905550356519514668,1587031217164662642651200219551131,3681303267904629070,198110,25825478,408
32867548130,-13179054258748962692,1586747548776128498439860980709899,3680774860764432443,198107,25825481,25
-189255696,75949184471844908,1586749182754271825310801678563333,3680774860764432443,198107,25825481,267
19886264,-7972478050539491,1586749011147800219936213827743421,3680774860764432443,198107,25825482,93
-9966942012,4000000000000000000,1586835067537667674071241361500807,3680774829386874179,198108,25825483,7
7092514301,-2843614221990948618,1586773859139938737016699508228096,3680774829386874179,198107,25825483,220
99980931,-40083962151605952,1586772996338269314586089225739139,3680774829386874179,198107,25825485,521
32526,-13039893518529,1586772996057587433530395606361984,3680774829386874179,198107,25825487,585
-11527850,4626323665014095,1586773095588765675900935852724585,3680774829386874179,198107,25825488,966
31354490843,-12568370944528138451,1586502563165053545773257502201833,3680774829386874179,198104,25825489,14
16320449,-6540895799806934,1586502422373187855283324774179147,3680774829386874179,198104,25825491,255
4391376,-1759971733782166,1586502384490042863272988325999705,3680774829386874179,198104,25825493,158
9000000000,-3606835584661467946,1586424747859412189395749458168648,3680774829386874179,198103,25825495,391
-6955094178,2790078571848512000,1586484773881747145693735677087268,3680774829386874179,198103,25825495,651
1004237,-402467932142164,1586484765218681293374037183177096,3680774829386874179,198103,25825496,326
-4985401,1999999999999992,1586484808246876227100932498064800,3680774829386874179,198103,25825496,604
-42330824,16981916526064687,1586485173597483542997182082611024,3680774829386874179,198103,25825497,705
-961411516,385692915260253459,1586493471432454730827701167783999,3680774829386874179,198104,25825498,236
20150676255,-8074994813352713570,1586319658300429830588971991784673,3680774829386874179,198101,25825499,8
70674899336,-28307579709212418225,1585707210006211259511412672576304,3656183212948362412,198094,25825500,5
58926690819,-23585327069760962255,1585198285517253332033905656903668,3698937101492590976,198087,25825501,14
6895831621,-2759060835193184238,1585139188724245086461157239977529,3698937101492590976,198086,25825501,419
33695155065,-13478662252015881950,1584850486966395059544530960087339,3698937101492590976,198083,25825502,12
-82198312282,32922345002739212288,1585557317523818234917199905307715,3656183212948362412,198092,25825505,2
133222519,-53329172607400157,1585556161900013845980152398175765,3656183212948362412,198092,25825507,1177
46518801501,-18616811900404299410,1585155404760273105432022841133792,3698937101492590976,198087,25825508,2
-7501266615,3004373681930011122,1585219723775248073481376147488204,3698937101492590976,198087,25825509,45
-1441499640,577370902911452820,1585232084724087185044519824936497,3698839328931230144,198088,25825510,115
-13156278,5269590000000000,1585232197540878028907863556271652,3698839328931230144,198088,25825511,357
-7501688271,3004833694436226409,1585296528104437206174373920739034,3698839328931230144,198088,25825512,21
-22586999833,9048797260430583421,1585491507251263864633648069784283,3656085440387001580,198091,25825512,239
-55226041,22127376038591364,1585491986516537528992779030413577,3656085440387001580,198091,25825512,416
-49966284884,20025436393028972544,1585925725078055834866663515160808,3656085440387001580,198096,25825513,16
-13627797601,5463636549114328979,1586044064065080189258237954649697,3656085440387001580,198098,25825514,238
-59571773180,23892974275467558912,1586558994572598908506460973342833,3680677056825513347,198104,25825515,2
-9900063076,3972206700000000000,1586644455284797375495240033690667,3680677056825513347,198105,25825516,83
-2007410731,805486480893504799,1586661785059787029430573204565715,3680677056825513347,198106,25825516,474
-426926166,171309142197279986,1586665470719271539136895518942827,3680677056825513347,198106,25825517,293
899769,-360682723692624,1586665462955420212975457130743003,3680677056825513347,198106,25825522,400
65182332970,-26119829038786165478,1586102733269647983153694457529300,3656085440387001580,198099,25825523,5
95331670019,-38167786383334217145,1585276871150132144768802968507124,3698839328931230144,198088,25825525,2
8674139847,-3470882643701355880,1585202525759670816301416519698721,3698839328931230144,198087,25825525,255
3761401103,-1504991190953676807,1585170289245441400569223972142780,3698839328931230144,198087,25825525,368
586000000,-234461596910890235,1585165267139896530247977365807572,3698839328931230144,198087,25825526,183
16000000000,-6401107828790670099,1585028157099088865311977440799161,3698839328931230144,198085,25825526,243
-14634405350,5860591548556748844,1585153626657622800574067992734501,3698839328931230144,198087,25825527,15
-3642459943,1458828007433782537,1585184858744785526130241001600892,3698839328931230144,198087,25825527,143
-9287696624,3720040817309636720,1585264501196440599055014323410385,3698839328931230144,198088,25825528,28
552662605,-221149459098113008,1585259764233375369164448220883210,3698839328931230144,198088,25825528,560
29168251,-11671718689760211,1585259514228240531286424382758074,3698839328931230144,198088,25825530,24
23474489722,-9392158446261624705,1585058336672373256309142364094464,3698839328931230144,198085,25825531,2
-9714180227,3890250000000000000,1585141623136895228487803479397583,3698839328931230144,198086,25825532,485
52413987364,-20964471673166579513,1584692569684977037776387610389134,3698839328931230144,198081,25825536,2
2999328992,-1199308024049175961,1584666880823530470202342730691880,3698839328931230144,198080,25825536,325
82680,-33059523751011,1584666880115404193966884106787520,3698839328931230144,198080,25825538,595
-591661,236814117067713,1584666885185363851948307666401455,3698839328931230144,198080,25825538,629
9691830721,-3875097800871142201,1584583895010562881045198061329575,3706194540196417970,198079,25825541,132
20705299165,-8277269911508284345,1584406949931557758569515899171119,3706194540196417970,198077,25825543,5
-258288966,103347022935039388,1584409158099704988301584808845655,3706194540196417970,198077,25825543,146
64082705781,-25606433308918857947,1583861763558591078867808859251249,3706194540196417970,198070,25825544,5
32262565934,-12884914795908752686,1583586315698462187397698871162329,3706122779397887337,198067,25825545,5
-508027947,203062771293136529,1583590654530998679799921795273519,3706122779397887337,198067,25825545,789
-1241982091,496434707482207094,1583601261827685074876285419657255,3706122779397887337,198067,25825547,91
39179786448,-15641761548238671433,1583266877863710044012514257176413,3706122779397887337,198063,25825548,17
7498253445,-2992777633889634398,1583202899337670659604329342242469,3706122779397887337,198062,25825548,351
52762378630,-21052209242551576352,1582752848319822946342891377982563,3706057937725159391,198056,25825549,21
60007850599,-23928612834117116750,1582241302073590749429132733252110,3706057937725159391,198050,25825550,5
10211610,-4070645218483024,1582241215051275845780311563639027,3706057937725159391,198050,25825551,45
-5743687643,2291963388238851300,1582290188180359639229065345049146,3706057937725159391,198050,25825551,370
-2254673604,899744625859150089,1582309413317170619409229322931703,3706057937725159391,198051,25825551,490
-714515619,285137446815815698,1582315505941974833341156023566837,3706057937725159391,198051,25825551,1114
-551286285,220000000000000000,1582320206753712805031536624105372,3706057937725159391,198051,25825551,1546
-1252911194,500000000000000000,1582330890416753649782401625329317,3706057937725159391,198051,25825553,573
50000000000,-19928348217760913175,1581904864903010999247607467807177,3706093893328686880,198046,25825554,11
-785706851,313387114556829426,1581911561082712230286530823749959,3706093893328686880,198046,25825554,211
-116599479238,46536310248374583296,1582905914648233069366955419608085,3706057937725159391,198058,25825555,2
-10691529,4269805700840000,1582906005882563784672009445151579,3706057937725159391,198058,25825556,650
-2503951137,1000000000000000000,1582927373208645474173739447599469,3706057937725159391,198058,25825556,750
-2503883538,1000000000000000000,1582948740534727163675469450047359,3706057937725159391,198059,25825557,355
72552835605,-28936231768044145105,1582330141335364340277831137498896,3706057937725159391,198051,25825558,2
-7675826705,3063341129794736128,1582395596744184115528264036154970,3706057937725159391,198052,25825559,14
-5011065754,2000000000000000000,1582438331396347494531724041050751,3706057937725159391,198052,25825559,655
-33376658789,13323938168335370240,1582723028327882585135006684511459,3706057937725159391,198056,25825560,2
-37654735889,15037500000000000000,1583044338839029873777330285254600,3706122779397887337,198060,25825560,28
-1239247653,495000000000000000,1583054915480390014278768340685851,3706122779397887337,198060,25825560,129
92392292253,-36849802364106582465,1582267140689271261697502843399648,3706057937725159391,198050,25825562,2
43258773605,-17240754847009396284,1581898570648228153518495804190473,3706093893328686880,198045,25825564,15
865281526,-344775427878919236,1581891200105436432230623747200627,3706093893328686880,198045,25825564,97
-2171885995,866270172350914901,1581909709803105658558866171022762,3706093893328686880,198046,25825564,315
-1880335936,750000000000000000,1581925735142191553133465248953904,3706093893328686880,198046,25825565,90
7967864166,-3174819959643141081,1581857864451659690582575322676010,3706093893328686880,198045,25825565,203
49791829902,-19833538859539765393,1581433866872206775448288312430276,3706093893328686880,198040,25825567,5
2361771903,-940498541165996350,1581413730309361908201676175941008,3695771628513023141,198039,25825568,850
625149,-248941834070482,1581413724972667418160701629858829,3695771628513023141,198039,25825568,1097
36518789819,-14539364020766299870,1581102037127400097682182587013407,3695771628513023141,198035,25825572,5
17678176923,-7036220959221976432,1580951198029728955620522103758000,3695771628513023141,198034,25825575,96
5998317439,-2387129316795156191,1580900023907390204357339359123835,3695771628513023141,198033,25825576,95
5192598187,-2066355264494735837,1580855726383851537009311675670275,3695771628513023141,198032,25825578,56
823437,-327671245159897,1580855719359394056332957053292789,3695771628513023141,198032,25825578,89
394309,-156907555970488,1580855715995685853088897232776896,3695771628513023141,198032,25825581,327
-13436550477,5352563102163097109,1580970404278691832149558241102076,3695771628513023141,198034,25825582,87
-4880680702,1944452576994956544,1581012067669330231331754758750048,3695771628513023141,198034,25825582,113
14825491733,-5900222118362326096,1580885581564708028450512612360192,3695771628513023141,198033,25825582,168
12693105633,-5050828888376808886,1580777304340836091149475055218832,3695771628513023141,198031,25825582,232
24399452,-9708341067980105,1580777096218121488432506408314156,3695771628513023141,198031,25825584,224
-48117630395,19169746385810292736,1581187842482422449416485227408300,3695771628513023141,198037,25825585,2
-110872878,44182526984723472,1581188789172458984527996842802250,3695771628513023141,198037,25825587,246
-1459196179,581490458524586852,1581201248650469732927233941324411,3695771628513023141,198037,25825587,640
-1536108094,612149799509027961,1581214365059955829910041064459405,3695771628513023141,198037,25825588,286
-34339305778,13687104133611943936,1581507405080548556504225306251970,3706093893328686880,198041,25825589,2
-39150998883,15611151217674692608,1581840970402927773749021146335655,3706093893328686880,198045,25825590,2
-105694071576,42177580245535997952,1582742188878316010234345727294514,3706057937725159391,198056,25825591,2
1289637,-514412376809060,1582742177881200456721458623230730,3706057937725159391,198056,25825591,241
23349789205,-9312629299192230373,1582543092351521881463523007596222,3706057937725159391,198054,25825593,2
11463084782,-4570980905709533007,1582445373852747022028131294014951,3706057937725159391,198052,25825595,38
51226296,-20425557198159464,1582444937194877033760529735221533,3706057937725159391,198052,25825595,865
75558855983,-30115459478486612651,1581801132469282983808867302807976,3706093893328686880,198044,25825596,6
19553899,-7790417199348224,1581800965927242309951330602492098,3706093893328686880,198044,25825596,363
14066577327,-5603802870830846867,1581681168907164839487527959917361,3706093893328686880,198043,25825597,9
67392693460,-26835929755173844894,1581106589342567041549541076361000,3695771628513023141,198035,25825597,835
46248000,-18409363629359334,1581106194691544191984167033406473,3695771628513023141,198035,25825597,1306
6044673,-2406126527653723,1581106143110168846145473777691600,3695771628513023141,198035,25825599,174
59525844876,-23687092151490681648,1580598346787989804580634022740487,3695369616921882077,198029,25825600,5
-2489294520,991250000000000000,1580619588411094235095806315332428,3695369616921882077,198029,25825600,736
-31966573906,12731623724285470000,1580892387928485478409302408275385,3695771628513023141,198033,25825601,15
-110444065,43995200000000000,1580893330604704739710447163802916,3695771628513023141,198033,25825601,36
4122105564,-1640356389250044322,1580858165438765873474275408861628,3695771628513023141,198032,25825602,523
2645376,-1052681028749760,1580858142871899734338563137994195,3695771628513023141,198032,25825603,213
36066888079,-14349394880030008131,1580550518379508602186773847966948,3695369616921882077,198028,25825605,26
6020791150,-2394858443495566787,1580499172978742447676597672106219,3695369616921882077,198028,25825605,208
3599193803,-1431558089298906822,1580468480591050507318722607040302,3695369616921882077,198027,25825605,477
29366245490,-11678173620031046468,1580218102324908808550250561507909,3695369616921882077,198024,25825606,13
13740143150,-5462818398950953345,1580100980329340063586449979109681,3695369616921882077,198023,25825607,8
5228071135,-2078368523767507505,1580056420424314177599588048316575,3695369616921882077,198022,25825607,923
-3596249,1431044147588630,1580056451090342353013157335251477,3695369616921882077,198022,25825608,396
7873788312,-3129926414759336669,1579989345944077498726527912447215,3695369616921882077,198021,25825609,550
245733326007,-97548442884333515885,1577894620568172461623006129445502,3678380022789300426,197995,25825610,19
186794059051,-73978214676208772971,1576300961352479115240569813538402,3677515766583611948,197975,25825611,5
-168258623954,66697438445774372864,1577737082555087652028552548620595,3678380022789300426,197993,25825612,2
-403266117,160000000000000030,1577740527051760313223338281174753,3678380022789300426,197993,25825612,189
-390944368017,155439692750660206592,1581075426179140439909030847951634,3695771628513023141,198035,25825613,2
-124234351,49500000000000000,1581076486805591812658936869486092,3695771628513023141,198035,25825613,566
18458683043,-7346607550331503068,1580918993790483524105622127495096,3695771628513023141,198033,25825613,620
-10746581185,4281271719167872608,1581010727730500969217291020402688,3695771628513023141,198034,25825613,845
31942467713,-12711209286046284307,1580738230981162348059965271802635,3695771628513023141,198031,25825614,419
10058828084,-4001910389425050979,1580652439964137721979796166854120,3695771628513023141,198030,25825614,709
30217079018,-12019269585180892500,1580394750625659382557577320710592,3695369616921882077,198026,25825615,54
3555600,-1414059398527610,1580394720308440959170638333793335,3695369616921882077,198026,25825615,131
-28323125,11275360000000000,1580394961929573354400553645834696,3695369616921882077,198026,25825615,563
-2004034127,797809343712917981,1580412058288098794869411481843012,3695369616921882077,198027,25825615,850
-22011365,8762857468855346,1580412246068492914687029813251003,3695369616921882077,198027,25825615,885
-168629694556,67193650239481765888,1581850824975411124304865546237062,3706093893328686880,198045,25825616,5
-147239702454,58770399910813712384,1583106585990919164769283025163132,3706122779397887337,198061,25825617,5
-8241987602,3292528943185385015,1583176937299605941008360435859342,3706122779397887337,198062,25825617,369
24484794953,-9770610717423330929,1582968064011023898871625843359077,3706057937725159391,198059,25825617,470
1185751371,-473106372492953386,1582957949935853931696490240229775,3706057937725159391,198059,25825617,608
-29336925976,11718717574077045301,1583208344071255424487203981492224,3706122779397887337,198062,25825617,624
-99418284,39719216363086945,1583209192749854572355408422955718,3706122779397887337,198062,25825618,99
5318651356,-2122703379795462463,1583163814358917579172950689732729,3706122779397887337,198061,25825618,124
945353162,-377282975978541293,1583155748938877839029908810243740,3706122779397887337,198061,25825618,191
-2007933160,802156805883954065,1583172888585040324735158817831289,3706122779397887337,198062,25825618,587
-15518056809,6199953014849300000,1583305362685015643730838636888173,3706122779397887337,198063,25825621,530
-4964666116,1983759742156918465,1583347749584687317509698181530376,3706122779397887337,198064,25825621,843
130917,-52260131293707,1583347748467488988795042802168059,3706122779397887337,198064,25825621,1764
49299015036,-19674291990203097121,1582927157119752952351508822792227,3706057937725159391,198058,25825622,2
56157200460,-22398531513206372487,1582448320975086940600626158874385,3706057937725159391,198052,25825623,68
96186999,-38352956739179898,1582447501064999053669366827763232,3706057937725159391,198052,25825623,213
86521201,-34498847552626524,1582446763548115512431976027148296,3706057937725159391,198052,25825623,227
77558069,-30924924552118248,1582446102434611803821384426978912,3706057937725159391,198052,25825623,1012
33392728,-13314758648704905,1582445817791500502297431675475590,3706057937725159391,198052,25825623,1346
16463268949,-6563853650489216321,1582305495629116819377209489450373,3706057937725159391,198051,25825624,65
-55431456913,22127112777436123136,1582778292863078615281935635934493,3706057937725159391,198057,25825625,2
89852798520,-35824918848234339420,1582012429178958583253807644609507,3706093893328686880,198047,25825627,5
-2481713087,990000000000000000,1582033582626551964092278427478614,3706093893328686880,198047,25825628,42
34574779691,-13776331800780606392,1581739074854709640474963837579834,3706093893328686880,198043,25825628,619
44358938422,-17667322651178959888,1581361209180272370022611915218428,3695771628513023141,198039,25825629,2
100826945655,-40126021349613429152,1580500992464585450541114094692217,3695369616921882077,198028,25825630,2
43059089461,-17122892525988277346,1580133880253251825920434193655322,3695369616921882077,198023,25825631,149
-12563040289,5000000000000000000,1580241025893122849956612214295630,3695369616921882077,198025,25825631,237
-108438556,43160720195252905,1580241950789719372876996806116385,3695369616921882077,198025,25825631,898
-39211728695,15610367293565272064,1580576467348177524234929795659553,3695369616921882077,198029,25825632,29
-76972043593,30662147011392065536,1581233465238639944874646806246158,3695771628513023141,198037,25825633,2
-759695500,302755027908603532,1581239952309162893562009703078397,3695771628513023141,198037,25825633,113
-2582845824,1029338299659044014,1581262007731951366938072757324965,3695771628513023141,198037,25825633,599
-43870099977,17487879067097260032,1581636126666968604141363886321511,3706093893328686880,198042,25825634,23
31597923,-12586217880329632,1581635857601223276502050073801011,3706093893328686880,198042,25825634,229
-32564274706,12986395777313015736,1581913339462336703871579649224481,3706093893328686880,198046,25825634,276
-1561175770,622700000000000000,1581926644767201752607050110328110,3706093893328686880,198046,25825635,13
21765943514,-8672072735685935960,1581741254864027620848065382205229,3706093893328686880,198044,25825635,18
-66368638381,26475680000000000000,1582306964749342522998557075337454,3706057937725159391,198051,25825635,221
29600798988,-11798839892757388884,1582054730533266580750912817267108,3706093893328686880,198047,25825635,242
100137436804,-39886775268656439978,1581201416617413525181194384719039,3695771628513023141,198037,25825636,2
52287876983,-20810210842620732069,1580755297394603583832132750840818,3695771628513023141,198031,25825637,2
37616139175,-14963700142672268546,1580434491102472339765150787089637,3695369616921882077,198027,25825638,5
62009634399,-24654177836168450301,1579905909279610851539692921903961,3695369616921882077,198020,25825639,2
-502699364,200000000000000000,1579910195105205692501140042729573,3695369616921882077,198020,25825640,115
9997493,-3973557559538443,1579910109912736001437356454927883,3695369616921882077,198020,25825640,184
-59821049,23800000000000000,1579910619925981787511768662306130,3695369616921882077,198020,25825642,24
485374861,-192914472350967613,1579906483869037230153174249771816,3695369616921882077,198020,25825642,595
12163972289,-4834296949584544075,1579802835390086816354917591023616,3695201066332966807,198019,25825643,15
-248868998,99000000000000000,1579804956970524291065657185282295,3695201066332966807,198019,25825643,119
6310320897,-2507651840467035363,1579751190844140570756718741734160,3695201066332966807,198018,25825643,225
-31897575,12688000000000000,1579751462749318254384293125289252,3695201066332966807,198018,25825643,262
1309086,-520198609370177,1579751451595830467649334591621069,3695201066332966807,198018,25825643,683
-497769707,198000000000000000,1579755694756705417070813780138427,3695201066332966807,198018,25825644,191
-497767033,198000000000000000,1579759937917580366492292968655785,3695201066332966807,198018,25825644,204
5189891,-2062357940619720,1579759893698922937884745461444012,3695201066332966807,198018,25825644,256
1922089,-763798975692887,1579759877322442121787272999356387,3695201066332966807,198018,25825644,288
297373851,-118170172694497371,1579757343656349664913881401820357,3695201066332966807,198018,25825644,618
423884846,-168442350865323049,1579753732113240351461227960848591,3695201066332966807,198018,25825645,95
259181648,-102992606836599559,1579751523866694158629684924084670,3695201066332966807,198018,25825645,109
29469390,-11710414556791399,1579751272785735109330097866892414,3695201066332966807,198018,25825645,143
-248885244,99000000000000000,1579753394366172584040837461151093,3695201066332966807,198018,25825646,53
-248884575,99000000000000000,1579755515946610058751577055409772,3695201066332966807,198018,25825646,672
46188913285,-18349868751260349981,1579362079606491489796592528121861,3695201066332966807,198013,25825648,2
2943549,-1169117801565885,1579362054539640317689099205428297,3695201066332966807,198013,25825648,156
115864033979,-45990082887656888077,1578374675020741220664234368232271,3688058296464316980,198001,25825649,22
-357800841,142075907538944000,1578377725619181081842567582371082,3688058296464316980,198001,25825649,378
13012419960,-5161466095609872811,1578266845193286815888666561695805,3688058296464316980,198000,25825649,556
-149612263,59400000000000000,1578268120606905258440476665693259,3688058296464316980,198000,25825649,625
-49870700,19800000000000000,1578268545744778072624413367025743,3688058296464316980,198000,25825649,638
-503742945,200000000000000000,1578272840066725690643976006747811,3688058296464316980,198000,25825650,8
-10031074407,3982842963585426899,1578358358116487895121004968775510,3688058296464316980,198001,25825652,367
8352807158,-3313200589069780684,1578287182778786527885963436667282,3688058296464316980,198000,25825653,34
40585889445,-16094422201645806141,1577940584772442777112543366449726,3678380022789300426,197995,25825654,9
25679168,-10180891402998233,1577940365487509295669498056902410,3678380022789300426,197995,25825654,465
10130025338,-4015979866290501741,1577853865804624653469200320299008,3678380022789300426,197994,25825655,132
224920610,-89163254103254896,1577851945328561107283241374840058,3678380022789300426,197994,25825655,155
-155928073,61875000000000000,1577853277380008737979420864748802,3678380022789300426,197994,25825655,164
-155927809,61875000000000000,1577854609431456368675600354657546,3678380022789300426,197994,25825655,177
-155927546,61875000000000000,1577855941482903999371779844566290,3678380022789300426,197994,25825655,190
-155927283,61875000000000000,1577857273534351630067959334475034,3678380022789300426,197994,25825655,203
-155927019,61875000000000000,1577858605585799260764138824383778,3678380022789300426,197994,25825655,216
-155926756,61875000000000000,1577859937637246891460318314292522,3678380022789300426,197994,25825655,229
-155926493,61875000000000000,1577861269688694522156497804201266,3678380022789300426,197994,25825655,242
-155926230,61875000000000000,1577862601740142152852677294110010,3678380022789300426,197994,25825655,255
-249481420,99000000000000000,1577864733022458361966564477964001,3678380022789300426,197994,25825655,291
-249480746,99000000000000000,1577866864304774571080451661817992,3678380022789300426,197994,25825655,318
7351578055,-2914255590780360125,1577804094521847312244053787537174,3678380022789300426,197994,25825655,581
56654884181,-22450913581363827969,1577320495328519336140127637712119,3677629436951869588,197988,25825656,17
-249652937,99000000000000000,1577322627045819642901232394787946,3677629436951869588,197988,25825656,280
-49930506,19800000000000000,1577323053389279704253453346203111,3677629436951869588,197988,25825656,332
-24965243,9900000000000000,1577323266561009734929563821910693,3677629436951869588,197988,25825656,352
-624128885,247500000000000000,1577328595854260501832325714600260,3677629436951869588,197988,25825657,147
-99860230,39600000000000000,1577329448541180624536767617430590,3677629436951869588,197988,25825657,237
-99860122,39600000000000000,1577330301228100747241209520260920,3677629436951869588,197988,25825657,250
-62412521,24750000000000000,1577330834157425823931485709529876,3677629436951869588,197988,25825657,271
-22475490279,8913856490155794000,1577522762281708733117914269821464,3678380022789300426,197990,25825657,372
-913842502,362478959665943748,1577530560724602361015751363075998,3680758203269888536,197990,25825657,1048
-74876007,29700000000000000,1577531199696183371403272482863150,3680758203269888536,197990,25825658,14
277745502,-110059092468178047,1577528830678936735958939686052182,3680758203269888536,197990,25825658,31
5813676,-2303716537636365,1577528781091537034314034695542838,3680758203269888536,197990,25825658,67
-35338514164,14019868241203410944,1577830407265800975880047994205890,3680758203269888536,197994,25825658,85
-25201202,10000000000000000,1577830622407747444023994499184729,3680758203269888536,197994,25825659,3
5000164409,-1982060621248086794,1577787958637855180690004046727186,3680758203269888536,197993,25825659,155
-12475267,4950000000000000,1577788065133118682421257566691711,3680758203269888536,197993,25825659,203
-31636396268,12555000000000000000,1578058175846909437146094567624504,3680758203269888536,197997,25825659,284
117095848761,-46401943876241818964,1577059290947215578088298160681126,3680007617432457698,197984,25825660,2
90253300615,-35724890602053750031,1576290145081309194030544011736959,3679893947064200058,197974,25825661,37
-2618277004,1036936338265295658,1576312459170961200499664119387241,3679893947064200058,197975,25825662,22
102671508,-40621686130737152,1576311584585552852770360906090332,3679893947064200058,197975,25825662,36
-374958673,148500000000000000,1576314780193799031505079432749801,3679893947064200058,197975,25825662,263
-64364306279,25500000000000000000,1576863515577449303406123502359521,3680007617432457698,197982,25825662,308
39552055716,-15656261138748947654,1576526441506429118614417592214022,3679893947064200058,197977,25825662,321
-11301309812,4477296842957423616,1576622844303198018613130666832955,3677804480583948368,197979,25825664,66
-124937048,49500000000000000,1576623910111119056188209272866001,3677804480583948368,197979,25825664,123
-1060812074,420295943137846406,1576632959701934738510358329786574,3677804480583948368,197979,25825664,1240
-12299652178,4873500000000000000,1576737891789630197636669140381718,3677918150952206008,197980,25825665,51
-665451817,263690948486328122,1576743569268733463997489538964364,3677918150952206008,197980,25825665,66
-4037753,1600000000000000,1576743603718025779001483188442521,3677918150952206008,197980,25825665,139
9682000000,-3832552603154488098,1576661043656905536313608912071529,3677804480583948368,197979,25825666,7
-43487834332,17234738230994724864,1577032122319880311008692846293969,3677918150952206008,197984,25825666,23
-876876827,347600000000000000,1577039606428635745626313195423720,3677918150952206008,197984,25825666,116
395331218,-156555746494295278,1577036233970735185571426995201400,3677918150952206008,197984,25825666,129
238560000,-94472202439741038,1577034198890371573219936441310287,3677918150952206008,197984,25825667,261
-62459664070,24767760000000000000,1577567450176285797648320169562548,3678668736789636846,197991,25825667,412
-97532939252,38709230499172638720,1578400365631171172778088882759948,3688347010464653400,198001,25825668,5
-20157548575,8005295779260300987,1578572238763156289619899778750931,3688347010464653400,198003,25825668,153
98388430342,-39018061914609209358,1577732707289622108453058644774366,3678668736789636846,197993,25825669,2
62321680,-24701850733313899,1577732175281337500028901346500687,3678668736789636846,197993,25825669,150
67920892963,-26911258105806908195,1577152516511352980549261601511090,3677918150952206008,197985,25825670,2
4516646216,-1788860523301539629,1577113981631989557743073508527530,3677918150952206008,197985,25825670,159
29073445172,-11512721384936874844,1576865979440687101504254321054076,3677918150952206008,197982,25825671,39
30924036606,-12241559344665102182,1576602274284518003133566394409166,3677804480583948368,197978,25825671,151
-249880448,99000000000000000,1576604405900360078283723606475259,3677804480583948368,197978,25825671,219
-249879772,99000000000000000,1576606537516202153433880818541352,3677804480583948368,197978,25825672,129
-9587047103,3798499469383106962,1576688324790807456311091132366848,3677918150952206008,197980,25825673,77
174913215,-69236888422531438,1576686833287582905420829448162724,3677804480583948368,197979,25825673,168
-22502936434,8917456346223154962,1576878833356677198156321720247380,3677918150952206008,197982,25825673,231
5146147,-2037522323235841,1576878789465230154948750011200580,3677918150952206008,197982,25825673,440
30400255980,-12034445650688446780,1576619546398770326178315129450575,3677804480583948368,197979,25825674,5
-124937571,49500000000000000,1576620612206691363753393735483621,3677804480583948368,197979,25825674,74
51039053105,-20195786981492424673,1576185549630222075272751779124652,3677804480583948368,197973,25825675,2
-10206714516,4041873000000000000,1576272577110206477428220276147066,3677804480583948368,197974,25825676,63
-125497599,49700000000000000,1576273647224422145458147684628731,3677804480583948368,197974,25825676,116
-508103262,201221527336385006,1576277979820335648449765408905451,3677804480583948368,197974,25825677,149
2331415694,-922366432204438695,1576258109977342583063654517075725,3677804480583948368,197974,25825677,185
-10643797821,4215356652351833088,1576348872815929957191758327640530,3677804480583948368,197975,25825677,188
6115241350,-2419510738235481500,1576296751124582326870477959796924,3677804480583948368,197975,25825677,240
974881800,-385699668178286630,1576288442288113870779263360840970,3677804480583948368,197974,25825677,267
59780315535,-23643555923526935450,1575778044571042375247081056783217,3645695589431585048,197968,25825678,8
-11471713312,4540499060490649096,1575876669242505344873877949382656,3645695589431585048,197969,25825679,176
-625275246,247500000000000000,1575882045216789644641074746088650,3645695589431585048,197969,25825679,198
-25260107911,10000000000000000000,1576097274084553898133274932121873,3681911570454715501,197972,25825680,286
-6802216983,2693335927073495797,1576155242895181626461429440221200,3679243375840431972,197973,25825680,649
-26928133197,10664131739851066716,1576384767562759308985190077578375,3679243375840431972,197976,25825681,198
-9997989,3960000000000000,1576384852794047310713924325990524,3679243375840431972,197976,25825681,589
1311482,-518931916783152,1576384841619461115435984766157591,3679243375840431972,197976,25825682,273
46876879035,-18543717169290161112,1575985524563353496656167762046838,3679243385764917220,197971,25825683,2
-34814135286,13784780224567588870,1576282215111381644226967256797161,3679243385764917220,197974,25825684,100
76024108334,-30065209998561888222,1575632463776493627280362224658180,3647134494612553900,197966,25825685,7
2062438459,-815285255546916976,1575614753008542138110879456230087,3647134494612553900,197966,25825685,539
10050120376,-3972566577465774184,1575528455354626956977557057158998,3647134494612553900,197965,25825686,463
2000000000,-790499128833140853,1575511283025627548959485391223223,3647134494612553900,197965,25825690,391
-55944994270,22140873792442363904,1575991212296009658285448741995936,3679243385764917220,197971,25825691,2
-251084658,99400000000000000,1575993351687424940930275825106485,3679243385764917220,197971,25825691,41
-72542806947,28729728188739280896,1576611703134611989484370848787560,3679243385764917220,197979,25825692,2
-249877459,99000000000000000,1576613833916806285076301243434887,3679243385764917220,197979,25825692,92
-39285652268,15568068318327500000,1576947840258582684690731141830416,3694328862129419909,197983,25825693,225
-20965804483,8311000000000000000,1577125987914243034245962737783827,3694328862129419909,197985,25825693,261
15778057951,-6248460830564917234,1576991984123940873099095851401216,3694328862129419909,197983,25825694,107
-2092311877,829370000000000000,1577009761806671594325256653799950,3694328862129419909,197984,25825694,480
-5045351084,2000000000000000000,1577052632136514056015843008258718,3694328862129419909,197984,25825694,1396
2177096775,-862161546156441339,1577034142316673529052658600368469,3694328862129419909,197984,25825697,288
48490276,-19202614238445152,1577033730499561853367327905093589,3694328862129419909,197984,25825698,237
91403955063,-36179002759785901583,1576256076561832106203376822511176,3679243385764917220,197974,25825700,2
155573079,-61547619357159191,1576254751206513765037722108767775,3679243385764917220,197974,25825700,94
52370767120,-20712972560859397771,1575807920480434521735393847464749,3647134494612553900,197968,25825701,2
14586743084,-5767053683866738490,1575682640464803395403826587137493,3647134494612553900,197967,25825701,462
509045674,-201241097735562945,1575678268823883792873716641846099,3647134494612553900,197967,25825701,685
11740549,-4641379423948569,1575678167997340698793294239982827,3647134494612553900,197967,25825702,66
2887200000,-1141375907952251393,1575653373431618297721079118126132,3647134494612553900,197966,25825702,73
-18341622131,7258728983247578888,1575810978864733271908209666293760,3647134494612553900,197968,25825702,79
254166078,-100496019186227527,1575808795749481590217508889308210,3647134494612553900,197968,25825703,62
49720302128,-19653809732956619996,1575381848173556634797202077188017,3647134494612553900,197963,25825703,232
-970985702,384100473444812642,1575390187969906195184164806934691,3647134494612553900,197963,25825703,558
99716645407,-39385069527144749075,1574534492101381995963984010001570,3646387821240273351,197952,25825704,83
-145012993,57301982967324766,1574535736527667944868435960983995,3646387821240273351,197952,25825704,128
-76406355367,30204625237720086244,1575191673601760417848272837672960,3647134494612553900,197961,25825704,133
-2604961471,1030225559923798636,1575214042413979835164905407310284,3647134494612553900,197961,25825704,350
-52246521701,20668943503941939200,1575662817647286626643996659689599,3647134494612553900,197966,25825705,2
-85421995435,33818617671515602944,1576392765163714270542223363712994,3679243385764917220,197976,25825707,2
-2524684829,1000000000000000000,1576414288216181902783944521766809,3679243385764917220,197976,25825707,201
-63269843605,25069403248742076416,1576952772066988277223152114331619,3694328862129419909,197983,25825708,19
1098524821,-434979019154440227,1576943443555719792323602510698983,3694328862129419909,197983,25825709,163
-36216781701,14357700000000000000,1577251203223109348431068361405311,3694328862129419909,197987,25825709,228
-36692146538,14551868637204621018,1577563107300471420045520969168499,3695079447966850747,197991,25825709,257
51355763,-20351019880150903,1577562670943436855389791773423273,3695079447966850747,197991,25825709,743
1168000000,-462846500162922194,1577552746805606951968303482337180,3695079447966850747,197990,25825710,82
550899635,-218304458320493151,1577548066023679266704246154423241,3695079447966850747,197990,25825711,9
5000000000,-1981285864831804540,1577505584220325219520631132017687,3695079447966850747,197990,25825711,29
-23780289118,9433495119390676992,1577707751669137569769896449181561,3695079447966850747,197992,25825712,6
180211924952,-71357339912985559280,1576175384573233017463789877601247,3679243385764917220,197973,25825712,608
-174082021326,68996856611648055449,1577656399592851555971091354615808,3695079447966850747,197992,25825712,1041
-8932773383,3543970550414756352,1577732349755095317239336128526352,3695079447966850747,197993,25825713,47
-113171324430,44928913563415134208,1578694089557269301006923953344848,3704757721641867301,198005,25825714,2
-7629514805,3030880000000000000,1578758874087246139891113695090403,3704757721641867301,198006,25825715,206
-3198864849,1270846237815829227,1578786038203341047147790080542622,3704757721641867301,198006,25825716,103
-3204961544,1273312193601037606,1578813255028809630825674278739734,3704757721641867301,198006,25825716,113
3799251866,-1507906361903116501,1578781007670338856837952752660614,3704757721641867301,198006,25825716,657
126979760964,-50362275079048302754,1577702514262300240206258784856681,3695079447966850747,197992,25825717,2
-49906464,19800000000000000,1577702938592353505033622166942578,3695079447966850747,197992,25825717,90
-24953222,9900000000000000,1577703150757380137447303857985526,3695079447966850747,197992,25825718,156
-49906424,19800000000000000,1577703575087433402274667240071423,3695079447966850747,197992,25825718,186
3354599355,-1329557921712077689,1577675067329325117875117967284596,3695079447966850747,197992,25825718,218
815187580,-323083220026929384,1577668139930273925668682586963514,3695079447966850747,197992,25825718,575
-250551180,99400000000000000,1577670270152864558185850272788674,3695079447966850747,197992,25825719,40
-18146777130,7200000000000000000,1577824571990415404499807394933080,3695079447966850747,197994,25825719,60
34773648239,-13781927872747785597,1577529066349295092993591031350436,3695079447966850747,197990,25825720,5
-49917439,19800000000000000,1577529490679348357820954413436333,3695079447966850747,197990,25825720,267
-78466958609,31137482522305372160,1578196792175167674469903143682542,3695079447966850747,197999,25825722,2
25428893730,-10083560530207062962,1577980585194056822383425062721644,3695079447966850747,197996,25825723,18
-18206203470,7226422644680107228,1578135453290305876147234907619328,3695079447966850747,197998,25825723,27
-30277635,12019007526917659,1578135710867381840153858864346688,3695079447966850747,197998,25825725,649
2838374903,-1125577600852807465,1578111576759756129905545918554372,3695079447966850747,197998,25825725,688
3155016325,-1251103591155021988,1578084751182650676811472713173321,3695079447966850747,197997,25825727,245
-10051495516,3990000000000000000,1578170260117626770810457285028346,3695079447966850747,197998,25825729,19
60278436,-23905243392373122,1578169747552596680292996399251997,3695079447966850747,197998,25825729,249
49989238779,-19819405483593999354,1577744789144881173384267720460698,3695079447966850747,197993,25825731,8
-46097570993,18294371413070497792,1578136852356808180422996389932980,3695079447966850747,197998,25825731,19
228748,-90712903937075,1578136850411784589868807753100258,3695079447966850747,197998,25825731,301
-3076745843,1221367000000000000,1578163025296843473828521484822778,3695079447966850747,197998,25825732,444
-61982539789,24613649931449450496,1578689404798832268901111641969781,3704757721641867301,198005,25825733,2
1746996,-693280206666290,1578689389972676010203304520957838,3704757721641867301,198005,25825733,69
4950802030,-1964631093929651370,1578647375319280145801702379768773,3704757721641867301,198004,25825733,185
-209295145,83135773495657251,1578649152331900301365348893246788,3704757721641867301,198004,25825735,422
-11398949906,4528149394481839616,1578745940733350181789685637344483,3704757721641867301,198006,25825737,43
-295578043,117423599418036844,1578748450642253367045729684157443,3704757721641867301,198006,25825737,326
-22286211066,8854666526568692736,1578937717590804745297159016590116,3704757721641867301,198008,25825739,26
-15053005075,5982000000000000000,1579065572446823885933390598842992,3707895636610443447,198010,25825739,397
-503234557,200000000000000000,1579069843794035017100505803131133,3707895636610443447,198010,25825740,335
-999590067,397269276106031362,1579078328169107835073815303700987,3707895636610443447,198010,25825741,28
-17990559658,7150757559917630000,1579231045010912981466469751601680,3707895636610443447,198012,25825743,213
5000000,-1985568934751556,1579231002584428079216629367697115,3707895636610443447,198012,25825744,436
-66860635400,26587406810871173120,1579798822814092201132812740945747,3707895636610443447,198019,25825745,5
-48474015356,19287850156358156288,1580210731678415458486017454089202,3708064187199358717,198024,25825746,5
-26046015330,10367885382483439616,1580432145805116096545018246494568,3708064187199358717,198027,25825747,11
-105972367152,42213369489654267904,1581333568804270750409250046827310,3708466198790499781,198038,25825748,5
16971900018,-6757116826226507747,1581189208866404592376142143510916,3708466198790499781,198037,25825749,6
25016472320,-9957697921341916713,1580976471290574095200579664494610,3708466198790499781,198034,25825749,552
-1409930542,561707031687920450,1580988465673723249104319677730643,3708466198790499781,198034,25825750,211
190192365,-75696128274530482,1580986848491623924299128626533039,3708466198790499781,198034,25825752,289
54468531,-21678322609538977,1580986385353071574712864891023212,3708466198790499781,198034,25825753,24
198239,-78898193398426,1580986383667480132436519446669000,3708466198790499781,198034,25825753,611
-5020002935,2000000000000000000,1581029090567954961738274067380166,3708466198790499781,198034,25825754,108
18222632852,-7252235791466603030,1580874152843009409399101706993664,3708466198790499781,198033,25825755,63
-701800407,279555401158726485,1580880122315356652755113612404721,3708466198790499781,198033,25825756,145
-1760342221,701224579427364849,1580895095879518707007747533007749,3708466198790499781,198033,25825757,425
-20401272591,8127726342476277760,1581068650879516098393104565417167,3708466198790499781,198035,25825759,20
-25860137412,10305065517957935104,1581288699583247110794655295657203,3708466198790499781,198038,25825760,138
-11989971000,4778884419419427578,1581390745253887539746485713316210,3708466198790499781,198039,25825760,270
-333805613,133054888787361256,1581393586434834105405658669787804,3708466198790499781,198039,25825760,849
27314260597,-10874998744217066121,1581161251522861533178818425129248,3708466198790499781,198036,25825761,16
8452904471,-3364822598276877174,1581089365007693915804788311719936,3708466198790499781,198035,25825762,451
2402198882,-956180351290246577,1581068937044162880347012465283233,3708466198790499781,198035,25825762,652
2954163148,-1175852424715041770,1581043815977391798804660722411396,3708466198790499781,198035,25825762,706
3448079302,-1372399762391041143,1581014495847294693464042024800705,3708466198790499781,198034,25825763,139
36431845031,-14497443095346228860,1580704770554942290941026435512495,3708466198790499781,198030,25825764,5
9940000,-3954681571662862,1580704686066601975459581505987209,3708466198790499781,198030,25825764,278
4999043896,-1988842484920879844,1580662196172623171951901251760171,3708466198790499781,198030,25825764,466
-68518088500,27296157913725231104,1581245063322306515789388397372973,3708466198790499781,198037,25825766,2
4807546104,-1913966019998075866,1581204173099030746417155147242290,3708466198790499781,198037,25825767,737
3700000000,-1472965637758062704,1581172704466267076055282777897970,3708466198790499781,198036,25825767,923
40053446,-15944908747712745,1581172363817127021626407017776671,3708466198790499781,198036,25825767,1241
-8736787052,3481678249523684864,1581246709660370914581031854441335,3708466198790499781,198037,25825768,327
-2509208970,1000000000000000000,1581268063110608329231909164796918,3708466198790499781,198038,25825769,304
-5760910799,2296009333737001907,1581317090831660921869659416779569,3708466198790499781,198038,25825771,66
13554614,-5396953313618201,1581316975530436293559129410206102,3708466198790499781,198038,25825771,109
1050201,-418151395130793,1581316966596994565063980563407268,3708466198790499781,198038,25825773,114
9564159109,-3807903565366553630,1581235614041424851677116160956966,3708466198790499781,198037,25825774,70
-100803650,40172392951802640,1581236471860618665861818201347530,3708466198790499781,198037,25825775,488
11816283403,-4704035303447925971,1581135974228035157093325589780627,3708466198790499781,198036,25825777,14
1112068,-442683194005878,1581135964770492831786365052809644,3708466198790499781,198036,25825778,28
10071979813,-4009159968810231154,1581050312546493007729590035083828,3708466198790499781,198035,25825778,841
71041343880,-28265734179380540429,1580446419294723159053954453582127,3708064187199358717,198027,25825779,2
4933530737,-1962137790981294749,1580404495378649672877105039312362,3708064187199358717,198027,25825779,61
74798165091,-29735583175932545696,1579769148159460681811217869516492,3707895636610443447,198019,25825780,2
11781000000,-4681289976916696046,1579669121071479694240745203279923,3707895636610443447,198017,25825783,497
1756922354,-698078650344184868,1579654204931928429392376570914082,3707895636610443447,198017,25825784,24
740625000,-294268872633499985,1579647917165402937582540382894978,3707895636610443447,198017,25825784,502
500000000,-198661205562033589,1579643672288032565658196055012912,3707895636610443447,198017,25825785,106
-918316651,365233749822218240,1579651472488826136209590235451985,3707895636610443447,198017,25825785,111
6069480940,-2411479473614431975,1579599945394657436565205484391445,3707895636610443447,198016,25825785,380
317880000,-126293300614752900,1579597246832689625785238873277781,3707895636610443447,198016,25825785,531
-305377347,121447422341336368,1579599840553233209465688973361016,3707895636610443447,198016,25825786,71
-9206172463,3661447419473806336,1579678037119352573722052757133673,3707895636610443447,198017,25825787,76
-8030152035,3194020618633437750,1579746250974661050619212100272128,3707895636610443447,198018,25825788,88
-1970000000,783616420169872137,1579762986463715496480211078476572,3707895636610443447,198018,25825789,212
-7082524,2817280000000000,1579763046631620851358283530090256,3707895636610443447,198018,25825792,41
-17995075668,7158757329188462000,1579915931062653061108380922890148,3708064187199358717,198020,25825793,157
12116330108,-4815422538951998091,1579813041167648598039786040241382,3707895636610443447,198019,25825796,555
8424000000,-3347601194452097153,1579741511567719121656393657743265,3707895636610443447,198018,25825797,89
3505049,-1392803079831443,1579741481807111064162958732758081,3707895636610443447,198018,25825797,365
-20000606741,7956461416938363839,1579911402799638067024509525207911,3708064187199358717,198020,25825798,12
894271330,-355431830348213530,1579903808483737392271791642683146,3708064187199358717,198020,25825798,53
-20156316345,8020059132709750784,1580075082984124573082403246394760,3708064187199358717,198022,25825799,165
298000000,-118466251937107703,1580072551781052811279017715615141,3708064187199358717,198022,25825799,383
-13943943218,5549198607954892800,1580191059164028376451463994667553,3708064187199358717,198024,25825800,70
428304,-170291942883614,1580191055525494347771923862847733,3708064187199358717,198024,25825800,744
-28367934344,11292009042213388288,1580432205020163867889849585232765,3708064187199358717,198027,25825801,5
-44983448402,17912971176547514000,1580814730666771109346641985637449,3708466198790499781,198032,25825802,2
19880000,-7910463172255711,1580814561666589314785780801320577,3708466198790499781,198032,25825802,211
-20722253741,8254776135617808384,1580990829618022227670508918999729,3708466198790499781,198034,25825803,5
-114210104758,45528990182970706289,1581961536608697453231788897040376,3718788463606163520,198046,25825804,92
33694965252,-13424618685260129342,1581675527366360387606060709247836,3718788463606163520,198043,25825804,121
10612881625,-4227338365646487788,1581585464633748959745283975020544,3718788463606163520,198042,25825804,278
13842177795,-5512912905036799488,1581468012951879512753773404854208,3718788463606163520,198040,25825805,49
161120518,-64164516708647815,1581466645937647003195613024049689,3718788463606163520,198040,25825805,705
1439999999,-573459618293853468,1581454428476966409587471273384786,3718788463606163520,198040,25825806,3
1026219014,-408671790201695792,1581445721793237027043045903446339,3718788463606163520,198040,25825806,162
-1364011806,543735795316620725,1581457300200770440837113047458122,3718788463606163520,198040,25825806,214
118678186836,-47231564196113389150,1580448309179769515092263585297621,3708064187199358717,198027,25825807,2
4985000,-1982664957603225,1580448266817260792996068468502833,3708064187199358717,198027,25825808,416
1195801189,-475598403849928090,1580438104968455201926240250113406,3708064187199358717,198027,25825808,795
273377326,-108727766688920071,1580435781842227025973566829827723,3708064187199358717,198027,25825808,973
27373216763,-10885271327575842134,1580203202252928057355630034115635,3708064187199358717,198024,25825809,72
240283173,-95537154625951771,1580201160963233292867721480864351,3708064187199358717,198024,25825809,305
84910420993,-33745141347473016063,1579480424164423897750186371708841,3709405964480439957,198015,25825810,8
8680741548,-3448170258475662892,1579406775662148513204718292803537,3709405964480439957,198014,25825810,218
-31849956684,12665700573293852677,1579677163549829264837764155290322,3709405964480439957,198017,25825811,468
9985582992,-3967440647466560169,1579592424096829758489842821653937,3709405964480439957,198016,25825812,23
15756162407,-6259323607425545789,1579458732957939291151259297487060,3709405964480439957,198015,25825813,121
3273716450,-1300390000199701763,1579430958292331296203164092654223,3709405964480439957,198014,25825813,159
2999821342,-1191552871258649654,1579405513592370891931000773217911,3710185015949335730,198014,25825813,521
7920026699,-3145713053988196235,1579338339296751338134057296776575,3710185015949335730,198013,25825814,50
-9991047889,3972306442750409700,1579423122449014703012818379826265,3710185015949335730,198014,25825816,80
939110000,-373022380419625034,1579415156841464055905328639481056,3710185015949335730,198014,25825817,509
-62660611022,24922494250476638208,1579947086865562522368737571224395,3710353566538251000,198021,25825819,2
24315760,-9664880869822015,1579946880488801250615416070834629,3710353566538251000,198021,25825819,35
500000000,-198736409958578095,1579942636817597594891731693460447,3710353566538251000,198021,25825820,1003
-248493071065,99000000000000000000,1582053649734135170615894989813406,3721077842945055803,198047,25825821,161
142724888813,-56837270279313301775,1580841869277178144701309247780512,3710755578129392064,198032,25825821,170
3213815291,-1278833199052732649,1580814564971521273033206262201097,3710755578129392064,198032,25825821,177
-9511300,3788434757403229,1580814645817764835953374806628632,3710755578129392064,198032,25825821,668
-11535094,4594530291486734,1580814743866309627935142662100657,3710755578129392064,198032,25825821,713
-11466771,4567317144794620,1580814841334118357012618310206814,3710755578129392064,198032,25825821,758
-27003581135,10757329448749638068,1581044405714236206318057470259014,3710755578129392064,198035,25825822,109
22224610736,-8844922915763406995,1580855558193713309561258982244352,3710755578129392064,198032,25825824,50
3926160000,-1562308667648025180,1580822201417064533631585821040561,3710755578129392064,198032,25825824,914
-84817197,33783777000000000,1580822922372192104453496596613880,3710755578129392064,198032,25825825,93
1427000000,-567820048918706595,1580810798873845908575899654105032,3710755578129392064,198032,25825825,112
285925213,-113771950684840062,1580808369799474657900818258296188,3710854926925231384,198032,25825825,645
21963686,-8739513473160145,1580808183207541698435382738964127,3710854926925231384,198032,25825825,728
5095305816,-2027404214007552752,1580764897357323191316976281078380,3710854926925231384,198031,25825825,805
74873575333,-29779132758664933251,1580129046823057768698591408590240,3710452915334090320,198023,25825826,2
1106232480,-439797309713615215,1580119655966059334274948026561779,3710452915334090320,198023,25825826,132
90996716357,-36159052182366669216,1579347540258384180238354342334913,3710284364745175050,198013,25825827,2
1862085095,-739561387799495962,1579331747913630605637263366994435,3710284364745175050,198013,25825827,835
1854089233,-736370989085743643,1579316023695576477650966997732486,3710284364745175050,198013,25825829,192
349844848,-138942906818935045,1579313056755547229805767725964576,3710284364745175050,198013,25825829,284
-962151904,382507869372060474,1579321220615769802303773327972896,3710284364745175050,198013,25825829,294
333000000,-132253760480018455,1579318396513518234547130388682787,3710284364745175050,198013,25825829,720
103439128543,-41058833594966225772,1578441121225718131722464310993634,3707146449776598904,198002,25825830,2
-6494950600,2579323521737854500,1578496218289832726264305098825481,3707146449776598904,198002,25825833,483
2324175000,-922091727542477009,1578476511587054044127028508687991,3707146449776598904,198002,25825834,8
-10892402901,4325968996210387456,1578568918836138238713315601954499,3707146449776598904,198003,25825835,20
-51205593436,20343331247889821696,1579003473794685752289630762154025,3707146449776598904,198009,25825836,2
-13144605954,5223991478488156224,1579115012558342333403101025796096,3710284364745175050,198010,25825837,54
-59830176846,23787316466598866944,1579622704928233207490383442252736,3710284364745175050,198017,25825838,2
2057521,-817475201705540,1579622687472143117059863393599894,3710284364745175050,198017,25825838,156
29577126,-11751309169157377,1579622436538645551217772372717591,3710284364745175050,198017,25825839,189
1679621900,-667325666959825237,1579608186691142160708747453828668,3710284364745175050,198017,25825840,693
-3874533289,1540938211126000000,1579641074914299256505473933066757,3710284364745175050,198017,25825841,281
740861,-294358692236342,1579641068628662897312559323314060,3710284364745175050,198017,25825844,420
1022736332,-406351401384544812,1579632391537717334461006394440827,3710284364745175050,198017,25825845,31
158985402,-63167337242722760,1579631042683675791609414814395731,3710284364745175050,198017,25825846,167
62466715,-24818953669916637,1579630512708099396886463691842065,3710284364745175050,198017,25825846,192
9975128581,-3963053129380567735,1579545887006530349573615396868563,3710284364745175050,198016,25825846,226
124217235869,-49315141332217543784,1578492352632610012551645920908094,3707146449776598904,198002,25825846,231
15432635550,-6122273046567300345,1578361509017322204076855111742726,3707146449776598904,198001,25825846,236
-13026889427,5172995819574118400,1578472009650505113492392807934536,3707146449776598904,198002,25825846,258
-80606697876,32025145263422054400,1579156014550190024867593954357826,3710284364745175050,198011,25825847,2
-367910634,146234993876715418,1579159135641663562670928909500683,3710284364745175050,198011,25825847,480
-17506700475,6959130418876025856,1579307664266979489552432222702596,3710284364745175050,198013,25825847,485
-19792370,7868453610000000,1579307832203277232367017636794261,3710284364745175050,198013,25825849,649
-8629238590,3430711704010235146,1579381053836237259646448516538729,3710284364745175050,198014,25825849,839
-8216635854,3266969614331094528,1579450780724017568339975325905492,3710284364745175050,198015,25825850,43
-483705066,192332197048137963,1579454885667467696373641184757926,3710284364745175050,198015,25825850,248
-2612982677,1038998961001038998,1579477061008076859027756926695965,3710284364745175050,198015,25825850,381
-5023309667,1997498002501997502,1579519693580614686170915401839958,3710284364745175050,198015,25825850,410
909719,-361393982740161,1579519685863529314419011848923194,3710284364745175050,198015,25825851,1111
-882141768,350791098538657765,1579527172793145935370382317848580,3710284364745175050,198015,25825851,1243
-25048159,9960660000000000,1579527385383376034591050958319384,3710284364745175050,198015,25825852,276
15739079441,-6252023038177814584,1579393881789414794746380468574925,3710284364745175050,198014,25825854,107
-11870673557,4720000000000000000,1579494620684836214768345179969192,3710284364745175050,198015,25825854,604
-194978153553,77613184000000000000,1581151002459767905946552837318716,3710854926925231384,198036,25825855,42
186400482766,-74128021733950668717,1579568213002993826008803920366425,3710284364745175050,198016,25825855,75
1780554282,-707377866336135951,1579553107894316550245851822772676,3710284364745175050,198016,25825855,783
2750000000,-1092492276444449119,1579529779182251736811103921226862,3710284364745175050,198016,25825856,161
6296537907,-2501303573672774759,1579476367188304456851680401893808,3710284364745175050,198015,25825857,89
-64971831,25835064928638816,1579476918585741755949508361168199,3710284364745175050,198015,25825857,539
-184993266212,73632985000000000000,1581048366811035222129461041775922,3710854926925231384,198035,25825859,3
270740264353,-107605680175348463969,1578750433740027915927617706011545,3707146449776598904,198006,25825859,36
47428480580,-18818246806471767532,1578348255100361137124215296121396,3707146449776598904,198001,25825859,45
-26010344015,10329290865829284970,1578568899620638083154254139303511,3707146449776598904,198003,25825859,126
-7158138057,2843163907042493977,1578629632592967617193260303878543,3707146449776598904,198004,25825859,251
-154992002,61564192192079609,1578630947668884144647828233237291,3707146449776598904,198004,25825859,258
-424459364,168599533909966848,1578634549132310985101154982979880,3707146449776598904,198004,25825860,8
8763922742,-3477482326822293632,1578560229291251951162975190298540,3707146449776598904,198003,25825860,110
130763170,-51883716615441618,1578559120446055910968055581682018,3707146449776598904,198003,25825860,549
-205197887113,81589005000000000000,1580300871708680813523986764964741,3710452915334090320,198025,25825860,723
188144969325,-74740666405342994042,1578704609494563540809138958887723,3707146449776598904,198005,25825861,2
4414384558,-1751802934174493434,1578667170421291939735037856473187,3707146449776598904,198005,25825861,145
8723424047,-3461556445743303883,1578593190943990152313234087656153,3707146449776598904,198004,25825862,339
-180183395434,71636418000000000000,1580122503566751546362164970003648,3710452915334090320,198023,25825863,16
197208389056,-78319622420731728886,1578449593752981557299440421888447,3707146449776598904,198002,25825863,59
1999640607,-793290674316783968,1578432639752561744360831450391410,3707146449776598904,198002,25825864,819
-185237900423,73632985000000000000,1580004706212437827276784118010103,3710452915334090320,198022,25825865,3
155620811766,-61808060572734547729,1578684572106420483382782508846619,3707146449776598904,198005,25825865,36
-35325371050,14035179278307745792,1578984378302130175152865625702671,3707146449776598904,198009,25825867,49
-3540227353,1406867249348753178,1579014430466732568741146200504182,3707146449776598904,198009,25825867,193
-1829059989,726879552862283459,1579029957378727174803737435334976,3707146449776598904,198009,25825867,408
-1000402943,397572255443933734,1579038449940386760468786627750306,3707146449776598904,198009,25825867,415
-185095960063,73632985000000000000,1580609976549585277122615854955673,3710452915334090320,198029,25825868,103
134044758460,-53285637612129646675,1579472167779994700317404895717595,3710284364745175050,198015,25825868,135
79382886,-31533652806663701,1579471494420994788102267645855825,3710284364745175050,198015,25825869,336
707390265,-280998915721960809,1579465494064803038195871987605746,3710284364745175050,198015,25825870,4
-1886160054,750000000000000000,1579481501304541611292582482001021,3710284364745175050,198015,25825871,688
-194981390674,77613184000000000000,1581137885096642491048946594877882,3710854926925231384,198036,25825874,36
171596916448,-68245211262843757492,1579680713175872604516741059609941,3710284364745175050,198017,25825874,69
14000000000,-5562341415360116292,1579561936810965533145491570650012,3710284364745175050,198016,25825874,73
-2631640955,1046560000000000000,1579584273526726601225616017335771,3710284364745175050,198016,25825874,156
-11575306162,4603658891734143068,1579682529355466070767494810458046,3710284364745175050,198017,25825874,165
-317280413204,126410081927099049842,1582377544941150568268259829902640,3721141236137367634,198052,25825876,115
320954502572,-127743650678716500587,1579652703118403005843441112003152,3710284364745175050,198017,25825876,169
1798070,-714419366077844,1579652687862932515014735246047465,3710284364745175050,198017,25825877,60
-14579376144,5799014875270625000,1579776456158073859625862198430696,3710284364745175050,198019,25825877,334
191151919,-75961428189695613,1579774834103323928844110592262056,3710284364745175050,198019,25825878,425
-17111385170,6807278553444724192,1579920118308500507612223760738670,3710452915334090320,198020,25825879,463
-40167142991,15984277030000000000,1580261255017317304198708116469586,3710452915334090320,198025,25825879,813
14609345984,-5808688688500780075,1580137223870201704383589801525248,3710452915334090320,198023,25825880,22
496011609,-197198643286432756,1580133013148083840458349358835360,3710452915334090320,198023,25825880,65
28201663004,-11210367440182651209,1579893641612138763825456684793442,3710452915334090320,198020,25825881,36
17830187881,-7085877805010495502,1579742334409442031221932306170797,3710284364745175050,198018,25825881,58
298800000,-118734257406575610,1579739798998105044723154864153054,3710284364745175050,198018,25825881,204
982523689,-390423084629054029,1579731462035070019902969891936598,3710284364745175050,198018,25825881,359
1544637355,-613780513909767098,1579718355572728157983693599398200,3710284364745175050,198018,25825881,387
3734604509,-1483948623892957992,1579686667833682128009357819524322,3710284364745175050,198018,25825881,694
24787035785,-9847643419499048937,1579476384573284058264821887865611,3710284364745175050,198015,25825882,607
-4989503,1984000000000000,1579476426917768913370187052693451,3710284364745175050,198015,25825882,743
76455489207,-30358499132009127084,1578827970139097376286096461723063,3707146449776598904,198007,25825883,2
9198331882,-3650739685735061028,1578749947487163535885363703404550,3707146449776598904,198006,25825885,373
187911900,-74576873847138458,1578748353649757591768783798495257,3707146449776598904,198006,25825885,606
-1975909728,784974533799643659,1578765121531666388842788336410871,3707146449776598904,198006,25825886,64
-694391828,275866714984415232,1578771014334936115189546181825378,3707146449776598904,198006,25825890,60
722223420,-286636704289201498,1578764888410401532390882056079686,3707146449776598904,198006,25825890,100
10401820322,-4128037437542863855,1578676665075985833079233134431305,3707146449776598904,198005,25825890,126
24655091090,-9782708244795272824,1578467591598811770869885933794030,3707146449776598904,198002,25825891,960
1453117500,-576490710112029241,1578455270990417281372047327760360,3707146449776598904,198002,25825893,450
-1283001,509506366642052,1578455281874009321333401109238703,3707146449776598904,198002,25825893,758
-601341273,238805880000000000,1578460383018852306025329472374125,3707146449776598904,198002,25825893,862
-8812965459,3500000000000000000,1578535146701180590495331932003595,3707146449776598904,198003,25825893,1155
-25232532611,10022735942626077668,1578749242885773383316064743754556,3707146449776598904,198006,25825894,117
109928400,-43627425823229362,1578748310491860698769612121064117,3707146449776598904,198006,25825896,39
2506403,-994718479079451,1578748289232998017151551478779450,3707146449776598904,198006,25825896,195
2130121620,-845373922908564646,1578730222123037050504654909099785,3707146449776598904,198005,25825897,353
2130602,-845554605896666,1578730204052065580061955234318137,3707146449776598904,198005,25825898,340
297788679,-118180807811441491,1578727678322808804630955765222104,3707146449776598904,198005,25825901,345
-10109308612,4016220370853327360,1578813469015370765491304242252841,3707146449776598904,198006,25825902,204
-1293334108,513846532197371620,1578824445317913249745448330419696,3707146449776598904,198007,25825903,197
33399055573,-13254018623692744359,1578541183904933922800760508684974,3707146449776598904,198003,25825904,7
499339561,-198120892198363712,1578536949717140907791076413578754,3707146449776598904,198003,25825904,160
99150260669,-39318366713855634941,1577695159559258777016335993672608,3697468176101582350,197992,25825905,5
-799275033,317104450269323643,1577701950974335931306399748347446,3697468176101582350,197992,25825905,403
866554519,-343453084714487970,1577694591571762120684818519457960,3697468176101582350,197992,25825906,901
33603849627,-13316190038924278383,1577409242898694026894369732241817,3696717590264151512,197989,25825907,134
47665735155,-18880229465635019859,1577004601253265265109075653924180,3696717590264151512,197984,25825907,265
32476730994,-12858371246063390240,1576729020254209543685119849601246,3696717590264151512,197980,25825910,24
131581861953,-52050517702521487047,1575606512390549754230922558168242,3649523222747285503,197966,25825912,76
1999647523,-790438135252057876,1575589352625502395709794564154943,3649523222747285503,197966,25825912,917
-1105584429,437460292230061568,1575598844781990908215330326820870,3649523222747285503,197966,25825913,1408
-15865935571,6278451979186244596,1575735076686350138992069221285888,3649523222747285503,197967,25825914,70
-26587033625,10523427443501858815,1575962862105582699601562343702408,3681632113899648823,197970,25825914,647
-38997507350,15441104277028306066,1576294986173406902572682213064704,3681632113899648823,197975,25825915,33
-7400292105,2930888206843452726,1576358026905217967660572721145233,3681632113899648823,197975,25825916,610
2468710686,-976782255898686279,1576337006699798958689396544190524,3681632113899648823,197975,25825916,708
41024757648,-16228245588511614327,1575987777325697775187646239837492,3681632113899648823,197971,25825917,101
703296000,-278141516897325948,1575981791762604844713804275839956,3681632113899648823,197971,25825917,156
71914371508,-28429679984114173245,1575365328572237495403766203580896,3649523222747285503,197963,25825918,2
33456837756,-13218798079416903405,1575078352394140491767585546275111,3648776549375004954,197959,25825919,12
-29524978946,11676745488000076498,1575331725126149385008751798370892,3649523222747285503,197962,25825921,501
-65647699,25966997750236886,1575332288566558857589412513774663,3649523222747285503,197962,25825921,908
-110228425000,43627117002223755264,1576275617017340423406901638980599,3681632113899648823,197974,25825923,2
-13639474979,5401968091785998745,1576391808423389641451849649236370,3681632113899648823,197976,25825923,146
15709598,-6216085783969517,1576391674654170051151132603318058,3681632113899648823,197976,25825923,420
-2806228610,1111516550637093449,1576415582361263300867137687000692,3681632113899648823,197976,25825923,916
-61583191724,24400914119696347136,1576939393060343184327243155288337,3696717590264151512,197983,25825925,2
527868694,-209015410611232616,1576934913435780165130304923009473,3696717590264151512,197983,25825925,73
119523663,-47326543026874454,1576933899131887423460790962751939,3696717590264151512,197983,25825925,348
-2522952580,1000000000000000000,1576955320445931418023256579493889,3696717590264151512,197983,25825927,207
139091400,-55075996145201066,1576954140055526503379952148289558,3696717590264151512,197983,25825927,358
6591866832,-2610085760879791547,1576898200619042696964701736986074,3696717590264151512,197982,25825929,89
1991610038,-788552472748477784,1576881300338743633826462222845604,3696717590264151512,197982,25825929,113
1984576131,-785750674547614392,1576864460106667830912027393484143,3696717590264151512,197982,25825929,130
48042701114,-19016358975387174252,1576455954624896696283711686555415,3681632113899648823,197977,25825929,175
71712000,-28377816765843913,1576455343938600790733624447116031,3681632113899648823,197977,25825929,404
-10419566769,4127580000000000000,1576544124419275949551705491239744,3681632113899648823,197978,25825929,934
26878912392,-10636151784217809820,1576315236052373421916756741085049,3681632113899648823,197975,25825929,986
40273667359,-15930759918385309164,1575972408524597255062192469537836,3681632113899648823,197970,25825930,2
78857626463,-31172982380632706463,1575296307929511285380473287843482,3649523222747285503,197962,25825931,6
28604188,-11302582444663813,1575296062559696079054762977934249,3649523222747285503,197962,25825931,740
-159892160979,63297568575740355000,1576662800421253518337924635414309,3681632113899648823,197979,25825936,70
86787195,-34352371159468238,1576662061163456766388419914436796,3681632113899648823,197979,25825938,125
7450520717,-2948967671409002482,1576598599828187114146688380520904,3681632113899648823,197978,25825940,442
9962030744,-3942669826414298088,1576513754173845955622140637891487,3681632113899648823,197977,25825940,446
-68137796416,27002333281756995584,1577092890072581245385245887302271,3696717590264151512,197985,25825941,149
-3245868398,1286800082332043973,1577120455021256718158055956366898,3696717590264151512,197985,25825942,631
15997143706,-6335172077561739649,1576984679422861324958335290126683,3696717590264151512,197983,25825943,514
-4036431265,1600000000000000000,1577018953525331716258280276913803,3696717590264151512,197984,25825945,240
-2247396791,890875205163470458,1577038037242875531045132984489153,3696717590264151512,197984,25825945,446
-7843626146,3109407192445979648,1577104644830835571812165732553480,3696717590264151512,197985,25825945,663
-89939352221,35672962675673980000,1577868726898433890514594108323557,3697468176101582350,197994,25825946,2
-4053563255,1608593124600000000,1577903178081916609383076954291060,3697468176101582350,197995,25825947,1146
16849246899,-6679215155787123614,1577760058001194675631716941579687,3697468176101582350,197993,25825948,20
403328298,-159868645603961571,1577756632387117261049952721502801,3697468176101582350,197993,25825948,56
14361172833,-5691935830518843362,1577634667411214052197931831044764,3697468176101582350,197992,25825950,490
1212206800,-480408181451108253,1577624373378740912420195085939354,3697468176101582350,197991,25825952,83
1979379157,-784431835856469647,1577607564824883898330238549748220,3697468176101582350,197991,25825954,266
13292496866,-5267409533759660765,1577494696462346724646290194958631,3697468176101582350,197990,25825959,748
1013116487,-401436133547255391,1577486094617594320730931359166881,3697468176101582350,197990,25825959,1351
28739163043,-11385749952030622964,1577242076861031698395658337957433,3696717590264151512,197987,25825959,1406
-756518151,299968647410959350,1577248502583631240832325206462561,3696717590264151512,197987,25825959,1494
22093052,-8751440255458926,1577248315022500626083289234573106,3696717590264151512,197987,25825960,248
-117616229,46636473697910844,1577249314037049613523865454706567,3696717590264151512,197987,25825961,94
-29178913,11569854744939591,1577249561878541548275448208787513,3696717590264151512,197987,25825961,248
-149422366471,59295808769522499584,1578518880308692749549752206904116,3707146449776598904,198003,25825967,2
-92657811349,36817639305226371072,1579305131703015400247692359478614,3710284364745175050,198013,25825968,2
87130,-34603598838142,1579305130964101806891595125392881,3710284364745175050,198013,25825968,326
164601,-65371183266635,1579305129568187579720369985090687,3710284364745175050,198013,25825968,540
-27291323179,10851215807798304768,1579536726918708141840964402516080,3710284364745175050,198016,25825969,94
3500000000,-1390410275777651659,1579507036566039342902768068029027,3710284364745175050,198015,25825970,208
-20376729923,8103697224163962880,1579679993665020678746305848450582,3710284364745175050,198017,25825970,217
549176,-218209216073134,1579679989005454582566530369764301,3710284364745175050,198017,25825970,577
73172457996,-29062893880604826277,1579059389759373474743889801615871,3710284364745175050,198010,25825971,2
-1434222550,570000000000000000,1579071555261574790297389777356280,3710284364745175050,198010,25825971,197
4545143371,-1804530545733055224,1579033003713619619727996348089886,3707146449776598904,198009,25825972,163
-38077849542,15135672129304920064,1579356062367328876306663095673501,3710284364745175050,198013,25825973,184
55031251483,-21850671450005371120,1578889330769908065452477715419966,3707146449776598904,198007,25825976,14
-24915736,9900000000000000,1578889542244323794028550008091489,3707146449776598904,198007,25825976,136
87858002,-34874520097397105,1578888796915218694859082384845851,3707146449776598904,198007,25825976,178
101073915,-40120429103137212,1578887939471920948440280445297319,3707146449776598904,198007,25825976,508
48828738,-19382135526981296,1578887525241999306766246018453466,3707146449776598904,198007,25825976,545
88625879,-35179232983226845,1578886773400650257762004224497957,3707146449776598904,198007,25825977,68
16420000,-6517765312686652,1578886634104677892145882095317089,3707146449776598904,198007,25825977,149
757773180,-300789719860422832,1578880205705603138102923308932551,3707146449776598904,198007,25825978,49
-33802929375,13433514417018386666,1579167064457073171032060625965908,3710284364745175050,198011,25825980,2
4000000000,-1588292371988175936,1579133148596778541513226889113011,3710284364745175050,198010,25825980,91
-48946532526,19459499815460900863,1579548472435096943612430214926292,3710284364745175050,198016,25825980,109
-40601909757,16149726475117748224,1579893153603394430943878415472021,3710452915334090320,198020,25825981,22
-32021529540,12741785400621398016,1580165089001402099964748804589852,3710452915334090320,198024,25825982,13
1699954860,-675868146530950748,1580150657396265629090282870647694,3710452915334090320,198023,25825983,953
-42508357228,16921099962108037120,1580511787795832631415437068225020,3710452915334090320,198028,25825985,5
-76653450800,30532630962958315520,1581163358397549162193722048375118,3710854926925231384,198036,25825987,5
199500000000,-79333115489402810301,1579469423022136991456127366500511,3710284364745175050,198015,25825987,242
-10758937830,4278336940410743645,1579560735508920388915514657582385,3710284364745175050,198016,25825987,262
-190491166851,75831610845649143897,1581179088873305901652580075831296,3710854926925231384,198036,25825987,269
-9528641448,3797286803204104406,1581260121852457879707269905273864,3710854926925231384,198037,25825987,379
-64253367438,25615950159140241408,1581805699075396552915277096844930,3721177191740895123,198044,25825988,8
-11388211897,4541992177484101102,1581902354985340140362915015094652,3721177191740895123,198046,25825988,323
1199669514,-478015307902452503,1581892177487052002233249215564558,3721177191740895123,198045,25825989,410
-16988017058,6776322508730414080,1582036381085948412738464167754934,3721177191740895123,198047,25825989,414
499999996,-199262419861894301,1582032138558766733991040854050570,3721177191740895123,198047,25825990,39
441713909,-176033077074765296,1582028390611136258286376400215337,3721177191740895123,198047,25825990,89
-28526124150,11381403792575214950,1582270593219248671141218648864758,3721141236137367634,198050,25825990,204
765129554,-305012992508392410,1582264099077423379530621951442199,3721141236137367634,198050,25825991,581
-15025868683,5996400000000000000,1582391706760575063924547542669614,3721141236137367634,198052,25825998,114
10329340079,-4118130817556562436,1582304026149449685207039578527844,3721141236137367634,198051,25825999,671
101537850095,-40457120937360142684,1581442646439468677347966859219522,3721177191740895123,198040,25826000,401
-69442130883,27691709474227658752,1582031940139795466388054659147564,3721177191740895123,198047,25826001,17
-2947277397,1175753853751402980,1582056960781435358180571994296096,3721177191740895123,198047,25826001,198
-8772943508,3500000000000000000,1582131442566428203480352044853694,3721177191740895123,198048,25826002,13
199999990,-79714671771750092,1582129745348949841806687833991014,3721177191740895123,198048,25826003,72
61997048872,-24702132438912295711,1581603808404140335656285362255878,3721177191740895123,198042,25826003,80
-69308111806,27643880750123642880,1582192084284825639717051089213179,3721177191740895123,198049,25826003,96
-28968951419,11560503449193734144,1582438099843491907315236844003512,3721141236137367634,198052,25826005,112
-32282320504,12886990233042753536,1582712344217856020970373843038976,3721141236137367634,198056,25826006,41
312371958,-124594514479569310,1582709691431031992780902550700295,3721141236137367634,198056,25826006,193
-5009077597,2000000000000000000,1582752252862274633163107070487972,3721141236137367634,198056,25826008,285
-3152085228,1258604313600000000,1582779036862752121659755151129065,3721141236137367634,198057,25826008,324
763776972,-304669507255959922,1582772550034195441488044960705368,3721141236137367634,198057,25826009,26
-25076859298,10014440000000000000,1582985664483942215262627076276623,3721141236137367634,198059,25826009,136
221295642,-88297811608157366,1582983784503333092599519914310560,3721141236137367634,198059,25826010,57
32843822219,-13102486269825632791,1582704814734208118448224104087552,3721141236137367634,198056,25826010,691
-213003318802,85141468653203439616,1584516645961054339704084646310048,3721277838608626213,198079,25826011,5
-64500224335,25820448285006393344,1585067512915742267391104251634587,3710278915089201963,198086,25826012,17
1754367113,-701835823460142277,1585052526127969171945292108556399,3710278915089201963,198085,25826012,379
26283544487,-10513162217472823193,1584828031273601940340914302269411,3710278915089201963,198082,25826012,406
-382813764,153253627827399806,1584831302168488141191425581806778,3710278915089201963,198083,25826012,440
-142145645995,56949745209545367552,1586054518562722334904264186269597,3667525026544973399,198098,25826013,13
127634354,-51124271607934861,1586053414144328442539121246515361,3667525026544973399,198098,25826014,378
-58358703116,23406534595519373312,1586556253761460797475549977108107,3692116642983485166,198104,25826015,80
10000000000,-4007846122543438114,1586470250442867794933493653386365,3692116642983485166,198103,25826016,993
2215100474,-887719400690530375,1586451201105117690357874960755070,3692116642983485166,198103,25826017,671
-10265086976,4118113212855573504,1586539526431520515809317297812926,3692116642983485166,198104,25826017,1364
-47918565790,19229877783958626304,1586951969009993686861196915377884,3692116642983485166,198109,25826018,136
15782364127,-6328285884554366503,1586816171983252665488478685888512,3692116642983485166,198108,25826019,14
2770218605,-1110668322221835397,1586792338443080074984878268602368,3692116642983485166,198107,25826019,772
-27282959197,10951004978106798404,1587027207384519641378504901077939,3692645050123681793,198110,25826020,6
-57445218397,23068322694664813702,1587521906161190179657265174915311,3692645050123681793,198116,25826020,87
196829142,-78986345284565009,1587520211456468857008320645240035,3692645050123681793,198116,25826020,180
3772595411,-1513887152904279567,1587487729997853022854189266232894,3692645050123681793,198116,25826020,223
70087920721,-28113991484639116262,1586884513442770716453358314036010,3692116642983485166,198108,25826021,2
110681616021,-44353622428119873757,1585931110009650726746380859621140,3667525026544973399,198096,25826022,5
32519302872,-13021363339185120661,1585649814399306623301663688057785,3667525026544973399,198093,25826023,9
1494748615,-598415469141138388,1585636887055199355364167601888876,3667525026544973399,198093,25826023,339
17051669014,-6825863772430959999,1585489430489709506232758457497588,3667525026544973399,198091,25826024,28
79231511193,-31700213990881617398,1584811288390357431978201716504803,3710278915089201963,198082,25826025,2
5519581,-2207419244689706,1584811241253801216719637156862149,3710278915089201963,198082,25826025,70
28870669326,-11544310866901710669,1584564804133069081786820027171572,3721277838608626213,198079,25826027,123
3574462558,-1429045493529175467,1584534378926053649841724623603119,3721277838608626213,198079,25826027,427
6836568,-2733159898426881,1584534320735494922036546005435753,3721277838608626213,198079,25826030,92
2550280656,-1019551009143829753,1584512613903447618665490185802622,3721277838608626213,198079,25826032,135
8889821934,-3553753957482192751,1584436952421480880431546062256281,3721277838608626213,198078,25826032,168
-776480725,310699426231416704,1584443564084901162263061322342857,3721277838608626213,198078,25826032,495
600000000,-239842990866569669,1584438457688581830002470986422388,3721277838608626213,198078,25826032,661
-41276313090,16519850810540975775,1584790590042107321162302117380096,3710278915089201963,198082,25826035,28
-27997472213,11209498454451737000,1585029834565655149832186889415390,3710278915089201963,198085,25826037,82
8747904126,-3499307065153885657,1584955111431575441437148954231056,3710278915089201963,198084,25826037,132
-42330387953,16952874581641160704,1585316936933272181741275372670386,3710278915089201963,198089,25826038,27
7597166,-3040236749027182,1585316872012985393012542504776992,3710278915089201963,198089,25826038,104
-17761239811,7115496859899824514,1585469736668203797292299170349056,3667525026544973399,198091,25826039,13
-19857447975,7956909877409080320,1585641540851854554927891790737566,3667525026544973399,198093,25826040,29
-68519815237,27469240683952365568,1586234260735503781779692990653007,3692116642983485166,198100,25826041,5
-3955595292,1586404206537562692,1586268285946105528218015451053792,3692116642983485166,198101,25826041,571
-380844485,152742496623306624,1586271561968442097517727132506572,3692116642983485166,198101,25826042,560
-985633118,395303554894971880,1586280040442371687402534043749974,3692116642983485166,198101,25826042,567
-1520019579,609635874481737904,1586293115917672458322075816483418,3692116642983485166,198101,25826042,574
16116714755,-6456974737624206025,1586154414039209159012163153920113,3667525026544973399,198099,25826044,177
35655660547,-14280998291828929962,1585845907009170742652281815202881,3667525026544973399,198095,25826045,45
-30872266472,12377179815383435264,1586113152875573969877729875055379,3667525026544973399,198099,25826047,5
-25385588976,10180605079690316362,1586331924752323786338360306833599,3692116642983485166,198101,25826047,300
-79499665674,31900591896454250496,1587016122194524918625508273606738,3692645050123681793,198110,25826051,2
576157024,-231060554970946601,1587011164636202528254902871611718,3692645050123681793,198110,25826054,183
-1500000000,602161231148918979,1587024077947167988711524823441580,3692645050123681793,198110,25826054,765
25000000,-10026067228833438,1587023862831208289755454902275508,3692645050123681793,198110,25826054,939
-43899882755,17627541382078095360,1587401884383656926984506152382022,3692645050123681793,198115,25826055,2
25000000,-10030841401326674,1587401669165264172852288372272261,3692645050123681793,198115,25826056,156
-26468435402,10632180596618110976,1587629675631278438826168620915140,3692645050123681793,198118,25826056,162
30000000,-12040464210475062,1587629417295087912539262864800968,3692645050123681793,198118,25826057,134
-95410052174,38350881305251282944,1588451801737975564613749358471409,3692901633098013874,198128,25826057,140
15669637380,-6294971008711711012,1588316748320459432025566125683128,3692901633098013874,198126,25826057,685
242987093,-97606894153750927,1588314654244948940157646679000116,3692901633098013874,198126,25826059,565
682618517,-274203612806137638,1588308771432311123414183602263479,3692901633098013874,198126,25826059,582
-60395986535,24292860265712746496,1588831484053609832321358111989810,3668831970882862667,198133,25826060,62
597300000,-240087971802640734,1588826299371128142550408582983399,3668831970882862667,198133,25826060,94
996589271,-400580969424637135,1588817648853906973796280024162104,3668831970882862667,198133,25826060,451
1524180313,-612638764218620330,1588804418963860422891639892901613,3668831970882862667,198133,25826061,270
1495148071,-600959446497447827,1588791441287839974172361309670675,3668831970882862667,198132,25826062,200
1090405765,-438271233455123985,1588781976852078105838159920231199,3668831970882862667,198132,25826062,303
25892773,-10407124073531992,1588781752110982316300038082283851,3668831970882862667,198132,25826062,310
-15462640505,6221668761887508794,1588916041422129563510952417034240,3668831970882862667,198134,25826063,311
25000000,-10049986527626991,1588915824393393389095231964204694,3668831970882862667,198134,25826063,851
66737960221,-26818850708736498415,1588338108421250157790703117389591,3692901633098013874,198127,25826064,50
9998450236,-4016230885816353600,1588251943495960954853705765294194,3692901633098013874,198126,25826065,135
105804495,-42497784320911479,1588251031741005855034246475695242,3692901633098013874,198126,25826066,49
63580966108,-25529320343896241522,1587703317068072811751601691760318,3692645050123681793,198119,25826066,53
2043761232,-820328268261068009,1587685716377925066291170838290161,3692645050123681793,198119,25826067,705
-63471420310,25510263042018082816,1588232749764201745420493221128564,3692901633098013874,198125,25826068,2
-19776820501,7952239040000000000,1588403273197787385436712538607777,3692901633098013874,198128,25826068,12
-75053989751,30194721943781658624,1589053992358671336264138063763695,3668831970882862667,198136,25826069,2
-59846066923,24094229752480100352,1589573896295777597032999021654463,3671288898026392944,198142,25826070,12
-14774904353,5950853030456032250,1589702254326569808326293394720439,3671288898026392944,198144,25826070,295
15000000000,-6035467086974923352,1589572006073027734404226770507437,3671288898026392944,198142,25826071,65
94295794,-37938149203541810,1589571187349703562215859064596797,3671288898026392944,198142,25826071,73
89501134,-36009071136384068,1589570410256802615407167473928280,3671288898026392944,198142,25826071,86
-64247188195,25883571906660388864,1590128710773183025213494853462235,3671288898026392944,198149,25826073,5
78157713058,-31453907277810091637,1589449920477258723245851443890041,3671288898026392944,198141,25826074,2
8424192,-3388796725484596,1589449847345411801900608859536883,3671288898026392944,198141,25826074,187
98173121,-39492047473800150,1589448995088223064369908028545566,3671288898026392944,198141,25826076,734
-76637542892,30872707062955958272,1590114909682911372684581236387350,3671288898026392944,198149,25826081,2
-34340184,13839415827659028,1590115208194764019924764060553748,3671288898026392944,198149,25826083,256
-37511123,15117339891569226,1590115534271037348702554199284219,3671288898026392944,198149,25826090,268
16057531298,-6464302421516730430,1589976031546784674507403630445173,3671288898026392944,198147,25826090,640
44326099787,-17838533238047990030,1589591067505638269509117300861115,3671288898026392944,198143,25826091,5
28144597,-11323727639639163,1589590823134203980343866296742048,3671288898026392944,198143,25826091,174
42820971931,-17224604863396073429,1589219019431360335155100123931913,3668831970882862667,198138,25826092,12
11126249210,-4474180673443084187,1589122399821542546883466392508623,3668831970882862667,198137,25826093,504
39712422906,-15965057349126312486,1588777635556445459270639378104844,3668831970882862667,198132,25826094,92
20000000,-8038588822517831,1588777461963698048019485617188854,3668831970882862667,198132,25826094,368
5759743,-2315009907558642,1588777411971225611607599955174280,3668831970882862667,198132,25826094,649
69170299226,-27791100508127591418,1588179739327558250628260503900399,3692901633098013874,198125,25826095,24
15695528864,-6303211890487887541,1588044509108712027907032900362115,3692901633098013874,198123,25826096,364
18842815449,-7565721915261981512,1587882192777275587975077177589760,3692901633098013874,198121,25826097,172
-16633261,6684548178280487,1587882336117044626032496366205379,3692901633098013874,198121,25826099,113
-10056613509,4041756383668348004,1587969005314586731873041694115559,3692901633098013874,198122,25826100,412
-238258491,95761519074521954,1587971058771852770526227101077159,3692901633098013874,198122,25826100,518
-15903614078,6392585078438262641,1588108137845001912236761369542598,3692901633098013874,198124,25826102,250
-17813828,7161029936800753,1588108291402183316182966249408972,3692901633098013874,198124,25826103,71
18905904097,-7591660275191736759,1587945418584601280185120078591610,3692901633098013874,198122,25826103,89
-351696419,141350695888186141,1587948449631062702087822380957913,3692901633098013874,198122,25826106,90
-2481853951,997500000000000000,1587969839471602716327155253072571,3692901633098013874,198122,25826106,428
2550120905,-1023912614726363930,1587947872269900706465040733231969,3692901633098013874,198122,25826108,13
-3600613973,1447156724528615104,1587978904301553915878853592135190,3692901633098013874,198122,25826108,520
39080500296,-15688489835684657226,1587642312302186801693814361215151,3692645050123681793,198118,25826109,2
-25106504,10086713261773848,1587642528611139007398222322668441,3692645050123681793,198118,25826110,3
21997015651,-8827567142107143843,1587453127270190459070993701254420,3692645050123681793,198116,25826111,8
1315001684,-527653306718904013,1587441806116554391593215011359913,3692645050123681793,198115,25826111,555
514056435,-206266569911759736,1587437380529718830075452696027093,3692645050123681793,198115,25826111,642
461329658,-185108825463354198,1587433408896402450533294451593209,3692645050123681793,198115,25826111,746
986227849,-395721459657184336,1587424918428542548541605893543600,3692645050123681793,198115,25826112,53
488518336,-196015193390284551,1587420712791827839052642733657012,3692645050123681793,198115,25826112,164
646372842,-259351816692515081,1587415148225615173677786074743876,3692645050123681793,198115,25826112,419
20138004853,-8079299076261593672,1587241801475107983865815328882688,3692645050123681793,198113,25826113,28
103938645,-41695253556035299,1587240906875632548127123620888309,3692645050123681793,198113,25826113,35
3429408,-1375714888727574,1587240877358752019967322373274129,3692645050123681793,198113,25826113,69
18480606,-7413536984354895,1587240718296371252472300377471134,3692645050123681793,198113,25826114,37
-2465390733,990000000000000000,1587261948786137944591362805925667,3692645050123681793,198113,25826114,47
1787322673,-717000727663084801,1587246565057292348131675717573932,3692645050123681793,198113,25826114,58
309193910,-124034535858406587,1587243903813595491311603475979773,3692645050123681793,198113,25826114,68
615445,-246888020052345,1587243898516448348810847622650754,3692645050123681793,198113,25826114,78
147098118,-59008928771317391,1587242632440523090304795051618887,3692645050123681793,198113,25826115,90
-55384118,22239757851332966,1587243109370777106906041003611162,3692645050123681793,198113,25826115,572
243855518,-97823352924327562,1587241010505492744070188790612627,3692645050123681793,198113,25826116,228
19997242495,-8021071820769359286,1587068913059589240393813203208465,3692645050123681793,198111,25826116,353
19136193,-7674863810023081,1587068748390267125345671362072571,3692645050123681793,198111,25826117,13
29764526,-11937516933656379,1587068492262879088190071745168948,3692645050123681793,198111,25826117,139
-500000000,200733823019675100,1587072796987500753037652101926891,3692645050123681793,198111,25826117,258
269278530,-107998672932515868,1587070479803938759811438487323026,3692645050123681793,198111,25826118,79
19714186595,-7905848730157880609,1586900844767285458394479545286656,3692116642983485166,198109,25826120,321
25001576165,-10023784734982203078,1586685747000127855520912293687732,3692116642983485166,198106,25826121,39
95696449067,-38342092928711777224,1585860875600084177148694761641818,3667525026544973399,198096,25826122,2
-153059392,61354801007823718,1585862200362041093542413862847021,3667525026544973399,198096,25826123,804
31662758269,-12677343747074823931,1585588336477439699569801737013450,3667525026544973399,198092,25826125,5
48985512095,-19604533317015137416,1585167342145252463445069925218005,3710278915089201963,198087,25826126,5
-1984639743,794867241083484790,1585184307010821562325251200131086,3710278915089201963,198087,25826127,596
-1080383605,432711142133571072,1585193542372372682356140240487830,3710278915089201963,198087,25826127,612
11999508809,-4800910406168400670,1585091025198170648511397099094058,3710278915089201963,198086,25826129,528
770,-307804940507,1585091025191597875841924669244642,3710278915089201963,198086,25826130,369
1540,-616010147509,1585091025178443783334522615178735,3710278915089201963,198086,25826130,377
-322840724,129287196226827934,1585093784557356926237219015789018,3710278915089201963,198086,25826131,141
152011123987,-60765022427934194696,1583798574843963131681768054449217,3721277838608626213,198070,25826132,18
-9047994026,3617689957331707076,1583875559049073943687441477981757,3721277838608626213,198070,25826132,494
10785427,-4308271385015588,1583875467323478529614746563469835,3721277838608626213,198070,25826132,498
-354422588,141717120000000000,1583878483054500941610510166626987,3721277838608626213,198071,25826134,141
-2960558066,1183810650280243200,1583903674467526494538650121865739,3721277838608626213,198071,25826134,279
-8078035440,3230280000000000000,1583972414614144468582119619457040,3721277838608626213,198072,25826136,106
-336499949,134567148923790721,1583975278194251141725664327951229,3721277838608626213,198072,25826138,108
283649,-113318656375709,1583975275781631253448342358144846,3721277838608626213,198072,25826144,143
185977,-74298430263178,1583975274199774600238388590354229,3721277838608626213,198072,25826144,147
-19840544975,7935142358357497856,1584144133508920553756817780152910,3721277838608626213,198074,25826144,190
319949,-127847941409752,1584144130786963764066186989772317,3721277838608626213,198074,25826144,225
-53125932013,21255825127845371904,1584596470607645074828892470794123,3710278915089201963,198080,25826146,46
-12753949244,5104696733391552620,1584705420240208822967854855290687,3710278915089201963,198081,25826146,79
444617,-177789498488413,1584705416443746184462708766753636,3710278915089201963,198081,25826146,267
-30474273321,12200000000000000000,1584965801259279509689688623084420,3710278915089201963,198084,25826151,295
2100000000,-839997130680266979,1584947864217158391441887181984500,3710278915089201963,198084,25826151,358
-1865175402,746813298590089216,1584963803466583900828216826876498,3710278915089201963,198084,25826152,40
1895157935,-758059510370105881,1584947616095376083570249251657369,3710278915089201963,198084,25826152,64
-22397418887,8968881406981188032,1585139039089695515296975237939200,3710278915089201963,198086,25826164,24
-38199611739,15301754916857524224,1585466586900177946617314126845450,3667525026544973399,198091,25826165,10
-14973972095,5999909865460913578,1585596135887447523479008016096917,3667525026544973399,198092,25826165,366
509287063,-203877934957215734,1585591731589168179528572593506364,3667525026544973399,198092,25826168,172
-16537554261,6627523167671286348,1585734831891294387606095433980109,3667525026544973399,198094,25826169,28
38450490912,-15392018486592189513,1585402323910230353551076933362245,3667525026544973399,198090,25826169,327
486693756,-194785773200565714,1585398116026498708124301546576749,3667525026544973399,198090,25826169,540
80622189625,-32252701587443158098,1584709228500827668298838220115702,3710278915089201963,198081,25826170,2
11390657642,-4554544500001428878,1584611972148924569779283336426260,3710278915089201963,198080,25826170,451
29294621747,-11710866189341904456,1584362577945441070221366252273664,3721277838608626213,198077,25826173,422
-211371910,84569731493005000,1584364377583782722295047234957629,3721277838608626213,198077,25826174,536
89,-35191164909,1584364377583033481992806545630194,3721277838608626213,198077,25826174,578
178,-70782229420,1584364377581526487293983668834109,3721277838608626213,198077,25826174,591
-99975039,40000000000000000,1584365228778904027000058306297007,3721277838608626213,198077,25826176,473
-224043673,89640000000000000,1584367136312227093481371568851362,3721277838608626213,198077,25826178,10
27644904157,-11048056566395540252,1584131916783056853024917812150272,3721277838608626213,198074,25826179,135
3276750000,-1309308493044183311,1584104040846196681105782175201019,3721277838608626213,198073,25826185,181
29869927,-11935074261753789,1584103786741546547377184368451052,3721277838608626213,198073,25826186,358
93948953375,-37520082159246879573,1583304952921958345566331086888475,3721206077810095580,198063,25826188,12
-261058103,104309763672963004,1583307172669696023400535376271648,3721206077810095580,198063,25826196,56
-227829065,91032831828378777,1583309109879746071926055138599414,3721206077810095580,198063,25826196,66
-162593470,64967018437629533,1583310492400299495262994012704560,3721206077810095580,198063,25826196,77
-70576274,28200000000000000,1583311092506023047390848606549929,3721206077810095580,198063,25826196,785
-7307608370,2920000000000001300,1583373231112858941508413901834395,3721206077810095580,198064,25826197,18
-122265346388,48889239057289060352,1584413599117037403205205966315519,3721277838608626213,198077,25826198,2
-2998718223,1199880000000000000,1584439132484771461768326866290088,3721277838608626213,198078,25826199,462
-4899215703,1960411086520682069,1584480849904165116028445449585008,3721277838608626213,198078,25826199,619
-1604000000,641859732919985947,1584494508637200361733072354074064,3721277838608626213,198078,25826202,445
5000000000,-1998772879391900690,1584451953603852791120573832826229,3721277838608626213,198078,25826203,616
25004270726,-9993960909593106841,1584239176382305017531455587900308,3721277838608626213,198075,25826204,2
-86617073,34650000000000000,1584239913732033311301842742602543,3721277838608626213,198075,25826204,81
4951866747,-1978895824170996295,1584197781892714686305765691236906,3721277838608626213,198075,25826205,326
19892408134,-7948467431004650673,1584028554413156634197589138176869,3721277838608626213,198072,25826206,412
-33129625286,13251891738043219968,1584310553800528196358110186426254,3721277838608626213,198076,25826209,7
59653323695,-23834156355677372967,1583803110794379524574795953906721,3721277838608626213,198070,25826214,2
47213392,-18857803427815870,1583802709300812142980277741570934,3721277838608626213,198070,25826215,235
187091594,-74727358776131804,1583801118312022230220613024036055,3721277838608626213,198070,25826215,328
-54684706134,21870202536817510795,1584266514788162262527558769704960,3721277838608626213,198075,25826226,6
-101922011,40773946139629764,1584267382455062912479488418115092,3721277838608626213,198075,25826226,584
-2013564439,805536507106996107,1584284524219121961726739654104943,3721277838608626213,198076,25826227,162
-20244794703,8100000000000000000,1584456891688073752206853740341908,3721277838608626213,198078,25826227,811
20000000,-7994925766728640,1584456721471469293376381644444719,3721277838608626213,198078,25826229,606
851383690,-340335876991615741,1584449475523345783138497981612329,3721277838608626213,198078,25826232,175
-41312107,16530739126466834,1584449827296390614178003146598231,3721277838608626213,198078,25826232,466
43480062307,-17376782056290394208,1584079865532598883194155805028728,3721277838608626213,198073,25826235,6
-65466974,26183916382850693,1584080422724622853230551738038992,3721277838608626213,198073,25826235,431
11928882749,-4765956060011036929,1583978952757145342858795220494840,3721277838608626213,198072,25826236,76
3419297325,-1366002004238215771,1583949869782565013901135588349826,3721277838608626213,198071,25826236,541
-21511848,8602381186008647,1583950052845076406012037426880669,3721188319810150245,198071,25826238,608
1504924,-601202815574671,1583950040044812005844967386783245,3721188319810150245,198071,25826241,282
-19625807658,7848999934155772928,1584117070266885871603405996818490,3721188319810150245,198074,25826243,257
-39608525861,15845782774329331712,1584454275597237953305711297855220,3721188319810150245,198078,25826244,2
6658087499,-2661442077199294712,1584397610589371486388356885876800,3721188319810150245,198077,25826246,38
4956148814,-1981001321306151790,1584355432908174899272244200433840,3721188319810150245,198077,25826246,86
-54275500959,21721703952368005120,1584818353551680730473417391241923,3710189396290725995,198082,25826253,36
164640200,-65844288995157981,1584816947498923865824305676831673,3710189396290725995,198082,25826254,28
-3857087672,1544133302379063680,1584849904758444016291687918157180,3710189396290725995,198083,25826254,189
-49259356090,19725971328654544896,1585270926671101347898353585743260,3710189396290725995,198088,25826255,2
-2017105742,807975912893706409,1585288171731360226632315121062855,3710189396290725995,198088,25826256,321
-32895287048,13179095355487555353,1585571632874983939621510166085632,3667435507746497431,198092,25826263,2
-123530766,49500000000000000,1585572701696273135910114987582178,3667435507746497431,198092,25826266,6
-754645994,302395562701789103,1585579231126882714967777653302933,3667435507746497431,198092,25826266,467
-5557418662,2227000000000000000,1585627317288721909608645076996034,3667435507746497431,198093,25826269,100
8747232138,-3501674727607065946,1585551670081346362300509604048259,3667435507746497431,198092,25826269,528
-2944802652,1180000000000000000,1585577149053492859685432621541684,3667435507746497431,198092,25826270,403
66590719083,-26647421099318778108,1585005878177640828754563608723071,3710189396290725995,198085,25826271,2
49688661022,-19871305256857014022,1584581569026446437916512183327905,3721188319810150245,198079,25826271,208
-1733828185,693900726413681408,1584596352450329291183121357698018,3710189396290725995,198080,25826272,616
500000000,-199907813520982072,1584592083576952275433363922543500,3710189396290725995,198080,25826274,402
-3768290090,1508155590731067567,1584624272945010013111921675372653,3710189396290725995,198080,25826275,710
-74926450760,30000000000000000000,1585264578923827505956145806409515,3710189396290725995,198088,25826276,321
-7017742654,2811094341000000000,1585324577607612916623019354719293,3710189396290725995,198089,25826277,200
-6799339742,2723811738845363256,1585382713372331448540208681499992,3710189396290725995,198089,25826277,258
12058767711,-4825769419556829278,1585279662880027401187656872137272,3710189396290725995,198088,25826278,83
-48268753649,19339698675842510848,1585696046728603734332134025391060,3667435507746497431,198093,25826281,83
-4990226375,2000000000000000000,1585739231427157119730308631312120,3667435507746497431,198094,25826281,334
18623398,-7456689275334480,1585739070339173847303429223773025,3667435507746497431,198094,25826282,176
-10016808160,4014898641679343177,1585825761432955506769117090743289,3667435507746497431,198095,25826286,308
14969020120,-5993665183568958560,1585696279379837774487094500825537,3667435507746497431,198093,25826289,69
70258033,-28129334635214420,1585695671697578280220987627517110,3667435507746497431,198093,25826290,142
78435604810,-31390007435256560107,1585021760858047434638693300020273,3710189396290725995,198085,25826290,678
-48961802299,19611038191015018496,1585440997018004259333052155601870,3667435507746497431,198090,25826291,2
16033238129,-6416633247811243868,1585303307559383776023938523756383,3710189396290725995,198088,25826292,293
-19969182803,8000000000000000000,1585475116316202613896058770414292,3667435507746497431,198091,25826293,16
-207353711130,83172382313289138176,1587263667346421842460185881189328,3692555531325205825,198113,25826294,7
-29758678018,11951982389592383488,1587519983095311613260894419572664,3692555531325205825,198116,25826295,8
-4688529079,1883406647375341544,1587560373615440420695339227398095,3692555531325205825,198117,25826295,583
71247016234,-28581368510136662226,1586947123267132735601167052470744,3692027124185009198,198109,25826298,2
31283384099,-12542629843475759108,1586677967737617356270155909253523,3692027124185009198,198106,25826298,258
-91799622931,36854694208876814336,1587468375246134620325618813375855,3692555531325205825,198116,25826300,2
-123316783,49532549122678490,1587469437494388420813903889429236,3692555531325205825,198116,25826300,159
-180774908,72611825746585407,1587470994688323938678841222569433,3692555531325205825,198116,25826302,900
274056942,-109970294931857041,1587468635145095762535714981110259,3692555531325205825,198116,25826302,1305
67279150464,-26987086150575150173,1586889583783514664753176519293546,3692027124185009198,198108,25826304,2
-2506343677,1006000000000000000,1586911161003032300470464729533281,3692027124185009198,198109,25826305,458
-44669471518,17934089179615938445,1587295774081102595874833402167296,3692555531325205825,198114,25826309,21
-34377902692,13808107045343164416,1587591895275287015808048656005113,3692555531325205825,198117,25826317,99
-30445730270,12233027010537109504,1587854231803633845159904320177882,3692812114299537906,198121,25826319,68
61114089069,-24526878461633531091,1587327984860791509972999078640839,3692555531325205825,198114,25826320,78
9551720780,-3831917054954179623,1587245766531345795524209200216508,3692555531325205825,198113,25826320,472
-134986342484,54244335151510306816,1588409016297957692627907429229154,3692812114299537906,198128,25826321,5
-257401828,103513014565809026,1588411236027831208271140526500128,3692812114299537906,198128,25826323,734
26120997432,-10492469972344228532,1588186123270827969797113408552009,3692812114299537906,198125,25826329,5
100000000,-40163004090320878,1588185261585771530746846984291462,3692812114299537906,198125,25826329,246
2332379529,-936741323263922680,1588165164085141591812529365686128,3692812114299537906,198125,25826330,698
4977780202,-1999120393115710814,1588122273564181146271407259934148,3692812114299537906,198124,25826332,282
9890573902,-3971821233776817781,1588037059345735330504049558672939,3692812114299537906,198123,25826332,377
14265223348,-5727826629281065240,1587914170564775974796173941075661,3692812114299537906,198121,25826332,504
48923906,-19642587078607377,1587913749139035077147816276209768,3692812114299537906,198121,25826334,450
-5227521592,2100970766197906738,1587958802290976156397788363529932,3692812114299537906,198122,25826342,527
-25741326472,10347325213984825657,1588180690011904828110051322363904,3692812114299537906,198125,25826343,7
-24924548817,10021758318108256256,1588395596286416966992990470070127,3692812114299537906,198127,25826346,91
-220648888002,88791455811510599680,1589394725437150411677903012622088,7683486559475651861,198140,25826350,5
3325456059,-1337625718962425897,1589380932528550276501613065806935,7683486559475651861,198140,25826350,334
-65058151364,26199290200417583104,1589650951060487132332873995776757,7683486559475651861,198143,25826351,5
-64789808797,26100075557208711168,1589919947053565073904373655661083,7683486559475651861,198147,25826356,2
67716111238,-27251436032292913671,1589638944258024174931503168001669,7683486559475651861,198143,25826359,5
2847056745,-1145548589094174592,1589627131950020224541836850384956,7683486559475651861,198143,25826362,656
29482478420,-11861639928411881144,1589504820818392757110330344912084,7683486559475651861,198141,25826362,1076
2978143153,-1198090222142859159,1589492466728085978028600964043533,7683486559475651861,198141,25826363,520
980672141,-394514804363008011,1589488398694284863568653980705018,7683486559475651861,198141,25826364,32
-109380001488,44059010152433926144,1589942485394685686506176614412722,7683486559475651861,198147,25826365,2
-70109474092,28254322289693216768,1590328562385963144873673436089637,3687308431457885167,198152,25826366,5
-316218130952,127692735308693880832,1593067649569222390234821622904675,3694630661221941353,198186,25826367,5
-15701752858,6352018030391411914,1593203795001220895769851888359612,3694630661221941353,198188,25826367,286
50542612207,-20422296840374523800,1592765856489540649850070628698477,3694630661221941353,198182,25826368,12
2391828263,-966166220518719488,1592745137889671256477724320587641,3694630661221941353,198182,25826368,226
2806525659,-1133648963830559194,1592720827767070046490007217356353,3694630661221941353,198182,25826369,474
-110169324220,44571619428292280320,1593675761353727406073443110840418,3698774189527141925,198194,25826370,5
2707030684,-1094738404571122655,1593652311932977810214861457175458,3698774189527141925,198194,25826371,170
98081993796,-39643181413860409871,1592802560243102509361472058875260,3694630661221941353,198183,25826373,2
9997753922,-4038558240802179408,1592715956850784054370818562242469,3694630661221941353,198182,25826373,263
85959736827,-34705026275200541285,1591971664040973499508346449171773,3694146885507593140,198172,25826374,2
-2478003572,1001005543403537891,1591993121816858506835761345289060,3694146885507593140,198173,25826376,440
-101322458,40930435697315075,1591993999210716968845109843715549,3694146885507593140,198173,25826376,639
22500877079,-9079309217202404802,1591799275771592287160195159950075,3694146885507593140,198170,25826379,152
21397652328,-8632087394859138027,1591614024377646200598283524505600,3690557264794498894,198168,25826380,264
27969276632,-11280135020281196645,1591371864642287251442124520947712,3690557264794498894,198165,25826382,15
-23532420171,9500000000000000000,1591575706814657785907576498067728,3690557264794498894,198167,25826382,57
66789262,-26939201497094772,1591575128489141860012767303697639,3690557264794498894,198167,25826383,664
-884282791,357030720000000000,1591582789232422235531111351108738,3690600693436309232,198168,25826386,6
10000000,-4033500134424933,1591582702643048120940073816035026,3690600693436309232,198168,25826388,521
-1979752461,799340884589967617,1591599853955154687056124539107055,3690600693436309232,198168,25826393,286
-24763706468,10000000000000000000,1591814346907713697609844306550572,3694190314149403478,198170,25826394,420
-663349134,267908564275140766,1591820089787347283645564015232906,3694190314149403478,198171,25826395,426
-142334954418,57529934663289970688,1593053231550008742305256779307990,3694674089863751691,198186,25826396,6
-157886014,63864960000000000,1593054600378044754155048754238908,3694674089863751691,198186,25826396,49
-79411133340,32135747388345782272,1593742907376187065139581077315242,3698817618168952263,198195,25826398,2
-7975264634,3228929062576431669,1593812036009132518703115756277698,3698817618168952263,198196,25826398,260
-43829935510,17750336580133396480,1594191717368049810136831671550167,3717938921418647898,198200,25826401,16
-469043765,190000000000000000,1594195764186601775578587333524886,3717938921418647898,198200,25826402,114
16000000,-6474807748453709,1594195626210392003049878946506610,3717938921418647898,198200,25826402,572
-9874054545,4000000000000000000,1594280822390433380771050777553333,3717938921418647898,198201,25826402,1238
-19782100112,8015056248537460736,1594451535434231422522096238246301,3717938921418647898,198204,25826404,133
9907459169,-4010377824641780843,1594366075486462005340576544314489,3717938921418647898,198203,25826404,852
-34265795068,13885946640336844412,1594661832888965780811916125405184,3717938921418647898,198206,25826404,1148
-41375058900,16773787937523587072,1595019120737242723035371540768961,3717076355930624308,198211,25826405,71
-44203043708,17928583646909378908,1595401071060160706798558866571264,3717076355930624308,198215,25826407,5
-29574258694,12000000000000000000,1595656718910837740943306469935435,3717076355930624308,198219,25826408,3
-21974596,8917803883931578,1595656908895620714811234338526319,3717076355930624308,198219,25826408,70
36398438495,-14753661641989569175,1595342439837058864238135758290944,3717076355930624308,198215,25826408,79
-21647140449,8782483393774795374,1595529541753994303484363869602578,3717076355930624308,198217,25826409,189
32318784976,-13098222287670057280,1595250357797388260848260904802587,3717076355930624308,198214,25826410,2
23175274879,-9389700432873180058,1595050219667142700934416337731584,3717076355930624308,198211,25826411,584
101266356062,-41001482539206703141,1594176460981421926366020801942609,3717938921418647898,198200,25826413,2
100000000,-40466550049909447,1594175598651385982016870782016318,3717938921418647898,198200,25826415,681
-5430283832,2199711078718961129,1594222450396661370470203982090824,3717938921418647898,198201,25826418,265
27147628406,-10984732395872152628,1593987656116649950626313436210322,3698817618168952263,198198,25826419,30
82642656138,-33419713518639692020,1593271745822647779826287640613689,3694674089863751691,198189,25826423,2
110102459892,-44477493388211889918,1592317947452498912518313715212230,3694190314149403478,198177,25826425,2
20575096808,-8305705195537051352,1592139817549849569494988169936896,3694190314149403478,198175,25826427,649
19628666464,-7921920636255000484,1591969918556505792345006687394986,3694190314149403478,198172,25826428,153
-14822417031,5988000000000000000,1592098277137870875185618644221171,3694190314149403478,198174,25826429,149
50924210817,-20547900413090234285,1591657515407826651233408522186544,3690600693436309232,198169,25826430,2
1500000000,-605076929228215329,1591644525887348918635312025494240,3690600693436309232,198168,25826431,546
68652513892,-27682802230439816364,1591050243889335909989359413623075,3690600693436309232,198161,25826433,5
19770145700,-7968096597540739194,1590879133573664226785971838910464,3687351860099695505,198159,25826434,333
-3918587535,1580779245450486976,1590913081951413255589608745341855,3687351860099695505,198159,25826438,399
24093535022,-9708678325731555241,1590704476759022156125816022051923,3687351860099695505,198157,25826439,28
63276721060,-25485729706686792748,1590156878479388109344670873812580,3687351860099695505,198150,25826440,5
-24745281151,9974447997056991232,1590371086965118598769290176546017,3687351860099695505,198152,25826447,99
-24344986261,9815717978668115968,1590581886608887198577294792949872,3687351860099695505,198155,25826448,5
-24798752,10000000000000000,1590582101366120675249554489807778,3687351860099695505,198155,25826448,500
-26147370301,10545327320337289962,1590808569898262835851742312136704,3687351860099695505,198158,25826449,250
-79299168742,32000000000000000000,1591495304987620362599242248414864,3690600693436309232,198166,25826451,58
79773782945,-32159263940493689992,1590804804095462571221840472928114,3687351860099695505,198158,25826451,68
36294006810,-14621992468235643857,1590490629142946810795837219862042,3687351860099695505,198154,25826453,2
3956045986,-1593447806541397434,1590456391579903058701822427712124,3687351860099695505,198153,25826453,34
-92962946431,37500000000000000000,1591261449192154837294885407279211,3690600693436309232,198164,25826457,6
73373063789,-29571274105373736387,1590626349012619126938528693628006,3687351860099695505,198156,25826457,16
7682395256,-3094841892600522689,1590559851795720417913457072210058,3687351860099695505,198155,25826458,481
-60920158185,24573281092309434368,1591087452073419360923941592141142,3690600693436309232,198161,25826463,2
-50119844538,20228995159801138973,1591521501946604490372412384215040,3690600693436309232,198167,25826464,2
3732928368,-1505530258256447501,1591489181897409403244808380107584,3690600693436309232,198166,25826467,317
-22610402316,9129082999804467642,1591685062972423739419935918522368,3690600693436309232,198169,25826468,494
-203621516907,82314656605962469376,1593449353371494016494762106680782,3698817618168952263,198191,25826470,2
-22585379207,9141454186400174606,1593645064153240055243418892496464,3698817618168952263,198193,25826470,190
1947220227,-787439706713774671,1593628197303480485969625912979675,3698817618168952263,198193,25826471,391
-31850651361,12895126063281111040,1593904271016819554022233006136141,3698817618168952263,198197,25826472,5
-51087130363,20692575479051509760,1594346144891236267300436871930101,3717938921418647898,198202,25826473,5
-39293649758,15923480876408819712,1594685299827144257527823835375936,3717938921418647898,198207,25826474,20
1564543058,-633515807394182718,1594671799795431947982474980623831,3717938921418647898,198206,25826475,71
106792455203,-43217111026026069799,1593748915360958654244821049715082,3698817618168952263,198195,25826477,2
16525000000,-6682914338969435168,1593605768258837169537584319510916,3698817618168952263,198193,25826478,63
21502553186,-8694101250946366158,1593419541810838785370634377837268,3698817618168952263,198191,25826478,154
27042923,-10932952675868808,1593419307628502486968837366913101,3698817618168952263,198191,25826478,157
-2446308550,990000000000000000,1593440502688935741393750695962523,3698817618168952263,198191,25826479,29
276002336,-111585416836708814,1593438112544718861308120597391735,3698817618168952263,198191,25826479,153
26059411283,-10534092101856207277,1593212342555235510374832470623190,3694674089863751691,198188,25826479,158
23742390908,-9594874908623567067,1593006591170925318501861090093703,3694674089863751691,198185,25826480,106
13811453983,-5580402852890772800,1592886925659605428655795250735522,3694674089863751691,198184,25826480,222
8079879,-3264362355259598,1592886855658997824997939452536359,3694674089863751691,198184,25826480,225
68885525877,-27820105934414808899,1592290252746452897304958656808006,3694190314149403478,198176,25826481,2
-205286300,82958895436278880,1592292031050749793597892033479841,3694190314149403478,198176,25826481,444
-11134807865,4500000000000000000,1592388492910493092325806830693907,3694190314149403478,198178,25826482,381
60743075634,-24517435380975891007,1591862675020884935756155721969749,3694190314149403478,198171,25826483,144
177515428,-71625969701639441,1591861138880760798730309573154348,3694190314149403478,198171,25826483,538
-49504496975,20000000000000000000,1592289858257397681965486449661312,3694190314149403478,198176,25826484,157
107282045206,-43285418293667567525,1591361164017759255887522092981970,3690600693436309232,198165,25826484,160
-24241352062,9786100791213633536,1591571142604132348338830804063638,3690600693436309232,198167,25826486,152
-29194200849,11788966902381004800,1591824011694085140779360745422876,3694190314149403478,198171,25826487,139
-2255119489,910800000000000000,1591843535574497184441890700379003,3694190314149403478,198171,25826488,241
-47030945287,19000000000000000000,1592250818982302223515308733060618,3694190314149403478,198176,25826489,255
47603766845,-19212129822640253343,1591838782347913569013965368774409,3694190314149403478,198171,25826489,261
-1997614582,806812493986347185,1591856077155387802807407814526182,3694190314149403478,198171,25826489,528
-58373911,23576784296807935,1591856582546601144295174270857539,3694190314149403478,198171,25826491,680
-108440168494,43824029502418149376,1592795958644805686462912748773505,3694674089863751691,198183,25826494,10
-15042474,6082717528653876,1592796089016676088669970598877180,3694674089863751691,198183,25826495,504
29993278,-12116239491723937,1592795829197442195850061969343523,3694674089863751691,198183,25826495,1085
5000000,-2019825464181114,1592795785884539289035879267522244,3694674089863751691,198183,25826495,1303
12765922,-5156986351830367,1592795675298722291649062561479619,3694674089863751691,198183,25826496,257
-177868610452,71994243243720900608,1594336522074545497400770975577472,3717938921418647898,198202,25826497,7
-108438793934,43960000000000000000,1595272909156364844089704710575074,3717076355930624308,198214,25826498,6
60725949812,-24599436873291435993,1594748621476698626997301484205785,3717938921418647898,198207,25826498,30
1483006090,-600547759222410007,1594735823984197837002115942548780,3717938921418647898,198207,25826499,565
-2018319934,818145017167034262,1594753249691743466681459919326791,3717938921418647898,198207,25826501,605
-273153717746,110890724305072160768,1597118922080423743860133736431419,3696635840868790244,198237,25826503,8
46646598748,-18941210044210637858,1596712964520036393277325189051570,3696635840868790244,198232,25826504,11
2021662590,-820693935872827180,1596695374993957859672586700887248,3696635840868790244,198232,25826504,573
-2015747376,819111540078655589,1596712921827526488716380156133048,3696635840868790244,198232,25826504,1362
-28002298438,11380771391554070528,1596956718296895041484150025818990,3696635840868790244,198235,25826506,268
297202903,-120687492872730427,1596954131661719066843951042704720,3696635840868790244,198235,25826506,743
-19211308562,7809898000469287056,1597121433639162876386887486241890,3696635840868790244,198237,25826506,1078
-37273649,15154301017268943,1597121758271383017480010589726804,3696635840868790244,198237,25826506,1144
-128200501,52122364939999324,1597122874825622648495896049458443,3696635840868790244,198237,25826506,1153
104013489,-42246400123232189,1597121969379482241158916031882267,3696635840868790244,198237,25826506,1160
-41373041911,16824791415738157944,1597482703966515505628448062177280,3689529306160948738,198242,25826508,58
-36498479549,14848814112125947850,1597801404791991348050246294068914,3689529306160948738,198246,25826508,757
-51777141853,21074856932668628992,1598253746528525188525324603757922,3689232550482273105,198251,25826509,30
8079797917,-3286218337689513917,1598183173303077043533106830507020,3689232550482273105,198250,25826510,371
2153127387,-875671778516005239,1598164367802196284047623222577319,3689232550482273105,198250,25826510,438
2343478908,-953063867772502166,1598143900266477376277109013254281,3689232550482273105,198250,25826510,1038
17472899,-7105919862769388,1598143747663201221393466533909492,3689232550482273105,198250,25826511,122
69852313,-28407690743197202,1598143137593462309767965934748468,3689232550482273105,198250,25826511,228
27356073,-11125221163427329,1598142898673627823343727436955971,3689232550482273105,198250,25826511,281
52009547494,-21145332220710573006,1597688826203060195108376905085551,3689529306160948738,198244,25826512,2
61528737,-25008398248210115,1597688289178069684245330077177053,3689529306160948738,198244,25826512,249
46580547724,-18927873658221351769,1597281904749924597443106508374016,3696635840868790244,198239,25826514,397
99790253,-40539151822418865,1597281035894390257824754589650327,3696635840868790244,198239,25826514,784
-64992328674,26438513065980264448,1597848416644379203334687037617416,3689529306160948738,198246,25826516,2
2502000000,-1017129271917365519,1597826575028127797140631116080366,3689529306160948738,198246,25826517,63
-34322245259,13969295038867927096,1598126399498519955869542998081536,3689232550482273105,198250,25826517,67
50000000,-20333669859725134,1598125962822523495005514573629624,3689232550482273105,198250,25826517,414
-12174306944,4956250000000000000,1598232347616054546724437903354758,3689232550482273105,198251,25826518,581
17680675615,-7190520966046437261,1598077930580561695299752838156388,3689529306160948738,198249,25826519,152
-35474287331,14442815406026996258,1598387939277944757904914614583296,3689232550482273105,198253,25826520,105
37429849,-15226707463750206,1598387612276586890817045723266159,3689232550482273105,198253,25826520,308
981870318,-399429044550896322,1598379034332848847295618527643454,3689232550482273105,198253,25826521,285
300000,-122040627972157,1598379031711963724438018044845717,3689232550482273105,198253,25826521,535
911899526,-370960786360806475,1598371065138681600706100607574934,3689232550482273105,198253,25826522,702
34205909165,-13912295695672774809,1598072294994247093772952524355686,3689529306160948738,198249,25826523,166
660537539,-268603960644068485,1598066527050295450046160527675531,3689529306160948738,198249,25826523,631
86103195279,-34996799377542898197,1597315018170133201277572423473027,3696635840868790244,198239,25826524,2
2500000000,-1015637835226448620,1597293250508148393716920051890106,3696635840868790244,198239,25826524,123
34512520303,-14018060274315141102,1596992808374987889671861841166336,3696635840868790244,198235,25826525,445
3000188072,-1218346810181033887,1596966696152082786724801284528302,3696635840868790244,198235,25826526,389
23955784550,-9726779060791801322,1596758226920775534063491573214410,3696635840868790244,198232,25826527,254
-227089497068,92400000000000000000,1598740385488422597163263855963840,3689232550482273105,198257,25826530,25
243463130208,-98954421990151004592,1596616759063447178777695897103647,3696635840868790244,198231,25826530,47
-11394482663,4630000000000000000,1596715941940805921867979698212622,3696635840868790244,198232,25826531,9
44758343947,-18165493354921208771,1596327668910154351691005297544557,3717080810580804167,198227,25826532,87
5000000000,-2028737950530190624,1596284427133008713982203206397497,3717080810580804167,198227,25826532,308
-6408323591,2602783871482184961,1596339876741766429325383483410469,3717080810580804167,198227,25826534,429
-24189276444,9826267699103813632,1596549381502085361221232316569640,3696635840868790244,198230,25826538,13
-63706593537,25891545662487310336,1597104024698212958525383201970318,3696635840868790244,198237,25826539,79
-71070693335,28905699330448792406,1597724017840374440347732107329536,3689529306160948738,198245,25826540,2
2000000000,-812928611563038587,1597706561185390873166979568779856,3689529306160948738,198244,25826541,240
-49481857,20132522231507229,1597706993290702828848100927844713,3689529306160948738,198244,25826541,780
-97525711,39680000000000000,1597707844944488739893879513310443,3689529306160948738,198244,25826543,241
-49273559660,20053200000000000000,1598138249518536032853777332895528,3689232550482273105,198250,25826545,468
90699839195,-36867496285458203353,1597346563036377670027047707937092,3689529306160948738,198240,25826546,2
-50078100143,20371501622378479616,1597783797574719193298818449557259,3689529306160948738,198245,25826548,2
-14707375495,5985000000000000000,1597912253923224173363960435756809,3689529306160948738,198247,25826549,22
-24568451306,10000000000000000000,1598126885258613080752256156241880,3689232550482273105,198250,25826549,541
101856544537,-41399341501831259995,1597238036990668914005264521851068,3696635840868790244,198239,25826552,6
98755273,-40116494639715020,1597237177193736341124997449577337,3696635840868790244,198238,25826552,214
577567146,-234619208311724949,1597232148716611388321775376659460,3696635840868790244,198238,25826552,258
-28661294439,11656223490669654541,1597482162297174252071459677871972,3689529306160948738,198242,25826553,600
23797219324,-9668641011072793226,1597274622675063999377115541667840,3696635840868790244,198239,25826554,571
-2002355296,814260000000000000,1597292065579970722951347612486629,3696635840868790244,198239,25826558,161
-69537278326,28288467209109833649,1597899173231128524062248577007616,3689529306160948738,198247,25826559,39
-6879944262,2800000000000000000,1597959269768440795437753599791031,3689529306160948738,198248,25826561,399
-100087627812,40757500000000000000,1598834107717893344597393954459047,3689232550482273105,198258,25826564,140
121285255550,-49334481127994459274,1597774651902831233906076073781362,3689529306160948738,198245,25826564,150
7650000000,-3109553044932873319,1597707878026396839748104650491908,3689529306160948738,198244,25826566,72
21566792921,-8765017498813403482,1597519659916927765486270288147031,3689529306160948738,198242,25826570,138
46815379964,-19019260062600838068,1597111641027758979498077992053153,3696635840868790244,198237,25826574,9
82867348039,-33641979772923883088,1596391316126346415467444717611520,3717080810580804167,198228,25826577,144
55988656245,-22712799464794225249,1595907201451726404414718934880248,3717080810580804167,198222,25826579,167
60856216658,-24671793454118682639,1595381331158730577315571195918883,3717076355930624308,198215,25826581,2
-307382178,124700000000000000,1595383987765978862828725364763842,3717076355930624308,198215,25826585,26
-1899977361,770799436192297614,1595400408867575998712774052452887,3717076355930624308,198215,25826587,47
-1354426958,549485463799414372,1595412115099059214840798000405151,3717076355930624308,198216,25826587,354
-6848719748,2778621002730862351,1595471310806325399039350485881581,3717076355930624308,198216,25826589,179
-265590812,107758045550924637,1595473606482386920024766820284211,3717076355930624308,198216,25826589,434
28591203,-11588713736024128,1595473359473069033915807629751675,3717076355930624308,198216,25826590,200
-1006297559,408287360000000000,1595482057621905917289440034488665,3717076355930624308,198217,25826592,90
-10818898,4389599977054281,1595482151137889206113199814125932,3717076355930624308,198217,25826593,543
1397398931,-566401834579639761,1595470078483926406885212880944667,3717076355930624308,198216,25826595,343
53467630912,-21665373503859804203,1595008288741523795307180086359736,3717076355930624308,198211,25826596,106
549158862,-222457075951217138,1595003547147949105762191230345094,3717076355930624308,198211,25826597,628
-2287490962,927568748508530414,1595023308061025055113952643463573,3717076355930624308,198211,25826601,395
-416767286,169000000000000000,1595026908434922090011491172210951,3717076355930624308,198211,25826602,97
-583322399,236539725272268011,1595031947674285889299156180578630,3717076355930624308,198211,25826602,629
-2466024533,1000000000000000000,1595053251661842308811218480858977,3717076355930624308,198211,25826603,637
-593748948,240775702045543182,1595058381144402575235215668736063,3717076355930624308,198211,25826603,667
-1232979634,500000000000000000,1595069033138180784991246818876236,3717076355930624308,198211,25826603,677
-2146600436,870508997100275354,1595087578451022760486490348226042,3717076355930624308,198212,25826605,652
23319689169,-9446276017671798805,1594886243078030254159333326224985,3717938921418647898,198209,25826605,704
-168653369,68377446133919572,1594887699452333152914044317494421,3717938921418647898,198209,25826607,592
-54776356020,22214688935857614848,1595360952601199221850667419503362,3717076355930624308,198215,25826608,2
-27151645956,11016306138802810880,1595595643850097984815688045117150,3717076355930624308,198218,25826613,230
-31527561022,12795824777008992629,1595868245765603843475528397684332,3717080810580804167,198221,25826613,442
982582786,-398459822786120634,1595859752746160940658277778353326,3717080810580804167,198221,25826614,69
-37792217389,15344007493647063040,1596186640899119132048801644681827,3717080810580804167,198225,25826615,8
43559270,-17671420496603275,1596186264239518141555236864663311,3717080810580804167,198225,25826615,337
-2014912900,818250337108216792,1596203696213626956783062781761843,3717080810580804167,198226,25826616,626
-58474064605,23753943244287270912,1596710803510428692050027412064853,3696635840868790244,198232,25826618,2
-18496440815,7516964942471018850,1596871830338074280467224868067158,3696635840868790244,198234,25826619,562
1877104894,-762162979130048512,1596855495276961341736303737774637,3696635840868790244,198234,25826620,273
134529033,-54622373284092197,1596854324582726431710776254555482,3696635840868790244,198234,25826620,335
-39739946676,16155113816996855808,1597200396002257260029043653926182,3696635840868790244,198238,25826621,5
-27903672753,11347608634396556794,1597443724606983621340623097823232,3689529306160948738,198241,25826622,947
102061129632,-41447032616271895728,1596555168372978062648494038617152,3696635840868790244,198230,25826623,2
30147742190,-12234190642228133356,1596294203100775073528089560620331,3717080810580804167,198227,25826625,103
55873386,-22670148299518135,1596293719895193805563037723470025,3717080810580804167,198227,25826625,635
769200321,-312095055041780629,1596287067707899312804575248517096,3717080810580804167,198227,25826627,191
1983833997,-804908071152114067,1596269911398763187706391234362785,3717080810580804167,198226,25826628,284
-45070139,18304576863729762,1596270301358773578945903453882420,3717080810580804167,198226,25826630,259
24137516000,-9792019846194183625,1596061588183233025394810845902730,3717080810580804167,198224,25826633,20
19762988320,-8015470975153170720,1595890741470608401080117683834892,3717080810580804167,198222,25826635,173
22697381010,-9203484856524768416,1595694572662520778632809547442188,3717076355930624308,198219,25826645,1218
55902418752,-22658038151388950492,1595211624625672285620575792001940,3717076355930624308,198213,25826647,5
649122063,-263017766931030934,1595206018495373320207401681988825,3717076355930624308,198213,25826648,1044
-351219815,142452944142181264,1595209053311122700560865168383396,3717076355930624308,198213,25826651,533
-20645974922,8374853377900508160,1595387471083272330904104300878360,3717076355930624308,198215,25826652,66
-381071497,154595821567445274,1595390764590731278209440499437738,3717076355930624308,198215,25826653,401
-357150949,144892141280527029,1595393851371106141535162088526250,3717076355930624308,198215,25826655,572
-2440146462,989955099867324350,1595414941362235129048453449754050,3717076355930624308,198216,25826656,369
50000000,-20264730278230422,1595414509426705682706635916412958,3717076355930624308,198216,25826656,444
-4886485228,1982500000000000000,1595456744582036284389299426718747,3717076355930624308,198216,25826656,557
462090000,-187291980881552721,1595452752519975136054805326433847,3717076355930624308,198216,25826656,713
-1115789798,452700465130452575,1595462396845051060541670319078382,3717076355930624308,198216,25826659,347
-3828804939,1553472000000000000,1595495491993208306673912764819494,3717076355930624308,198217,25826659,489
-784205754,318186000000000000,1595502270623792933572777819896496,3717076355930624308,198217,25826659,891
1000000000,-405336891362813552,1595493631011897234575751408020759,3717076355930624308,198217,25826663,561
285955840,-115907644101716363,1595491160481624461322267473809764,3717076355930624308,198217,25826664,364
-73853202954,29977124768051245056,1596129792284897796350141962632174,3717080810580804167,198225,25826670,2
-12312509545,5000000000000000000,1596236312095023519411173467928952,3717080810580804167,198226,25826671,202
-105476953,42836130302327592,1596237224674316784344585509859665,3717080810580804167,198226,25826672,216
95936722224,-38902518317676256842,1595408031929994709317292293634568,3717076355930624308,198216,25826682,2
32059617809,-12991225942637930296,1595131128562486362330955218157568,3717076355930624308,198212,25826685,35
4327463059,-1753232877809684085,1595093759026305909023659338134164,3717076355930624308,198212,25826687,143
26207536360,-10615993602209836970,1594867495888766064711593032207348,3717938921418647898,198209,25826688,2
24085402503,-9753717008225632783,1594659647106798721271369534665898,3717938921418647898,198206,25826691,43
90051513230,-36445086507985375235,1593881755677978608355385556113186,3698817618168952263,198196,25826694,5
19676197049,-7958487560723388382,1593711285973624576984673954859915,3698817618168952263,198194,25826695,467
-12690858664,5138049840079077523,1593821287263391798481117451680432,3698817618168952263,198196,25826699,133
-630,255105183811,1593821287268853384125267572316053,3698817618168952263,198196,25826699,258
-22496944554,9109907332698649000,1594016322659214894721131622529120,3698817618168952263,198198,25826700,2
-6746,2732086859120,1594016322717706557436221862599284,3698817618168952263,198198,25826701,227
34969173009,-14145293491411516356,1593713332484815781168576484744352,3698817618168952263,198194,25826702,2
20903736918,-8453151052455830639,1593532267156789920181818979469127,3698817618168952263,198192,25826703,24
65235422096,-26367855265842046528,1592967065380262341009691973803836,3694674089863751691,198185,25826704,18
-4944776667,2000000000000000000,1593009931704331497235327280892998,3694674089863751691,198185,25826705,97
-56970632,23043379681838942,1593010425596822042394400070334752,3694674089863751691,198185,25826707,751
-122379771,49500000000000000,1593011486538342754010984544185208,3694674089863751691,198186,25826708,127
-5500740604,2225000000000000000,1593059175323869690312003823321901,3694674089863751691,198186,25826709,100
2000000,-808197380463179,1593059157992978833494699761632956,3694674089863751691,198186,25826711,528
-291796918,118032942084114370,1593061687812151940291988606881094,3694674089863751691,198186,25826711,596
-662277749,267895211078165458,1593067429653619266117738883699411,3694674089863751691,198186,25826714,178
-10946206,4427820746986563,1593067524555818796347425404123140,3694674089863751691,198186,25826715,388
-145934100,59031461017362420,1593068789786687919357487884769844,3694674089863751691,198186,25826715,456
-3716043160,1503199509604154936,1593101008105347563568323398207851,3694674089863751691,198187,25826715,496
-207171647,83806068790712779,1593102804334399435915099533214919,3694674089863751691,198187,25826716,736
-127517290,51584000000000000,1593103909942629827592471119055362,3694674089863751691,198187,25826717,34
-634681660,256746002669538115,1593109412821306774027580666691782,3694674089863751691,198187,25826717,363
40475446537,-16353506108676772849,1592758730133702239503002686832649,3694674089863751691,198182,25826719,33
168074480774,-67831048878808440131,1591303586920304725426774397886610,3690600693436309232,198164,25826724,18
-4289036066,1731147022269214574,1591340731827382163954630737146442,3690600693436309232,198165,25826725,238
-1041103091,420223745071851477,1591349748491918239228608450664052,3690600693436309232,198165,25826725,275
-15476454493,6247372052110558084,1591483797218784688621140742130116,3690600693436309232,198166,25826725,290
-631,255105176565,1591483797224258434037652336913028,3690600693436309232,198166,25826725,689
-891739318,360000000000000000,1591491521678840199961334918255036,3690600693436309232,198166,25826725,844
-990217374,399760220362897912,1591500099261245172022664289278373,3690600693436309232,198167,25826726,559
-252669481,102005775118527822,1591502287980625674513472231998573,3690600693436309232,198167,25826726,621
-2508565210,1012753828278570584,1591524018455484139469105405527692,3690600693436309232,198167,25826727,435
-708797015,286159378545924165,1591530158525269484894864136638609,3690600693436309232,198167,25826727,463
-198870955,80289658515811012,1591531881285882237333141024096638,3690600693436309232,198167,25826727,490
-29229932997,11802816038571673600,1591785085395454474864262405876879,3694190314149403478,198170,25826728,182
-235867883,95256860417059349,1591787127318545394278320097735180,3694190314149403478,198170,25826729,290
-480998586,194255331481926529,1591791291369776460411342088284098,3694190314149403478,198170,25826729,713
-945088306,381684834911218824,1591799473154001204882434524773436,3694190314149403478,198170,25826730,153
-22251815118,8987786582938882185,1591992135067060349903034977878016,3694190314149403478,198173,25826733,260
-76716127871,31003291527386853376,1592656704461776325557334120742911,3694674089863751691,198181,25826734,2
1544205307,-623690850227798301,1592643330107546794601364100947942,3694674089863751691,198181,25826736,564
4807254020,-1941540271691345673,1592601695943224814186790296002349,3694674089863751691,198180,25826737,12
5719883656,-2309998328581144230,1592552160607080657831370988449624,3694674089863751691,198180,25826738,91
-53699805281,21714257082875592405,1593017565797598415860379426350158,3694674089863751691,198186,25826738,155
10000001000,-4040556477380893529,1592930920573296696156093681179803,3694674089863751691,198184,25826738,158
3229553087,-1304825138277552475,1592902940054421765116564420037482,3694674089863751691,198184,25826741,238
65101339365,-26292896412099376285,1592339092840738304192076016022662,3694190314149403478,198177,25826742,2
479894115,-193748806445527635,1592334937569726625014863869276776,3694190314149403478,198177,25826743,119
38475864749,-15530663651576263847,1592001856207072254001166760919814,3694190314149403478,198173,25826744,6
6370000,-2570692839229368,1592001801074214247031955706279452,3694190314149403478,198173,25826745,320
21711372799,-8760860509847637115,1591813909595645734474495661413487,3694190314149403478,198170,25826752,11
30261890260,-12207670605652733428,1591551915596324490907609480422278,3690600693436309232,198167,25826755,32
-4140185985,1671588179215251947,1591587782560129393715543136424778,3690600693436309232,198168,25826757,319
61877332813,-24949981771828690391,1591052167527578733924083178082467,3690600693436309232,198161,25826759,2
-1016449308,410123825601231253,1591060967479978058366803757349290,3690600693436309232,198161,25826760,499
34391244093,-13860021727154350604,1590763269960198460550088277208494,3687351860099695505,198157,25826763,15
890000000,-358610204464893003,1590755564694024635217072944829648,3687351860099695505,198157,25826763,580
-21178623,8542061953996362,1590755748140983977876652274248454,3687351860099695505,198157,25826766,231
-32285872671,13024285714285714290,1591035371276086631333428797391953,3690600693436309232,198161,25826771,95
-14874501,6001504666552326,1591035500049281684221429168329414,3690600693436309232,198161,25826771,569
23937866341,-9647443803276518643,1590828293505568072499862830951739,3687351860099695505,198158,25826774,2
8073857,-3253503469076609,1590828223599274513155329950830005,3687351860099695505,198158,25826778,372
-239760608,96712588598638795,1590830300572071494277649915230464,3687351860099695505,198158,25826782,531
24971352482,-10061306595772282404,1590614118644140663800635071191746,3687351860099695505,198155,25826786,20
-250052248,100836800000000000,1590616284187360727851166731203878,3687351860099695505,198155,25826787,19
-224774159,90643318502755856,1590618230818192207521761807887559,3687351860099695505,198155,25826788,69
-2586465062,1043044117499485559,1590640630945099038181159699421642,3687351860099695505,198156,25826790,231
-3151536476,1270960249941124174,1590667925735812655754624279229432,3687351860099695505,198156,25826790,394
-413798815,166881157586818624,1590671509629384928728954580907244,3687351860099695505,198156,25826790,634
-27593606347,11129938334895646720,1590910533105941743657912241342293,3687351860099695505,198159,25826791,2
-546884498,220620800000000000,1590915271097207284679439454197170,3687351860099695505,198159,25826791,269
5000000,-2015058805724411,1590915227800713596817331569748288,3687351860099695505,198159,25826794,896
-2627397349,1059946836795543443,1590937990925743852892365969924004,3687351860099695505,198159,25826795,604
-16494552017,6654938465287641677,1591080787706143193102362446135296,3690600693436309232,198161,25826796,135
-341892860,137953694991784510,1591083747753508056515173475451067,3690600693436309232,198161,25826796,657
-1239147379,500000000000000000,1591094476162649398075843727314967,3690600693436309232,198161,25826797,572
-4635037504,1870312500000000000,1591134607118093728851225888193368,3690600693436309232,198162,25826803,379
-3684629916,1486875000000000000,1591166510724777793317269049673641,3690600693436309232,198162,25826804,587
4878661805,-1966726998098798325,1591124289910560832048294912643839,3690600693436309232,198162,25826805,55
-7415669877,2992500000000000000,1591188499439271761288906370049281,3690600693436309232,198163,25826806,338
-26347071252,10633981841763942930,1591416670855271842190614351640130,3690600693436309232,198165,25826813,133
-18537905490,7483940470628626432,1591577252405988538625702753035942,3690600693436309232,198167,25826817,82
-104955296872,42400000000000000000,1592486292710477696785273640059560,3694190314149403478,198179,25826817,96
39003596054,-15746628351993754136,1592148579619372172311168190251008,3694190314149403478,198175,25826817,227
196321367,-79242455225848755,1592146880130827519884526790840333,3694190314149403478,198175,25826818,400
546807412,-220710499029673560,1592142146620694392467264678000082,3694190314149403478,198175,25826819,136
95993174292,-38725853237403560626,1591311191411226014085460788592809,3690600693436309232,198164,25826820,2
5759005,-2322101877600870,1591311141561383071054789913638825,3690600693436309232,198164,25826820,112
999780033,-403121475314680493,1591302487530125768174347279362095,3690600693436309232,198164,25826820,545
4884826969,-1969548861502431468,1591260206137409286835297480537888,3690600693436309232,198164,25826821,147
-173161308,69886245193154539,1591261705673872855389000964093039,3690600693436309232,198164,25826821,287
414466964,-167107443076561126,1591258118286139210981028356814853,3690600693436309232,198163,25826822,115
56546017462,-22791523001957940224,1590768688067336421384723582966831,3687351860099695505,198157,25826823,2
6215756,-2504561114619513,1590768634253167732146360717409029,3687351860099695505,198157,25826823,68
26203586448,-10556901632952814470,1590541803739032833675929790014315,3687351860099695505,198154,25826828,158
180450000,-72689263236923324,1590540241903607499085433266735054,3687351860099695505,198154,25826828,650
1573824936,-633965546934792100,1590526620224069806101671728069347,3687351860099695505,198154,25826829,497
-17269856413,6964171874279195648,1590676180852587431248773955291396,3687351860099695505,198156,25826832,269
-38230351,15418068489622131,1590676511966760869759115499450892,3687351860099695505,198156,25826833,118
-40862840022,16483405813687342641,1591030426564805846535184725647584,3690600693436309232,198161,25826835,127
-373784206,150812324629060011,1591033662517450201291993241175001,3690600693436309232,198161,25826838,590
4191234814,-1689329870269126243,1590997396740515860828239572544369,3690600693436309232,198160,25826841,28
1201433048,-484238488389970947,1590987001325557516889262212462738,3690600693436309232,198160,25826843,89
11302500000,-4555171246447602306,1590889166994947009342641208401946,3687351860099695505,198159,25826845,712
21491376710,-8659980582027185306,1590703094611579539571742482850759,3687351860099695505,198157,25826847,50
5514897,-2221975326474106,1590703046869180943573261464253551,3687351860099695505,198157,25826848,196
7500000000,-3021658598327922874,1590638122102688907157537817052345,3687351860099695505,198156,25826851,418
-13044170102,5260755365879608169,1590751100629526293498450252136448,3687351860099695505,198157,25826851,440
-1131047531,456190282192832600,1590760897645820561013862491669238,3687351860099695505,198157,25826853,7
-8693317835,3506500981690577920,1590836202290821671406145811581443,3687351860099695505,198158,25826853,31
-16890792738,6813950000000000000,1590982500557293829694977920646505,3690600693436309232,198160,25826853,216
-21142426,8529895603701197,1590982683581713768569193675465123,3690600693436309232,198160,25826853,410
-6874130499,2773466703775665211,1591042193352789755155203828391098,3690600693436309232,198161,25826855,161
-27180563145,10968421080000000000,1591277540770751266102275207336922,3690600693436309232,198164,25826855,171
20294590262,-8181780902840562800,1591101897963286556744834340618240,3690600693436309232,198162,25826855,176
-10491002755,4233463464449689530,1591192734619549631869442632158479,3690600693436309232,198163,25826856,734
43802803160,-17654996715462954953,1590813612593233395997558930689944,3687351860099695505,198158,25826857,6
-7418566313,2992500000000000000,1590877879883939688248653885255643,3687283664543412090,198159,25826864,305
-1760039706,710000000000000000,1590893127929520796852923699037312,3687283664543412090,198159,25826864,488
-76992171467,31071956793326379008,1591559888048564057302787978905692,3690532497880025817,198167,25826866,2
-1733763824,700000000000000000,1591574908098905016815472806241365,3690532497880025817,198167,25826866,148
-161654279,65267922781350010,1591576308566741910723113132117753,3690532497880025817,198167,25826866,244
-4953421901,2000000000000000000,1591619222996287509330784067362535,3690532497880025817,198168,25826866,429
-2575673825,1040000000000000000,1591641538499651220606772953689821,3690532497880025817,198168,25826866,1023
-33536932910,13544131509998761984,1591931968201589051314803169243725,3694122118593120063,198172,25826867,2
59968665,-24198969574555223,1591931449203859649712227200303971,3694120003841156071,198172,25826869,386
-18971433723,7663933518246777943,1592095736170705875716288957906944,3694120003841156071,198174,25826873,164
-583197,235619919660632,1592095741221543260648590810624254,3694120003841156071,198174,25826875,338
-3178329,1284089776560224,1592095768747775586002416353564118,3694120003841156071,198174,25826876,691
-23818400187,9624214009168568320,1592302077025904669337532632032486,3694120003841156071,198177,25826878,25
-6485484802,2620998226952501455,1592358261731550950440922101500460,3694120003841156071,198177,25826878,1278
-2621833902,1059622020645364110,1592380976188475822021319347956276,3694120003841156071,198178,25826879,643
-55617927232,22485276099589185536,1592862935835753409595495959274863,3694603779555504284,198184,25826880,2
-23769787931,9613827671321374720,1593068994483338242019632164103842,3694603779555504284,198186,25826882,186
-1928032429,779912885731921563,1593085710800705496761191790785826,3694603779555504284,198186,25826882,501
-68622556579,27769328397581664256,1593680512926851392660327944792854,3698747307860704856,198194,25826883,2
-36552309080,14800000000000000000,1593997374398928101476865253205647,3698747307860704856,198198,25826884,203
3157446720,-1277401465377952049,1593970012115843815896410426134943,3698747307860704856,198198,25826886,63
3157444983,-1277356908180794495,1593942650787186681929255061718731,3698747307860704856,198197,25826886,129
3157443246,-1277312353314324115,1593915290412906775629013459459317,3698747307860704856,198197,25826886,204
1927223169,-779617470089759312,1593898590796934643573710859267921,3698747307860704856,198197,25826886,209
-67003149178,27141423588025810944,1594477859145374288104884377571634,3717868611110400491,198204,25826887,2
4962012421,-2008661728576943939,1594435054357331940696719463870909,3717868611110400491,198203,25826887,306
-1680086877,680780944748079214,1594449554615532122380730395360188,3717868611110400491,198204,25826888,631
-21439533922,8688510788226301627,1594634615097580376594520316313600,3717868611110400491,198206,25826889,499
63261836338,-25605847854376169124,1594088758882771701852730462436187,3698747307860704856,198199,25826891,2
4959384121,-2006617827179544309,1594045776589015669965376533867826,3698747307860704856,198198,25826892,375
-488337776,197779414616198148,1594050010959046869849481671945549,3698747307860704856,198199,25826892,954
72745902058,-29421466441748605423,1593419795231765124163134449067083,3698747307860704856,198191,25826894,2
412712972,-166851913661003232,1593416221218881557960697004176322,3698747307860704856,198191,25826894,361
25732086092,-10401508753723917530,1593193265537612865558915919503274,3694603779555504284,198188,25826897,9
-4772772219,1930976320413856836,1593234653253588861070014195767241,3694603779555504284,198188,25826897,507
23831909102,-9631316387509615449,1593028116492002016746121751724002,3694603779555504284,198186,25826898,15
51239384389,-20699191772643405697,1592584236978114273795008924704349,3694603779555504284,198180,25826899,13
-1201575,485751292431284,1592584247389498563484217967162429,3694603779555504284,198180,25826901,143
-742090096,300000000000000000,1592590677460474336778270551962875,3694603779555504284,198180,25826904,447
-41513218,16782353841554908,1592591037166228809243782888857370,3694603779555504284,198180,25826904,482
-191447895,77395840000000000,1592592696035376907889592111540042,3694603779555504284,198180,25826914,547
-720941927,291453624389615107,1592598942927013479874733493307060,3694603779555504284,198180,25826915,365
92150029046,-37197551421786660626,1591801171940125622918063308490625,3694120003841156071,198170,25826918,2
1189766,-480023688842187,1591801161645009386645202597598563,3694120003841156071,198170,25826920,124
-29489075,11909592391538561,1591801416943519704145438372123108,3694120003841156071,198170,25826928,808
3607672282,-1455525999398408873,1591770200131314316798244074072102,3694120003841156071,198170,25826929,307
-29511395,11918143088015140,1591770455613120586072508516224450,3694120003841156071,198170,25826929,456
12357779648,-4985351343214404558,1591663462825190243544154912507784,3690530383128061825,198169,25826931,86
-35025005556,14145604308995948544,1591966764786826943762062987411221,3694120003841156071,198172,25826931,93
-19968493341,8067119658480000000,1592139694603705160390171112104551,3694120003841156071,198175,25826931,263
58151305361,-23464329084531319754,1591636354984342407838965581835887,3690530383128061825,198168,25826934,2
-11857650876,4788201600000000000,1591739094476435321688455248348616,3694120003841156071,198170,25826934,117
1556552613,-627953556481166600,1591725615630831135466172185750842,3690530383128061825,198169,25826935,91
-62000000,25037230120093426,1591726152860362982018207622737137,3690530383128061825,198169,25826935,656
32520519751,-13117194951055225214,1591444553430084716540537831785879,3690530383128061825,198166,25826936,2
-7728500985,3120000000000000000,1591511499978537616564732777396991,3690530383128061825,198167,25826937,47
27069885539,-10916053595475489657,1591277154565143755086330065253023,3690530383128061825,198164,25826937,506
-1291996,521447937910944,1591277165753970563105490498625690,3690530383128061825,198164,25826942,253
260780,-105144983374553,1591277163496722155547890388912211,3690530383128061825,198164,25826942,279
-1314295,530447954847015,1591277174878664370582307360362070,3690530383128061825,198164,25826942,312
-6769,2732075589099,1591277174937287136865182811051180,3690530383128061825,198164,25826942,442
-61852555,24963615932740948,1591277710587262649951359589162994,3690530383128061825,198164,25826942,467
-632,255105154828,1591277710592736499184769209110209,3690530383128061825,198164,25826943,157
-236742719,95549228726372101,1591279763098254963950288161065098,3686423572880001318,198164,25826949,312
-29938554015,12085170441680515071,1591539366230104109323042810730809,3686423572880001318,198167,25826951,111
-4018079250,1622261314818981461,1591574214238250708318914769077766,3686423572880001318,198167,25826951,139
-59775328193,24142109481525051392,1592092467926231748465887223585541,3690013193593095564,198174,25826954,2
221668,-89467001759817,1592092466005288439266322581253182,3690013193593095564,198174,25826954,687
-18842989961,7613581353015167928,1592255855246489175732347247525888,3690013193593095564,198176,25826955,9
-21436893385,8663558241873825792,1592441777237941669354538205256073,3690013193593095564,198178,25826956,19
-32815362302,13266000000000000000,1592726443351248744528818870260079,3690496969307443777,198182,25826957,184
-241636659,97702080000000000,1592728539785945326177420038416671,3690496969307443777,198182,25826959,175
-4940563763,1997697633660143585,1592771405225785339619470960854293,3690496969307443777,198182,25826963,197
27364336836,-11052251487905529313,1592534133773101658665640692839721,3690496969307443777,198180,25826966,73
180035674,-72704161219755510,1592532572889207306340907519033572,3690013193593095564,198179,25826966,603
2059151595,-831541120758951503,1592514718894764367071074213828042,3690013193593095564,198179,25826966,719
-194302378,78542283098215194,1592516404430577615935323113504933,3690013193593095564,198179,25826969,163
-7347053559,2970000000000000000,1592580135151098640502176891708239,3690496969307443777,198180,25826971,44
1988063996,-802882292116377903,1592562898749267491290075535168842,3690496969307443777,198180,25826971,92
2301615323,-929488706478586063,1592542944341255640704661497489690,3690496969307443777,198180,25826972,73
890913736,-359782043399394162,1592535220484430604343572863822359,3690496969307443777,198180,25826972,85
231090,-93321566314792,1592535218480988714656397580886293,3690496969307443777,198180,25826972,232
202237,-81669602477084,1592535216727692995585781413426079,3690496969307443777,198180,25826972,255
-9449482150,3820027466239414053,1592617184666575352951085605265997,3690496969307443777,198181,25826975,630
-552130,223214544615311,1592617189456183886497246119794390,3690496969307443777,198181,25826978,391
2501061035,-1010101010176489338,1592595504450707482174861079078196,3690496969307443777,198180,25826981,5
52973,-21393653555531,1592595503991425202642298652400816,3690496969307443777,198180,25826983,254
83330652,-33654193000582580,1592594781497979330244952475832420,3690496969307443777,198180,25826985,186
-7420532820,3000000000000000000,1592659153762006308440334851210492,3690496969307443777,198181,25826987,297
12690858664,-5125430122622031987,1592549120231539324057953745052743,3690496969307443777,198180,25826988,95
943360824,-380964852781560445,1592540941618870238352577411967479,3690496969307443777,198180,25826989,327
-16068256222,6495999827811174401,1592680329024215260290305587412992,3690496969307443777,198181,25826991,349
9000000000,-3634980565099550025,1592602292696494892560960425161306,3690496969307443777,198180,25826993,558
-303103245,122536087869135977,1592604922004961940901321267409450,3690496969307443777,198180,25826994,413
-2028312714,820000000000000000,1592622517090462648274725783346123,3690496969307443777,198181,25826995,540
32713138109,-13209737805547661887,1592338902938945089288670536965290,3690013193593095564,198177,25826997,231
4962886472,-2003628725386783790,1592295883086726453187289899796919,3690013193593095564,198177,25827001,192
30820456,-12442571689104567,1592295615932643212674248412421791,3690013193593095564,198177,25827003,595
-143516796398,58021862160178646033,1592833679563396558972734389878784,12368515592949523298,198183,25827006,2
13577197,-5484974187268060,1592833644428668949207226803363005,12368515592949523298,198183,25827007,130
992000000,-400751765306772621,1592831077360232078548449823531620,12368515592949523298,198183,25827008,268
-1372443703,555000000000000000,1592834630708574491747873124518925,12368515592949523298,198183,25827008,471
-34952969024,14135401860809912320,1592925131621676209507537026187895,12368515592949523298,198184,25827011,9
-100243835205,40548725716015898624,1593184741977189673590960868057523,12368515592949523298,198188,25827013,2
-1655736649,669857990191944566,1593189030695710575903425811938970,12368515592949523298,198188,25827014,10
249527,-100849878501556,1593189030049703340563093619653303,12368515592949523298,198188,25827014,433
256547,-103686915599497,1593189029385523088859924433599257,12368515592949523298,198188,25827014,443
242790,-98126872584148,1593189028756958428073537139491138,12368515592949523298,198188,25827014,453
266885,-107865237142990,1593189028066013385090688641032532,12368515592949523298,198188,25827014,463
-79775377502,32279844333830717440,1593551205050795417212993646611287,3694764638384139851,198192,25827017,2
-19302845367,7813705705424599040,1593718673366981826848895332572943,3694764638384139851,198194,25827019,138
4996327873,-2020626648182932476,1593675344345479416821560358239639,3694764638384139851,198194,25827019,230
-50342598215,20385079667536687104,1594112250353454370910870601953978,3694764638384139851,198199,25827021,2
82722256000,-33457100473439266659,1593394817755440499241487231272420,3694764638384139851,198190,25827022,102
-29169079174,11805829702189350912,1593647847815177272525328629924590,3694764638384139851,198193,25827022,130
-18088368690,7322930728525534208,1593804797529549609322920668867680,3694764638384139851,198195,25827022,290
-36593305024,14818917000000000000,1594122405994886774804647984449182,3694764638384139851,198199,25827022,500
484000000,-195844410242261462,1594118206432998315773869164276887,3694764638384139851,198199,25827022,548
-34951991474,14159674533420833908,1594420164658632161352413425434624,3713885941633835486,198203,25827023,72
85758,-34713884832117,1594420163918082410443658281588609,3713885941633835486,198203,25827024,331
-102748311232,41656248853007540224,1595308459892814357761765054180030,3713023376145811896,198214,25827025,5
628058781,-254514060994322639,1595303029094420743849551013445232,3713023376145811896,198214,25827031,958
249970202,-101297251493353624,1595300867622679110365541621221123,3713023376145811896,198214,25827033,810
2492653083,-1010101010293207457,1595279314177173360852016966004617,3713023376145811896,198214,25827036,100
351810170,-142562288719133031,1595276272195738067731412639265120,3713023376145811896,198214,25827036,754
34414629903,-13943042246187568033,1594978756800569486217085350592304,3713023376145811896,198210,25827037,2
112648982257,-45603240549813839700,1594005269052437289189575810391001,3694764638384139851,198198,25827038,5
9697884,-3923558170138252,1594005184918173063408661293367055,3694764638384139851,198198,25827039,245
-18725300849,7584213810087685225,1594167521173867743142489238630234,3713885941633835486,198200,25827039,510
10000000000,-4046392381309133432,1594080966375680468242069338976362,3694764638384139851,198199,25827039,557
-31975779744,12953146770417617000,1594357390402026109834885554071837,3713885941633835486,198202,25827041,116
-54635713794,22142905292326023168,1594829527822438503002278300716525,3713885941633835486,198208,25827042,5
571007,-231256112083075,1594829522889062217764360779058663,3713885941633835486,198208,25827042,448
-570707,231366349091404,1594829527822322320182190892548003,3713885941633835486,198208,25827042,515
-17998251613,7297250563313316000,1594985136221081842944686993352993,3713023376145811896,198210,25827043,339
-120000000000,48689488840101387054,1596023548374034661280594072902612,3713027830795991755,198223,25827044,13
9117397455,-3697869977458573312,1595944643648058530006132479592593,3713027830795991755,198222,25827044,19
70694184950,-28660022169619967335,1595333098912576144755310454636544,3713023376145811896,198215,25827044,23
-2958104373,1200000000000000000,1595358691603085475103189953133490,3713023376145811896,198215,25827044,679
31311819234,-12687466652750983563,1595087967568241965537163382316057,3713023376145811896,198212,25827045,5
4985012132,-2019516452202408550,1595044875305827660821106478934948,3713023376145811896,198211,25827045,293
280523548,-113641800440648054,1595042450427198679174605850682522,3713023376145811896,198211,25827046,229
4324352,-1751818336175094,1595042413047054852011678582257042,3713023376145811896,198211,25827046,233
499940365,-202528025135442428,1595038091522070061903643793564195,3713023376145811896,198211,25827046,611
71853706,-29108159879623041,1595037470414743819366537513903712,3713023376145811896,198211,25827046,687
50648299570,-20512146337840385364,1594599859245291070973088617477972,3713885941633835486,198205,25827047,41
-107696755,43648000000000000,1594600789920550441843330711391875,3713885941633835486,198205,25827048,584
24656519866,-9981627554095508577,1594387852306837718945414651194476,3713885941633835486,198203,25827050,51
24931357336,-10090179013312034697,1594172598969705610702112105701468,3713885941633835486,198200,25827051,44
7699529663,-3115590649624410051,1594106029965518146866520465898678,3694764638384139851,198199,25827051,837
38697837288,-15655007084626886086,1593770334037128722807914485852153,3694764638384139851,198195,25827052,2
9240244067,-3737117162928827505,1593690197694249556154054628904818,3694764638384139851,198194,25827052,429
10000000000,-4043968855749767469,1593603481420531485834866052592343,3694764638384139851,198193,25827052,580
40628672078,-16425583053154404713,1593251173967787256535127742884103,3690621110078939279,198189,25827054,8
-8852748031,3582000000000000000,1593328031865692946643421008893667,3690621110078939279,198189,25827056,39
729912840,-295055219267778143,1593321697787453652819655893789284,3690621110078939279,198189,25827056,762
27465730887,-11100863732879509871,1593083390735701469815945503932960,3690621110078939279,198186,25827057,5
322990,-130523600952835,1593083387933694772353302560953458,3690621110078939279,198186,25827057,307
369520,-149326991388981,1593083384728027544898638330479695,3690621110078939279,198186,25827057,338
3009368,-1216118494147096,1593083358621084887534463126099285,3690621110078939279,198186,25827060,50
4611377,-1863507829753801,1593083318616354849240098069792552,3690621110078939279,198186,25827060,155
5250000000,-2121521799231110126,1593037774988636467254740117665588,3690621110078939279,198186,25827060,747
225903,-91284635100789,1593037773028989651961371840165685,3690621110078939279,198186,25827061,140
294958,-119188729340247,1593037770470313554800095983979710,3690621110078939279,198186,25827067,250
5575546,-2253010154702147,1593037722103968335685589039288173,3690621110078939279,198186,25827069,24
5538251,-2237939302118910,1593037674061155639167985373460160,3690621110078939279,198186,25827069,74
2913171,-1177176635100658,1593037648790194743440892438937622,3690621110078939279,198186,25827071,97
-29125701013,11782986520911230976,1593290329041744652145327562250529,3692720713523396094,198189,25827073,9
-72564575065,29372710115138551808,1593919549981425469390500672136040,3696864241828596666,198197,25827074,2
-10396010185,4210000000000000000,1594009729859496234450631247653493,3696875578400657320,198198,25827078,182
61998515,-25083417259151838,1594009192293917713970278612538938,3696875578400657320,198198,25827079,265
4962186530,-2007551232536690805,1593966168234293846718122912950656,3696875578400657320,198197,25827080,271
-13827186474,5599931746674485248,1594086121004393540659245016010540,3696875578400657320,198199,25827080,299
-1379275129,558644800000000000,1594098087398680682448523788773920,3696875578400657320,198199,25827082,197
14192100,-5742490856988562,1594097964331034533636826224454071,3696885518587290900,198199,25827083,326
-46168308705,18704265916410208256,1594496700159678655017854372023450,3716006821836986535,198204,25827084,2
-34125861155,13831496693496018944,1594791451003347029981441674606331,3716006821836986535,198208,25827085,5
-616698264,250000000000000000,1594796778533154541260668814838756,3716006821836986535,198208,25827087,84
-99263541904,40261701334416982016,1595654929969594401233631247510509,3715144256348962945,198219,25827088,2
-19872726036,8065665849285709824,1595826850050134021085539184517401,3715148710999142804,198221,25827091,49
-14251349686,5785209939095611392,1595950162039261363770354728626775,3715148710999142804,198222,25827092,68
-28189613303,11445903927997743104,1596186445951813014810125827264936,3835997583473497940,198225,25827093,5
11750000000,-4766525802648187731,1596087998788408211811836489641228,3835997583473497940,198224,25827100,552
646792658886,-261473193341782851584,1590666930041886001142403416725014,3806268632992389278,198156,25827101,52
-564166810596,228200124257692902170,1595398424448761207076443895365632,3835993128823318081,198215,25827101,55
-24749236350,10041869697509826560,1595605724372977476564015872960104,3835993128823318081,198218,25827102,235
-789095666,320214256226518554,1595612334734697783225949123336515,3835993128823318081,198218,25827103,435
147668460,-59864010414604731,1595611098310286528142517812727604,3835993128823318081,198218,25827104,11
-17420555058,7069909292327288832,1595757046354399009015898950126186,3835997583473497940,198220,25827104,278
-1561763915,633885026980065823,1595770029256017155988729098025413,3866349498467005423,198220,25827104,594
-36905331680,14982050573586059264,1596076883780664394775274859773556,3866349498467005423,198224,25827105,2
-7388204136,3000000000000000000,1596138328211746793196811869957309,3866349498467005423,198225,25827108,77
1245010294,-505050505270740557,1596127978856747880901023330175914,3866349498467005423,198225,25827110,26
3546499331,-1438635963395302791,1596098498727247963428748574186968,3866349498467005423,198224,25827110,161
479009597,-194305968135729223,1596094517063193264573323021954218,3866349498467005423,198224,25827111,92
102389241,-41533155952933064,1596093665977270775161482532444308,3866349498467005423,198224,25827112,45
11750000000,-4765974024878127379,1595996002958257226681264281050694,3866349498467005423,198223,25827113,478
30091848655,-12203040364460875230,1595745941636706503865085264120712,3866349498467005423,198220,25827115,2
53185517938,-21558784500063137843,1595304164518508407469171028201882,3866345043816825564,198214,25827117,2
-78369786,31790245043336499,1595304815630432144684021927891414,3866345043816825564,198214,25827117,302
24528174107,-9938498072216071041,1595101158447358821833197750054556,3866345043816825564,198212,25827119,2
87420,-35416810878987,1595101157721606511509824143465977,3866345043816825564,198212,25827120,223
-1105163,448188972965843,1595101166901189241614156270421039,3866345043816825564,198212,25827120,235
33824748652,-13701188377448141496,1594820463853224611045333061993260,3867693052255134874,198208,25827121,2
18000010962,-7289191109819196924,1594671147656193526068429983130250,3867693052255134874,198206,25827121,422
1445131673,-585153839860908873,1594659161011210591242100372399406,3867693052255134874,198206,25827122,526
26225586798,-10617575350815511272,1594441664179368836420475888365218,3867693052255134874,198203,25827124,5
4980072061,-2015882796400968598,1594400369617560256295009742844021,3867693052255134874,198203,25827128,118
16857026087,-6822778803376434122,1594260607692161961283089547322480,3867693052255134874,198201,25827131,126
-13718634306,5558000000000000000,1594374404197273458582632097111629,3867693052255134874,198203,25827135,147
320140,-129581480013108,1594374401542848089606839441949266,3867693052255134874,198203,25827138,294
-4419832648,1790830461357166957,1594411067654353965086639473147450,3867693052255134874,198203,25827143,396
8036043,-3252867793623870,1594411001020643712309357077563172,3867693052255134874,198203,25827147,614
12477822277,-5050505050641257587,1594307543422141161142318071551736,3867693052255134874,198202,25827150,119
139704,-56542657084611,1594307542263887193217967899709833,3867693052255134874,198202,25827152,564
7487470729,-3030303030659370844,1594245467704780037111603925948161,3867693052255134874,198201,25827159,65
578151276,-233977553445019254,1594240674767135147418430406746796,3867693052255134874,198201,25827167,100
51734489027,-20931214834595679380,1593810345184903603244495114657868,3848571749005439239,198196,25827175,2
3503780810,-1417182868116216659,1593781170519102826934408139096895,3848571749005439239,198195,25827176,5
17340104293,-7012831081028023703,1593636801709890329890074647654833,3848571749005439239,198193,25827177,78
38354666431,-15507205243129563769,1593317551667508682396543012008482,3844428220700238667,198189,25827183,75
-534589,216313325482760,1593317556123187724461296173519620,3844428220700238667,198189,25827190,505
43747302904,-17679919035537588872,1592953198299820308262472615653776,3844428220700238667,198185,25827192,31
140998948,-56969868114578246,1592952024232388097007931268556876,3844428220700238667,198185,25827192,51
-7398788327,2992545995561396081,1593013665485626101745619087867410,3844428220700238667,198186,25827193,13
-17717469,7166362351022765,1593013813100251617911477543711861,3844428220700238667,198186,25827194,208
-258752730,104660461802206754,1593015968924101786027988769030652,3844428220700238667,198186,25827194,242
-1237349645,500487853097007790,1593026278105160675796892426200007,3844428220700238667,198186,25827194,495
-1113751627,450500000000000000,1593035557623211495814204009652245,3844428220700238667,198186,25827194,533
-45003950389,18207983058245961728,1593410523093398385513145293857314,3848571749005439239,198191,25827195,2
-820397682,332001222607745433,1593417354379550991394826975850524,3848571749005439239,198191,25827195,236
-4044318,1636675226168991,1593417388055923388526132732283713,3848571749005439239,198191,25827195,420
-670311943,271266158496735915,1593422969652092384418594745917235,3848571749005439239,198191,25827195,439
-2766367321,1119531466918109442,1593446005229333014165123639116253,3848571749005439239,198191,25827197,793
-64588719499,26147852419990700032,1593984025724420484545850294403358,3848571749005439239,198198,25827198,2
4806730,-1944648979848641,1593983985691136592031157225479300,3848571749005439239,198198,25827199,179
-28391814498,11499620371271051264,1594220136555348373617432180669893,3867693052255134874,198201,25827200,35
2919113746,-1181312059542838302,1594195937845014070085455612906177,3867693052255134874,198200,25827202,159
-11709843099,4743719102059414481,1594293062468088019624832788332544,3867693052255134874,198202,25827202,171
-203212447,82327534912140189,1594294748071856901656732004558267,3867693052255134874,198202,25827202,593
-33180375686,13444713221781370880,1594570020000044209878671848679079,3867693052255134874,198205,25827204,2
53999,-21862334414199,1594570019552202935892510234431799,3867693052255134874,198205,25827204,252
124048,-50222365853301,1594570018523417634185039031336824,3867693052255134874,198205,25827204,260
5487105,-2221539513450577,1594569973016059313468034453603442,3867693052255134874,198205,25827208,107
-246748342,100000000000000000,1594572020452279383588573182458950,3867693052255134874,198205,25827208,441
2494930955,-1010101010309223150,1594551328932575166222838762690018,3867693052255134874,198205,25827209,97
16714252528,-6766278133654106050,1594412724401050285054777830547339,3867693052255134874,198203,25827212,2
43044173520,-17419764558740513477,1594055537684457934670740767522819,3848571749005439239,198199,25827214,8
-58637887,23748893630250474,1594056026343767444861706915208859,3848571749005439239,198199,25827215,128
80405442,-32532396264898120,1594055356619478448592907569294343,3848571749005439239,198199,25827215,429
-6113704813,2476185516553942124,1594106306828931453045825518910350,3848571749005439239,198199,25827217,368
-32929989799,13340086527484850709,1594379535326203440548814766121842,3867693052255134874,198203,25827220,60
2935164830,-1188045077918202871,1594355198692650606560640196782639,3867693052255134874,198202,25827227,181
40381026,-16344477749060215,1594354863882488109751830104314624,3867693052255134874,198202,25827227,300
13648322028,-5523852206293190633,1594241709954709431153175935060473,3867693052255134874,198201,25827236,502
23986803838,-9706220089803755515,1594042467528960677277101876851263,3848571749005439239,198198,25827237,2
-4895753080,1982843464825486498,1594083266689269948398404183641772,3848571749005439239,198199,25827245,84
273287,-110576806363661,1594083264412893735027168722261226,3848571749005439239,198199,25827245,237
2387210,-965908934815017,1594083244528324847548177369641147,3848571749005439239,198199,25827246,11
-15687202229,6354202670008859927,1594213555525815080674299018739712,3867693052255134874,198201,25827246,280
-9849169518,3990000000000000000,1594295248230995878483794300074492,3867693052255134874,198202,25827246,683
-4318838,1749695508621023,1594295284054895462930727646635442,3867693052255134874,198202,25827246,768
-451432667,182889831679698793,1594299028607552098361525323103067,3867693052255134874,198202,25827247,382
-34297595585,13897566995476066304,1594583572427925986153294694903164,3867693052255134874,198205,25827248,5
-577188254,233922175834866816,1594588361835280805331352014441764,3867693052255134874,198205,25827249,153
-21504052155,8716138446888210123,1594766819210833851811522016182272,3867693052255134874,198208,25827249,507
-68365802741,27723362327197196288,1595334529039350884823429366302871,3866830486767111284,198215,25827253,10
-16416311158,6660000578475212687,1595470918720816692508064040878080,3866830486767111284,198216,25827253,379
315691,-127956809719488,1595470916099087358896081243526449,3866830486767111284,198216,25827254,335
-90102506,36557197543011536,1595471664751353890002924679245056,3866830486767111284,198216,25827255,426
-55387287,22472244288887608,1595472124958857518315719387870541,3866830486767111284,198216,25827259,2
-82965066,33661380815279308,1595472814307897807183866501669148,3866830486767111284,198216,25827259,11
-64719084,26258466858671076,1595473352053186029750795992970324,3866830486767111284,198216,25827259,20
221247,-89676653151822,1595473350215785483240664085869137,3866830486767111284,198216,25827259,221
8947725,-3626730969630087,1595473275907063743126348661747251,3866830486767111284,198216,25827262,261
19575932763,-7933793875885071143,1595310719024183980306830663349685,3866830486767111284,198214,25827263,2
45772165949,-18544375476025476173,1594930760089090228766031583666722,3866830486767111284,198210,25827265,2
7579045260,-3069761785901593981,1594867875613956074421350673843286,3867693052255134874,198209,25827265,36
27172020200,-11003569658260098807,1594642471841385926100065918650432,3867693052255134874,198206,25827266,2
-1076904587,436480000000000000,1594651408490999288162193362358954,3867693052255134874,198206,25827267,76
30814213909,-12474887686947122894,1594395865350513422164355993965191,3867693052255134874,198203,25827268,2
-799188870,323818447357280306,1594402495326691883817370404678700,3867693052255134874,198203,25827269,13
23428543692,-9482261845190569656,1594208254942999716669537072003126,3867693052255134874,198201,25827269,67
-171578128,69504105123821904,1594209677995222457411699829864893,3867693052255134874,198201,25827273,105
-8639718778,3500000000000000000,1594281338262924911630555339807682,3867693052255134874,198201,25827273,178
324755,-131434255270383,1594281335570546174276616002794261,3867693052255134874,198201,25827274,399
205001,-82967589965872,1594281333870987907262572370018961,3867693052255134874,198201,25827274,430
-31387238549,12717800000000000000,1594541722714583985052446828404792,3867693052255134874,198205,25827274,613
21795704383,-8823016393161625695,1594360986713247001086204443806989,3867693052255134874,198202,25827275,35
3411945411,-1380992490073778244,1594332697628266291931748812668409,3867693052255134874,198202,25827275,147
4998950193,-2023247706282520611,1594291252199191588325233338262276,3867693052255134874,198202,25827276,496
-48873306,19800000000000000,1594291657591563162209100006575666,3867693052255134874,198202,25827277,150
-750128081,303900000000000000,1594297879750235955305417203567555,3867693052255134874,198202,25827278,334
-7330936,2970000000000000,1594297940559091691387997203814563,3867693052255134874,198202,25827279,51
541990012,-219357586742922472,1594293447105682540484836216864005,3867693052255134874,198202,25827282,99
9062556,-3667843536706553,1594293371971358312339875077541684,3867693052255134874,198202,25827282,229
280109378,-113367123742193166,1594291049690664816215861597341333,3867693052255134874,198202,25827283,171
3000000000,-1214152746166493203,1594266178251853421704810767301957,3867693052255134874,198201,25827284,262
321932,-130289494052340,1594266175582924665152800581631062,3867693052255134874,198201,25827286,245
107953,-43689785864255,1594266174687956680904831637813698,3867693052255134874,198201,25827286,249
1896671436,-767596728210266115,1594250450772561533141786013171037,3867693052255134874,198201,25827289,107
10000000000,-4046822397080961019,1594167553216263638722279228599710,3867693052255134874,198200,25827289,223
49677342400,-20097280607618029064,1593754028023122567788081833447115,3848571749005439239,198195,25827290,20
-389589539,157728000000000000,1593757273448226171256812289854131,3848571749005439239,198195,25827290,204
43104447996,-17429795467036657553,1593398457046216871859271305287845,3848571749005439239,198190,25827291,62
-24269778526,9822628421636423680,1593600568306506406798236143901878,3848571749005439239,198193,25827293,83
20040000,-8103642148453872,1593600401481845476139247929362048,3848571749005439239,198193,25827293,757
-82916155,33562649823601133,1593601092069859531777100242506495,3848571749005439239,198193,25827294,149
-24700168308,9999384117157595894,1593806840270777549315894023290880,3848571749005439239,198195,25827295,20
-8222332,3329081577839610,1593806908770250849329301927531277,3848571749005439239,198195,25827295,158
-29789572588,12063167169128445952,1594055121551492319767656303143185,3848571749005439239,198199,25827297,5
4994719374,-2020831296569746190,1594013519949438281231249003772649,3848571749005439239,198198,25827297,11
-2423615259,981547262339677184,1594033716351634279709165621246962,3848571749005439239,198198,25827297,32
-8214388597,3326955062895374339,1594102172069577075567147507439280,3848571749005439239,198199,25827297,737
-34470345254,13964131233171423232,1594388197925822325612854492506878,3867693052255134874,198203,25827299,5
500000000,-202386084312680792,1594384052126928279110789234580425,3867693052255134874,198203,25827299,146
-24433811,9900000000000000,1594384254823114066052722568737120,3867693052255134874,198203,25827299,160
9500000000,-3845136613227622323,1594305488720332275276330748216214,3867693052255134874,198202,25827300,55
-74947009498,30375595826920776315,1594927410543377179772570420018197,3866830486767111284,198210,25827300,70
120000000,-48605615797568657,1594926414654459707400601444452875,3866830486767111284,198210,25827303,45
500000000,-202522745358158274,1594922265406197009561480018284242,3867693052255134874,198209,25827304,49
-24191595002,9809712473380636672,1595123157539603905735867959458579,3866830486767111284,198212,25827305,7
-115340314219,46804595155650000000,1596081665122741957891604755581113,3866834941417291143,198224,25827306,22
47402785946,-19223414447508953543,1595687793655388126162820169465856,3866830486767111284,198219,25827306,39
191790825,-77758320031159950,1595686200451642229464107409990773,3866830486767111284,198219,25827307,14
42748631875,-17327830350137998139,1595331156336171042281755938930096,3866708668522478322,198215,25827308,2
294220857,-119233451280346262,1595328713264280967464027194463228,3866708668522478322,198215,25827308,28
15420000,-6248968471914575,1595328585224045179919087200771730,3866708668522478322,198215,25827311,406
3784403350,-1533602432657977709,1595297161987079844772307972422828,3866708668522478322,198214,25827313,12
471491481,-191064323244832464,1595293247113591715181652382247819,3866708668522478322,198214,25827314,225
-358379268,145372673335419903,1595296224284092552646623647482103,3866708668522478322,198214,25827318,255
10000000000,-4052133099361210869,1595213196808467321602118645169580,3866708668522478322,198213,25827320,92
71426454413,-28930689593603236209,1594620479798190327790416395681238,3867571234010501912,198206,25827322,2
9405000012,-3807815184565344840,1594542475753270852261355520516428,3867571234010501912,198205,25827324,514
-5279044002,2139426800000000000,1594586280532166933373832236024965,3867571234010501912,198205,25827325,465
58786280276,-23793749448074985209,1594098723403552263601083652298579,3848449930760806277,198199,25827326,2
43928614849,-17770591627852826314,1593732879662098723954112922640486,3848449930760806277,198195,25827330,2
23219123839,-9389616286927335346,1593539575337915445660677989355085,3848450096863455786,198192,25827334,39
149324162,-60378050024493375,1593538332333111113214602520742018,3848450096863455786,198192,25827334,221
3418,-1381922615352,1593538332304661429109161611558190,3848450096863455786,198192,25827335,143
22504669199,-9098509278511572156,1593351021009565523626659008049881,3848450096863455786,198190,25827339,5
37671871847,-15225733779837018420,1593037253747651203542300706803662,3844306568558255214,198186,25827340,2
-570406,230725015227311,1593037258500336432256090292394259,3844306568558255214,198186,25827340,217
44080000,-17812176235371439,1593036891405265229861598795307921,3844306568558255214,198186,25827342,277
164636565,-66527502082115917,1593035520325292123896127555183086,3844306568558255214,198186,25827350,542
-15072097599,6097009733595325849,1593161112117199188459633789074430,3844306568558255214,198187,25827352,235
-54695507802,22133663444921171968,1593616731954825751407292009725394,3848450096863455786,198193,25827353,2
342950523,-138682634535565090,1593613876891090913033630771884901,3848450096863455786,198193,25827357,49
-637236,257943508381092,1593613882198726842381786449048855,3848450096863455786,198193,25827363,357
2729933,-1103930713528811,1593613859472070714702849372472221,3848450096863455786,198193,25827366,31
-9992167300,4044889004895522000,1593697090092400536280571865257331,3848450096863455786,198194,25827366,428
-13775493038,5577094667595524888,1593811848506849069544485412667392,3848450096863455786,198196,25827367,23
-44075923029,17849810619174019072,1594178878031387545593132662955315,3867571400113151421,198200,25827369,2
3354165389,-1357296192416081293,1594151073481144572092227509393434,3867571400113151421,198200,25827375,5
-14601745355,5915000000000000000,1594272183142873773494887041704614,3867571400113151421,198201,25827376,162
-15000000000,6077264316909392606,1594396615167499275231201434703174,3867571400113151421,198203,25827379,11
16120186095,-6524541553335650264,1594262958310251953535677509202983,3867571400113151421,198201,25827388,5
62187342,-25167808119689980,1594262442741440017372848878264614,3867571400113151421,198201,25827388,162
-2686854,1088483348871073,1594262465028143344447052148285758,3867571400113151421,198201,25827389,176
1927839600,-780206953377097984,1594246482294561461172895654596479,3867571400113151421,198201,25827390,55
45149576096,-18267791862476349659,1593870999936470601086393716295022,3848450096863455786,198196,25827392,2
-3241541467,1312572534773441478,1593898008397312136991033925892468,3848450096863455786,198197,25827396,357
-4881869869,1976862085363007488,1593938685770034140199809494915673,3848450096863455786,198197,25827399,32
-593884238,240494087661869084,1593943634353809251445845586975646,3848450096863455786,198197,25827401,458
-29622600998,11997600000000000000,1594190188279322785762855570913493,3867571400113151421,198200,25827402,33
-2146745172,869608233788080362,1594207993513309430344789662181155,3867571400113151421,198201,25827403,416
-44652284,18088051357787495,1594208363866273298825875100897462,3867571400113151421,198201,25827405,128
7183773,-2907142867268462,1594208304312728267080219655687200,3867571400113151421,198201,25827407,267
18921430880,-7656406141181954602,1594051089194310013740742261985803,3848450096863455786,198199,25827409,28
11922304794,-4823488738223734241,1593951787880789233827295780667392,3848450096863455786,198197,25827410,473
2732346911,-1105359712167151013,1593929031805821891798603190477664,3848450096863455786,198197,25827411,372
10455078,-4229498031581253,1593928944733013627248574240748647,3848450096863455786,198197,25827413,387
138740000,-56125848640425066,1593927789268412187109056118618793,3848450096863455786,198197,25827413,1060
-1896489201,767980156441753683,1593943591794697649816359409234203,3848450096863455786,198197,25827417,61
-19201207731,7776354881670944768,1594103603809841444037802084761368,3848450096863455786,198199,25827420,61
-55034807,22290956345956099,1594104062485004637253876024385909,3848450096863455786,198199,25827420,137
61862,-25031129089017,1594104061969687999785585328511171,3848450096863455786,198199,25827420,860
46212,-18698351792961,1594104061584744446585027434180915,3848450096863455786,198199,25827420,1029
-140633818,56961505511410544,1594105233666705879221913207893316,3848450096863455786,198199,25827420,1157
-26645754075,10793947089222836224,1594326343843130368302866804938885,3867571400113151421,198202,25827422,229
-120765445,48927771784232081,1594327345639561467527240945126629,3867571400113151421,198202,25827422,610
-700630853,283859782450337151,1594333157670369765926761366865507,3867571400113151421,198202,25827423,365
-551575406,223471596167678360,1594337733252688946353915603887160,3867571400113151421,198202,25827423,464
-31082757081,12595298385469612032,1594595622065341960941992965409629,3867571400113151421,198205,25827424,2
-61041903458,24747151652940161024,1595102360039281591251153340476490,3866708834625127831,198212,25827428,2
14679648823,-5946798669769785312,1594980511213419891926743428640437,3866708834625127831,198210,25827435,5
-56309586,22832384267344409,1594980978810915520511794051969959,3866708834625127831,198210,25827435,503
-11935317,4839528474598273,1594981077922395436427647998664328,3866708834625127831,198210,25827436,350
-28315577,11481393238557139,1594981313056434081473086497335359,3866708834625127831,198210,25827444,921
-5179049,2100000000000000,1594981356063538785139582765767899,3866708834625127831,198210,25827447,736
4981773435,-2017936829412110141,1594940008904002868887091472991069,3866708834625127831,198210,25827448,833
-393373220,159496963469371158,1594943275333816127989776491069444,3866708834625127831,198210,25827449,583
-59086753,23957350000000000,1594943765970130352934792860846742,3866708834625127831,198210,25827455,429
2303370,-932992222280373,1594943746853288984003428305987489,3866708834625127831,198210,25827457,135
49547303603,-20064228300063172814,1594532721628444683175668605341304,3867571400113151421,198205,25827458,356
31195661715,-12627408933032863798,1594274046014323860102691532989219,3867571400113151421,198201,25827459,44
-4877939494,1976202377946485920,1594314508770283546042141289040892,3867571400113151421,198202,25827459,178
-82551922,33445170000000000,1594315193560346973875594575010506,3867571400113151421,198202,25827460,136
116000000,-46949365565874887,1594314231790910762325352725758863,3867571400113151421,198202,25827460,810
-15860964208,6426452569434297920,1594445813447174996477612371374431,3867571400113151421,198204,25827462,548
-3803562931,1541263042910725791,1594477370817549068772888297789421,3867571400113151421,198204,25827462,891
24197230286,-9794253866447533587,1594276733089952323024782442480563,3867571400113151421,198201,25827463,32
1239659806,-501707701126639260,1594266455482852850624452836440477,3867571400113151421,198201,25827463,110
4157177377,-1682420742634407721,1594231990675296638886880991039165,3867571400113151421,198201,25827464,12
-183658675,74400000000000000,1594233514015758625798860343398243,3867571400113151421,198201,25827464,280
11634092716,-4707970653710945729,1594137070065414571297625459062765,3867571400113151421,198200,25827465,238
-1684660,682372826284360,1594137084037002426664971512429167,3867571400113151421,198200,25827465,452
-710763,287895114647669,1594137089931656686761138612419065,3867571400113151421,198200,25827465,500
40547,-16406876359495,1594137089595557741949537813117408,3867571400113151421,198200,25827465,626
4992650242,-2020202020446733824,1594095553352175740060490453388722,3848450096863455786,198199,25827466,17
52858906899,-21382110356972457669,1593655359177476466444725559476406,3848450096863455786,198194,25827469,2
19780413984,-7998396829524179535,1593490695931776699705635572116534,3848450096863455786,198192,25827470,5
58180898288,-23516413447138475050,1593006214769361181045991157050247,3844306568558255214,198185,25827471,2
65052567723,-26276973880697918898,1592464658211493713177951045817056,3843822792843907001,198179,25827471,138
-594460652,240282478520750725,1592469608393048223818190874046407,3843822792843907001,198179,25827472,654
-32726875190,13230589732953815040,1592742152181649681157769134880772,3844306568558255214,198182,25827475,145
3405207109,-1375467649892981031,1592713804865285756534753795953833,3844306568558255214,198182,25827475,163
-7172399,2900000000000000,1592713864602142419827920177868867,3844306568558255214,198182,25827475,209
5001577491,-2020202020315865296,1592672229812844838584020448500547,3844306568558255214,198181,25827480,87
623800984,-251953900187015264,1592667037239309371055708039630712,3844306568558255214,198181,25827480,94
-60749612,24561318065531265,1592667543175839282157138742433441,3844306568558255214,198181,25827480,299
53372341474,-21551078523156683991,1592223353272079116960288593698947,3843822792843907001,198176,25827482,5
73943796362,-29837715232235505630,1591608223559117633146091316147647,3840233172130812755,198168,25827484,5
-12192907789,4923402862929591296,1591709747895945851554489847786570,3840233172130812755,198169,25827488,6
-15496662934,6258340128526219264,1591838704594262298894930310692455,3843822792843907001,198171,25827490,9
-8285962849,3346708958308814848,1591907651847743809446018906125109,3843822792843907001,198172,25827491,17
50328683,-20308358324549308,1591907233255628498930205756339749,3843822792843907001,198172,25827491,90
-19805982,8000000000000000,1591907398067697526531617745753160,3843822792843907001,198172,25827491,480
-16095143856,6501671745558340608,1592041342314262997406138435224810,3843822792843907001,198173,25827492,11
-3416137916,1380097815570666751,1592069774411318581737542447306528,3843822792843907001,198174,25827492,168
29254146,-11806880561753281,1592069531050086197504526384591945,3843822792843907001,198174,25827493,71
-8384414821,3387457766929551174,1592139317790500107219974131900143,3843822792843907001,198175,25827494,895
-20222657998,8171547773568104448,1592307664002465063352854688389265,3843822792843907001,198177,25827495,135
-993230205,401387809954417743,1592315933196895194009630067336683,3843822792843907001,198177,25827500,423
-2593475098,1048104262523329942,1592337525725903083800376790022686,3843822792843907001,198177,25827500,621
-4689204784,1895126226257274636,1592376568185205325265202699080780,3843822792843907001,198178,25827504,402
-144589094,58436669704545538,1592377772068760461353125225571207,3843822792843907001,198178,25827507,818
7388408980,-2982977671337306812,1592316287486234668715773244815988,3843822792843907001,198177,25827510,391
87039,-35139356140697,1592316286761948777039162819224242,3843822792843907001,198177,25827510,692
-6039990441,2440993794960004096,1592366574916677638904481762704710,3843822792843907001,198177,25827512,48
-4573958576,1848616195799071206,1592404659199186086210828546236173,3843822792843907001,198178,25827513,676
-20197561575,8164126447356998656,1592572847509035147046654920774199,3844306568558255214,198180,25827514,2
3109908,-1255942546655362,1592572821625038015072814771376760,3844306568558255214,198180,25827518,384
-913462639,369274651971558688,1592580428282608433166115527512006,3844306568558255214,198180,25827518,841
-4794173089,1938141046613039146,1592620351887399732517434102452913,3844306568558255214,198181,25827518,899
-6262354925,2531829501163427308,1592672504830850386550575350208267,3844306568558255214,198181,25827518,1224
-98934728,40000000000000000,1592673328787494018180456480070815,3844306568558255214,198181,25827522,362
-18430964101,7452489286340308992,1592826841988970859222313186458708,3844306568558255214,198183,25827524,2
3174518,-1282444111302293,1592826815558797132514312243651992,3844306568558255214,198183,25827532,185
-429539218,173699652326844296,1592830393583360412705686368632039,3844306568558255214,198183,25827532,736
-19787840,8001944634245206,1592830558414746496675931005258893,3844306568558255214,198183,25827533,367
143316,-57897049235164,1592830557221533431043589154142814,3844306568558255214,198183,25827534,544
397644,-160641232220574,1592830553910842822506477438222292,3844306568558255214,198183,25827534,571
-2100170954,849291167218624203,1592848048388333008679567498461217,3844306568558255214,198183,25827536,472
-17913766374,7244932169092306944,1592997286138167611710343154794279,3844306568558255214,198185,25827540,161
-2414440945,976585288438652081,1593017402736579660183567265307705,3844306568558255214,198186,25827540,418
-20338258051,8227332099089498267,1593186876860139874062159293417902,3844306568558255214,198188,25827542,262
-1603593556,648768000000000000,1593200240777734264193527314884556,3844306568558255214,198188,25827543,85
1340358,-541732510536496,1593200229613049393563515246312506,3844306568558255214,198188,25827552,210
-22799197457,9225079248341981184,1593390190781972704595480632897836,3848450096863455786,198190,25827554,96
7141687,-2887145666491183,1593390131344214565663991084623669,3848450096863455786,198190,25827563,225
-5732877917,2320000000000000000,1593437869375822227450592442440061,3848450096863455786,198191,25827564,393
23136409,-9353836733047054,1593437676808092839002848374716793,3848450096863455786,198191,25827568,145
25000000,-10107267189711092,1593437468729467073744755430261913,3848450096863455786,198191,25827569,607
1374887676,-555850219356196856,1593426025423615548040975656794601,3848450096863455786,198191,25827574,441
838957997,-339176503161556796,1593419042786336346976546438922864,3848450096863455786,198191,25827574,516
1374887281,-555837204400221715,1593407599748424127009081886575456,3848450096863455786,198190,25827574,520
1374886885,-555829060867336427,1593396156878163073260900823813984,3848450096863455786,198190,25827574,624
-20909058,8461358562468053,1593396330985319322769334130475570,3848450096863455786,198190,25827574,764
3383809896,-1367947836513330248,1593368169000422949618257553245081,3848450096863455786,198190,25827575,326
838146610,-338823867997772382,1593361193622854894951754617658203,3848450096863455786,198190,25827575,582
838014641,-338767553184433014,1593354219404641663892869343155331,3848450096863455786,198190,25827575,697
16954701579,-6853303492430817128,1593213004853667687352500818772840,3844306568558255214,198188,25827577,221
9483421464,-3832788332318425345,1593134014073026177552763258941848,3844306568558255214,198187,25827585,294
45062672099,-18207188520826766849,1592758778106453171982013748254308,3844306568558255214,198182,25827591,2
12010636179,-4851347614187804012,1592658795612774420149026062302838,3844306568558255214,198181,25827591,766
27381773081,-11057795089665589118,1592430890259954187455824707124752,3843823465599593058,198178,25827593,122
21167938503,-8546245005712358489,1592254736673750488524201487776144,3843823465599593058,198176,25827595,46
55592345535,-22435594275770305230,1591792298446476813848429756582554,3843823465599593058,198170,25827596,2
1649700000,-665576011245613913,1591778579719574682906251765830316,3843823465599593058,198170,25827596,501
2500000,-1008623183521980,1591778558930024326365917496007263,3843823465599593058,198170,25827596,792
10000000,-4034492470623873,1591778475771828330675714459212329,3843823465599593058,198170,25827598,30
14938019376,-6026261871766344392,1591654186264183070145549452993447,3840233844886498812,198168,25827599,15
-280599618,113303462065883721,1591656522667916759131946398119220,3840233844886498812,198168,25827599,494
23784847710,-9593315010730403439,1591458602241343584097898081346912,3840233844886498812,198166,25827600,5
-6901356970,2786114083732235268,1591516054036981834989905261526446,3840233844886498812,198167,25827603,60
16045097222,-6470705004740334189,1591382556419804154257747780687876,3840233844886498812,198165,25827605,132
-16499195,6659935558198658,1591382693752750743792507313136157,3840233844886498812,198165,25827605,286
65134056894,-26256277971278286353,1590840913457470326327672934264770,3836985011549885085,198158,25827606,5
180861872,-72882581181924661,1590839408538121160525538330930247,3836985011549885085,198158,25827612,192
-1078374310,434993432608693324,1590848386029146662209129462918292,3836985011549885085,198158,25827614,512
812619951,-327466478168701063,1590841624322423225263958724699155,3836985011549885085,198158,25827614,540
-7201953,2905107636109903,1590841684278679518343095548650369,3836985011549885085,198158,25827617,193
-24695224,9961505708953765,1590841889866445674491194914502174,3836985011549885085,198158,25827617,236
-19500665,7866137795864572,1590842052209543693765709347145231,3836985011549885085,198158,25827617,278
930070,-374794267178273,1590842044470586929527426748211770,3836985011549885085,198158,25827618,475
610581,-246048392174585,1590842039390045321232936288011610,3836985011549885085,198158,25827618,543
-2409118,971785272779213,1590842059445965505522482041518186,3836985011549885085,198158,25827622,896
-12084675444,4875000000000000000,1590942669678152297882599829998152,3840233844886498812,198160,25827624,40
332516080,-134012277096691472,1590939903619453829784803787842465,3836985011549885085,198159,25827625,96
-20858760,8415000000000000,1590940077290091858830974616014412,3836985011549885085,198159,25827625,185
-13068559301,5272578698275706000,1591048802975041054026432610322051,3840233844886498812,198161,25827626,222
1000640000,-403335289094681373,1591040481733386803756347565225863,3840233844886498812,198161,25827627,347
-19271942776,7776600000000000000,1591200841151749860451452882401527,3840233844886498812,198163,25827633,137
7905187289,-3186895686657923288,1591135092059486963480859799987673,3840233844886498812,198162,25827643,8
170975992,-68924318906200560,1591133670076514036779628811170535,3840233844886498812,198162,25827644,414
31986854179,-12892462675716217836,1590867622287470094147944400920306,3836985011549885085,198159,25827645,19
39696194565,-15993754602982536579,1590537374505661189557911256417415,3836985011549885085,198154,25827648,565
12097158203,-4872673087690237837,1590436760889994636608656977690624,3836985011549885085,198153,25827650,531
9998732625,-4026972745789456391,1590353609756960878512325743130964,3836985011549885085,198152,25827651,234
15235,-6135395707536,1590353609630273876414900965335552,3836985011549885085,198152,25827652,281
4750000000,-1912906980594098418,1590314110881991833633038707714614,3836985011549885085,198152,25827652,501
-70528368,28430720000000000,1590314697641502472392818848882142,3836985011549885085,198152,25827656,328
27040009134,-10887676183124903550,1590089645779540146492261761819245,3820875959319916894,198149,25827666,25
7200000000,-2898564243343900913,1590029542305526674047271006620871,3820875959319916894,198148,25827670,137
-13362102412,5384851096742188032,1590141144604690240603825675913108,3820875959319916894,198149,25827670,528
-2037270553,821074812845164364,1590158111094852583910371023615101,3836985011549885085,198150,25827672,555
-55430062547,22346523073257570304,1590619303598698507130748886117315,3836985011549885085,198155,25827674,2
3373296483,-1358948442676927262,1590591243288913397031521731289562,3836985011549885085,198155,25827674,46
-2808880798,1132700000000000000,1590614620202959208154242714101818,3836985011549885085,198155,25827676,730
-180357830,72731641125024875,1590616121254714298193860315101873,3836985011549885085,198155,25827677,552
-26245212051,10585186708528883711,1590834580687789377268949571757368,3836985011549885085,198158,25827680,32
11167651,-4500237952322906,1590834487764417832619927240911265,3836985011549885085,198158,25827682,73
-170759439,68880000000000000,1590835909325148366274145499316940,3836985011549885085,198158,25827685,260
-8725796118,3519927335001212928,1590908554366869761495840290914402,3836985011549885085,198159,25827688,257
31185367491,-12565914332370265923,1590649086503464371358176859346676,3836985011549885085,198156,25827704,116
20331976327,-8190413156473754348,1590479966378505125141180223451847,3836985011549885085,198154,25827704,370
-9424734,3800000000000000,1590480044803748679552998303909767,3836985011549885085,198154,25827704,634
-989572300,398992068094147281,1590488279290621459017533505058523,3836985011549885085,198154,25827717,133
-13098107230,5281500000000000000,1590597280060051097443110330981480,3836985011549885085,198155,25827721,45
3769704,-1518627733181716,1590597248702596095399863349271322,3836985011549885085,198155,25827722,308
7539408,-3037255286731670,1590597185987689800448136918089933,3836985011549885085,198155,25827722,316
-1474231793,594494137884753583,1590609455289678032522228601378440,3836985011549885085,198155,25827722,773
-1000766517,403571226361980823,1590617784282235661735199981499706,3836985011549885085,198155,25827723,631
2500000,-1007152654500104,1590617763485997483266199275273027,3836985011549885085,198155,25827723,772
-27066021,10914759712255311,1590617988747231370504249845631924,3836985011549885085,198155,25827727,124
-633,255435968622,1590617988752503114728377051655356,3836985011549885085,198155,25827732,122
-5168183663,2084200504053952659,1590661002945173288179176188341737,3836985011549885085,198156,25827732,848
5763449988,-2321925801184176895,1590613058552852616826219738423194,3836985011549885085,198155,25827733,35
-2479746259,1000000000000000000,1590633696774840619936240911560173,3836985011549885085,198156,25827738,56
-1512613620,610000000000000000,1590646286086556113277173604782268,3836986138383297072,198156,25827738,382
939610000,-378543992800964604,1590638469705704377883890419663486,3836986138383297072,198156,25827738,639
-301594397,121625587978200436,1590640979840851324973701428955352,3836986138383297072,198156,25827738,808
4998961456,-2013893032313004517,1590599395889620876114549108167007,3836986138383297072,198155,25827739,396
3732063,-1503467700446446,1590599364845207628349216665761576,3836986138383297072,198155,25827749,121
5983500000,-2410387942119685053,1590549593852894076104225652331431,3836986138383297072,198155,25827749,182
101000000,-40685457654247159,1590548753757586263473345824937609,3836986138383297072,198155,25827751,174
-5026787,2026947697020160,1590548795590170507388322150481782,3836986138383297072,198155,25827752,79
-604086777,243586228420246672,1590553822775349497303764373344888,3836986138383297072,198155,25827753,327
-1416066101,571007112481295570,1590565607343432760907398007004624,3836986138383297072,198155,25827754,202
-12275634,4950000000000000,1590565709502601599746803936236508,3836986138383297072,198155,25827756,282
-3703457876,1493403241393172065,1590596530681163610879483813249414,3836986138383297072,198155,25827758,122
-70137550,28283220000000000,1590597114396365082806647967950386,3836986138383297072,198155,25827758,476
-4696522347,1893936788288600793,1590636201872753944303858243431497,3836986138383297072,198156,25827760,164
-18000000,7258924930008613,1590636351684014047982697380261766,3836986138383297072,198156,25827768,466
3361127318,-1354075148286600211,1590608392008884708101409261568179,3836986138383297072,198155,25827771,11
4332107455,-1745177283350451644,1590572356645598316245264961475950,3836986138383297072,198155,25827771,713
9206685379,-3708624682440874026,1590495778959766842038437939166572,3836986138383297072,198154,25827771,1109
5803917948,-2337742949437752292,1590447507980504803393072433397237,3836986138383297072,198153,25827775,58
19689404,-7930395191610895,1590447344229420910234847016799579,3836986138383297072,198153,25827775,147
54015,-21755477397020,1590447343780202060694567343753675,3836986138383297072,198153,25827775,161
-216519605,87296000000000000,1590449145413899627426846131274193,3836986138383297072,198153,25827775,189
682973,-275084684825345,1590449139733802455193980220618159,3836986138383297072,198153,25827776,643
-17320501279,6983890450986856448,1590593274772940702577932634779768,3836986138383297072,198155,25827778,2
-22222151,8961123659548577,1590593459714545737232772274262351,3836986138383297072,198155,25827778,175
12529511096,-5047167113162055868,1590489243081527943459219160745605,3836986138383297072,198154,25827779,56
-592906901,239060244584489117,1590494176858475248725360817017259,3836986138383297072,198154,25827779,174
-3241780329,1307113046828619569,1590521153339776746653720810453360,3836986138383297072,198154,25827780,90
-2452850623,989039433013363387,1590541565349155631944002783916698,3836986138383297072,198154,25827780,372
-3031264665,1222302851582432390,1590566791499334824787272154810796,3836986138383297072,198155,25827781,417
3002714395,-1209580171526467940,1590541815434541400849579372979538,3836986138383297072,198154,25827782,87
-519863077,209622729246052293,1590546141673690795955664253481132,3836986138383297072,198155,25827782,501
53024438,-21359551205025615,1590545700630139146181787617188168,3836986138383297072,198155,25827782,512
-1254521721,505861205102407994,1590556140702919161468299542765481,3836986138383297072,198155,25827784,97
-2479923736,1000000000000000000,1590576778918846199732123630014817,3836986138383297072,198155,25827784,672
-338118894,136344466835356016,1590579592825393204716979967387637,3836986138383297072,198155,25827784,679
-29708999387,11981863972500000000,1590826877121266060178922748478153,3836986138383297072,198158,25827792,6
25406425253,-10236590392559941928,1590615506473063661512677130240000,3836986138383297072,198155,25827792,22
105800000,-42622555238760723,1590614626379518509276807848385054,3836986138383297072,198155,25827793,328
9786586410,-3942417211851327727,1590533221219245713021662105456280,3836986138383297072,198154,25827795,232
4203929122,-1693382073002754424,1590498255351442204749170230912054,3836986138383297072,198154,25827795,533
30719848835,-12371983668988860390,1590242791949334767836806705028415,3836986138383297072,198151,25827797,2
6296403593,-2535296538452607233,1590190441776848867309868483034007,3836986138383297072,198150,25827797,417
261583275,-105324956057903544,1590188266970259944018010607886958,3836986138383297072,198150,25827797,1439
-236496220,95319085232402710,1590190234186122938109375999030884,3836986138383297072,198150,25827797,1459
-35453758,14289550071638838,1590190529096942816816783147587150,3836986138383297072,198150,25827800,378
-36671305,14780285104210454,1590190834135658260699363918153336,3836986138383297072,198150,25827801,369
1976070000,-795646140914654331,1590174405204334887663015107478371,3836986138383297072,198150,25827802,396
13073213981,-5263392616434319543,1590065384797415403258158325784134,3820877086153328881,198148,25827803,9
-141400,56982263759673,1590065385978385806600299960411088,3820877086153328881,198148,25827805,116
-119698,48236478021507,1590065386978097807252312140144597,3820877086153328881,198148,25827807,237
9940000,-4001657919563697,1590065304001337019359541687799892,3820877086153328881,198148,25827809,583
-160413,64644287884808,1590065305341104618959814967992482,3820877086153328881,198148,25827810,206
115,-45917222171,1590065305340152498004757630104028,3820877086153328881,198148,25827811,454
231,-92640009644,1590065305338231552218241910557373,3820877086153328881,198148,25827811,467
781063555,-314440260101534932,1590058785232123288824200937911273,3820877086153328881,198148,25827811,642
-68295655613,27531687128197178500,1590627356876172691468962901006402,3836986138383297072,198156,25827812,688
18955882286,-7635921896527690055,1590469686235950042145833323855872,3836986138383297072,198154,25827812,729
-105044,42352695729005,1590469687110034121693179494168754,3836986138383297072,198154,25827812,749
-52653202,21229205134406463,1590470125242953644963114574876872,3836986138383297072,198154,25827812,1315
8376765614,-3373898422027530833,1590400459165765352964387290809486,3836986138383297072,198153,25827814,279
163810,-65974601216079,1590400457803486147764090145725873,3836986138383297072,198153,25827814,1101
71991548906,-28983741505852725632,1589800534883534561643660639579010,3820877086153328881,198145,25827815,2
2070000000,-833056649160967505,1589783260957654427997364383832255,3820877086153328881,198145,25827815,224
28137781,-11323723338593982,1589783026153505352396942211738374,3820877086153328881,198145,25827824,94
13689384282,-5508737169822027432,1589668799206681888449931813947669,3820877086153328881,198143,25827828,5
12420655326,-4997503770330046891,1589565172988943496427067521786824,3820877086153328881,198142,25827834,39
8174428910,-3288660926850185646,1589496980645538618357778789562202,3820877086153328881,198141,25827835,14
2690994967,-1082554569798333182,1589474533231645781078317537389912,3820877086153328881,198141,25827837,178
222001,-89306640565190,1589474531379819388142642128840472,3820877086153328881,198141,25827840,259
25000000,-10057052786499581,1589474322840838777932869929504360,3820877086153328881,198141,25827840,2084
27309991221,-10984744911694904272,1589246480206956294073774618759570,3818420159009798604,198138,25827843,9
5000000000,-2010780895687847204,1589204758639148143930394731110167,3818420159009798604,198138,25827851,58
371943,-149575237162471,1589204755535620846114366819838308,3818420159009798604,198138,25827851,776
-11105239615,4470653550449777987,1589297470467572911421140909424640,3818420159009798604,198139,25827852,383
-6830440166,2750000000000000000,1589354499460636825827106316674878,3820877086153328881,198140,25827853,655
-73403019350,29565206167364444160,1589967245096710980089341771517190,3820877086153328881,198147,25827855,2
6804153780,-2738789120959752528,1589910454672765112590760510068585,3820877086153328881,198147,25827856,93
-7222953349,2910279161515104192,1589970770871674098435171226222592,3820877086153328881,198147,25827856,97
12833,-5165476013696,1589970770764564876167919584445368,3820877086153328881,198147,25827859,50
-28655605,11546383344470442,1589971010065991245834037131076294,3820877086153328881,198147,25827861,161
12700,-5111913828873,1589971009959992667376584195005521,3820877086153328881,198147,25827864,13
-50099810,20187040000000000,1589971428340997529385349920174654,3820877086153328881,198147,25827864,854
1255828,-505513083755080,1589971417858882598764621513456852,3820877086153328881,198147,25827868,267
12569,-5059158154754,1589971417753977940637092333716140,3820877086153328881,198147,25827870,33
-39229933,15807177573598463,1589971745361335793711844795017618,3820877086153328881,198147,25827870,149
-7901286,3183718583450866,1589971811344629042351773726922878,3820877086153328881,198147,25827870,170
-384588678,154965226888464769,1589975023034274689513010622082046,3820877086153328881,198147,25827870,188
3406135283,-1371066003844541536,1589946593163927894696039377254773,3820877086153328881,198147,25827871,38
12441,-5007451694387,1589946593060095400826240279874807,3820877086153328881,198147,25827874,178
-93775,37784410592881,1589946593843185921871824326375606,3820877086153328881,198147,25827878,1047
12314,-4956305939804,1589946593740413965691324744978095,3820877086153328881,198147,25827879,121
12189,-4905965625329,1589946593638685845919664967728331,3820877086153328881,198147,25827884,16
566319,-227955035650963,1589946588911902386710869279525957,3820877086153328881,198147,25827884,149
1269579,-511032307138727,1589946578315343071376274347748890,3820877086153328881,198147,25827885,14
-44984594245,18129650563734096000,1590321579783743140366274515503456,3836986138383297072,198152,25827888,5
83476,-33616601166958,1590321579089609399879216698816994,3836986138383297072,198152,25827888,387
-15184539815,6121587655233366016,1590447917737454397953962621728605,3836986138383297072,198153,25827890,5
12066,-4859493789100,1590447917637112945111984409555265,3836986138383297072,198153,25827890,26
7131515,-2872395936695865,1590447858326329984154909553170675,3836986138383297072,198153,25827890,420
-16954615292,6836335533302395904,1590588948095215963285302002098505,3836986138383297072,198155,25827891,3
-1228748850,495495679467498204,1590599174242039728053155611540950,3836986138383297072,198155,25827892,191
-991923542,400000000000000000,1590607429528410543358685246440684,3836986138383297072,198155,25827895,104
11945,-4812101708435,1590607429429047667799344048976527,3836986138383297072,198155,25827895,193
-242798996,97911000000000000,1590609450137407300042793329183196,3836986138383297072,198155,25827895,202
32001825436,-12889997175436714948,1590343290512589314805955180528303,3836986138383297072,198152,25827897,2
48864544850,-19673796600104981938,1589936173825475275657944692951821,3820877086153328881,198147,25827898,2
5368784486,-2160960073384827847,1589891365031049141834002966062294,3820877086153328881,198146,25827898,368
-181211540,73009470989907104,1589892878168975118154049143279290,3820877086153328881,198146,25827899,425
7309242859,-2941813169561198932,1589831877920438140055867840934293,3820877086153328881,198146,25827899,1376
11826,-4759493200235,1589831877821747213273546619500476,3820877086153328881,198146,25827901,85
-8873482591,3574989549951778453,1589905970294951804216528869523456,3820877086153328881,198146,25827901,501
10381633,-4178613009951010,1589905883648921803309931819860873,3820877086153328881,198146,25827902,462
-2248095,905765265910071,1589905902421113373770963940707195,3820877086153328881,198146,25827903,259
-16552789,6669174822795957,1589906040641281558991864340411808,3820877086153328881,198146,25827904,249
-27985638816,11277167103736726000,1590139762499704495711240805686674,3820877086153328881,198149,25827905,9
11708,-4713804008052,1590139762401960961546333183810024,3820877086153328881,198149,25827905,46
-21645104621,8724438922147999744,1590319846025164207820749360017217,3836986138383297072,198152,25827906,2
-7248585043,2922110929888945000,1590380153181498014436917847461288,3836986138383297072,198152,25827907,162
100050000,-40294186436806738,1590379321165369663107233708789430,3836986138383297072,198152,25827907,606
-13822910,5572614499567329,1590379436174190983322040298770676,3836986138383297072,198152,25827908,292
-20345989230,8203224115732513033,1590548736084789358450504223548449,3836986138383297072,198155,25827909,7
11592,-4669477836981,1590548735988371457633960024254366,3836986138383297072,198155,25827910,38
1314922,-529684669201649,1590548725051156273816580213327004,3836986138383297072,198155,25827910,124
21680030509,-8732291806842100036,1590368415972769566095296529450333,3836986138383297072,198152,25827913,2
4983845310,-2007115440539506221,1590326971968915292099616570836988,3836986138383297072,198152,25827913,919
1199750531,-483153028809516198,1590316995564178550394424171838022,3836986138383297072,198152,25827913,1219
18961507575,-7635207415437301040,1590159339676947416063019436698086,3836986138383297072,198150,25827914,5
11478,-4621269110610,1590159339581524955070783515620986,3836986138383297072,198150,25827916,14
11366,-4576152117352,1590159339487034094127413777077552,3836986138383297072,198150,25827920,100
4203885292,-1692568351300030913,1590124298730437680678104180859304,3820877086153328881,198149,25827921,84
13965153756,-5622114159385692122,1590007720844195861515555845032459,3820877086153328881,198148,25827921,190
9939253,-4001066815625698,1590007637879691965903442624672568,3820877086153328881,198148,25827924,466
3201075801,-1288577999375864410,1589980918447256719088233110855724,3820877086153328881,198147,25827926,42
-4530198924,1825447995864613696,1590018751273011915347795002785792,3820877086153328881,198148,25827926,146
11255,-4530636728271,1590018751179066463843636777878839,3820877086153328881,198148,25827926,153
-11349814186,4573799981682187775,1590113544226109221524161391619515,3820877086153328881,198149,25827926,190
-1355867789,546430263413031563,1590124869117856290747229246721335,3820877086153328881,198149,25827926,258
-11646538,4693722311428804,1590124966396320949202020937511458,3820877086153328881,198149,25827926,331
-24998484,10074750000000000,1590125175197810852304348593752676,3820877086153328881,198149,25827927,26
-1227580656,494735982366557119,1590135428713801503396178094431922,3820877086153328881,198149,25827928,358
11146,-4487394498188,1590135428620752705292599195974553,3820877086153328881,198149,25827931,163
-8059306,3248059524609092,1590135495937526623488144964870577,3820877086153328881,198149,25827932,62
33630812,-13540327364594981,1590135215170772616624991653110856,3820877086153328881,198149,25827933,124
-5153399534,2076977004058740342,1590178126130460785684979488022141,3836986138383297072,198150,25827934,94
-1348448268,543484218617199897,1590189342675117545125593368146537,3836986138383297072,198150,25827935,5
11038,-4444191482657,1590189342583351478652164740306635,3836986138383297072,198150,25827936,20
858526,-345680104891666,1590189335445561937446120310193304,3836986138383297072,198150,25827936,490
-16099923860,6489572761076236288,1590323268649479254707393383227942,3836986138383297072,198152,25827937,179
10932,-4402231279798,1590323268558579605169382058193565,3836986138383297072,198152,25827941,17
-2956309604,1191750908418000000,1590347864171158779856302659719510,3836986138383297072,198152,25827942,109
-19839064009,7998500000000000000,1590512938941251195409499621583324,3836986138383297072,198154,25827944,462
-2004231991,808137000000000000,1590529617447155824330911627980740,3836986138383297072,198154,25827947,283
-9751606090,3932238615994724352,1590610771836789361550450706248847,3836986138383297072,198155,25827950,23
-21182360797,8542959949510053279,1590787083288883389934189231293887,3836986138383297072,198158,25827950,94
-15927183014,6424765996883253248,1590919678996807759759839822005587,3836986138383297072,198159,25827955,2
-1793178204,723405937406619181,1590934608804746859093165436922743,3836986138383297072,198159,25827956,19
-1349648,544481637396174,1590934620041876459982737590060905,3836986138383297072,198159,25827960,386
-1948980,786267313133310,1590934636269031044800190776698194,3836986138383297072,198159,25827960,428
-751227808,303065200664636747,1590940890994082332753708970455810,3836986138383297072,198159,25827962,64
-454344632,183295818292283421,1590944671098122261465700199044993,3840234971719910799,198160,25827964,463
24606463734,-9915784836980255960,1590739927410966225362536674716381,3836986138383297072,198157,25827965,2
4950000000,-1994416922446164316,1590698745612973245806540982556192,3836986138383297072,198156,25827967,631
-9554882162,3853727131451414052,1590778279665636025860972567001149,3836986138383297072,198157,25827968,6
-12271565519,4950000000000000000,1590880438834474865266901798885362,3836986138383297072,198159,25827969,150
1092402,-440231263294129,1590880429744341929101731488895939,3836986138383297072,198159,25827970,41
3403844039,-1371704711539482182,1590852106044467104120706819259129,3836986138383297072,198158,25827971,27
-12270426623,4950000000000000000,1590954254304425860519528587551295,3840234971719910799,198160,25827973,86
-29933232908,12078000000000000000,1591203311795703667501818410270753,3840234971719910799,198163,25827974,187
17986553275,-7250736072458170781,1591053721340919732122548485226496,3840234971719910799,198161,25827974,194
2397486126,-966371200346427739,1591033784067530478770044436564172,3840234971719910799,198161,25827974,212
20995645,-8462751798433796,1591033609471892518651507775575595,3840234971719910799,198161,25827975,97
330000000,-133013441301140750,1591030865262066402583572423159814,3840234971719910799,198161,25827975,217
998500000,-402463633137510970,1591022562006050268987073398094750,3840234971719910799,198161,25827975,459
-181103487,73069802746323835,1591024068760625543339217421052884,3840234971719910799,198161,25827975,591
1004721080,-404967679660436821,1591015713843446402106428473651335,3840234971719910799,198160,25827976,43
24280694,-9786639657737312,1591015511934583277387035391180440,3840234971719910799,198160,25827977,251
198451936,-79988462356197391,1591013861686892317830103669676034,3840234971719910799,198160,25827977,410
390582855,-157428677188633727,1591010613764587417670497260525931,3840234971719910799,198160,25827979,239
-647326,261172414290446,1591010619150160053383889600970061,3840234971719910799,198160,25827981,190
745375599,-300429978694965697,1591004420957770398285044050758481,3840234971719910799,198160,25827982,288
599000000,-241430351443036690,1590999439990912675502063362121558,3840234971719910799,198160,25827982,531
-39040031939,15754220542829221888,1591324303929100648387659100466165,3840234971719910799,198164,25827986,2
1422984,-573774021428191,1591324292091527752212463965533838,3840234971719910799,198164,25827990,195
-891384634,359784614164656936,1591331711122278224409446804932576,3840234971719910799,198164,25827990,506
532738,-214811845134658,1591331706690479675193232324557526,3840234971719910799,198164,25827997,208
892797,-359995846867571,1591331699263379596650331116539447,3840234971719910799,198164,25827997,572
130305,-52541602341483,1591331698179390038790920513127025,3840234971719910799,198164,25827997,598
-1772824,715558622225171,1591331712934749809746791063866046,3840234971719910799,198164,25827997,723
-93171995041,37625000000000000000,1592107222818496269794998262620629,3843824592433005045,198174,25827998,9
103923198786,-41922282369904141755,1591242667272622891158516144727051,3840234971719910799,198163,25827998,36
3322463244,-1339519697080396117,1591215031545894478814641741865896,3840234971719910799,198163,25828003,153
17880000,-7208565521910275,1591214882825463341017853260611374,3840234971719910799,198163,25828003,847
346235817,-139589419474767433,1591212002946160938447959656419488,3840234971719910799,198163,25828003,1078
655476135,-264262244130845214,1591206550932891290568772229902929,3840234971719910799,198163,25828003,1093
1500000000,-604734298438490265,1591194074616304554162488265160952,3840234971719910799,198163,25828003,1310
9101289213,-3669037843294662036,1591118378433997942665682407019071,3840234971719910799,198162,25828004,1052
-4816086961,1943427200000000000,1591158453372142755784222890522645,3840234971719910799,198162,25828005,61
-694368,280204524182653,1591158459150171886238187732932732,3840234971719910799,198162,25828006,265
24784923,-9991668190616119,1591158253011350427560881991001320,3840234971719910799,198162,25828015,19
798683,-321976713382752,1591158246368625812646883882736675,3840234971719910799,198162,25828015,563
-1640595,662043254865821,1591158260020458249662543461551077,3840234971719910799,198162,25828015,649
-35153502745,14188394115236255953,1591450835433904312067956162461374,3840234971719910799,198166,25828017,13
-14893433340,6012750000000000000,1591574822884697542232947314270980,3840234971719910799,198167,25828019,384
-55488174782,22409833107333197824,1592036650490828692595456864114570,3843824592433005045,198173,25828021,2
95000000,-38340091377933079,1592035860232345908935436560868008,3843824592433005045,198173,25828021,385
280652775,-113265598896141267,1592033525623921194412855648701508,3843824592433005045,198173,25828026,1484
-253736869,102505367001007848,1592035637388135248872487794118764,3843824592433005045,198173,25828026,1501
-613752,247945801100109,1592035642496190418150842890876750,3843824592433005045,198173,25828027,377
110436221,-44569779655620533,1592034723832588355772941466321530,3843824592433005045,198173,25828029,52
7587242,-3062052271968506,1592034660718164376000378061501050,3843824592433005045,198173,25828033,75
49721645,-20066611492458080,1592034247109083575369906037859917,3843824592433005045,198173,25828035,56
-2003996,809580000000000,1592034263787645122273103558849899,3843824592433005045,198173,25828035,327
2713702356,-1095177481288383346,1592011690203085542492344360347063,3843824592433005045,198173,25828037,76
7919765932,-3196027526121531850,1591945814307307649425419419705701,3843824592433005045,198172,25828037,321
74617733093,-30099057282155794795,1591325033689336807377516262609739,3840234971719910799,198164,25828038,2
12378259463,-4990831421583123314,1591222067489127086375512237699048,3840234971719910799,198163,25828040,5
42032588,-16946157765216877,1591221717871733540882477141151514,3840234971719910799,198163,25828041,1081
60260000,-24294838520475234,1591221216643181451541753384973350,3840234971719910799,198163,25828041,1179
-14195169428,5729173561805897728,1591339356533428058160011732652133,3840234971719910799,198165,25828043,85
-238797016,96385805380158463,1591341344081605138240945160031190,3840234971719910799,198165,25828046,176
1102175,-444427083442967,1591341334912598175890910409053618,3840234971719910799,198165,25828046,1214
1562775,-630153858150385,1591341321911848833678316213624123,3840234971719910799,198165,25828046,1234
6320749856,-2548616935017168158,1591288741213479818940509461668632,3840234971719910799,198164,25828051,277
10901408171,-4395208311391992741,1591198063356280093395730920150231,3840234971719910799,198163,25828052,1387
36094983074,-14549129915097235063,1590897862408032021695524685947972,3836986138383297072,198159,25828053,2
479643,-193297472544301,1590897858416721389859564542732509,3836986138383297072,198159,25828054,205
46802091148,-18856764573915298622,1590508493755428954024948459620237,3836986138383297072,198154,25828057,2
12317896031,-4961399246687218435,1590406048103649688596629931406695,3836986138383297072,198153,25828058,14
-4034001183,1626369638643780352,1590439613471429198130074806984757,3836986138383297072,198153,25828067,18
-2298743907,926804677368514806,1590458741066482918571871142390147,3836986138383297072,198153,25828067,287
-1946440164,784780727092866961,1590474937540584039247894706306452,3836986138383297072,198154,25828068,506
-86517073,34882990575709870,1590475657463275721588988344276968,3836986138383297072,198154,25828069,99
3490264794,-1405814874364758288,1590446629438332668011839747815595,3836986138383297072,198153,25828070,29
16687079362,-6720541510041772342,1590307860066816043809720841404901,3836986138383297072,198152,25828072,5
123792,-49851502933770,1590307859037455281594068686688040,3836986138383297072,198152,25828072,393
-1744853,703362829780809,1590307873553609237663051964815538,3836986138383297072,198152,25828072,419
-825069,332591245475925,1590307880417699177237779433462605,3836986138383297072,198152,25828072,513
288437,-116154447904604,1590307878019279390603314702420680,3836986138383297072,198152,25828072,522
-723181,291519468629063,1590307884035721131105364539931629,3836986138383297072,198152,25828072,551
327576,-131916113740933,1590307881311845953875633147464138,3836986138383297072,198152,25828072,621
4823353701,-1942335335441815492,1590267774922595764295590470149579,3836986138383297072,198151,25828073,97
4746443611,-1911268472393797596,1590228310018716020657949875823047,3836986138383297072,198151,25828074,12
11432624041,-4603228859939544357,1590133257538158388473135386949994,3822958177777766303,198149,25828077,42
17910000,-7210845954880045,1590133108098366318696436375024105,3822958177777766303,198149,25828077,319
-30558044159,12317426052967624704,1590387234670651163192511109809764,3839067230007734494,198153,25828086,4
-24235132525,9771567409168031744,1590588793068222059200514035896441,3839067230007734494,198155,25828087,2
-7368750831,2971559819854406381,1590650087516747683156428050068549,3839067230007734494,198156,25828087,579
-579532730,233715021397622307,1590654908363110259006018101857347,3839067230007734494,198156,25828088,118
4823007868,-1943043810277764686,1590614809093795636454849585315939,3839067230007734494,198155,25828089,83
-2613734952,1054036278495800901,1590636550729950740526891877038124,3839067230007734494,198156,25828089,259
-10476746226,4225228193434970790,1590723704631508140090907075956175,3839067230007734494,198157,25828090,224
-490926567,198000000000000000,1590727788783113295449915471018019,3839067230007734494,198157,25828092,248
-85282726,34396245530370316,1590728498275443569085094730071811,3839067230007734494,198157,25828092,737
-20006145766,8069730452102288384,1590894952833923996570172704095232,3839067230007734494,198159,25828097,7
192574,-77607319082687,1590894951232314824290284125237396,3839067230007734494,198159,25828097,613
-5833289704,2353248755795783168,1590943489423149768999782367454014,3843303051646630870,198160,25828098,12
-38222292,15419999306403824,1590943807141358690602272817243976,3843303051646630870,198160,25828099,33
-19073000184,7695378909645641727,1591102364995711531662144578627288,3843303051646630870,198162,25828099,60
-63991257781,25829747747925893120,1591634568728558631835850997441492,3843303051646630870,198168,25828101,2
-2476564354,1000000000000000000,1591655173023189803202321951414811,3843303051646630870,198168,25828102,391
-3764606043,1520141745339483398,1591686494471591920990691720096656,3843303051646630870,198169,25828104,98
411458,-165983117467958,1591686491049916026933528238940239,3843303051646630870,198169,25828106,260
3701430141,-1493137662464285233,1591655710611374443505621312539323,3843303051646630870,198168,25828106,311
5262664605,-2122832102271065577,1591611949272617363023752607787124,3843303051646630870,198168,25828108,141
-3715000,1500000000000000,1591611980179059309780802314218083,3843303051646630870,198168,25828108,447
-1751217215,707092818300000000,1591626549327819148301350523188167,3843303051646630870,198168,25828113,861
-13620447769,5500000000000000000,1591739870267786575435587189599322,3846892672359725116,198170,25828118,6
-1154528579,466240000000000000,1591749467850034368593688021373683,3846892672359725116,198170,25828121,61
8218800,-3315747261124802,1591749399561005993003629031302645,3846892672359725116,198170,25828122,481
13869325487,-5594958849052461505,1591634073292309626178502588891136,3843303051646630870,198168,25828124,8
27597365989,-11130511099314310816,1591404622236696024218981675070749,3843303051646630870,198165,25828126,2
555087000,-223843587698764579,1591400007790240552691255048768202,3843303051646630870,198165,25828126,369
857834042,-345926372497228844,1591392876655773694023400570125296,3843303051646630870,198165,25828127,194
-30818514,12440121771309087,1591393132975707917725242041358340,3843303051646630870,198165,25828127,568
22335357,-9006818929851223,1591392947303721004002187928148254,3843303051646630870,198165,25828128,88
4733952870,-1908937368115824950,1591353595319763914166802154404122,3843303051646630870,198165,25828136,393
208789,-84190553344074,1591353593584209170532323817879558,3843303051646630870,198165,25828136,701
-757935,305931143756520,1591353599887704593342889110778715,3843303051646630870,198165,25828136,778
341982,-137898724263856,1591353597044977285693900196621708,3843303051646630870,198165,25828136,814
270731,-109167654559834,1591353594794529543077830312488312,3843303051646630870,198165,25828136,865
-800398,323070938250440,1591353601451178341558851185042211,3843303051646630870,198165,25828136,871
3346147964,-1349256639940597475,1591325787062641672854424351807018,3843303051646630870,198164,25828139,429
2222000000,-895943959777169557,1591307317534557363550339356942950,3843303051646630870,198164,25828141,302
1499820021,-604738327897183215,1591294851094654656715398460517357,3843303051646630870,198164,25828142,75
-5755290,2322879137207432,1591294898955940792338459697063848,3843303051646630870,198164,25828142,105
-2526561,1019739346567895,1591294919966950736021534973383242,3843303051646630870,198164,25828144,547
-22424342823,9051697014724012032,1591481423799154203867945963484550,3843303051646630870,198166,25828146,20
-5984593738,2416069594839598592,1591531205208935693787826838422501,3843303051646630870,198167,25828147,36
-268044193,108216968277382264,1591533434943234173097269765805687,3843303051646630870,198167,25828149,222
-388750299,156949951911089463,1591536668786285697362035457757443,3843303051646630870,198167,25828149,244
18468591280,-7448156606999911586,1591383128002704174781109741876561,3843303051646630870,198165,25828153,64
371700000,-149887303785968940,1591380038135601945675087464113610,3843303051646630870,198165,25828158,268
-34826190425,14060179649776613376,1591669738219673142853781073032843,3843303051646630870,198169,25828161,2
-3339761098,1348611740376120077,1591697525413314909217399629216689,3843303051646630870,198169,25828162,126
-43122745743,17417401258904184832,1592056100642890825076235242294416,3846892672359725116,198174,25828163,2
-6535023465,2640199505580363460,1592110449330059215539083933873493,3846892672359725116,198174,25828165,146
-19790353519,7996553946119973888,1592275058939266493737994662215719,3846892672359725116,198176,25828166,10
-1051419254,424886106716486469,1592283805248796255448373892968843,3846892672359725116,198176,25828167,213
16650100,-6721734751879441,1592283666812208947955245308344135,3846892672359725116,198176,25828168,219
30000000,-12111158788630014,1592283417378461124404831544050111,3846892672359725116,198176,25828168,722
481978,-194577034274057,1592283413371075890141904689536338,3846892672359725116,198176,25828169,151
265081,-107014399715486,1592283411167075161724351746997281,3846892672359725116,198176,25828169,294
3388471468,-1367919438102727946,1592255238365601617098817377691288,3846892672359725116,198176,25828170,68
11294952,-4559669319825434,1592255144457543178640362440829859,3846892672359725116,198176,25828171,39
-6479127119,2618270766926858240,1592309041740128484474379725121361,3846892672359725116,198177,25828176,719
4659008,-1880926186205051,1592309003001765278053715122004670,3846892672359725116,198177,25828176,1233
-24180219295,9772998618624919552,1592510180845900962646340610068643,3846892672359725116,198179,25828177,2
283006,-114283345476364,1592510178492193635916819820768865,3846892672359725116,198179,25828180,214
-14323143318,5790196548929220608,1592629357969452073253025654618829,3847376448074073329,198181,25828182,2
-5953495577,2406982944530867200,1592678899647541779944501747850939,3847376448074073329,198181,25828183,102
-2325091177,940069042481147019,1592698248599718828718040439676712,3847376448074073329,198182,25828183,234
-37026509,14970554786010287,1592698556730861892298769815563483,3847376448074073329,198182,25828183,252
49700000,-20074608300819483,1592698143338943962435562334432566,3847376448074073329,198182,25828187,210
-7844061914,3171639330593327616,1592763423541734735654331348100214,3847376448074073329,198182,25828190,16
-16447470976,6651154503615388672,1592900320795656590708653417807510,3847376448074073329,198184,25828191,2
-5205122475,2105125536120804436,1592943649499703243197786395258871,3847376448074073329,198185,25828191,222
28460037,-11498993739655780,1592943412703497555550942183058853,3847376448074073329,198185,25828195,63
35453510286,-14321982976766564279,1592648483311969518033153003881135,3847376448074073329,198181,25828197,4
-2252553286,910705760490491676,1592667227894985022183322515668992,3847376448074073329,198181,25828197,58
-47136009323,19061975407213199360,1593059570620771192134132669684822,3847376448074073329,198186,25828198,2
-19063797194,7712137197749292032,1593218305529675590630019779256308,3847376448074073329,198188,25828199,5
50000000,-20208966184087587,1593217889370955827281946155852918,3847376448074073329,198188,25828199,620
-35919210212,14535054654866909184,1593516855014897939825765248343699,3851519976379273901,198192,25828201,8
143278,-57931579467521,1593516853823209302376297162957372,3851519976379273901,198192,25828201,528
5790686062,-2341282654772675117,1593468692182142458459324141488262,3851519976379273901,198191,25828203,19
23803320726,-9622641188558192360,1593270685241044059309067789507364,3847376448074073329,198189,25828204,11
65606160898,-26509318285172466577,1592724784779889194246209974141024,3847376448074073329,198182,25828205,2
47539863121,-19197966024060629444,1592329419758202510927453918266639,3846892672359725116,198177,25828212,27
-600406713,242644680190119358,1592334414615518730337469759894716,3846892672359725116,198177,25828212,44
-1611314692,651194344731376494,1592347819495586629181595524388622,3846892672359725116,198177,25828212,887
-345591671,139668336443622636,1592350694577832747307010701281670,3846892672359725116,198177,25828212,896
324590,-131049469045118,1592350691878820969433360060847864,3846892672359725116,198177,25828213,694
-47013005,19000000000000000,1592351082995118816186113826727481,3846892672359725116,198177,25828216,628
1217529333,-491561610013865302,1592340959103853593455659515207588,3846892672359725116,198177,25828220,284
1217529333,-491555359527143550,1592330835341319432379818910529081,3846892672359725116,198177,25828220,287
5193028193,-2096520653081940405,1592287656731162108201658390173261,3846892672359725116,198176,25828228,82
36143042146,-14588459557675068465,1591987202067330984797266205671833,3846892672359725116,198173,25828228,91
23603604271,-9524179807837686725,1591791048098427150085756660661765,3846892672359725116,198170,25828232,2
208408,-84083053100216,1591791046366705897869729240069244,3846892672359725116,198170,25828236,91
67171486,-27100702463071673,1591790488217820065323629183680926,3846892672359725116,198170,25828239,174
23362,-9425394308561,1591790488023700619931964368274735,3846892672359725116,198170,25828239,938
-1052711,425147003171561,1591790496775380721042622464457554,3846892672359725116,198170,25828239,984
32458220,-13095438947315277,1591790227070022791966061316661163,3846892672359725116,198170,25828243,34
349958749,-141192412910732830,1591787319160603782678222851492116,3846892672359725116,198170,25828244,320
338146,-136425883405196,1591787316350862783341010706123427,3846892672359725116,198170,25828244,683
10276,-4145542346270,1591787316265483821489547239320362,3846892672359725116,198170,25828244,891
19908353610,-8031264057345943298,1591621801948695171770578765321381,3843303051646630870,198168,25828248,10
55741,-22484184275549,1591621801485192663161305526169978,3843303051646630870,198168,25828248,340
-484829365,195761737163266258,1591625835017702685028415749200719,3843303051646630870,198168,25828249,64
-75065361,30309567913828957,1591626459524970125058298055648330,3843303051646630870,198168,25828252,106
-784293233,316679961271893150,1591632984492195959082578430125432,3843303051646630870,198168,25828253,35
-6265596192,2529999999521095277,1591685113357602955145721251676125,3843303051646630870,198169,25828253,40
69554742,-28058504657409386,1591684534942698631626949467968966,3843303051646630870,198169,25828263,1382
3390878642,-1367861660751577331,1591656337019064005439995457876024,3843303051646630870,198168,25828270,16
4492798611,-1812295425173181833,1591618977270290626531179817092330,3843303051646630870,198168,25828270,34
9080270177,-3662520102850668926,1591543475876301908933681182314361,3843303051646630870,198167,25828272,15
29788204,-12014477349130708,1591543228202633933922317666566581,3843303051646630870,198167,25828272,445
-506641,204548030822921,1591543232417201827223692891208698,3843303051646630870,198167,25828275,480
-1745176,704586417367893,1591543246934707963793237167836416,3843303051646630870,198167,25828275,516
-1596478,644552176034135,1591543260215250903963167229701973,3843303051646630870,198167,25828275,520
229859,-92709001954669,1591543258304091733141894246945474,3843303051646630870,198167,25828276,216
-47013929,18981108970516997,1591543649396453388043902466771513,3843303051646630870,198167,25828282,365
-737116464,297600000000000000,1591549781234535624642564222673972,3843303051646630870,198167,25828284,136
1048944388,-423071888404481929,1591541059775967488576010131703041,3843303051646630870,198167,25828285,13
1327465,-535404866566591,1591541048738809291776564866092152,3843303051646630870,198167,25828286,239
9918978979,-4000403381263226622,1591458582015536573736238602209509,3843303051646630870,198166,25828287,786
788713,-318077504076199,1591458575458495443637555293239519,3843303051646630870,198166,25828288,236
2158114829,-870330014703014768,1591440633951692749666927406943819,3843303051646630870,198166,25828288,1900
-11801793999,4764460576914548848,1591538802301178097737085231746195,3843303051646630870,198167,25828289,117
34770082785,-14021192066649141590,1591249761008110082264914644154012,3843303051646630870,198163,25828290,5
8761827745,-3532443056582956352,1591176941100650681785590933880832,3843303051646630870,198162,25828291,74
48096,-19389246949775,1591176940700949074152056114237049,3843303051646630870,198162,25828293,594
97568,-39333901351264,1591176939890096355357769348222209,3843303051646630870,198162,25828293,1118
-1279380,516291130371059,1591176950527910920983566629532755,3843303051646630870,198162,25828293,1214
-812628,327934504402738,1591176957284770069424731035542151,3843303051646630870,198162,25828293,1224
-564580,227835400723107,1591176961979157793334612257441208,3843303051646630870,198162,25828293,1228
-488434,197106813478982,1591176966040404652066886517581342,3843303051646630870,198162,25828293,1232
-199849033,80648725297549761,1591178627750502311185789522947136,3843303051646630870,198162,25828294,122
-2453204312,990000000000000000,1591199026002187170838595767380722,3843303051646630870,198163,25828297,5
15371320793,-6196535752171373639,1591071286884297900144314184510305,3843303051646630870,198161,25828298,2
12181299201,-4909857527366764526,1590970072125827725710244307053253,3843303051646630870,198160,25828300,187
42149931859,-16984346969721571545,1590619591931947174950746879615749,3839067230007734494,198155,25828305,2
-1374767986,554400000000000000,1590631027556441609955970385788914,3839067230007734494,198156,25828306,41
2040340,-821986893610092,1590631010592812871575031243482329,3839067230007734494,198156,25828306,144
13581623655,-5471209989360688699,1590518099333849099328128842361946,3839067230007734494,198154,25828306,156
7421548229,-2989362143639831275,1590456406830034882715867048664171,3839067230007734494,198153,25828306,521
6190219012,-2493211580118145006,1590404953557555554916128341414774,3839067230007734494,198153,25828308,291
23764787808,-9570157288728092312,1590207450900912343932997664989636,3839067230007734494,198150,25828310,2
29206763380,-11758399125654246449,1589964024572964843567271556920827,3822958177777766303,198147,25828312,2
292251,-117639435448778,1589964022134968957554217255232559,3822958177777766303,198147,25828312,883
7003154295,-2818875940196728512,1589905602881942423709363585546859,3822958177777766303,198146,25828313,216
-49073400,19771835073730752,1589906012434662211944151546604190,3822958177777766303,198146,25828314,780
11,-4027019530,1589906012434578754751323627056972,3822958177777766303,198146,25828314,784
-107308,43234758582239,1589906013330141200053568213593503,3822958177777766303,198146,25828314,789
-10815180149,4357720302128633554,1589996278912225909991091788128523,3822958177777766303,198148,25828315,14
-1319020817,531502004539089206,1590007288415932578781072018278979,3822958177777766303,198148,25828315,57
-3599765580,1450570000000000000,1590037335444270000662270600551992,3822958177777766303,198148,25828315,207
-5920604630,2385900000000000000,1590086756847518554586832460679516,3822958177777766303,198149,25828318,31
-14414754450,5809513359581266661,1590206839014231439294676478565996,3839067230007734494,198150,25828319,15
38980763664,-15692513353044423519,1589881878313220763443386093258316,3822958177777766303,198146,25828319,28
-14908438317,6006948281753484194,1590006305914262612246366564005056,3822958177777766303,198148,25828323,46
35000000,-14089295862279443,1590006013923356518395280700849896,3822958177777766303,198148,25828323,183
231122,-93038269943976,1590006011995202761962573680479370,3822958177777766303,198148,25828325,566
-15519575037,6254185748487988981,1590135560859726582724881368090730,3822958177777766303,198149,25828326,26
-5123518283,2064934491618638450,1590178198706344045187348892481737,3839067230007734494,198150,25828326,153
-6531284,2632377726970095,1590178253004473939026348065738384,3839067230007734494,198150,25828332,342
73245888,-29491599849065244,1590177644376094789050551139632251,3839067230007734494,198150,25828333,241
476731451,-191949789531535103,1590173683041685036434744675727822,3839067230007734494,198150,25828334,17
22591775663,-9095188362015674952,1589985307623843396512647978206799,3822958177777766303,198147,25828339,47
142254089201,-57222128969802640147,1588905019139261688789521501892749,4727552137163257428,198134,25828339,96
13764256779,-5532824898328143484,1588812295561078002562812102247759,4727552137163257428,198133,25828339,101
-7267792903,2924302730014058987,1588872908363738399724200819478090,3820501250634236026,198133,25828339,134
21377250,-8593176475599469,1588872730161576521220483930416801,3820501250634236026,198133,25828339,150
-69664640982,28041904038644170752,1589453896209814509740606207288291,3822958177777766303,198141,25828339,155
-5000956580,2013809503439267361,1589495610150690171827721830410724,3822958177777766303,198141,25828339,286
-287159867,115638140231694293,1589498005472857615304216475264281,3822958177777766303,198141,25828339,345
-1024973873,412755757452058635,1589506555273239945035695946474182,3822958177777766303,198141,25828339,438
-23368067,9410344746880149,1589506750198610850553491740012213,3822958177777766303,198141,25828341,104
-474296030,190999995801638512,1589510706562168830721741214531874,3822958177777766303,198142,25828341,121
-399278577,160791049038129215,1589514037179241328057150924310887,3822958177777766303,198142,25828341,153
-297986140,120000626355057256,1589516522865709818912726780191782,3822958177777766303,198142,25828341,166
-481934465,194078403997908543,1589520542995248280876015730566465,3822958177777766303,198142,25828341,295
-2000757524,805729645736999363,1589537232835447485680532929997678,3822958177777766303,198142,25828341,465
-1151601,463768833572537,1589537242441929961098533815826853,3822958177777766303,198142,25828341,594
-76309716,30731196190488286,1589537879006261760648274557801169,3822958177777766303,198142,25828341,617
-465368876,187412344148052256,1589541761055397892781144776374715,3822958177777766303,198142,25828341,659
-494217957,199031385512650504,1589545883780726925470730439466319,3822958177777766303,198142,25828341,818
-315310522,126982348500000000,1589548514086209412962481877847022,3822958177777766303,198142,25828342,16
-12567008362,5061347505307040768,1589653354564033647711011884910470,3822958177777766303,198143,25828343,80
-392380142,158041379264672067,1589656628224595530860723802403346,3822958177777766303,198143,25828343,128
-13157736751,5300000000000000000,1589766412137256302812682333220177,3822958177777766303,198145,25828343,215
-2472490,996000000000000,1589766432768346304723788776747855,3822958177777766303,198145,25828343,425
-234757778,94568217932683201,1589768391649285551240840701373356,3822958177777766303,198145,25828343,465
-230389,92808515224373,1589768393571716103989595436556012,3822958177777766303,198145,25828343,472
-892516,359535761255966,1589768401019120370432826703675413,3822958177777766303,198145,25828343,521
-687969,277137417439080,1589768406759729810275054220102642,3822958177777766303,198145,25828343,548
465229,-187222384666522,1589768402879675457368226262517229,3822958177777766303,198145,25828343,1126
-1177181,474208537425354,1589768412702405392405478250603345,3822958177777766303,198145,25828343,1151
3567107951,-1435487727171540255,1589738663212704804297878140576229,3822958177777766303,198144,25828347,365
74848,-30119791438958,1589738662588492971457814085614511,3822958177777766303,198144,25828347,903
15498679703,-6236407678818928722,1589609417355323853916027265292285,3822958177777766303,198143,25828348,2
3495991427,-1406587908246552584,1589580266794370049194610759838362,3822958177777766303,198142,25828348,213
-6754645070,2720450880000000000,1589636618066409264326343760382542,3822958177777766303,198143,25828349,72
710323726,-285807782601170129,1589630694897911268959041951663848,3822958177777766303,198143,25828349,239
-7247562034,2919167232083344000,1589691162369694141646664370675342,3822958177777766303,198144,25828354,196
-222763,89728030354590,1589691164228315697811065442845176,3822958177777766303,198144,25828358,431
-220298,88735222584618,1589691166066372287653289103542492,3822958177777766303,198144,25828359,347
-488848,196905616727897,1589691170145064557327039151326451,3822958177777766303,198144,25828359,503
2640000000,-1062299720619981246,1589669154718530893048379552030714,3822958177777766303,198143,25828372,198
2413971,-971335286910759,1589669134552019647605651176231424,3816084449639058572,198143,25828372,660
25021209831,-10066729983769957261,1589460508519355121264806831508147,3822957801358593699,198141,25828374,25
59188436,-23810024300260700,1589460015073030900985762390417807,3822957801358593699,198141,25828374,414
15735631168,-6329525721945528292,1589328825573685518485345032219234,3820500874215063422,198139,25828375,5
3064195182,-1232425265167900870,1589303267985188573341715314546607,3820500874215063422,198139,25828375,297
-7033980009,2831970702677958342,1589361960150099542276900149380818,3822957801358593699,198140,25828379,67
24923095990,-10023385911776970419,1589154105658683762516243384212279,3820500874215063422,198137,25828380,5
8561007552,-3442397597955886258,1589082718464881432457785646791585,3820500874215063422,198136,25828387,19
284380,-114344282031125,1589082716093651152030173496255778,3820500874215063422,198136,25828387,526
384558,-154624274139633,1589082712887108993418066701372300,3820500874215063422,198136,25828387,530
232849,-93624592386097,1589082710945556127677261391402159,3820500874215063422,198136,25828387,534
-869953,350144503269470,1589082718203095353185843926151052,3820500874215063422,198136,25828387,817
1997445403,-803132093476910744,1589065972370232887558896560085799,3799791897184930608,198136,25828391,165
2587500000,-1040355857686644196,1589044280265718814278432277576966,3799791897184930608,198136,25828392,397
1178819062,-473958240637082523,1589034397924387966908957969800720,3799791897184930608,198136,25828396,29
17909493371,-7200000000000000000,1588884273184523840457494409110790,3799791897184930608,198134,25828401,58
-14569239900,5862905000317538612,1589006457490701166334715225202148,3799791897184930608,198135,25828401,175
-3308238088,1331415777985027828,1589034204505714685132257725853769,3799791897184930608,198136,25828401,180
-36455279,14671855547621135,1589034510270602624293096179307669,3799791897184930608,198136,25828401,701
-65225099,26250621612389505,1589035057339673035567301023970618,3799791897184930608,198136,25828401,763
-14855973,5978966620941930,1589035181942730427357548042448436,3799791897184930608,198136,25828402,425
19402084772,-7800000000000000000,1588872546807877623701795851701012,3799791897184930608,198133,25828406,10
-17787661722,7158067527975584768,1589021722602885179501960435796083,3799791897184930608,198135,25828407,45
-2459868285,990000000000000000,1589042354433540631230343137271150,3799791897184930608,198136,25828407,240
199987858,-80407719988328109,1589040677879645309663917055254948,3799791897184930608,198136,25828410,1548
-37269750,14999771118164062,1589040990478370138448486789372251,3799791897184930608,198136,25828411,950
13680444277,-5500000000000000000,1588926311857640597409174347178554,3799791897184930608,198134,25828412,118
-26900138824,10826341778696769536,1589151935342687177006669084602274,3799791897184930608,198137,25828413,5
-12523978434,5041501487754634927,1589257001408287744252434325263312,3799791897184930608,198138,25828413,519
-10064559896,4051950813139363642,1589341445007278563727949596447049,3799791897184930608,198139,25828413,590
-1497476117,602914584000000000,1589354008139087223783870024724329,3802248824328460885,198140,25828414,194
427178,-171819864812709,1589354004558844898384614858325660,3802248824328460885,198140,25828415,403
-548590,220875698278047,1589354009158971491586862383080718,3802248824328460885,198140,25828415,510
-21998120575,8857992399361140736,1589538492498317360718774076781699,3802248824328460885,198142,25828417,5
-2533895707,1020456920000000000,1589559745316311850981460349257117,3802248824328460885,198142,25828418,61
-22171658876,8930190963383680000,1589745732318292135468962842344354,3802248824328460885,198144,25828419,6
-211639,85253266505685,1589745734093842010206539042771452,3802248824328460885,198144,25828420,196
-17928209866,7222563840029461504,1589896156744457905711943676076957,3802248824328460885,198146,25828420,1105
-5968143,2404555579821260,1589896206823575499012436794523039,3802248824328460885,198146,25828421,743
-573343753,231000000000000000,1589901017806636623484678630015537,3802248824328460885,198146,25828422,267
-1217595763,490573549200000000,1589911234867396090640049427064357,3802248824328460885,198147,25828423,185
747090,-300705965867549,1589911228601530221914118105966707,3802248824328460885,198147,25828423,251
-14011010223,5645538236068378624,1590028806908130462180763553147981,3802248824328460885,198148,25828424,5
-7726370617,3113588877586910208,1590093652896655900202189745732409,3802248824328460885,198149,25828425,9
105521,-42482195270704,1590093652011446534277929958777011,3802248824328460885,198149,25828425,637
-21300496974,8585031772330718883,1590271917572936579341961318629376,3818357876558429076,198151,25828426,9
-79493739390,32056437743587577856,1590936732882269442128228272816297,3818357876558429076,198159,25828427,2
-11517558210,4646763273570464768,1591033000001511871013094715188946,3822593692230351592,198161,25828428,282
-4325273159,1745178354139250756,1591069152978194139855044543739363,3822593692230351592,198161,25828428,462
-297402367,120000000000000000,1591071638888698119264428450733503,3822593692230351592,198161,25828428,539
2380500000,-959546127566185045,1591051751063138926787232318608132,3822593692230351592,198161,25828431,70
137691958,-55500961158758927,1591050600734455205659758172732083,3822593692230351592,198161,25828431,113
86000000,-34664893468134633,1591049882260028060728094981087770,3822593692230351592,198161,25828431,379
-9488012842,3828446102608761856,1591129192046531345335062933411074,3822593692230351592,198162,25828434,12
36618987,-14761848877949138,1591128886088259010414077475034400,3822593692230351592,198162,25828435,92
2465419,-993859590998780,1591128865489242862802368607660528,3822593692230351592,198162,25828435,116
-14660790528,5916428005705962496,1591251429743621382812407430313537,3822593692230351592,198163,25828437,39
-98120400,39600000000000000,1591252250094087696017504119621603,3822593692230351592,198163,25828437,110
46587166,-18783126117093840,1591251860789681225669363142970494,3822593692230351592,198163,25828437,544
-11841971505,4779548987157778432,1591350873548276722908106236638162,3822593692230351592,198165,25828441,93
16498175111,-6652023969403900442,1591213001810255512624158680590756,3822593692230351592,198163,25828443,36
-3456057263,1394772857452576132,1591241895814397235411261371449344,3822593692230351592,198163,25828443,70
-245303752,99000000000000000,1591243946690563018424003094719509,3822593692230351592,198163,25828444,6
-5864747164,2366978099907867111,1591292980821573436680211284361216,3822593692230351592,198164,25828444,70
-5200391614,2098970063787814849,1591336462919316007179145707276271,3822593692230351592,198164,25828444,481
-8691983296,3508494341777481160,1591409144610460815215689086247291,3822593692230351592,198165,25828446,253
23998538,-9677697581478179,1591408944027752193131868560507905,3822593692230351592,198165,25828447,213
-14949670,6034666559378228,1591409069041427092895343461465726,3822593692230351592,198165,25828447,958
287569,-115965559914447,1591409066637891962903850098571168,3822593692230351592,198165,25828450,331
211904,-85452808886944,1591409064866772776589022249916809,3822593692230351592,198165,25828450,387
-821264,331516047891553,1591409071734432990683622083441553,3822593692230351592,198165,25828450,529
-7690259632,3104418374245181852,1591473382619810347173186262532096,3822593692230351592,198166,25828454,58
80000000,-32263553172770578,1591472713916244165010590764462081,3822593692230351592,198166,25828459,1116
407623,-164391933701770,1591472710509010258401303032002698,3822593692230351592,198166,25828459,1211
-4787480928,1932744335088120850,1591512749087711110559541336697972,3822593692230351592,198167,25828461,137
19991818391,-8062144398038213091,1591345650793199838703640140758665,3822593692230351592,198165,25828463,5
244997,-98789901058296,1591345648745652292197837489541778,3822593692230351592,198165,25828463,183
4490282955,-1810573419335346843,1591308122286744908050804337524217,3822593692230351592,198164,25828464,264
1801345207,-726315027307332156,1591293068475209295339687768345825,3822593692230351592,198164,25828465,89
3627737436,-1462687485880074278,1591262752398961267069755043374336,3822593692230351592,198164,25828467,115
341272455,-137596656985231587,1591259900531569971096958919432185,3822593692230351592,198164,25828467,239
4000000000,-1612711701415077791,1591226475010822612027264137067127,3822593692230351592,198163,25828468,116
17447582298,-7033687809676884728,1591080692799652129347364091228877,3822593692230351592,198161,25828470,36
-59003847,23808000000000000,1591081186004296118862185858376514,3822593692230351592,198161,25828470,112
-47466161,19152564660669171,1591081582767310019714883531897409,3822593692230351592,198161,25828470,402
5998912668,-2418061753020862544,1591031465332666819560228632033022,3822593692230351592,198161,25828471,519
-394608549,159214626525808828,1591034763610270716784094569306219,3822593692230351592,198161,25828471,620
86474770,-34855569592769152,1591034041183836059037369657698538,3822593692230351592,198161,25828471,749
53693503,-21642338658102035,1591033592618578423090357905134959,3822593692230351592,198161,25828472,94
-28342951,11435676608713974,1591033829519150104037843230435761,3822593692230351592,198161,25828474,132
-224708801,90664538938685179,1591035707718564155101665644665913,3822593692230351592,198161,25828474,198
4999513025,-2015114776823083925,1590993941877389996125299489942276,3822593692230351592,198160,25828474,259
97927,-39469622327222,1590993941059331394063075150697455,3822593692230351592,198160,25828474,1019
26964990193,-10866743705899843531,1590768522309935864042568973910742,3818357876558429076,198157,25828475,5
4805267250,-1936173120880728220,1590728348118925996985969578602246,3818357876558429076,198157,25828475,314
21700371734,-8742453235997438646,1590546948541372710981576007752970,3818357876558429076,198155,25828476,2
-191491789,77214989303652555,1590548549895441108990723804508493,3818357876558429076,198155,25828476,79
184000000000,-74048217075316510937,1589007075961807404106329972960636,3799791897184930608,198135,25828478,73
-515069886,207289372392514976,1589011395920623441722144878700210,3799791897184930608,198135,25828478,112
-608469427,244879378768448576,1589016499263930272886213705668345,3799791897184930608,198135,25828478,119
-667748922,268738305343231055,1589022099832825701796807227089831,3799791897184930608,198135,25828478,127
-114035896363,45922011381004252074,1589978719565167587741761865252864,3802248824328460885,198147,25828478,137
-154769243,62362809587929255,1589980018380841058124760977509883,3802248824328460885,198147,25828478,276
-1432176614,577086915866197747,1589992037235287070422617411560280,3802248824328460885,198148,25828478,288
-2823182486,1137609880602869063,1590015729970636629887465947122215,3802248824328460885,198148,25828478,307
-1183053560,476725073440706455,1590025658612425099838884953051670,3802248824328460885,198148,25828478,572
-922333217,371668935101952356,1590033399274551167646474741075905,3802248824328460885,198148,25828479,203
-547025363,220434336746095604,1590037990209010802597822603660685,3802248824328460885,198148,25828479,322
-95135838,38336936182543925,1590038788643428939518632337191886,3802248824328460885,198148,25828479,971
-136686228,55080585026238820,1590039935793911874848522469462315,3802248824328460885,198148,25828480,254
-123900640,49928432866675902,1590040975641724818866442959886379,3802248824328460885,198148,25828482,371
-331804490,133708090377855472,1590043760348902061995056762047462,3802248824328460885,198148,25828482,857
-5530459766,2228692249588479139,1590090176801980977872446703022228,3802248824328460885,198149,25828482,931
-79077594,31868026730945992,1590090840509932467236328645282842,3802248824328460885,198149,25828483,57
75205000,-30277083819890185,1590090209620732898891490510249951,3802248824328460885,198149,25828483,828
-46834690,18874233292856038,1590090602709982525047181153214661,3802248824328460885,198149,25828484,157
